#pragma once
#include <Arduino.h>
#include <stdint.h>

#define EMOJI_W 40
#define EMOJI_H 40
#define EMOJI_DRAW_W EMOJI_W
#define EMOJI_DRAW_H EMOJI_H
#define EMOJI_KEY 0xF81F

struct EmojiBmp { const char* name; const uint16_t* data; };
enum EmojiId : int8_t { EMOJI_NONE = -1, EMOJI_ROCKET=0, EMOJI_FIRE=1, EMOJI_CHECK=2, EMOJI_CROSS=3, EMOJI_WARN=4, EMOJI_COMPUTER=5, EMOJI_BUG=6, EMOJI_COFFEE=7, EMOJI_THUMBSUP=8, EMOJI_EYES=9, EMOJI_GEAR=10, EMOJI_HAMMER=11, EMOJI_WRENCH=12, EMOJI_PACKAGE=13, EMOJI_MERGE=14, EMOJI_BRANCH=15, EMOJI_LOCK=16, EMOJI_PASSKEY=17, EMOJI_SHIELD=18, EMOJI_ZAP=19, EMOJI_HOURGLASS=20, EMOJI_STOP=21, EMOJI_RECYCLE=22, EMOJI_MEMO=23, EMOJI_LINK=24, EMOJI_SAVE=25, EMOJI_ROBOT=26, EMOJI_CHARTUP=27, EMOJI_CHARTDOWN=28, EMOJI_TARGET=29, EMOJI_CLIPBOARD=30, EMOJI_BELL=31, EMOJI_CALENDAR=32, EMOJI_ALARM=33, EMOJI_TIMER=34, EMOJI_INBOX=35, EMOJI_OUTBOX=36, EMOJI_EMAIL=37, EMOJI_PHONE=38, EMOJI_GLOBE=39, EMOJI_CLOUD=40, EMOJI_STORAGE=41, EMOJI_TESTTUBE=42, EMOJI_MICROSCOPE=43, EMOJI_MEGAPHONE=44, EMOJI_WIP=45, EMOJI_PARTY=46, EMOJI_SIREN=47, EMOJI_SPARKLES=48, EMOJI_SEARCH=49, EMOJI_BRAIN=50, EMOJI_THOUGHT=51, EMOJI_BULB=52, EMOJI_WAND=53, EMOJI_PLUG=54, EMOJI_PAUSE=55, EMOJI_RETRY=56, EMOJI_BLOCKED=57, EMOJI_PIN=58, EMOJI_BOOK=59, EMOJI_PUZZLE=60, EMOJI_CRYSTAL=61, EMOJI_AGENT=62, EMOJI_STREAM=63, EMOJI_CHAT=64, EMOJI_NOTEBOOK=65, EMOJI_TROPHY=66, EMOJI_BROOM=67, EMOJI_PENCIL=68, EMOJI_SCROLL=69, EMOJI_COUNT };

int8_t emojiIdFromName(const char *name);
void emojiDraw(int x, int y, int8_t id);

static const uint16_t kEmoji_rocket[1600] PROGMEM = {
  0xF81F, 0xF81F, 0xF81F, 0xF81F, 0xF81F, 0xF81F, 0xF81F, 0xF81F, 0xF81F, 0xF81F,
  0xF81F, 0xF81F, 0xF81F, 0xF81F, 0xF81F, 0xF81F, 0xF81F, 0xF81F, 0xF81F, 0xF81F,
  0xF81F, 0xF81F, 0xF81F, 0xF81F, 0xF81F, 0xF81F, 0xF81F, 0xF81F, 0xF81F, 0xF81F,
  0xF81F, 0xF81F, 0xF81F, 0xF81F, 0x555D, 0x557D, 0x557D, 0x557D, 0x557D, 0x557E,
  0xF81F, 0xF81F, 0xF81F, 0xF81F, 0xF81F, 0xF81F, 0xF81F, 0xF81F, 0xF81F, 0xF81F,
  0xF81F, 0xF81F, 0xF81F, 0xF81F, 0xF81F, 0xF81F, 0xF81F, 0xF81F, 0xF81F, 0xF81F,
  0xF81F, 0xF81F, 0xF81F, 0xF81F, 0xF81F, 0xF81F, 0xF81F, 0xF81F, 0xF81F, 0xF81F,
  0xF81F, 0x557E, 0x557E, 0x555D, 0x557D, 0x5DBF, 0x5DBF, 0x557E, 0x557E, 0x555D,
  0xF81F, 0xF81F, 0xF81F, 0xF81F, 0xF81F, 0xF81F, 0xF81F, 0xF81F, 0xF81F, 0xF81F,
  0xF81F, 0xF81F, 0xF81F, 0xF81F, 0xF81F, 0xF81F, 0xF81F, 0xF81F, 0xF81F, 0xF81F,
  0xF81F, 0xF81F, 0xF81F, 0xF81F, 0xF81F, 0xF81F, 0xF81F, 0xF81F, 0x557E, 0x557E,
  0x557E, 0x5DBF, 0x5DBF, 0x5D9E, 0x557E, 0x557D, 0x557D, 0x555D, 0x557E, 0x557D,
  0xF81F, 0xF81F, 0xF81F, 0xF81F, 0xF81F, 0xF81F, 0xF81F, 0xF81F, 0xF81F, 0xF81F,
  0xF81F, 0xF81F, 0xF81F, 0xF81F, 0xF81F, 0xF81F, 0xF81F, 0xF81F, 0xF81F, 0xF81F,
  0xF81F, 0xF81F, 0xF81F, 0xF81F, 0xF81F, 0xF81F, 0x557E, 0x557D, 0x555D, 0x5D9F,
  0x557E, 0x555D, 0x557D, 0x557D, 0x555D, 0x557D, 0x557D, 0x557D, 0x5DBF, 0x557D,
  0xF81F, 0xF81F, 0xF81F, 0xF81F, 0xF81F, 0xF81F, 0xF81F, 0xF81F, 0xF81F, 0xF81F,
  0xF81F, 0xF81F, 0xF81F, 0xF81F, 0xF81F, 0xF81F, 0xF81F, 0xF81F, 0xF81F, 0xF81F,
  0xF81F, 0xF81F, 0xF81F, 0xF81F, 0x555D, 0x555D, 0x555D, 0x5DBF, 0x5DBF, 0x5DDF,
  0x5DDF, 0x5DBF, 0x557D, 0x555D, 0x557D, 0x557D, 0x557D, 0x557D, 0x5DBF, 0x557D,
  0xF81F, 0xF81F, 0xF81F, 0xF81F, 0xF81F, 0xF81F, 0xF81F, 0xF81F, 0xF81F, 0xF81F,
  0xF81F, 0xF81F, 0xF81F, 0xF81F, 0xF81F, 0xF81F, 0xF81F, 0xF81F, 0xF81F, 0xF81F,
  0xF81F, 0xF81F, 0xF81F, 0x555D, 0x557E, 0x5DBF, 0x5D9E, 0x557E, 0x3BD5, 0x32F0,
  0x32F0, 0x3BD5, 0x557D, 0x559E, 0x555D, 0x557D, 0x557D, 0x557E, 0x555D, 0x555D,
  0xF81F, 0xF81F, 0xF81F, 0xF81F, 0xF81F, 0xF81F, 0xF81F, 0xF81F, 0xF81F, 0xF81F,
  0xF81F, 0xF81F, 0xF81F, 0xF81F, 0xF81F, 0xF81F, 0xF81F, 0xF81F, 0xF81F, 0xF81F,
  0xF81F, 0x557D, 0x557E, 0x5DBF, 0x557D, 0x559E, 0x54DA, 0x1147, 0x0000, 0x0000,
  0x0000, 0x0000, 0x1988, 0x54FB, 0x559E, 0x555D, 0x557D, 0x5D9E, 0x557D, 0xF81F,
  0xF81F, 0xF81F, 0xF81F, 0xF81F, 0xF81F, 0xF81F, 0xF81F, 0xF81F, 0xF81F, 0xF81F,
  0xF81F, 0xF81F, 0xF81F, 0xF81F, 0xF81F, 0xF81F, 0xF81F, 0xF81F, 0xF81F, 0xF81F,
  0x557E, 0x5D9F, 0x559E, 0x555D, 0x557D, 0x555D, 0x19A9, 0x0883, 0x08C4, 0x0000,
  0x0000, 0x0020, 0x0000, 0x1147, 0x557E, 0x555D, 0x555D, 0x5DBF, 0x557D, 0xF81F,
  0xF81F, 0xF81F, 0xF81F, 0xF81F, 0xF81F, 0xF81F, 0xF81F, 0xF81F, 0xF81F, 0xF81F,
  0xF81F, 0xF81F, 0xF81F, 0xF81F, 0xF81F, 0xF81F, 0xF81F, 0xF81F, 0x555D, 0x559E,
  0x5DBF, 0x555D, 0x555D, 0x557D, 0x557E, 0x551C, 0x4499, 0x553C, 0x551C, 0x4416,
  0x1126, 0x0000, 0x0020, 0x0000, 0x3BD4, 0x5DBF, 0x555D, 0x5D9F, 0x555D, 0xF81F,
  0xF81F, 0xF81F, 0xF81F, 0xF81F, 0xF81F, 0xF81F, 0xF81F, 0xF81F, 0xF81F, 0xF81F,
  0xF81F, 0xF81F, 0xF81F, 0xF81F, 0xF81F, 0xF81F, 0xF81F, 0x557E, 0x559E, 0x559E,
  0x555D, 0x557D, 0x557D, 0x557D, 0x557D, 0x557E, 0x5D9E, 0x557E, 0x557E, 0x5DBF,
  0x555D, 0x1126, 0x0000, 0x0000, 0x2AF0, 0x5DDF, 0x557E, 0x555D, 0xF81F, 0xF81F,
  0xF81F, 0xF81F, 0xF81F, 0xF81F, 0xF81F, 0xF81F, 0xF81F, 0xF81F, 0xF81F, 0xF81F,
  0xF81F, 0xF81F, 0xF81F, 0xF81F, 0xF81F, 0xF81F, 0x557D, 0x5DDF, 0x557D, 0x557D,
  0x557D, 0x557D, 0x557D, 0x557D, 0x557D, 0x557D, 0x555D, 0x555D, 0x555D, 0x555D,
  0x5DBF, 0x4416, 0x0020, 0x0000, 0x2AF0, 0x5DDF, 0x5D9F, 0x555D, 0xF81F, 0xF81F,
  0xF81F, 0xF81F, 0xF81F, 0xF81F, 0xF81F, 0xF81F, 0xF81F, 0xF81F, 0xF81F, 0xA023,
  0xA023, 0x9803, 0x9824, 0xA002, 0x8969, 0x559E, 0x5DBF, 0x555D, 0x557D, 0x557D,
  0x557D, 0x557D, 0x557D, 0x557D, 0x557D, 0x557D, 0x557D, 0x557D, 0x557D, 0x555D,
  0x557E, 0x551C, 0x08C4, 0x0000, 0x3BD5, 0x5DBF, 0x555D, 0x557D, 0xF81F, 0xF81F,
  0xF81F, 0xF81F, 0xF81F, 0xF81F, 0xF81F, 0xF81F, 0xF81F, 0xF81F, 0xA023, 0xA824,
  0xA023, 0xA024, 0xA803, 0x98E7, 0x64DB, 0x559F, 0x555D, 0x557D, 0x557D, 0x557D,
  0x557D, 0x557D, 0x557D, 0x555D, 0x555D, 0x555D, 0x557D, 0x557D, 0x557D, 0x555D,
  0x557E, 0x553C, 0x0042, 0x1126, 0x557E, 0x5DBF, 0x555D, 0xF81F, 0xF81F, 0xF81F,
  0xF81F, 0xF81F, 0xF81F, 0xF81F, 0xF81F, 0xF81F, 0xF81F, 0xA003, 0xA824, 0x9823,
  0xA023, 0xA003, 0x9844, 0x6458, 0x4DBF, 0x555D, 0x557D, 0x557D, 0x557D, 0x557D,
  0x557D, 0x557D, 0x555D, 0x557E, 0x55BF, 0x559E, 0x557D, 0x557D, 0x557D, 0x555D,
  0x5D9E, 0x4499, 0x19A9, 0x54DA, 0x559E, 0x557D, 0x557D, 0xF81F, 0xF81F, 0xF81F,
  0xF81F, 0xF81F, 0xF81F, 0xF81F, 0xF81F, 0xA023, 0xA003, 0xA824, 0xA023, 0xA023,
  0x9824, 0xA002, 0x7AF1, 0x4DDF, 0x555D, 0x557D, 0x557D, 0x557D, 0x557D, 0x557D,
  0x555D, 0x555D, 0x55BF, 0x551B, 0x7A8F, 0x7AF1, 0x559E, 0x555D, 0x557D, 0x555D,
  0x557E, 0x551C, 0x555D, 0x559E, 0x5DBF, 0x555D, 0xF81F, 0xF81F, 0xF81F, 0xF81F,
  0xF81F, 0xF81F, 0xF81F, 0xF81F, 0xA023, 0xA023, 0xA023, 0x9823, 0xA023, 0x9824,
  0xA002, 0x9128, 0x555D, 0x557D, 0x555D, 0x557D, 0x557D, 0x557D, 0x557D, 0x555D,
  0x559E, 0x559E, 0x7394, 0x90C6, 0xA800, 0x7A8F, 0x55DF, 0x555D, 0x557D, 0x557D,
  0x557D, 0x557E, 0x557D, 0x557D, 0x557E, 0x555D, 0xF81F, 0xF81F, 0xF81F, 0xF81F,
  0xF81F, 0xF81F, 0xF81F, 0x9803, 0xA023, 0xA023, 0x9823, 0xA023, 0xA023, 0x9824,
  0xA002, 0x6B94, 0x55BF, 0x555D, 0x557D, 0x557D, 0x557D, 0x555D, 0x555D, 0x55BF,
  0x5CFB, 0x89CC, 0xA002, 0xA002, 0x90A6, 0x5D1B, 0x557E, 0x555D, 0x557D, 0x557D,
  0x557D, 0x557D, 0x555D, 0x5DBF, 0x555D, 0xF81F, 0xF81F, 0xF81F, 0xF81F, 0xF81F,
  0xF81F, 0xF81F, 0x9823, 0xA023, 0xA023, 0x9823, 0xA023, 0xA023, 0x9824, 0xA003,
  0x90E7, 0x5D1C, 0x557E, 0x555D, 0x557D, 0x557D, 0x555D, 0x557D, 0x55BF, 0x6BD6,
  0x90A6, 0xA002, 0x9824, 0xA002, 0x7394, 0x55BF, 0x555D, 0x557D, 0x557D, 0x557D,
  0x557D, 0x557D, 0x559E, 0x557D, 0xF81F, 0xF81F, 0xF81F, 0xF81F, 0xF81F, 0xF81F,
  0xF81F, 0x9823, 0xA023, 0xA023, 0xA824, 0xA023, 0x9823, 0x9823, 0x9824, 0xA001,
  0x7A6F, 0x55BF, 0x555D, 0x557D, 0x557D, 0x555D, 0x559E, 0x557E, 0x7AB0, 0xA003,
  0xA003, 0x9844, 0xA002, 0x89CC, 0x559E, 0x555D, 0x557D, 0x557D, 0x557D, 0x557D,
  0x557D, 0x557D, 0x5DBF, 0x555D, 0xF81F, 0xF81F, 0xF81F, 0xF81F, 0xF81F, 0xF81F,
  0xF81F, 0xF81F, 0xA023, 0x9823, 0xA023, 0x9823, 0xA023, 0xA824, 0x9823, 0xA003,
  0x6BB5, 0x55BF, 0x555D, 0x557D, 0x555D, 0x55BF, 0x5CFB, 0x89AB, 0xA002, 0xA023,
  0x9844, 0xA003, 0x90A6, 0x5CFB, 0x559E, 0x555D, 0x557D, 0x557D, 0x557D, 0x557D,
  0x555D, 0x5DBF, 0x555D, 0xF81F, 0xF81F, 0xF81F, 0xF81F, 0xF81F, 0xF81F, 0xF81F,
  0xF81F, 0xF81F, 0xF81F, 0xF81F, 0xF81F, 0xF81F, 0xA043, 0xA024, 0xA003, 0xA045,
  0x5CFB, 0x557E, 0x555D, 0x555D, 0x55BF, 0x6458, 0x90C6, 0xA002, 0x9824, 0xA023,
  0xA023, 0xA023, 0x6BD6, 0x55BF, 0x555D, 0x557D, 0x557D, 0x557D, 0x557D, 0x557D,
  0x559E, 0x557D, 0xF81F, 0xF81F, 0xF81F, 0xF81F, 0xF81F, 0xF81F, 0xF81F, 0xF81F,
  0xF81F, 0xF81F, 0xF81F, 0xF81F, 0xF81F, 0xF81F, 0xF81F, 0xF81F, 0xA001, 0x9129,
  0x5D5D, 0x555D, 0x557D, 0x55BF, 0x7353, 0x9824, 0xA002, 0x9824, 0xA023, 0x9824,
  0xA002, 0x7AB0, 0x55BF, 0x555D, 0x557D, 0x557D, 0x557D, 0x557D, 0x557D, 0x557D,
  0x559E, 0x555D, 0xF81F, 0xF81F, 0xF81F, 0xF81F, 0xF81F, 0xF81F, 0xF81F, 0xF81F,
  0xF81F, 0xF81F, 0xF81F, 0xF81F, 0xF81F, 0xF81F, 0xF81F, 0xF81F, 0xF81F, 0x4DDF,
  0x5D5D, 0x557E, 0x557E, 0x7A8F, 0xA002, 0xA003, 0x9824, 0xA023, 0x9824, 0xA002,
  0x89AB, 0x557E, 0x557D, 0x557D, 0x557D, 0x557D, 0x557D, 0x557D, 0x555D, 0x5DDF,
  0x555D, 0xF81F, 0xF81F, 0xF81F, 0xF81F, 0xF81F, 0xF81F, 0xF81F, 0xF81F, 0xF81F,
  0xF81F, 0xF81F, 0xF81F, 0xF81F, 0xF81F, 0xF81F, 0xF81F, 0xF81F, 0xF81F, 0x5D1B,
  0x55BF, 0x5D3C, 0x89AB, 0xA002, 0x9824, 0xA023, 0xA023, 0x9824, 0xA002, 0x90C7,
  0x5D1B, 0x559E, 0x555D, 0x557D, 0x557D, 0x557D, 0x557D, 0x555D, 0x5DBF, 0x555D,
  0xF81F, 0xF81F, 0xF81F, 0xF81F, 0xF81F, 0xF81F, 0xF81F, 0xF81F, 0xF81F, 0xF81F,
  0xF81F, 0xF81F, 0xF81F, 0xF81F, 0xF81F, 0xF81F, 0xF81F, 0xFD67, 0xFD04, 0xBD90,
  0x5CBA, 0x9108, 0xA002, 0x9824, 0xA023, 0xA023, 0xA023, 0xA003, 0x9843, 0x6458,
  0x55BF, 0x555D, 0x557D, 0x557D, 0x557D, 0x557D, 0x555D, 0x55BF, 0x559E, 0xF81F,
  0xF81F, 0xF81F, 0xF81F, 0xF81F, 0xF81F, 0xF81F, 0xF81F, 0xF81F, 0xF81F, 0xF81F,
  0xF81F, 0xF81F, 0xF81F, 0xF81F, 0xF81F, 0xFD86, 0xFD86, 0xFD66, 0xFE47, 0xDD2B,
  0x90C7, 0xA002, 0x9824, 0xA023, 0xA023, 0xA023, 0xA024, 0xA002, 0x7353, 0x55BF,
  0x555D, 0x557D, 0x557D, 0x557D, 0x555D, 0x555D, 0x4DBF, 0x64FB, 0x8949, 0xF81F,
  0xF81F, 0xF81F, 0xF81F, 0xF81F, 0xF81F, 0xF81F, 0xF81F, 0xF81F, 0xF81F, 0xF81F,
  0xF81F, 0xF81F, 0xF81F, 0xF81F, 0xFD26, 0xFDA6, 0xFDA6, 0xFDE8, 0xFECA, 0xCAA5,
  0x9802, 0xA044, 0xA023, 0xA023, 0xA023, 0x9824, 0xA002, 0x7A8F, 0x55BF, 0x555D,
  0x557D, 0x557D, 0x555D, 0x555D, 0x557D, 0x55DF, 0x6458, 0x98E7, 0xA002, 0xF81F,
  0xF81F, 0xF81F, 0xF81F, 0xF81F, 0xF81F, 0xF81F, 0xF81F, 0xF81F, 0xF81F, 0xF81F,
  0xF81F, 0xF81F, 0xF81F, 0xFD46, 0xFDC6, 0xFD66, 0xFE08, 0xFE8A, 0xFE29, 0xB144,
  0x9803, 0xA023, 0xA023, 0xA023, 0x9824, 0xA002, 0x89AB, 0x557E, 0x557D, 0x555D,
  0x555D, 0x555D, 0x557E, 0x55BF, 0x555D, 0x7AF1, 0x9844, 0xA803, 0x9824, 0xF81F,
  0xF81F, 0xF81F, 0xF81F, 0xF81F, 0xF81F, 0xF81F, 0xF81F, 0xF81F, 0xF81F, 0xF81F,
  0xF81F, 0xF81F, 0xF81F, 0xFD66, 0xFD66, 0xFDA7, 0xFE69, 0xFE89, 0xF5C9, 0xA084,
  0x9803, 0xA023, 0xA023, 0xA044, 0xA002, 0x9108, 0x5D3C, 0x557E, 0x557D, 0x557E,
  0x55BF, 0x55BF, 0x551C, 0x6B94, 0x9128, 0xA002, 0xA003, 0xA024, 0xA003, 0xF81F,
  0xF81F, 0xF81F, 0xF81F, 0xF81F, 0xF81F, 0xF81F, 0xF81F, 0xF81F, 0xF81F, 0xF81F,
  0xF81F, 0xF81F, 0xFD46, 0xFDA6, 0xFD26, 0xFDC7, 0xFE69, 0xFE89, 0xF588, 0x9803,
  0xA023, 0x9803, 0x9803, 0x9802, 0x90C7, 0x5CBA, 0x55BF, 0x555D, 0x5D5D, 0x5CFB,
  0x6BB5, 0x826F, 0x90E7, 0xA002, 0xA002, 0x9824, 0xA023, 0xA023, 0xA003, 0xF81F,
  0xF81F, 0xF81F, 0xF81F, 0xF81F, 0xF81F, 0xF81F, 0xF81F, 0xF81F, 0xF81F, 0xF81F,
  0xF81F, 0xF81F, 0xFD66, 0xFDA6, 0xFD46, 0xFDC7, 0xFE69, 0xFE89, 0xF588, 0x9803,
  0x9803, 0xA084, 0xB144, 0xCAA5, 0xD52B, 0xBD8F, 0x651B, 0x551C, 0x9108, 0xA044,
  0xA003, 0xA001, 0xA003, 0x9824, 0x9824, 0xA023, 0x9823, 0xA824, 0xA023, 0xF81F,
  0xF81F, 0xF81F, 0xF81F, 0xF81F, 0xF81F, 0xF81F, 0xF81F, 0xF81F, 0xF81F, 0xF81F,
  0xF81F, 0xFD46, 0xFD46, 0xFD66, 0xFD46, 0xFDA7, 0xFE69, 0xFE69, 0xFE49, 0xF588,
  0xF588, 0xF5C9, 0xFE29, 0xFECA, 0xFE27, 0xFD23, 0xF81F, 0xF81F, 0xA800, 0xA003,
  0x9823, 0x9824, 0x9823, 0xA023, 0xA023, 0x9823, 0xA824, 0xA023, 0xF81F, 0xF81F,
  0xF81F, 0xF81F, 0xF81F, 0xF81F, 0xF81F, 0xF81F, 0xF81F, 0xF81F, 0xF81F, 0xF81F,
  0xF81F, 0xFD66, 0xFDC6, 0xFD46, 0xFD66, 0xFD46, 0xFE08, 0xFE69, 0xFE69, 0xFE89,
  0xFE89, 0xFE89, 0xFE8A, 0xFDE8, 0xFD66, 0xF567, 0xF81F, 0xF81F, 0xF81F, 0x9823,
  0xA824, 0xA023, 0xA023, 0xA023, 0x9823, 0xA824, 0xA003, 0xF81F, 0xF81F, 0xF81F,
  0xF81F, 0xF81F, 0xF81F, 0xF81F, 0xF81F, 0xF81F, 0xF81F, 0xF81F, 0xF81F, 0xF81F,
  0xF81F, 0xFD46, 0xFDC6, 0xFD66, 0xFD66, 0xFD46, 0xFD66, 0xFE08, 0xFE69, 0xFE69,
  0xFE69, 0xFE69, 0xFE08, 0xFDA6, 0xFD46, 0xF81F, 0xF81F, 0xF81F, 0xF81F, 0xA024,
  0xA023, 0x9823, 0xA023, 0x9823, 0xA023, 0xA003, 0xF81F, 0xF81F, 0xF81F, 0xF81F,
  0xF81F, 0xF81F, 0xF81F, 0xF81F, 0xF81F, 0xF81F, 0xF81F, 0xF81F, 0xF81F, 0xF81F,
  0xF81F, 0xFD66, 0xFDA6, 0xFD66, 0xFD66, 0xFD66, 0xFD46, 0xFD46, 0xFDA7, 0xFDC7,
  0xFDC7, 0xFDA7, 0xFD66, 0xFD86, 0xFD66, 0xF81F, 0xF81F, 0xF81F, 0xF81F, 0xF81F,
  0x9803, 0xA023, 0xA023, 0xA023, 0xA023, 0x9803, 0xF81F, 0xF81F, 0xF81F, 0xF81F,
  0xF81F, 0xF81F, 0xF81F, 0xF81F, 0xF81F, 0xF81F, 0xF81F, 0xF81F, 0xF81F, 0xF81F,
  0xF81F, 0xFD66, 0xFDA6, 0xFD46, 0xFD66, 0xFD66, 0xFD66, 0xFD66, 0xFD46, 0xFD46,
  0xFD26, 0xFD66, 0xFDA6, 0xFD46, 0xF81F, 0xF81F, 0xF81F, 0xF81F, 0xF81F, 0xF81F,
  0xA023, 0xA824, 0xA023, 0xA023, 0xA023, 0xF81F, 0xF81F, 0xF81F, 0xF81F, 0xF81F,
  0xF81F, 0xF81F, 0xF81F, 0xF81F, 0xF81F, 0xF81F, 0xF81F, 0xF81F, 0xF81F, 0xF81F,
  0xF81F, 0xFD46, 0xFD86, 0xFD66, 0xFD46, 0xFD66, 0xFD46, 0xFD66, 0xFD86, 0xFDA6,
  0xFDA6, 0xFD86, 0xFD46, 0xF81F, 0xF81F, 0xF81F, 0xF81F, 0xF81F, 0xF81F, 0xF81F,
  0x9803, 0xA023, 0xA023, 0x9823, 0xF81F, 0xF81F, 0xF81F, 0xF81F, 0xF81F, 0xF81F,
  0xF81F, 0xF81F, 0xF81F, 0xF81F, 0xF81F, 0xF81F, 0xF81F, 0xF81F, 0xF81F, 0xF81F,
  0xF81F, 0xFD46, 0xFDC6, 0xFD86, 0xFDA6, 0xFDA6, 0xFDC6, 0xFD86, 0xFD66, 0xFD66,
  0xFD66, 0xF81F, 0xF81F, 0xF81F, 0xF81F, 0xF81F, 0xF81F, 0xF81F, 0xF81F, 0xF81F,
  0x9824, 0xA023, 0x9823, 0xF81F, 0xF81F, 0xF81F, 0xF81F, 0xF81F, 0xF81F, 0xF81F,
  0xF81F, 0xF81F, 0xF81F, 0xF81F, 0xF81F, 0xF81F, 0xF81F, 0xF81F, 0xF81F, 0xF81F,
  0xF81F, 0xFD46, 0xFD86, 0xFD66, 0xFD66, 0xFD66, 0xFD66, 0xFD66, 0xF81F, 0xF81F,
  0xF81F, 0xF81F, 0xF81F, 0xF81F, 0xF81F, 0xF81F, 0xF81F, 0xF81F, 0xF81F, 0xF81F,
  0xF81F, 0x9803, 0xF81F, 0xF81F, 0xF81F, 0xF81F, 0xF81F, 0xF81F, 0xF81F, 0xF81F,
  0xF81F, 0xF81F, 0xF81F, 0xF81F, 0xF81F, 0xF81F, 0xF81F, 0xF81F, 0xF81F, 0xF81F,
  0xF81F, 0xF81F, 0xF81F, 0xF81F, 0xF81F, 0xF81F, 0xF81F, 0xF81F, 0xF81F, 0xF81F,
  0xF81F, 0xF81F, 0xF81F, 0xF81F, 0xF81F, 0xF81F, 0xF81F, 0xF81F, 0xF81F, 0xF81F,
  0xF81F, 0xF81F, 0xF81F, 0xF81F, 0xF81F, 0xF81F, 0xF81F, 0xF81F, 0xF81F, 0xF81F,
  0xF81F, 0xF81F, 0xF81F, 0xF81F, 0xF81F, 0xF81F, 0xF81F, 0xF81F, 0xF81F, 0xF81F
};

static const uint16_t kEmoji_fire[1600] PROGMEM = {
  0xF81F, 0xF81F, 0xF81F, 0xF81F, 0xF81F, 0xF81F, 0xF81F, 0xF81F, 0xF81F, 0xF81F,
  0xF81F, 0xF81F, 0xF81F, 0xF81F, 0xF81F, 0xF81F, 0xF81F, 0xF81F, 0xF81F, 0xF81F,
  0xF81F, 0xF81F, 0xF481, 0xF481, 0xF81F, 0xF81F, 0xF81F, 0xF81F, 0xF81F, 0xF81F,
  0xF81F, 0xF81F, 0xF81F, 0xF81F, 0xF81F, 0xF81F, 0xF81F, 0xF81F, 0xF81F, 0xF81F,
  0xF81F, 0xF81F, 0xF81F, 0xF81F, 0xF81F, 0xF81F, 0xF81F, 0xF81F, 0xF81F, 0xF81F,
  0xF81F, 0xF81F, 0xF81F, 0xF81F, 0xF81F, 0xF81F, 0xF81F, 0xF81F, 0xF81F, 0xF81F,
  0xF81F, 0xF81F, 0xF461, 0xFCC1, 0xF481, 0xF81F, 0xF81F, 0xF81F, 0xF81F, 0xF81F,
  0xF81F, 0xF81F, 0xF81F, 0xF81F, 0xF81F, 0xF81F, 0xF81F, 0xF81F, 0xF81F, 0xF81F,
  0xF81F, 0xF81F, 0xF81F, 0xF81F, 0xF81F, 0xF81F, 0xF81F, 0xF81F, 0xF81F, 0xF81F,
  0xF81F, 0xF81F, 0xF81F, 0xEC61, 0xF461, 0xF81F, 0xF81F, 0xF81F, 0xF81F, 0xF81F,
  0xF81F, 0xF81F, 0xF81F, 0xF461, 0xFCE1, 0xF481, 0xF461, 0xF81F, 0xF81F, 0xF81F,
  0xF81F, 0xF81F, 0xF81F, 0xF81F, 0xF81F, 0xF81F, 0xF81F, 0xF81F, 0xF81F, 0xF81F,
  0xF81F, 0xF81F, 0xF81F, 0xF81F, 0xF81F, 0xF81F, 0xF81F, 0xF81F, 0xF81F, 0xF81F,
  0xF81F, 0xF81F, 0xF481, 0xF481, 0xF461, 0xF81F, 0xF81F, 0xF81F, 0xF81F, 0xF81F,
  0xF81F, 0xF81F, 0xF81F, 0xF481, 0xFCA1, 0xFCA1, 0xF481, 0xF461, 0xF81F, 0xF81F,
  0xF81F, 0xF81F, 0xF81F, 0xF81F, 0xF81F, 0xF81F, 0xF81F, 0xF81F, 0xF81F, 0xF81F,
  0xF81F, 0xF81F, 0xF81F, 0xF81F, 0xF81F, 0xF81F, 0xF81F, 0xF81F, 0xF81F, 0xF81F,
  0xF81F, 0xF81F, 0xF461, 0xFCA1, 0xF481, 0xF81F, 0xF81F, 0xF81F, 0xF81F, 0xF81F,
  0xF81F, 0xF81F, 0xF81F, 0xF481, 0xFCC1, 0xF461, 0xFCA1, 0xF481, 0xF81F, 0xF81F,
  0xF81F, 0xF81F, 0xF81F, 0xF81F, 0xF81F, 0xF81F, 0xF81F, 0xF81F, 0xF81F, 0xF81F,
  0xF81F, 0xF81F, 0xF81F, 0xF81F, 0xF81F, 0xF81F, 0xF81F, 0xF81F, 0xF81F, 0xF81F,
  0xF81F, 0xF461, 0xFCA1, 0xF481, 0xF481, 0xF81F, 0xF81F, 0xF81F, 0xF81F, 0xF81F,
  0xF81F, 0xF81F, 0xF81F, 0xF481, 0xFCC1, 0xF461, 0xF461, 0xFCC1, 0xF461, 0xF81F,
  0xF81F, 0xF81F, 0xF81F, 0xF81F, 0xF81F, 0xF81F, 0xF81F, 0xF81F, 0xF81F, 0xF81F,
  0xF81F, 0xF81F, 0xF81F, 0xF81F, 0xF81F, 0xF81F, 0xF81F, 0xF81F, 0xF81F, 0xF81F,
  0xF81F, 0xF461, 0xFCA1, 0xFCC1, 0xF461, 0xF81F, 0xF81F, 0xF81F, 0xF81F, 0xF81F,
  0xF81F, 0xF81F, 0xF81F, 0xF461, 0xFCC1, 0xF481, 0xF461, 0xFC81, 0xF461, 0xF81F,
  0xF81F, 0xF81F, 0xF81F, 0xF81F, 0xF81F, 0xF81F, 0xF81F, 0xF81F, 0xF81F, 0xF81F,
  0xF81F, 0xF81F, 0xF81F, 0xF81F, 0xF81F, 0xF81F, 0xF81F, 0xF81F, 0xF81F, 0xF81F,
  0xF81F, 0xF481, 0xFCA1, 0xFC81, 0xF481, 0xF81F, 0xF81F, 0xF81F, 0xF81F, 0xF81F,
  0xF81F, 0xF81F, 0xF81F, 0xF481, 0xFC81, 0xF461, 0xF481, 0xF461, 0xFCC1, 0xF481,
  0xF81F, 0xF81F, 0xF81F, 0xF81F, 0xF81F, 0xF81F, 0xF81F, 0xF81F, 0xF81F, 0xF81F,
  0xF81F, 0xF81F, 0xF81F, 0xF81F, 0xF81F, 0xF81F, 0xF81F, 0xF81F, 0xF81F, 0xF81F,
  0xF81F, 0xF481, 0xFCA1, 0xF481, 0xFCA1, 0xF481, 0xF81F, 0xF81F, 0xF81F, 0xF81F,
  0xF81F, 0xF81F, 0xF481, 0xFCA1, 0xF461, 0xF481, 0xF481, 0xF461, 0xFCC1, 0xF461,
  0xF81F, 0xF81F, 0xF81F, 0xF81F, 0xF81F, 0xF81F, 0xF81F, 0xF81F, 0xF81F, 0xF81F,
  0xF81F, 0xF81F, 0xF81F, 0xF81F, 0xF461, 0xF461, 0xF81F, 0xF81F, 0xF81F, 0xF81F,
  0xF81F, 0xF481, 0xFCA1, 0xF481, 0xF481, 0xFCA1, 0xF481, 0xF481, 0xF81F, 0xF81F,
  0xF461, 0xF481, 0xFCA1, 0xF481, 0xF481, 0xF481, 0xF481, 0xF481, 0xFCA1, 0xF461,
  0xF81F, 0xF81F, 0xF81F, 0xF81F, 0xF81F, 0xF81F, 0xF81F, 0xF81F, 0xF81F, 0xF81F,
  0xF81F, 0xF81F, 0xF81F, 0xF81F, 0xF461, 0xF481, 0xF81F, 0xF81F, 0xF81F, 0xF81F,
  0xF81F, 0xF461, 0xFCA1, 0xF481, 0xF481, 0xF481, 0xFCA1, 0xF481, 0xF461, 0xF461,
  0xF461, 0xFCA1, 0xF461, 0xF481, 0xF481, 0xF481, 0xF481, 0xF461, 0xFC81, 0xF461,
  0xF81F, 0xF81F, 0xF81F, 0xF81F, 0xF81F, 0xF81F, 0xF81F, 0xF81F, 0xF81F, 0xF81F,
  0xF81F, 0xF81F, 0xF81F, 0xF481, 0xFCA1, 0xF481, 0xF81F, 0xF81F, 0xF81F, 0xF81F,
  0xF81F, 0xF481, 0xFCC1, 0xF461, 0xF481, 0xF481, 0xF461, 0xF481, 0xFCA1, 0xFCA1,
  0xF481, 0xF461, 0xF481, 0xF481, 0xF481, 0xF481, 0xF481, 0xF481, 0xFC81, 0xF481,
  0xF81F, 0xF81F, 0xF81F, 0xF81F, 0xF81F, 0xF81F, 0xF81F, 0xF81F, 0xF81F, 0xF81F,
  0xF81F, 0xF81F, 0xF81F, 0xF481, 0xF481, 0xF81F, 0xF81F, 0xF81F, 0xF81F, 0xF81F,
  0xF81F, 0xF481, 0xFCA1, 0xF481, 0xF481, 0xF481, 0xF481, 0xF481, 0xF461, 0xF481,
  0xF481, 0xF481, 0xF481, 0xF481, 0xF481, 0xF481, 0xF481, 0xF461, 0xFC81, 0xF481,
  0xF81F, 0xF81F, 0xF81F, 0xF81F, 0xF81F, 0xF81F, 0xF81F, 0xF81F, 0xF81F, 0xF81F,
  0xF81F, 0xF81F, 0xF461, 0xFCC1, 0xF461, 0xF81F, 0xF81F, 0xF81F, 0xF81F, 0xF81F,
  0xF81F, 0xF81F, 0xF461, 0xFCA1, 0xF481, 0xF481, 0xF481, 0xF481, 0xF481, 0xF481,
  0xF481, 0xF481, 0xF481, 0xF481, 0xF481, 0xF481, 0xF481, 0xF481, 0xFCA1, 0xF461,
  0xF81F, 0xF81F, 0xF81F, 0xF81F, 0xF81F, 0xF81F, 0xF81F, 0xF81F, 0xF81F, 0xF81F,
  0xF81F, 0xF81F, 0xF461, 0xFCA1, 0xF461, 0xF461, 0xF81F, 0xF81F, 0xF81F, 0xF81F,
  0xF81F, 0xF81F, 0xF481, 0xFCA1, 0xF481, 0xF481, 0xF481, 0xF481, 0xF481, 0xF481,
  0xF481, 0xF481, 0xF481, 0xF481, 0xF481, 0xF481, 0xF481, 0xF481, 0xFCA1, 0xF461,
  0xF81F, 0xF81F, 0xF81F, 0xF81F, 0xF81F, 0xF81F, 0xF81F, 0xF81F, 0xF81F, 0xF81F,
  0xF81F, 0xF461, 0xF481, 0xF481, 0xFCA1, 0xF481, 0xF81F, 0xF81F, 0xF81F, 0xF81F,
  0xF81F, 0xF81F, 0xF481, 0xFC81, 0xF481, 0xF481, 0xF481, 0xF481, 0xF481, 0xF481,
  0xF481, 0xF481, 0xF481, 0xF481, 0xF481, 0xF481, 0xF481, 0xF461, 0xFCC1, 0xF481,
  0xF81F, 0xF81F, 0xF81F, 0xF81F, 0xF81F, 0xF81F, 0xF81F, 0xF461, 0xF481, 0xF81F,
  0xF81F, 0xF461, 0xFCC1, 0xF461, 0xFCA1, 0xF481, 0xF81F, 0xF81F, 0xF81F, 0xF81F,
  0xF81F, 0xF481, 0xFCA1, 0xF481, 0xF481, 0xF481, 0xF481, 0xF481, 0xF481, 0xF481,
  0xF481, 0xF481, 0xF481, 0xF481, 0xF481, 0xF481, 0xF481, 0xF481, 0xFCA1, 0xF461,
  0xF81F, 0xF81F, 0xF81F, 0xF81F, 0xF81F, 0xF81F, 0xF81F, 0xF481, 0xF481, 0xF81F,
  0xF81F, 0xF481, 0xFCC1, 0xF461, 0xF461, 0xFCA1, 0xF481, 0xF461, 0xF81F, 0xEC80,
  0xF481, 0xF481, 0xF481, 0xF481, 0xF481, 0xF481, 0xF481, 0xF481, 0xF461, 0xF461,
  0xF461, 0xF481, 0xF481, 0xF481, 0xF481, 0xF481, 0xF461, 0xF481, 0xF481, 0xF461,
  0xF81F, 0xF81F, 0xF81F, 0xF81F, 0xF81F, 0xF81F, 0xF81F, 0xF461, 0xF481, 0xF81F,
  0xF81F, 0xF481, 0xFCA1, 0xF481, 0xF481, 0xF481, 0xFCA1, 0xF461, 0xF461, 0xF461,
  0xFCC1, 0xF481, 0xF481, 0xF481, 0xF481, 0xF481, 0xF481, 0xF461, 0xFD45, 0xFD85,
  0xF4A2, 0xF461, 0xF481, 0xF481, 0xF481, 0xF481, 0xF461, 0xFC81, 0xF461, 0xF81F,
  0xF81F, 0xF81F, 0xF81F, 0xF81F, 0xF81F, 0xF81F, 0xF481, 0xFCC1, 0xF481, 0xF81F,
  0xF81F, 0xF481, 0xFCA1, 0xF481, 0xF481, 0xF481, 0xF461, 0xF481, 0xFCA1, 0xF481,
  0xF461, 0xF481, 0xF481, 0xF481, 0xF481, 0xF481, 0xF481, 0xF461, 0xF504, 0xFE8A,
  0xFE29, 0xFD24, 0xF461, 0xF481, 0xF481, 0xF481, 0xF461, 0xFC81, 0xF461, 0xF460,
  0xF81F, 0xF81F, 0xF81F, 0xF81F, 0xF81F, 0xF81F, 0xF461, 0xFCE1, 0xF481, 0xF81F,
  0xF81F, 0xF481, 0xFCA1, 0xF481, 0xF481, 0xF481, 0xF481, 0xF481, 0xF481, 0xF461,
  0xF481, 0xF481, 0xF481, 0xF481, 0xF481, 0xF481, 0xF481, 0xF461, 0xF4A2, 0xFE49,
  0xFE69, 0xFE6A, 0xFD86, 0xF461, 0xF481, 0xF481, 0xF481, 0xF481, 0xFCA1, 0xF461,
  0xF81F, 0xF81F, 0xF81F, 0xF81F, 0xF81F, 0xEC61, 0xFC81, 0xFCA1, 0xF461, 0xF81F,
  0xF81F, 0xF481, 0xFCA1, 0xF481, 0xF481, 0xF481, 0xF481, 0xF481, 0xF481, 0xF481,
  0xF481, 0xF481, 0xF481, 0xF481, 0xF481, 0xF481, 0xF481, 0xF461, 0xF481, 0xFE08,
  0xFE69, 0xFE49, 0xFE8A, 0xFD45, 0xF461, 0xF481, 0xF481, 0xF481, 0xFCA1, 0xF481,
  0xF81F, 0xF81F, 0xF81F, 0xF81F, 0xF461, 0xF481, 0xF481, 0xFCA1, 0xF481, 0xF81F,
  0xF81F, 0xF481, 0xFCA1, 0xF481, 0xF481, 0xF481, 0xF481, 0xF481, 0xF481, 0xF481,
  0xF461, 0xF481, 0xF481, 0xF481, 0xF481, 0xF481, 0xF481, 0xF481, 0xF481, 0xFDE7,
  0xFE6A, 0xFE49, 0xFE69, 0xFE49, 0xF4A2, 0xF461, 0xF481, 0xF481, 0xF461, 0xFCA1,
  0xF481, 0xF481, 0xF461, 0xF481, 0xFC81, 0xFC81, 0xF461, 0xFCA1, 0xF481, 0xF81F,
  0xF81F, 0xF481, 0xFCA1, 0xF481, 0xF481, 0xF481, 0xF481, 0xF481, 0xF481, 0xF461,
  0xF481, 0xF481, 0xF481, 0xF481, 0xF481, 0xF481, 0xF481, 0xF461, 0xF481, 0xFE08,
  0xFE69, 0xFE69, 0xFE49, 0xFE8A, 0xFD65, 0xF461, 0xF481, 0xF481, 0xF481, 0xF481,
  0xFC81, 0xFCA1, 0xFCA1, 0xFCA1, 0xF481, 0xF461, 0xF481, 0xFCA1, 0xF481, 0xF81F,
  0xF81F, 0xF461, 0xFCA1, 0xF461, 0xF481, 0xF481, 0xF481, 0xF481, 0xF461, 0xF4E3,
  0xFDA6, 0xF481, 0xF481, 0xF481, 0xF481, 0xF481, 0xF481, 0xF461, 0xF4C2, 0xFE69,
  0xFE69, 0xFE69, 0xFE49, 0xFE6A, 0xFDE7, 0xF481, 0xF481, 0xF481, 0xF481, 0xF481,
  0xF481, 0xF481, 0xF461, 0xF461, 0xF481, 0xF481, 0xF461, 0xFCA1, 0xF461, 0xF81F,
  0xF81F, 0xF461, 0xFCC1, 0xF481, 0xF481, 0xF481, 0xF481, 0xF461, 0xF481, 0xFE28,
  0xFE28, 0xF481, 0xF481, 0xF481, 0xF481, 0xF481, 0xF481, 0xF440, 0xFD86, 0xFE6A,
  0xFE49, 0xFE69, 0xFE69, 0xFE69, 0xFE28, 0xF481, 0xF461, 0xF481, 0xF481, 0xF481,
  0xF481, 0xF461, 0xF481, 0xF481, 0xF481, 0xF481, 0xF481, 0xFCC1, 0xF461, 0xF81F,
  0xF81F, 0xF461, 0xF481, 0xF481, 0xF481, 0xF481, 0xF481, 0xF461, 0xFD86, 0xFE8A,
  0xFE69, 0xF4E3, 0xF461, 0xF481, 0xF481, 0xF481, 0xF440, 0xFD04, 0xFE69, 0xFE69,
  0xFE69, 0xFE69, 0xFE69, 0xFE69, 0xFE49, 0xF4A2, 0xF461, 0xF481, 0xF481, 0xF481,
  0xF481, 0xF4A2, 0xF481, 0xF481, 0xF481, 0xF481, 0xF481, 0xF481, 0xF461, 0xF81F,
  0xF81F, 0xF81F, 0xF481, 0xFCA1, 0xF481, 0xF481, 0xF461, 0xF4C2, 0xFE49, 0xFE69,
  0xFE69, 0xFDE7, 0xF481, 0xF460, 0xF461, 0xF481, 0xFD45, 0xFE49, 0xFE69, 0xFE69,
  0xFE69, 0xFE69, 0xFE69, 0xFE69, 0xFE49, 0xF4E3, 0xF461, 0xF481, 0xF481, 0xF481,
  0xF461, 0xFD65, 0xF4E3, 0xF461, 0xF481, 0xF481, 0xFCA1, 0xF481, 0xF81F, 0xF81F,
  0xF81F, 0xF81F, 0xF461, 0xFCC1, 0xF461, 0xF481, 0xF461, 0xFD85, 0xFE8A, 0xFE49,
  0xFE69, 0xFE69, 0xFE28, 0xFDA6, 0xFDA6, 0xFE08, 0xFE6A, 0xFE69, 0xFE69, 0xFE69,
  0xFE69, 0xFE69, 0xFE69, 0xFE69, 0xFE69, 0xFD04, 0xF461, 0xF481, 0xF481, 0xF481,
  0xF461, 0xFE08, 0xFD86, 0xF460, 0xF481, 0xF461, 0xFCC1, 0xF461, 0xF81F, 0xF81F,
  0xF81F, 0xF81F, 0xF81F, 0xF481, 0xF481, 0xF461, 0xF481, 0xFE08, 0xFE69, 0xFE49,
  0xFE69, 0xFE69, 0xFE69, 0xFE8A, 0xFE8A, 0xFE69, 0xFE49, 0xFE69, 0xFE69, 0xFE69,
  0xFE69, 0xFE69, 0xFE69, 0xFE49, 0xFE6A, 0xFDC6, 0xF461, 0xF461, 0xF461, 0xF440,
  0xFD44, 0xFE8A, 0xFE08, 0xF481, 0xF461, 0xF481, 0xF481, 0xF81F, 0xF81F, 0xF81F,
  0xF81F, 0xF81F, 0xF81F, 0xF461, 0xFCC1, 0xF461, 0xF4C3, 0xFE49, 0xFE69, 0xFE69,
  0xFE69, 0xFE69, 0xFE49, 0xFE49, 0xFE49, 0xFE49, 0xFE69, 0xFE69, 0xFE69, 0xFE69,
  0xFE69, 0xFE69, 0xFE69, 0xFE69, 0xFE69, 0xFE69, 0xFDA6, 0xF4E3, 0xF4E3, 0xFD86,
  0xFE69, 0xFE69, 0xFE49, 0xF4C3, 0xF461, 0xFCC1, 0xF461, 0xF81F, 0xF81F, 0xF81F,
  0xF81F, 0xF81F, 0xF81F, 0xF81F, 0xF481, 0xFC81, 0xF503, 0xFE6A, 0xFE49, 0xFE69,
  0xFE69, 0xFE69, 0xFE69, 0xFE69, 0xFE69, 0xFE69, 0xFE69, 0xFE69, 0xFE69, 0xFE69,
  0xFE69, 0xFE69, 0xFE69, 0xFE69, 0xFE69, 0xFE69, 0xFE6A, 0xFE69, 0xFE49, 0xFE8A,
  0xFE69, 0xFE49, 0xFE6A, 0xF503, 0xFC81, 0xF481, 0xF81F, 0xF81F, 0xF81F, 0xF81F,
  0xF81F, 0xF81F, 0xF81F, 0xF81F, 0xF482, 0xF460, 0xFD24, 0xFE8A, 0xFE49, 0xFE69,
  0xFE69, 0xFE69, 0xFE69, 0xFE69, 0xFE69, 0xFE69, 0xFE69, 0xFE69, 0xFE69, 0xFE69,
  0xFE69, 0xFE69, 0xFE69, 0xFE69, 0xFE69, 0xFE69, 0xFE49, 0xFE69, 0xFE69, 0xFE49,
  0xFE69, 0xFE49, 0xFE8A, 0xFD24, 0xF460, 0xF482, 0xF81F, 0xF81F, 0xF81F, 0xF81F,
  0xF81F, 0xF81F, 0xF81F, 0xF81F, 0xF81F, 0xEC20, 0xFD44, 0xFE8A, 0xFE49, 0xFE69,
  0xFE69, 0xFE69, 0xFE69, 0xFE69, 0xFE69, 0xFE69, 0xFE69, 0xFE69, 0xFE69, 0xFE69,
  0xFE69, 0xFE69, 0xFE69, 0xFE69, 0xFE69, 0xFE69, 0xFE69, 0xFE69, 0xFE69, 0xFE69,
  0xFE69, 0xFE49, 0xFE8A, 0xFD44, 0xEC20, 0xF81F, 0xF81F, 0xF81F, 0xF81F, 0xF81F,
  0xF81F, 0xF81F, 0xF81F, 0xF81F, 0xF81F, 0xF81F, 0xFD86, 0xFECA, 0xFE69, 0xFE69,
  0xFE69, 0xFE69, 0xFE69, 0xFE69, 0xFE69, 0xFE69, 0xFE69, 0xFE69, 0xFE69, 0xFE69,
  0xFE69, 0xFE69, 0xFE69, 0xFE69, 0xFE69, 0xFE69, 0xFE69, 0xFE69, 0xFE69, 0xFE69,
  0xFE69, 0xFE69, 0xFECA, 0xFD86, 0xF81F, 0xF81F, 0xF81F, 0xF81F, 0xF81F, 0xF81F,
  0xF81F, 0xF81F, 0xF81F, 0xF81F, 0xF81F, 0xF81F, 0xF81F, 0xFE49, 0xFE89, 0xFE8A,
  0xFE69, 0xFE49, 0xFE69, 0xFE69, 0xFE69, 0xFE69, 0xFE69, 0xFE69, 0xFE69, 0xFE69,
  0xFE69, 0xFE69, 0xFE69, 0xFE69, 0xFE69, 0xFE69, 0xFE69, 0xFE69, 0xFE49, 0xFE69,
  0xFE8A, 0xFE89, 0xFE49, 0xF81F, 0xF81F, 0xF81F, 0xF81F, 0xF81F, 0xF81F, 0xF81F,
  0xF81F, 0xF81F, 0xF81F, 0xF81F, 0xF81F, 0xF81F, 0xF81F, 0xF81F, 0xFE49, 0xFE69,
  0xFECA, 0xFE69, 0xFE49, 0xFE49, 0xFE69, 0xFE69, 0xFE69, 0xFE69, 0xFE69, 0xFE69,
  0xFE69, 0xFE69, 0xFE69, 0xFE69, 0xFE69, 0xFE69, 0xFE49, 0xFE49, 0xFE69, 0xFECA,
  0xFE69, 0xFE49, 0xF81F, 0xF81F, 0xF81F, 0xF81F, 0xF81F, 0xF81F, 0xF81F, 0xF81F,
  0xF81F, 0xF81F, 0xF81F, 0xF81F, 0xF81F, 0xF81F, 0xF81F, 0xF81F, 0xF81F, 0xF81F,
  0xFE69, 0xFE69, 0xFECA, 0xFE89, 0xFE69, 0xFE49, 0xFE69, 0xFE69, 0xFE69, 0xFE69,
  0xFE69, 0xFE69, 0xFE69, 0xFE69, 0xFE49, 0xFE69, 0xFE89, 0xFECA, 0xFE69, 0xFE69,
  0xF81F, 0xF81F, 0xF81F, 0xF81F, 0xF81F, 0xF81F, 0xF81F, 0xF81F, 0xF81F, 0xF81F,
  0xF81F, 0xF81F, 0xF81F, 0xF81F, 0xF81F, 0xF81F, 0xF81F, 0xF81F, 0xF81F, 0xF81F,
  0xF81F, 0xFE49, 0xFE89, 0xFE49, 0xFE69, 0xFECA, 0xFE89, 0xFE69, 0xFE69, 0xFE69,
  0xFE69, 0xFE69, 0xFE69, 0xFE89, 0xFECA, 0xFE69, 0xFE49, 0xFE89, 0xFE29, 0xF81F,
  0xF81F, 0xF81F, 0xF81F, 0xF81F, 0xF81F, 0xF81F, 0xF81F, 0xF81F, 0xF81F, 0xF81F,
  0xF81F, 0xF81F, 0xF81F, 0xF81F, 0xF81F, 0xF81F, 0xF81F, 0xF81F, 0xF81F, 0xF81F,
  0xF81F, 0xF81F, 0xF81F, 0xF81F, 0xFE69, 0xFE69, 0xFE69, 0xFE69, 0xFE69, 0xFE49,
  0xFE49, 0xFE69, 0xFE69, 0xFE69, 0xFE69, 0xFE69, 0xF81F, 0xF81F, 0xF81F, 0xF81F,
  0xF81F, 0xF81F, 0xF81F, 0xF81F, 0xF81F, 0xF81F, 0xF81F, 0xF81F, 0xF81F, 0xF81F
};

static const uint16_t kEmoji_check[1600] PROGMEM = {
  0xF81F, 0x756A, 0x7DAA, 0x758A, 0x7D8A, 0x758A, 0x758A, 0x758A, 0x758A, 0x758A,
  0x758A, 0x758A, 0x758A, 0x758A, 0x758A, 0x758A, 0x758A, 0x758A, 0x758A, 0x758A,
  0x758A, 0x758A, 0x758A, 0x758A, 0x758A, 0x758A, 0x758A, 0x758A, 0x758A, 0x758A,
  0x758A, 0x758A, 0x758A, 0x758A, 0x758A, 0x7D8A, 0x758A, 0x7DAA, 0x756A, 0xF81F,
  0x6D69, 0x7DAA, 0x7DEB, 0x758A, 0x758A, 0x758A, 0x758A, 0x758A, 0x758A, 0x758A,
  0x758A, 0x758A, 0x758A, 0x758A, 0x758A, 0x758A, 0x758A, 0x758A, 0x758A, 0x758A,
  0x758A, 0x758A, 0x758A, 0x758A, 0x758A, 0x758A, 0x758A, 0x758A, 0x758A, 0x758A,
  0x758A, 0x758A, 0x758A, 0x758A, 0x758A, 0x758A, 0x758A, 0x7DEB, 0x7DAA, 0x6D69,
  0x758A, 0x7DEB, 0x758A, 0x758A, 0x758A, 0x758A, 0x758A, 0x758A, 0x758A, 0x758A,
  0x758A, 0x758A, 0x758A, 0x758A, 0x758A, 0x758A, 0x758A, 0x758A, 0x758A, 0x758A,
  0x758A, 0x758A, 0x758A, 0x758A, 0x758A, 0x758A, 0x758A, 0x758A, 0x758A, 0x758A,
  0x758A, 0x758A, 0x758A, 0x758A, 0x758A, 0x758A, 0x758A, 0x758A, 0x7DEB, 0x758A,
  0x758A, 0x758A, 0x758A, 0x758A, 0x758A, 0x758A, 0x758A, 0x758A, 0x758A, 0x758A,
  0x758A, 0x758A, 0x758A, 0x758A, 0x758A, 0x758A, 0x758A, 0x758A, 0x758A, 0x758A,
  0x758A, 0x758A, 0x758A, 0x758A, 0x758A, 0x758A, 0x758A, 0x758A, 0x758A, 0x758A,
  0x758A, 0x758A, 0x758A, 0x758A, 0x758A, 0x758A, 0x758A, 0x758A, 0x758A, 0x758A,
  0x758A, 0x758A, 0x758A, 0x758A, 0x758A, 0x758A, 0x758A, 0x758A, 0x758A, 0x758A,
  0x758A, 0x758A, 0x758A, 0x758A, 0x758A, 0x758A, 0x758A, 0x758A, 0x758A, 0x758A,
  0x758A, 0x758A, 0x758A, 0x758A, 0x758A, 0x758A, 0x758A, 0x758A, 0x758A, 0x7D8A,
  0x7D8A, 0x7D8A, 0x7D8A, 0x758A, 0x758A, 0x758A, 0x758A, 0x758A, 0x758A, 0x758A,
  0x758A, 0x758A, 0x758A, 0x758A, 0x758A, 0x758A, 0x758A, 0x758A, 0x758A, 0x758A,
  0x758A, 0x758A, 0x758A, 0x758A, 0x758A, 0x758A, 0x758A, 0x758A, 0x758A, 0x758A,
  0x758A, 0x758A, 0x758A, 0x758A, 0x758A, 0x758A, 0x758A, 0x758A, 0x7D8A, 0x758A,
  0x6D69, 0x6D69, 0x758A, 0x7D8A, 0x758A, 0x758A, 0x758A, 0x758A, 0x758A, 0x758A,
  0x758A, 0x758A, 0x758A, 0x758A, 0x758A, 0x758A, 0x758A, 0x758A, 0x758A, 0x758A,
  0x758A, 0x758A, 0x758A, 0x758A, 0x758A, 0x758A, 0x758A, 0x758A, 0x758A, 0x758A,
  0x758A, 0x758A, 0x758A, 0x758A, 0x758A, 0x758A, 0x758A, 0x7D8A, 0x758A, 0x85CC,
  0xAE93, 0xAE93, 0x85CD, 0x7569, 0x7D8A, 0x758A, 0x758A, 0x758A, 0x758A, 0x758A,
  0x758A, 0x758A, 0x758A, 0x758A, 0x758A, 0x758A, 0x758A, 0x758A, 0x758A, 0x758A,
  0x758A, 0x758A, 0x758A, 0x758A, 0x758A, 0x758A, 0x758A, 0x758A, 0x758A, 0x758A,
  0x758A, 0x758A, 0x758A, 0x758A, 0x758A, 0x758A, 0x7D8A, 0x7569, 0x960E, 0xF7BD,
  0xFFFF, 0xFFFF, 0xF7BD, 0x960E, 0x758A, 0x7D8A, 0x758A, 0x758A, 0x758A, 0x758A,
  0x758A, 0x758A, 0x758A, 0x758A, 0x758A, 0x758A, 0x758A, 0x758A, 0x758A, 0x758A,
  0x758A, 0x758A, 0x758A, 0x758A, 0x758A, 0x758A, 0x758A, 0x758A, 0x758A, 0x758A,
  0x758A, 0x758A, 0x758A, 0x758A, 0x758A, 0x7D8A, 0x758A, 0x7D8A, 0xE77B, 0xFFFF,
  0xFFFF, 0xFFFF, 0xFFFF, 0xDF5A, 0x7569, 0x758A, 0x758A, 0x758A, 0x758A, 0x758A,
  0x758A, 0x758A, 0x758A, 0x758A, 0x758A, 0x758A, 0x758A, 0x758A, 0x758A, 0x758A,
  0x758A, 0x758A, 0x758A, 0x758A, 0x758A, 0x758A, 0x758A, 0x758A, 0x758A, 0x758A,
  0x758A, 0x758A, 0x758A, 0x758A, 0x758A, 0x7D8B, 0x6D69, 0xB6B4, 0xFFFF, 0xFFFF,
  0xFFFF, 0xFFFF, 0xFFFF, 0xF7BD, 0x758A, 0x758A, 0x758A, 0x758A, 0x758A, 0x758A,
  0x758A, 0x758A, 0x758A, 0x758A, 0x758A, 0x758A, 0x758A, 0x758A, 0x758A, 0x758A,
  0x758A, 0x758A, 0x758A, 0x758A, 0x758A, 0x758A, 0x758A, 0x758A, 0x758A, 0x758A,
  0x758A, 0x758A, 0x758A, 0x758A, 0x7D8A, 0x7569, 0x8DEE, 0xF7DE, 0xFFFF, 0xFFFF,
  0xFFFF, 0xFFFF, 0xFFFF, 0xCF18, 0x7569, 0x7D8A, 0x758A, 0x758A, 0x758A, 0x758A,
  0x758A, 0x758A, 0x758A, 0x758A, 0x758A, 0x758A, 0x758A, 0x758A, 0x758A, 0x758A,
  0x758A, 0x758A, 0x758A, 0x758A, 0x758A, 0x758A, 0x758A, 0x758A, 0x758A, 0x758A,
  0x758A, 0x758A, 0x758A, 0x758A, 0x7D8A, 0x758A, 0xDF7A, 0xFFFF, 0xFFFF, 0xFFFF,
  0xFFFF, 0xFFFF, 0xF7DE, 0x8DED, 0x758A, 0x7D8A, 0x758A, 0x758A, 0x758A, 0x758A,
  0x758A, 0x758A, 0x758A, 0x758A, 0x758A, 0x758A, 0x758A, 0x758A, 0x758A, 0x758A,
  0x758A, 0x758A, 0x758A, 0x758A, 0x758A, 0x758A, 0x758A, 0x758A, 0x758A, 0x758A,
  0x758A, 0x758A, 0x758A, 0x7D8A, 0x6D69, 0xB693, 0xFFFF, 0xFFFF, 0xFFFF, 0xFFFF,
  0xFFFF, 0xFFFF, 0xB6B4, 0x6D69, 0x7D8A, 0x758A, 0x758A, 0x758A, 0x758A, 0x758A,
  0x758A, 0x758A, 0x758A, 0x758A, 0x758A, 0x758A, 0x758A, 0x758A, 0x758A, 0x758A,
  0x758A, 0x758A, 0x758A, 0x758A, 0x758A, 0x758A, 0x758A, 0x758A, 0x758A, 0x758A,
  0x758A, 0x758A, 0x7D8A, 0x758A, 0x8DED, 0xF7DE, 0xFFFF, 0xFFFF, 0xFFFF, 0xFFFF,
  0xFFFF, 0xDF7A, 0x758A, 0x758A, 0x758A, 0x758A, 0x758A, 0x758A, 0x758A, 0x758A,
  0x758A, 0x758A, 0x758A, 0x758A, 0x758A, 0x758A, 0x758A, 0x758A, 0x758A, 0x758A,
  0x758A, 0x758A, 0x758A, 0x758A, 0x758A, 0x758A, 0x758A, 0x758A, 0x758A, 0x758A,
  0x758A, 0x758A, 0x7D8A, 0x7569, 0xD759, 0xFFFF, 0xFFFF, 0xFFFF, 0xFFFF, 0xFFFF,
  0xFFDF, 0x8E0E, 0x7569, 0x7D8A, 0x758A, 0x758A, 0x758A, 0x758A, 0x758A, 0x758A,
  0x758A, 0x758A, 0x758A, 0x758A, 0x758A, 0x758A, 0x758A, 0x758A, 0x758A, 0x758A,
  0x758A, 0x758A, 0x758A, 0x758A, 0x758A, 0x758A, 0x758A, 0x758A, 0x758A, 0x758A,
  0x758A, 0x7D8B, 0x6D69, 0xAE72, 0xFFFF, 0xFFFF, 0xFFFF, 0xFFFF, 0xFFFF, 0xFFFF,
  0xBED5, 0x6D69, 0x7D8B, 0x758A, 0x758A, 0x758A, 0x758A, 0x758A, 0x758A, 0x758A,
  0x758A, 0x758A, 0x758A, 0x758A, 0x758A, 0x758A, 0x758A, 0x758A, 0x758A, 0x758A,
  0x758A, 0x758A, 0x758A, 0x758A, 0x758A, 0x758A, 0x758A, 0x758A, 0x758A, 0x758A,
  0x7D8A, 0x758A, 0x85CC, 0xF7DD, 0xFFFF, 0xFFFF, 0xFFFF, 0xFFFF, 0xFFFF, 0xE77B,
  0x758A, 0x758A, 0x758A, 0x758A, 0x758A, 0x758A, 0x758A, 0x758A, 0x758A, 0x758A,
  0x758A, 0x758A, 0x758A, 0x758A, 0x758A, 0x758A, 0x758A, 0x758A, 0x758A, 0x758A,
  0x758A, 0x758A, 0x758A, 0x758A, 0x758A, 0x758A, 0x758A, 0x758A, 0x758A, 0x758A,
  0x7D8A, 0x7569, 0xCF38, 0xFFFF, 0xFFFF, 0xFFFF, 0xFFFF, 0xFFFF, 0xFFFF, 0x962F,
  0x7569, 0x7D8A, 0x758A, 0x758A, 0x758A, 0x758A, 0x758A, 0x758A, 0x758A, 0x758A,
  0x758A, 0x758A, 0x758A, 0x758A, 0x758A, 0x758A, 0x758A, 0x7D8A, 0x7D8B, 0x7D8B,
  0x7D8A, 0x758A, 0x758A, 0x758A, 0x758A, 0x758A, 0x758A, 0x758A, 0x758A, 0x7D8B,
  0x6D69, 0xA651, 0xFFFF, 0xFFFF, 0xFFFF, 0xFFFF, 0xFFFF, 0xFFFF, 0xC6F6, 0x7569,
  0x7D8A, 0x758A, 0x758A, 0x758A, 0x758A, 0x758A, 0x758A, 0x758A, 0x758A, 0x758A,
  0x758A, 0x758A, 0x758A, 0x758A, 0x758A, 0x758A, 0x7D8A, 0x758A, 0x6D69, 0x6D68,
  0x758A, 0x7D8A, 0x758A, 0x758A, 0x758A, 0x758A, 0x758A, 0x758A, 0x7D8A, 0x758A,
  0x85CC, 0xEFBD, 0xFFFF, 0xFFFF, 0xFFFF, 0xFFFF, 0xFFFF, 0xEF9C, 0x7DAB, 0x758A,
  0x758A, 0x758A, 0x758A, 0x758A, 0x758A, 0x758A, 0x758A, 0x758A, 0x758A, 0x758A,
  0x758A, 0x758A, 0x758A, 0x758A, 0x758A, 0x7D8A, 0x758A, 0x85CC, 0xAE92, 0xB6B4,
  0x8DEE, 0x7569, 0x7D8B, 0x758A, 0x758A, 0x758A, 0x758A, 0x758A, 0x7D8A, 0x6D69,
  0xCF17, 0xFFFF, 0xFFFF, 0xFFFF, 0xFFFF, 0xFFFF, 0xFFFF, 0x9E30, 0x7569, 0x7D8A,
  0x758A, 0x758A, 0x758A, 0x758A, 0x758A, 0x758A, 0x758A, 0x758A, 0x758A, 0x758A,
  0x758A, 0x758A, 0x758A, 0x758A, 0x7D8A, 0x758A, 0x85CD, 0xEF9C, 0xFFFF, 0xFFFF,
  0xFFDE, 0xA651, 0x6D69, 0x7D8A, 0x758A, 0x758A, 0x758A, 0x7D8A, 0x7569, 0x9E50,
  0xFFFF, 0xFFFF, 0xFFFF, 0xFFFF, 0xFFFF, 0xFFFF, 0xC6F7, 0x7569, 0x7D8A, 0x758A,
  0x758A, 0x758A, 0x758A, 0x758A, 0x758A, 0x758A, 0x758A, 0x758A, 0x758A, 0x758A,
  0x758A, 0x758A, 0x758A, 0x758A, 0x7D8A, 0x7569, 0xC6F6, 0xFFFF, 0xFFFF, 0xFFFF,
  0xFFFF, 0xFFFF, 0xB693, 0x6D69, 0x7D8A, 0x7D8A, 0x7D8A, 0x758A, 0x7DAB, 0xEF9C,
  0xFFFF, 0xFFFF, 0xFFFF, 0xFFFF, 0xFFFF, 0xEFBD, 0x7DAB, 0x758A, 0x7D8A, 0x758A,
  0x758A, 0x758A, 0x758A, 0x758A, 0x758A, 0x758A, 0x758A, 0x758A, 0x758A, 0x758A,
  0x758A, 0x758A, 0x758A, 0x758A, 0x7D8A, 0x758A, 0xDF7A, 0xFFFF, 0xFFFF, 0xFFFF,
  0xFFFF, 0xFFFF, 0xFFFF, 0xB6B4, 0x7569, 0x758A, 0x7DAB, 0x6D69, 0xC6F6, 0xFFFF,
  0xFFFF, 0xFFFF, 0xFFFF, 0xFFFF, 0xFFFF, 0xA651, 0x7569, 0x7D8A, 0x758A, 0x758A,
  0x758A, 0x758A, 0x758A, 0x758A, 0x758A, 0x758A, 0x758A, 0x758A, 0x758A, 0x758A,
  0x758A, 0x758A, 0x758A, 0x758A, 0x7D8A, 0x7569, 0xBED5, 0xFFFF, 0xFFFF, 0xFFFF,
  0xFFFF, 0xFFFF, 0xFFFF, 0xFFFF, 0xC6F6, 0x7589, 0x6D69, 0x9E2F, 0xFFFF, 0xFFFF,
  0xFFFF, 0xFFFF, 0xFFFF, 0xFFFF, 0xCF18, 0x7569, 0x7D8A, 0x758A, 0x758A, 0x758A,
  0x758A, 0x758A, 0x758A, 0x758A, 0x758A, 0x758A, 0x758A, 0x758A, 0x758A, 0x758A,
  0x758A, 0x758A, 0x758A, 0x758A, 0x7D8A, 0x758A, 0x7DAB, 0xDF5A, 0xFFFF, 0xFFFF,
  0xFFFF, 0xFFFF, 0xFFFF, 0xFFFF, 0xFFFF, 0xC6F6, 0x7DAB, 0xE79B, 0xFFFF, 0xFFFF,
  0xFFFF, 0xFFFF, 0xFFFF, 0xF7DD, 0x85CC, 0x758A, 0x7D8A, 0x758A, 0x758A, 0x758A,
  0x758A, 0x758A, 0x758A, 0x758A, 0x758A, 0x758A, 0x758A, 0x758A, 0x758A, 0x758A,
  0x758A, 0x758A, 0x758A, 0x758A, 0x758A, 0x7D8A, 0x758A, 0x7DAB, 0xD759, 0xFFFF,
  0xFFFF, 0xFFFF, 0xFFFF, 0xFFFF, 0xFFFF, 0xFFFF, 0xEFBD, 0xFFFF, 0xFFFF, 0xFFFF,
  0xFFFF, 0xFFFF, 0xFFFF, 0xAE72, 0x6D69, 0x7D8B, 0x758A, 0x758A, 0x758A, 0x758A,
  0x758A, 0x758A, 0x758A, 0x758A, 0x758A, 0x758A, 0x758A, 0x758A, 0x758A, 0x758A,
  0x758A, 0x758A, 0x758A, 0x758A, 0x758A, 0x758A, 0x7D8A, 0x758A, 0x7D8A, 0xCF17,
  0xFFFF, 0xFFFF, 0xFFFF, 0xFFFF, 0xFFFF, 0xFFFF, 0xFFFF, 0xFFFF, 0xFFFF, 0xFFFF,
  0xFFFF, 0xFFFF, 0xD759, 0x7569, 0x7D8A, 0x758A, 0x758A, 0x758A, 0x758A, 0x758A,
  0x758A, 0x758A, 0x758A, 0x758A, 0x758A, 0x758A, 0x758A, 0x758A, 0x758A, 0x758A,
  0x758A, 0x758A, 0x758A, 0x758A, 0x758A, 0x758A, 0x758A, 0x7D8A, 0x758A, 0x756A,
  0xCF17, 0xFFFF, 0xFFFF, 0xFFFF, 0xFFFF, 0xFFFF, 0xFFFF, 0xFFFF, 0xFFFF, 0xFFFF,
  0xFFFF, 0xF7DE, 0x8DED, 0x758A, 0x7D8A, 0x758A, 0x758A, 0x758A, 0x758A, 0x758A,
  0x758A, 0x758A, 0x758A, 0x758A, 0x758A, 0x758A, 0x758A, 0x758A, 0x758A, 0x758A,
  0x758A, 0x758A, 0x758A, 0x758A, 0x758A, 0x758A, 0x758A, 0x758A, 0x7D8A, 0x758A,
  0x7569, 0xBED5, 0xFFFF, 0xFFFF, 0xFFFF, 0xFFFF, 0xFFFF, 0xFFFF, 0xFFFF, 0xFFFF,
  0xFFFF, 0xB693, 0x6D69, 0x7D8B, 0x758A, 0x758A, 0x758A, 0x758A, 0x758A, 0x758A,
  0x758A, 0x758A, 0x758A, 0x758A, 0x758A, 0x758A, 0x758A, 0x758A, 0x758A, 0x758A,
  0x758A, 0x758A, 0x758A, 0x758A, 0x758A, 0x758A, 0x758A, 0x758A, 0x758A, 0x7D8A,
  0x7D8A, 0x7569, 0xB6B4, 0xFFFF, 0xFFFF, 0xFFFF, 0xFFFF, 0xFFFF, 0xFFFF, 0xFFFF,
  0xDF5A, 0x758A, 0x758A, 0x758A, 0x758A, 0x758A, 0x758A, 0x758A, 0x758A, 0x758A,
  0x758A, 0x758A, 0x758A, 0x758A, 0x758A, 0x758A, 0x758A, 0x758A, 0x758A, 0x758A,
  0x758A, 0x758A, 0x758A, 0x758A, 0x758A, 0x758A, 0x758A, 0x758A, 0x758A, 0x758A,
  0x7D8A, 0x7D8A, 0x6D69, 0xAE72, 0xFFFF, 0xFFFF, 0xFFFF, 0xFFFF, 0xFFFF, 0xFFFF,
  0x8DEE, 0x7569, 0x7D8A, 0x758A, 0x758A, 0x758A, 0x758A, 0x758A, 0x758A, 0x758A,
  0x758A, 0x758A, 0x758A, 0x758A, 0x758A, 0x758A, 0x758A, 0x758A, 0x758A, 0x758A,
  0x758A, 0x758A, 0x758A, 0x758A, 0x758A, 0x758A, 0x758A, 0x758A, 0x758A, 0x758A,
  0x758A, 0x758A, 0x7D8A, 0x6D69, 0xA671, 0xFFFF, 0xFFFF, 0xFFFF, 0xFFFF, 0xB693,
  0x6D69, 0x7D8B, 0x758A, 0x758A, 0x758A, 0x758A, 0x758A, 0x758A, 0x758A, 0x758A,
  0x758A, 0x758A, 0x758A, 0x758A, 0x758A, 0x758A, 0x758A, 0x758A, 0x758A, 0x758A,
  0x758A, 0x758A, 0x758A, 0x758A, 0x758A, 0x758A, 0x758A, 0x758A, 0x758A, 0x758A,
  0x758A, 0x758A, 0x758A, 0x7D8A, 0x6D69, 0x960E, 0xC6F6, 0xCF17, 0xA671, 0x758A,
  0x7D8A, 0x758A, 0x758A, 0x758A, 0x758A, 0x758A, 0x758A, 0x758A, 0x758A, 0x758A,
  0x758A, 0x758A, 0x758A, 0x758A, 0x758A, 0x758A, 0x758A, 0x758A, 0x758A, 0x758A,
  0x758A, 0x758A, 0x758A, 0x758A, 0x758A, 0x758A, 0x758A, 0x758A, 0x758A, 0x758A,
  0x758A, 0x758A, 0x758A, 0x758A, 0x7D8A, 0x7569, 0x7569, 0x7569, 0x7569, 0x758A,
  0x758A, 0x758A, 0x758A, 0x758A, 0x758A, 0x758A, 0x758A, 0x758A, 0x758A, 0x758A,
  0x758A, 0x758A, 0x758A, 0x758A, 0x758A, 0x758A, 0x758A, 0x758A, 0x758A, 0x758A,
  0x758A, 0x758A, 0x758A, 0x758A, 0x758A, 0x758A, 0x758A, 0x758A, 0x758A, 0x758A,
  0x758A, 0x758A, 0x758A, 0x758A, 0x758A, 0x7D8A, 0x7D8A, 0x7D8A, 0x7D8A, 0x758A,
  0x758A, 0x758A, 0x758A, 0x758A, 0x758A, 0x758A, 0x758A, 0x758A, 0x758A, 0x758A,
  0x758A, 0x758A, 0x758A, 0x758A, 0x758A, 0x758A, 0x758A, 0x758A, 0x758A, 0x758A,
  0x758A, 0x758A, 0x758A, 0x758A, 0x758A, 0x758A, 0x758A, 0x758A, 0x758A, 0x758A,
  0x758A, 0x758A, 0x758A, 0x758A, 0x758A, 0x758A, 0x758A, 0x758A, 0x758A, 0x758A,
  0x758A, 0x758A, 0x758A, 0x758A, 0x758A, 0x758A, 0x758A, 0x758A, 0x758A, 0x758A,
  0x758A, 0x758A, 0x758A, 0x758A, 0x758A, 0x758A, 0x758A, 0x758A, 0x758A, 0x758A,
  0x758A, 0x7DEB, 0x758A, 0x758A, 0x758A, 0x758A, 0x758A, 0x758A, 0x758A, 0x758A,
  0x758A, 0x758A, 0x758A, 0x758A, 0x758A, 0x758A, 0x758A, 0x758A, 0x758A, 0x758A,
  0x758A, 0x758A, 0x758A, 0x758A, 0x758A, 0x758A, 0x758A, 0x758A, 0x758A, 0x758A,
  0x758A, 0x758A, 0x758A, 0x758A, 0x758A, 0x758A, 0x758A, 0x758A, 0x7DEB, 0x758A,
  0x6D69, 0x7DAA, 0x7DEB, 0x758A, 0x758A, 0x758A, 0x758A, 0x758A, 0x758A, 0x758A,
  0x758A, 0x758A, 0x758A, 0x758A, 0x758A, 0x758A, 0x758A, 0x758A, 0x758A, 0x758A,
  0x758A, 0x758A, 0x758A, 0x758A, 0x758A, 0x758A, 0x758A, 0x758A, 0x758A, 0x758A,
  0x758A, 0x758A, 0x758A, 0x758A, 0x758A, 0x758A, 0x758A, 0x7DEB, 0x7DAA, 0x6D69,
  0xF81F, 0x756A, 0x7DAA, 0x758A, 0x7D8A, 0x758A, 0x758A, 0x758A, 0x758A, 0x758A,
  0x758A, 0x758A, 0x758A, 0x758A, 0x758A, 0x758A, 0x758A, 0x758A, 0x758A, 0x758A,
  0x758A, 0x758A, 0x758A, 0x758A, 0x758A, 0x758A, 0x758A, 0x758A, 0x758A, 0x758A,
  0x758A, 0x758A, 0x758A, 0x758A, 0x758A, 0x7D8A, 0x758A, 0x7DAA, 0x756A, 0xF81F
};

static const uint16_t kEmoji_cross[1600] PROGMEM = {
  0xF81F, 0xF81F, 0xF81F, 0xF81F, 0xF81F, 0xF81F, 0xF81F, 0xF81F, 0xF81F, 0xF81F,
  0xF81F, 0xF81F, 0xF81F, 0xF81F, 0xF81F, 0xF81F, 0xF81F, 0xF81F, 0xF81F, 0xF81F,
  0xF81F, 0xF81F, 0xF81F, 0xF81F, 0xF81F, 0xF81F, 0xF81F, 0xF81F, 0xF81F, 0xF81F,
  0xF81F, 0xF81F, 0xF81F, 0xF81F, 0xF81F, 0xF81F, 0xF81F, 0xF81F, 0xF81F, 0xF81F,
  0xF81F, 0xF81F, 0xF81F, 0xD968, 0xE989, 0xD948, 0xF81F, 0xF81F, 0xF81F, 0xF81F,
  0xF81F, 0xF81F, 0xF81F, 0xF81F, 0xF81F, 0xF81F, 0xF81F, 0xF81F, 0xF81F, 0xF81F,
  0xF81F, 0xF81F, 0xF81F, 0xF81F, 0xF81F, 0xF81F, 0xF81F, 0xF81F, 0xF81F, 0xF81F,
  0xF81F, 0xF81F, 0xF81F, 0xF81F, 0xE148, 0xE989, 0xD968, 0xF81F, 0xF81F, 0xF81F,
  0xF81F, 0xF81F, 0xD968, 0xE989, 0xE989, 0xE168, 0xD968, 0xF81F, 0xF81F, 0xF81F,
  0xF81F, 0xF81F, 0xF81F, 0xF81F, 0xF81F, 0xF81F, 0xF81F, 0xF81F, 0xF81F, 0xF81F,
  0xF81F, 0xF81F, 0xF81F, 0xF81F, 0xF81F, 0xF81F, 0xF81F, 0xF81F, 0xF81F, 0xF81F,
  0xF81F, 0xF81F, 0xF81F, 0xD968, 0xE168, 0xE989, 0xE989, 0xD968, 0xF81F, 0xF81F,
  0xF81F, 0xD968, 0xE989, 0xD968, 0xD968, 0xD968, 0xE989, 0xD968, 0xF81F, 0xF81F,
  0xF81F, 0xF81F, 0xF81F, 0xF81F, 0xF81F, 0xF81F, 0xF81F, 0xF81F, 0xF81F, 0xF81F,
  0xF81F, 0xF81F, 0xF81F, 0xF81F, 0xF81F, 0xF81F, 0xF81F, 0xF81F, 0xF81F, 0xF81F,
  0xF81F, 0xF81F, 0xD968, 0xE989, 0xD968, 0xD968, 0xD968, 0xE989, 0xD968, 0xF81F,
  0xF81F, 0xD968, 0xE989, 0xD968, 0xD968, 0xD968, 0xD968, 0xE989, 0xD968, 0xF81F,
  0xF81F, 0xF81F, 0xF81F, 0xF81F, 0xF81F, 0xF81F, 0xF81F, 0xF81F, 0xF81F, 0xF81F,
  0xF81F, 0xF81F, 0xF81F, 0xF81F, 0xF81F, 0xF81F, 0xF81F, 0xF81F, 0xF81F, 0xF81F,
  0xF81F, 0xD968, 0xE989, 0xD968, 0xD968, 0xD968, 0xD968, 0xF189, 0xD968, 0xF81F,
  0xF81F, 0xD968, 0xE188, 0xD968, 0xD968, 0xD968, 0xD968, 0xD968, 0xE989, 0xD968,
  0xF81F, 0xF81F, 0xF81F, 0xF81F, 0xF81F, 0xF81F, 0xF81F, 0xF81F, 0xF81F, 0xF81F,
  0xF81F, 0xF81F, 0xF81F, 0xF81F, 0xF81F, 0xF81F, 0xF81F, 0xF81F, 0xF81F, 0xF81F,
  0xD968, 0xE989, 0xD968, 0xD968, 0xD968, 0xD968, 0xD968, 0xE188, 0xD948, 0xF81F,
  0xF81F, 0xF81F, 0xD968, 0xE989, 0xD968, 0xD968, 0xD968, 0xD968, 0xD968, 0xE989,
  0xD968, 0xF81F, 0xF81F, 0xF81F, 0xF81F, 0xF81F, 0xF81F, 0xF81F, 0xF81F, 0xF81F,
  0xF81F, 0xF81F, 0xF81F, 0xF81F, 0xF81F, 0xF81F, 0xF81F, 0xF81F, 0xF81F, 0xD968,
  0xE989, 0xD968, 0xD968, 0xD968, 0xD968, 0xD968, 0xE989, 0xD968, 0xF81F, 0xF81F,
  0xF81F, 0xF81F, 0xF81F, 0xD968, 0xE989, 0xD968, 0xD968, 0xD968, 0xD968, 0xD968,
  0xE989, 0xD968, 0xF81F, 0xF81F, 0xF81F, 0xF81F, 0xF81F, 0xF81F, 0xF81F, 0xF81F,
  0xF81F, 0xF81F, 0xF81F, 0xF81F, 0xF81F, 0xF81F, 0xF81F, 0xF81F, 0xD968, 0xE989,
  0xD968, 0xD968, 0xD968, 0xD968, 0xD968, 0xE989, 0xD968, 0xF81F, 0xF81F, 0xF81F,
  0xF81F, 0xF81F, 0xF81F, 0xF81F, 0xD968, 0xE989, 0xD968, 0xD968, 0xD968, 0xD968,
  0xD968, 0xE989, 0xD968, 0xF81F, 0xF81F, 0xF81F, 0xF81F, 0xF81F, 0xF81F, 0xF81F,
  0xF81F, 0xF81F, 0xF81F, 0xF81F, 0xF81F, 0xF81F, 0xF81F, 0xD968, 0xE989, 0xD968,
  0xD968, 0xD968, 0xD968, 0xD968, 0xE989, 0xD968, 0xF81F, 0xF81F, 0xF81F, 0xF81F,
  0xF81F, 0xF81F, 0xF81F, 0xF81F, 0xF81F, 0xD968, 0xE989, 0xD968, 0xD968, 0xD968,
  0xD968, 0xD968, 0xE989, 0xD968, 0xF81F, 0xF81F, 0xF81F, 0xF81F, 0xF81F, 0xF81F,
  0xF81F, 0xF81F, 0xF81F, 0xF81F, 0xF81F, 0xF81F, 0xD968, 0xE989, 0xD968, 0xD968,
  0xD968, 0xD968, 0xD968, 0xE989, 0xD968, 0xF81F, 0xF81F, 0xF81F, 0xF81F, 0xF81F,
  0xF81F, 0xF81F, 0xF81F, 0xF81F, 0xF81F, 0xF81F, 0xD968, 0xE989, 0xD968, 0xD968,
  0xD968, 0xD968, 0xD968, 0xE989, 0xD968, 0xF81F, 0xF81F, 0xF81F, 0xF81F, 0xF81F,
  0xF81F, 0xF81F, 0xF81F, 0xF81F, 0xF81F, 0xD968, 0xE989, 0xD968, 0xD968, 0xD968,
  0xD968, 0xD968, 0xE989, 0xD968, 0xF81F, 0xF81F, 0xF81F, 0xF81F, 0xF81F, 0xF81F,
  0xF81F, 0xF81F, 0xF81F, 0xF81F, 0xF81F, 0xF81F, 0xF81F, 0xD968, 0xE989, 0xD968,
  0xD968, 0xD968, 0xD968, 0xD968, 0xE989, 0xD968, 0xF81F, 0xF81F, 0xF81F, 0xF81F,
  0xF81F, 0xF81F, 0xF81F, 0xF81F, 0xD968, 0xE989, 0xD968, 0xD968, 0xD968, 0xD968,
  0xD968, 0xE989, 0xD968, 0xF81F, 0xF81F, 0xF81F, 0xF81F, 0xF81F, 0xF81F, 0xF81F,
  0xF81F, 0xF81F, 0xF81F, 0xF81F, 0xF81F, 0xF81F, 0xF81F, 0xF81F, 0xD968, 0xE989,
  0xD968, 0xD968, 0xD968, 0xD968, 0xD968, 0xE989, 0xD968, 0xF81F, 0xF81F, 0xF81F,
  0xF81F, 0xF81F, 0xF81F, 0xD968, 0xE989, 0xD968, 0xD968, 0xD968, 0xD968, 0xD968,
  0xE989, 0xD968, 0xF81F, 0xF81F, 0xF81F, 0xF81F, 0xF81F, 0xF81F, 0xF81F, 0xF81F,
  0xF81F, 0xF81F, 0xF81F, 0xF81F, 0xF81F, 0xF81F, 0xF81F, 0xF81F, 0xF81F, 0xD968,
  0xE989, 0xD968, 0xD968, 0xD968, 0xD968, 0xD968, 0xE989, 0xD968, 0xF81F, 0xF81F,
  0xF81F, 0xF81F, 0xD968, 0xE989, 0xD968, 0xD968, 0xD968, 0xD968, 0xD968, 0xE989,
  0xD968, 0xF81F, 0xF81F, 0xF81F, 0xF81F, 0xF81F, 0xF81F, 0xF81F, 0xF81F, 0xF81F,
  0xF81F, 0xF81F, 0xF81F, 0xF81F, 0xF81F, 0xF81F, 0xF81F, 0xF81F, 0xF81F, 0xF81F,
  0xD968, 0xE989, 0xD968, 0xD968, 0xD968, 0xD968, 0xD968, 0xE989, 0xD968, 0xF81F,
  0xF81F, 0xD968, 0xE989, 0xD968, 0xD968, 0xD968, 0xD968, 0xD968, 0xE989, 0xD968,
  0xF81F, 0xF81F, 0xF81F, 0xF81F, 0xF81F, 0xF81F, 0xF81F, 0xF81F, 0xF81F, 0xF81F,
  0xF81F, 0xF81F, 0xF81F, 0xF81F, 0xF81F, 0xF81F, 0xF81F, 0xF81F, 0xF81F, 0xF81F,
  0xF81F, 0xD968, 0xE989, 0xD968, 0xD968, 0xD968, 0xD968, 0xD968, 0xE989, 0xD968,
  0xD968, 0xE989, 0xD968, 0xD968, 0xD968, 0xD968, 0xD968, 0xE989, 0xD968, 0xF81F,
  0xF81F, 0xF81F, 0xF81F, 0xF81F, 0xF81F, 0xF81F, 0xF81F, 0xF81F, 0xF81F, 0xF81F,
  0xF81F, 0xF81F, 0xF81F, 0xF81F, 0xF81F, 0xF81F, 0xF81F, 0xF81F, 0xF81F, 0xF81F,
  0xF81F, 0xF81F, 0xD968, 0xE989, 0xD968, 0xD968, 0xD968, 0xD968, 0xD968, 0xE188,
  0xE188, 0xD968, 0xD968, 0xD968, 0xD968, 0xD968, 0xE989, 0xD968, 0xF81F, 0xF81F,
  0xF81F, 0xF81F, 0xF81F, 0xF81F, 0xF81F, 0xF81F, 0xF81F, 0xF81F, 0xF81F, 0xF81F,
  0xF81F, 0xF81F, 0xF81F, 0xF81F, 0xF81F, 0xF81F, 0xF81F, 0xF81F, 0xF81F, 0xF81F,
  0xF81F, 0xF81F, 0xF81F, 0xD968, 0xE989, 0xD968, 0xD968, 0xD968, 0xD968, 0xD968,
  0xD968, 0xD968, 0xD968, 0xD968, 0xD968, 0xE989, 0xD968, 0xF81F, 0xF81F, 0xF81F,
  0xF81F, 0xF81F, 0xF81F, 0xF81F, 0xF81F, 0xF81F, 0xF81F, 0xF81F, 0xF81F, 0xF81F,
  0xF81F, 0xF81F, 0xF81F, 0xF81F, 0xF81F, 0xF81F, 0xF81F, 0xF81F, 0xF81F, 0xF81F,
  0xF81F, 0xF81F, 0xF81F, 0xF81F, 0xD968, 0xE989, 0xD968, 0xD968, 0xD968, 0xD968,
  0xD968, 0xD968, 0xD968, 0xD968, 0xE989, 0xD968, 0xF81F, 0xF81F, 0xF81F, 0xF81F,
  0xF81F, 0xF81F, 0xF81F, 0xF81F, 0xF81F, 0xF81F, 0xF81F, 0xF81F, 0xF81F, 0xF81F,
  0xF81F, 0xF81F, 0xF81F, 0xF81F, 0xF81F, 0xF81F, 0xF81F, 0xF81F, 0xF81F, 0xF81F,
  0xF81F, 0xF81F, 0xF81F, 0xF81F, 0xF81F, 0xD968, 0xE188, 0xD968, 0xD968, 0xD968,
  0xD968, 0xD968, 0xD968, 0xE188, 0xD968, 0xF81F, 0xF81F, 0xF81F, 0xF81F, 0xF81F,
  0xF81F, 0xF81F, 0xF81F, 0xF81F, 0xF81F, 0xF81F, 0xF81F, 0xF81F, 0xF81F, 0xF81F,
  0xF81F, 0xF81F, 0xF81F, 0xF81F, 0xF81F, 0xF81F, 0xF81F, 0xF81F, 0xF81F, 0xF81F,
  0xF81F, 0xF81F, 0xF81F, 0xF81F, 0xF81F, 0xD968, 0xE188, 0xD968, 0xD968, 0xD968,
  0xD968, 0xD968, 0xD968, 0xE188, 0xD968, 0xF81F, 0xF81F, 0xF81F, 0xF81F, 0xF81F,
  0xF81F, 0xF81F, 0xF81F, 0xF81F, 0xF81F, 0xF81F, 0xF81F, 0xF81F, 0xF81F, 0xF81F,
  0xF81F, 0xF81F, 0xF81F, 0xF81F, 0xF81F, 0xF81F, 0xF81F, 0xF81F, 0xF81F, 0xF81F,
  0xF81F, 0xF81F, 0xF81F, 0xF81F, 0xD968, 0xE989, 0xD968, 0xD968, 0xD968, 0xD968,
  0xD968, 0xD968, 0xD968, 0xD968, 0xE989, 0xD968, 0xF81F, 0xF81F, 0xF81F, 0xF81F,
  0xF81F, 0xF81F, 0xF81F, 0xF81F, 0xF81F, 0xF81F, 0xF81F, 0xF81F, 0xF81F, 0xF81F,
  0xF81F, 0xF81F, 0xF81F, 0xF81F, 0xF81F, 0xF81F, 0xF81F, 0xF81F, 0xF81F, 0xF81F,
  0xF81F, 0xF81F, 0xF81F, 0xD968, 0xE989, 0xD968, 0xD968, 0xD968, 0xD968, 0xD968,
  0xD968, 0xD968, 0xD968, 0xD968, 0xD968, 0xE989, 0xD968, 0xF81F, 0xF81F, 0xF81F,
  0xF81F, 0xF81F, 0xF81F, 0xF81F, 0xF81F, 0xF81F, 0xF81F, 0xF81F, 0xF81F, 0xF81F,
  0xF81F, 0xF81F, 0xF81F, 0xF81F, 0xF81F, 0xF81F, 0xF81F, 0xF81F, 0xF81F, 0xF81F,
  0xF81F, 0xF81F, 0xD968, 0xE989, 0xD968, 0xD968, 0xD968, 0xD968, 0xD968, 0xE188,
  0xE188, 0xD968, 0xD968, 0xD968, 0xD968, 0xD968, 0xE989, 0xD968, 0xF81F, 0xF81F,
  0xF81F, 0xF81F, 0xF81F, 0xF81F, 0xF81F, 0xF81F, 0xF81F, 0xF81F, 0xF81F, 0xF81F,
  0xF81F, 0xF81F, 0xF81F, 0xF81F, 0xF81F, 0xF81F, 0xF81F, 0xF81F, 0xF81F, 0xF81F,
  0xF81F, 0xD968, 0xE989, 0xD968, 0xD968, 0xD968, 0xD968, 0xD968, 0xE989, 0xD968,
  0xD968, 0xE989, 0xD968, 0xD968, 0xD968, 0xD968, 0xD968, 0xE989, 0xD968, 0xF81F,
  0xF81F, 0xF81F, 0xF81F, 0xF81F, 0xF81F, 0xF81F, 0xF81F, 0xF81F, 0xF81F, 0xF81F,
  0xF81F, 0xF81F, 0xF81F, 0xF81F, 0xF81F, 0xF81F, 0xF81F, 0xF81F, 0xF81F, 0xF81F,
  0xD968, 0xE989, 0xD968, 0xD968, 0xD968, 0xD968, 0xD968, 0xE989, 0xD968, 0xF81F,
  0xF81F, 0xD968, 0xE989, 0xD968, 0xD968, 0xD968, 0xD968, 0xD968, 0xE989, 0xD968,
  0xF81F, 0xF81F, 0xF81F, 0xF81F, 0xF81F, 0xF81F, 0xF81F, 0xF81F, 0xF81F, 0xF81F,
  0xF81F, 0xF81F, 0xF81F, 0xF81F, 0xF81F, 0xF81F, 0xF81F, 0xF81F, 0xF81F, 0xD968,
  0xE989, 0xD968, 0xD968, 0xD968, 0xD968, 0xD968, 0xE989, 0xD968, 0xF81F, 0xF81F,
  0xF81F, 0xF81F, 0xD968, 0xE989, 0xD968, 0xD968, 0xD968, 0xD968, 0xD968, 0xE989,
  0xD968, 0xF81F, 0xF81F, 0xF81F, 0xF81F, 0xF81F, 0xF81F, 0xF81F, 0xF81F, 0xF81F,
  0xF81F, 0xF81F, 0xF81F, 0xF81F, 0xF81F, 0xF81F, 0xF81F, 0xF81F, 0xD968, 0xE989,
  0xD968, 0xD968, 0xD968, 0xD968, 0xD968, 0xE989, 0xD968, 0xF81F, 0xF81F, 0xF81F,
  0xF81F, 0xF81F, 0xF81F, 0xD968, 0xE989, 0xD968, 0xD968, 0xD968, 0xD968, 0xD968,
  0xE989, 0xD968, 0xF81F, 0xF81F, 0xF81F, 0xF81F, 0xF81F, 0xF81F, 0xF81F, 0xF81F,
  0xF81F, 0xF81F, 0xF81F, 0xF81F, 0xF81F, 0xF81F, 0xF81F, 0xD968, 0xE989, 0xD968,
  0xD968, 0xD968, 0xD968, 0xD968, 0xE989, 0xD968, 0xF81F, 0xF81F, 0xF81F, 0xF81F,
  0xF81F, 0xF81F, 0xF81F, 0xF81F, 0xD968, 0xE989, 0xD968, 0xD968, 0xD968, 0xD968,
  0xD968, 0xE989, 0xD968, 0xF81F, 0xF81F, 0xF81F, 0xF81F, 0xF81F, 0xF81F, 0xF81F,
  0xF81F, 0xF81F, 0xF81F, 0xF81F, 0xF81F, 0xF81F, 0xD968, 0xE989, 0xD968, 0xD968,
  0xD968, 0xD968, 0xD968, 0xE989, 0xD968, 0xF81F, 0xF81F, 0xF81F, 0xF81F, 0xF81F,
  0xF81F, 0xF81F, 0xF81F, 0xF81F, 0xF81F, 0xD968, 0xE989, 0xD968, 0xD968, 0xD968,
  0xD968, 0xD968, 0xE989, 0xD968, 0xF81F, 0xF81F, 0xF81F, 0xF81F, 0xF81F, 0xF81F,
  0xF81F, 0xF81F, 0xF81F, 0xF81F, 0xF81F, 0xD968, 0xE989, 0xD968, 0xD968, 0xD968,
  0xD968, 0xD968, 0xE989, 0xD968, 0xF81F, 0xF81F, 0xF81F, 0xF81F, 0xF81F, 0xF81F,
  0xF81F, 0xF81F, 0xF81F, 0xF81F, 0xF81F, 0xF81F, 0xD968, 0xE989, 0xD968, 0xD968,
  0xD968, 0xD968, 0xD968, 0xE989, 0xD968, 0xF81F, 0xF81F, 0xF81F, 0xF81F, 0xF81F,
  0xF81F, 0xF81F, 0xF81F, 0xF81F, 0xD968, 0xE989, 0xD968, 0xD968, 0xD968, 0xD968,
  0xD968, 0xE989, 0xD968, 0xF81F, 0xF81F, 0xF81F, 0xF81F, 0xF81F, 0xF81F, 0xF81F,
  0xF81F, 0xF81F, 0xF81F, 0xF81F, 0xF81F, 0xF81F, 0xF81F, 0xD968, 0xE989, 0xD968,
  0xD968, 0xD968, 0xD968, 0xD968, 0xE989, 0xD968, 0xF81F, 0xF81F, 0xF81F, 0xF81F,
  0xF81F, 0xF81F, 0xF81F, 0xD968, 0xE989, 0xD968, 0xD968, 0xD968, 0xD968, 0xD968,
  0xE989, 0xD968, 0xF81F, 0xF81F, 0xF81F, 0xF81F, 0xF81F, 0xF81F, 0xF81F, 0xF81F,
  0xF81F, 0xF81F, 0xF81F, 0xF81F, 0xF81F, 0xF81F, 0xF81F, 0xF81F, 0xD968, 0xE989,
  0xD968, 0xD968, 0xD968, 0xD968, 0xD968, 0xE989, 0xD968, 0xF81F, 0xF81F, 0xF81F,
  0xF81F, 0xF81F, 0xD968, 0xE989, 0xD968, 0xD968, 0xD968, 0xD968, 0xD968, 0xE989,
  0xD968, 0xF81F, 0xF81F, 0xF81F, 0xF81F, 0xF81F, 0xF81F, 0xF81F, 0xF81F, 0xF81F,
  0xF81F, 0xF81F, 0xF81F, 0xF81F, 0xF81F, 0xF81F, 0xF81F, 0xF81F, 0xF81F, 0xD968,
  0xE989, 0xD968, 0xD968, 0xD968, 0xD968, 0xD968, 0xE989, 0xD968, 0xF81F, 0xF81F,
  0xF81F, 0xD968, 0xE188, 0xD968, 0xD968, 0xD968, 0xD968, 0xD968, 0xE989, 0xD968,
  0xF81F, 0xF81F, 0xF81F, 0xF81F, 0xF81F, 0xF81F, 0xF81F, 0xF81F, 0xF81F, 0xF81F,
  0xF81F, 0xF81F, 0xF81F, 0xF81F, 0xF81F, 0xF81F, 0xF81F, 0xF81F, 0xF81F, 0xF81F,
  0xD968, 0xE989, 0xD968, 0xD968, 0xD968, 0xD968, 0xD968, 0xE188, 0xD948, 0xF81F,
  0xF81F, 0xD968, 0xE989, 0xD968, 0xD968, 0xD968, 0xD968, 0xE989, 0xD968, 0xF81F,
  0xF81F, 0xF81F, 0xF81F, 0xF81F, 0xF81F, 0xF81F, 0xF81F, 0xF81F, 0xF81F, 0xF81F,
  0xF81F, 0xF81F, 0xF81F, 0xF81F, 0xF81F, 0xF81F, 0xF81F, 0xF81F, 0xF81F, 0xF81F,
  0xF81F, 0xD968, 0xE989, 0xD968, 0xD968, 0xD968, 0xD968, 0xF189, 0xD968, 0xF81F,
  0xF81F, 0xD968, 0xE989, 0xD968, 0xD968, 0xD968, 0xE989, 0xD968, 0xF81F, 0xF81F,
  0xF81F, 0xF81F, 0xF81F, 0xF81F, 0xF81F, 0xF81F, 0xF81F, 0xF81F, 0xF81F, 0xF81F,
  0xF81F, 0xF81F, 0xF81F, 0xF81F, 0xF81F, 0xF81F, 0xF81F, 0xF81F, 0xF81F, 0xF81F,
  0xF81F, 0xF81F, 0xD968, 0xE989, 0xD968, 0xD968, 0xD968, 0xE989, 0xD968, 0xF81F,
  0xF81F, 0xF81F, 0xD968, 0xE989, 0xE989, 0xE168, 0xD968, 0xF81F, 0xF81F, 0xF81F,
  0xF81F, 0xF81F, 0xF81F, 0xF81F, 0xF81F, 0xF81F, 0xF81F, 0xF81F, 0xF81F, 0xF81F,
  0xF81F, 0xF81F, 0xF81F, 0xF81F, 0xF81F, 0xF81F, 0xF81F, 0xF81F, 0xF81F, 0xF81F,
  0xF81F, 0xF81F, 0xF81F, 0xD968, 0xE168, 0xE989, 0xE989, 0xD968, 0xF81F, 0xF81F,
  0xF81F, 0xF81F, 0xF81F, 0xD968, 0xE188, 0xD948, 0xF81F, 0xF81F, 0xF81F, 0xF81F,
  0xF81F, 0xF81F, 0xF81F, 0xF81F, 0xF81F, 0xF81F, 0xF81F, 0xF81F, 0xF81F, 0xF81F,
  0xF81F, 0xF81F, 0xF81F, 0xF81F, 0xF81F, 0xF81F, 0xF81F, 0xF81F, 0xF81F, 0xF81F,
  0xF81F, 0xF81F, 0xF81F, 0xF81F, 0xD948, 0xE189, 0xD968, 0xF81F, 0xF81F, 0xF81F,
  0xF81F, 0xF81F, 0xF81F, 0xF81F, 0xF81F, 0xF81F, 0xF81F, 0xF81F, 0xF81F, 0xF81F,
  0xF81F, 0xF81F, 0xF81F, 0xF81F, 0xF81F, 0xF81F, 0xF81F, 0xF81F, 0xF81F, 0xF81F,
  0xF81F, 0xF81F, 0xF81F, 0xF81F, 0xF81F, 0xF81F, 0xF81F, 0xF81F, 0xF81F, 0xF81F,
  0xF81F, 0xF81F, 0xF81F, 0xF81F, 0xF81F, 0xF81F, 0xF81F, 0xF81F, 0xF81F, 0xF81F
};

static const uint16_t kEmoji_warn[1600] PROGMEM = {
  0xF81F, 0xF81F, 0xF81F, 0xF81F, 0xF81F, 0xF81F, 0xF81F, 0xF81F, 0xF81F, 0xF81F,
  0xF81F, 0xF81F, 0xF81F, 0xF81F, 0xF81F, 0xF81F, 0xF81F, 0xF81F, 0xF81F, 0xFE49,
  0xFE49, 0xF81F, 0xF81F, 0xF81F, 0xF81F, 0xF81F, 0xF81F, 0xF81F, 0xF81F, 0xF81F,
  0xF81F, 0xF81F, 0xF81F, 0xF81F, 0xF81F, 0xF81F, 0xF81F, 0xF81F, 0xF81F, 0xF81F,
  0xF81F, 0xF81F, 0xF81F, 0xF81F, 0xF81F, 0xF81F, 0xF81F, 0xF81F, 0xF81F, 0xF81F,
  0xF81F, 0xF81F, 0xF81F, 0xF81F, 0xF81F, 0xF81F, 0xF81F, 0xF81F, 0xFE49, 0xFE89,
  0xFE89, 0xFE49, 0xF81F, 0xF81F, 0xF81F, 0xF81F, 0xF81F, 0xF81F, 0xF81F, 0xF81F,
  0xF81F, 0xF81F, 0xF81F, 0xF81F, 0xF81F, 0xF81F, 0xF81F, 0xF81F, 0xF81F, 0xF81F,
  0xF81F, 0xF81F, 0xF81F, 0xF81F, 0xF81F, 0xF81F, 0xF81F, 0xF81F, 0xF81F, 0xF81F,
  0xF81F, 0xF81F, 0xF81F, 0xF81F, 0xF81F, 0xF81F, 0xF81F, 0xF81F, 0xFE69, 0xFE89,
  0xFE89, 0xFE69, 0xF81F, 0xF81F, 0xF81F, 0xF81F, 0xF81F, 0xF81F, 0xF81F, 0xF81F,
  0xF81F, 0xF81F, 0xF81F, 0xF81F, 0xF81F, 0xF81F, 0xF81F, 0xF81F, 0xF81F, 0xF81F,
  0xF81F, 0xF81F, 0xF81F, 0xF81F, 0xF81F, 0xF81F, 0xF81F, 0xF81F, 0xF81F, 0xF81F,
  0xF81F, 0xF81F, 0xF81F, 0xF81F, 0xF81F, 0xF81F, 0xF81F, 0xFE69, 0xFECA, 0xFE49,
  0xFE49, 0xFECA, 0xFE69, 0xF81F, 0xF81F, 0xF81F, 0xF81F, 0xF81F, 0xF81F, 0xF81F,
  0xF81F, 0xF81F, 0xF81F, 0xF81F, 0xF81F, 0xF81F, 0xF81F, 0xF81F, 0xF81F, 0xF81F,
  0xF81F, 0xF81F, 0xF81F, 0xF81F, 0xF81F, 0xF81F, 0xF81F, 0xF81F, 0xF81F, 0xF81F,
  0xF81F, 0xF81F, 0xF81F, 0xF81F, 0xF81F, 0xF81F, 0xF81F, 0xFE69, 0xFE89, 0xFE69,
  0xFE69, 0xFE89, 0xFE69, 0xF81F, 0xF81F, 0xF81F, 0xF81F, 0xF81F, 0xF81F, 0xF81F,
  0xF81F, 0xF81F, 0xF81F, 0xF81F, 0xF81F, 0xF81F, 0xF81F, 0xF81F, 0xF81F, 0xF81F,
  0xF81F, 0xF81F, 0xF81F, 0xF81F, 0xF81F, 0xF81F, 0xF81F, 0xF81F, 0xF81F, 0xF81F,
  0xF81F, 0xF81F, 0xF81F, 0xF81F, 0xF81F, 0xF81F, 0xFE49, 0xFECA, 0xFE49, 0xFE69,
  0xFE69, 0xFE49, 0xFECA, 0xFE49, 0xF81F, 0xF81F, 0xF81F, 0xF81F, 0xF81F, 0xF81F,
  0xF81F, 0xF81F, 0xF81F, 0xF81F, 0xF81F, 0xF81F, 0xF81F, 0xF81F, 0xF81F, 0xF81F,
  0xF81F, 0xF81F, 0xF81F, 0xF81F, 0xF81F, 0xF81F, 0xF81F, 0xF81F, 0xF81F, 0xF81F,
  0xF81F, 0xF81F, 0xF81F, 0xF81F, 0xF81F, 0xFE69, 0xFE69, 0xFE69, 0xFE49, 0xFE69,
  0xFE69, 0xFE49, 0xFE69, 0xFE69, 0xFE69, 0xF81F, 0xF81F, 0xF81F, 0xF81F, 0xF81F,
  0xF81F, 0xF81F, 0xF81F, 0xF81F, 0xF81F, 0xF81F, 0xF81F, 0xF81F, 0xF81F, 0xF81F,
  0xF81F, 0xF81F, 0xF81F, 0xF81F, 0xF81F, 0xF81F, 0xF81F, 0xF81F, 0xF81F, 0xF81F,
  0xF81F, 0xF81F, 0xF81F, 0xF81F, 0xF81F, 0xFE49, 0xFECA, 0xFE49, 0xFE49, 0xFE49,
  0xFE49, 0xFE49, 0xFE49, 0xFECA, 0xFE49, 0xF81F, 0xF81F, 0xF81F, 0xF81F, 0xF81F,
  0xF81F, 0xF81F, 0xF81F, 0xF81F, 0xF81F, 0xF81F, 0xF81F, 0xF81F, 0xF81F, 0xF81F,
  0xF81F, 0xF81F, 0xF81F, 0xF81F, 0xF81F, 0xF81F, 0xF81F, 0xF81F, 0xF81F, 0xF81F,
  0xF81F, 0xF81F, 0xF81F, 0xF81F, 0xFE49, 0xFE69, 0xFE69, 0xFE49, 0xFE89, 0xFECA,
  0xFECA, 0xFE89, 0xFE49, 0xFE69, 0xFE69, 0xFE49, 0xF81F, 0xF81F, 0xF81F, 0xF81F,
  0xF81F, 0xF81F, 0xF81F, 0xF81F, 0xF81F, 0xF81F, 0xF81F, 0xF81F, 0xF81F, 0xF81F,
  0xF81F, 0xF81F, 0xF81F, 0xF81F, 0xF81F, 0xF81F, 0xF81F, 0xF81F, 0xF81F, 0xF81F,
  0xF81F, 0xF81F, 0xF81F, 0xF81F, 0xFE49, 0xFECA, 0xFE49, 0xFE89, 0xCD28, 0x8366,
  0x8B86, 0xD568, 0xFE89, 0xFE49, 0xFECA, 0xFE49, 0xF81F, 0xF81F, 0xF81F, 0xF81F,
  0xF81F, 0xF81F, 0xF81F, 0xF81F, 0xF81F, 0xF81F, 0xF81F, 0xF81F, 0xF81F, 0xF81F,
  0xF81F, 0xF81F, 0xF81F, 0xF81F, 0xF81F, 0xF81F, 0xF81F, 0xF81F, 0xF81F, 0xF81F,
  0xF81F, 0xF81F, 0xF81F, 0xFE49, 0xFE69, 0xFE69, 0xFE89, 0xD548, 0x2904, 0x1083,
  0x1083, 0x2924, 0xD548, 0xFE89, 0xFE69, 0xFE69, 0xFE49, 0xF81F, 0xF81F, 0xF81F,
  0xF81F, 0xF81F, 0xF81F, 0xF81F, 0xF81F, 0xF81F, 0xF81F, 0xF81F, 0xF81F, 0xF81F,
  0xF81F, 0xF81F, 0xF81F, 0xF81F, 0xF81F, 0xF81F, 0xF81F, 0xF81F, 0xF81F, 0xF81F,
  0xF81F, 0xF81F, 0xF81F, 0xFE49, 0xFECA, 0xFE49, 0xFEA9, 0x93A6, 0x10A3, 0x2924,
  0x2924, 0x1083, 0x93A6, 0xFEA9, 0xFE49, 0xFECA, 0xFE49, 0xF81F, 0xF81F, 0xF81F,
  0xF81F, 0xF81F, 0xF81F, 0xF81F, 0xF81F, 0xF81F, 0xF81F, 0xF81F, 0xF81F, 0xF81F,
  0xF81F, 0xF81F, 0xF81F, 0xF81F, 0xF81F, 0xF81F, 0xF81F, 0xF81F, 0xF81F, 0xF81F,
  0xF81F, 0xF81F, 0xFE69, 0xFE69, 0xFE69, 0xFE49, 0xFEA9, 0x93A6, 0x18A3, 0x2104,
  0x2104, 0x18A3, 0x93A6, 0xFEA9, 0xFE49, 0xFE69, 0xFE69, 0xFE69, 0xF81F, 0xF81F,
  0xF81F, 0xF81F, 0xF81F, 0xF81F, 0xF81F, 0xF81F, 0xF81F, 0xF81F, 0xF81F, 0xF81F,
  0xF81F, 0xF81F, 0xF81F, 0xF81F, 0xF81F, 0xF81F, 0xF81F, 0xF81F, 0xF81F, 0xF81F,
  0xF81F, 0xF81F, 0xFE49, 0xFEAA, 0xFE69, 0xFE49, 0xFEA9, 0x93A6, 0x18A3, 0x2104,
  0x2104, 0x18A3, 0x93A6, 0xFEA9, 0xFE49, 0xFE69, 0xFEAA, 0xFE49, 0xF81F, 0xF81F,
  0xF81F, 0xF81F, 0xF81F, 0xF81F, 0xF81F, 0xF81F, 0xF81F, 0xF81F, 0xF81F, 0xF81F,
  0xF81F, 0xF81F, 0xF81F, 0xF81F, 0xF81F, 0xF81F, 0xF81F, 0xF81F, 0xF81F, 0xF81F,
  0xF81F, 0xFE69, 0xFE89, 0xFE69, 0xFE69, 0xFE49, 0xFEA9, 0x93A6, 0x18A3, 0x2104,
  0x2104, 0x18A3, 0x93A6, 0xFEA9, 0xFE49, 0xFE69, 0xFE69, 0xFE89, 0xFE69, 0xF81F,
  0xF81F, 0xF81F, 0xF81F, 0xF81F, 0xF81F, 0xF81F, 0xF81F, 0xF81F, 0xF81F, 0xF81F,
  0xF81F, 0xF81F, 0xF81F, 0xF81F, 0xF81F, 0xF81F, 0xF81F, 0xF81F, 0xF81F, 0xF81F,
  0xF81F, 0xFE49, 0xFEAA, 0xFE49, 0xFE69, 0xFE49, 0xFEA9, 0x93A6, 0x18A3, 0x2104,
  0x2104, 0x18A3, 0x93A6, 0xFEA9, 0xFE49, 0xFE69, 0xFE49, 0xFEAA, 0xFE49, 0xF81F,
  0xF81F, 0xF81F, 0xF81F, 0xF81F, 0xF81F, 0xF81F, 0xF81F, 0xF81F, 0xF81F, 0xF81F,
  0xF81F, 0xF81F, 0xF81F, 0xF81F, 0xF81F, 0xF81F, 0xF81F, 0xF81F, 0xF81F, 0xF81F,
  0xFE69, 0xFE89, 0xFE69, 0xFE69, 0xFE69, 0xFE49, 0xFEA9, 0x93A6, 0x18A3, 0x2104,
  0x2104, 0x18A3, 0x93A6, 0xFEA9, 0xFE49, 0xFE69, 0xFE69, 0xFE69, 0xFE89, 0xFE69,
  0xF81F, 0xF81F, 0xF81F, 0xF81F, 0xF81F, 0xF81F, 0xF81F, 0xF81F, 0xF81F, 0xF81F,
  0xF81F, 0xF81F, 0xF81F, 0xF81F, 0xF81F, 0xF81F, 0xF81F, 0xF81F, 0xF81F, 0xF81F,
  0xFE49, 0xFEAA, 0xFE69, 0xFE69, 0xFE69, 0xFE49, 0xFEA9, 0x93A6, 0x18A3, 0x2104,
  0x2104, 0x18A3, 0x93A6, 0xFEA9, 0xFE49, 0xFE69, 0xFE69, 0xFE69, 0xFEAA, 0xFE49,
  0xF81F, 0xF81F, 0xF81F, 0xF81F, 0xF81F, 0xF81F, 0xF81F, 0xF81F, 0xF81F, 0xF81F,
  0xF81F, 0xF81F, 0xF81F, 0xF81F, 0xF81F, 0xF81F, 0xF81F, 0xF81F, 0xF81F, 0xFE49,
  0xFE89, 0xFE49, 0xFE69, 0xFE69, 0xFE69, 0xFE49, 0xFEA9, 0x93A6, 0x18A3, 0x2104,
  0x2104, 0x18A3, 0x93A6, 0xFEA9, 0xFE49, 0xFE69, 0xFE69, 0xFE69, 0xFE49, 0xFE89,
  0xFE49, 0xF81F, 0xF81F, 0xF81F, 0xF81F, 0xF81F, 0xF81F, 0xF81F, 0xF81F, 0xF81F,
  0xF81F, 0xF81F, 0xF81F, 0xF81F, 0xF81F, 0xF81F, 0xF81F, 0xF81F, 0xF81F, 0xFE49,
  0xFEAA, 0xFE69, 0xFE69, 0xFE69, 0xFE69, 0xFE49, 0xFEA9, 0x93A6, 0x18A3, 0x2104,
  0x2104, 0x18A3, 0x93A6, 0xFEA9, 0xFE49, 0xFE69, 0xFE69, 0xFE69, 0xFE69, 0xFEAA,
  0xFE49, 0xF81F, 0xF81F, 0xF81F, 0xF81F, 0xF81F, 0xF81F, 0xF81F, 0xF81F, 0xF81F,
  0xF81F, 0xF81F, 0xF81F, 0xF81F, 0xF81F, 0xF81F, 0xF81F, 0xF81F, 0xFE49, 0xFEAA,
  0xFE49, 0xFE69, 0xFE69, 0xFE69, 0xFE69, 0xFE49, 0xFEA9, 0x93A6, 0x18A3, 0x2104,
  0x2104, 0x18A3, 0x93A6, 0xFEA9, 0xFE49, 0xFE69, 0xFE69, 0xFE69, 0xFE69, 0xFE49,
  0xFEAA, 0xFE49, 0xF81F, 0xF81F, 0xF81F, 0xF81F, 0xF81F, 0xF81F, 0xF81F, 0xF81F,
  0xF81F, 0xF81F, 0xF81F, 0xF81F, 0xF81F, 0xF81F, 0xF81F, 0xF81F, 0xFE49, 0xFEAA,
  0xFE69, 0xFE69, 0xFE69, 0xFE69, 0xFE69, 0xFE49, 0xFEA9, 0x93A6, 0x18A3, 0x2104,
  0x2104, 0x18A3, 0x93A6, 0xFEA9, 0xFE49, 0xFE69, 0xFE69, 0xFE69, 0xFE69, 0xFE69,
  0xFEAA, 0xFE49, 0xF81F, 0xF81F, 0xF81F, 0xF81F, 0xF81F, 0xF81F, 0xF81F, 0xF81F,
  0xF81F, 0xF81F, 0xF81F, 0xF81F, 0xF81F, 0xF81F, 0xF81F, 0xFE49, 0xFEAA, 0xFE69,
  0xFE69, 0xFE69, 0xFE69, 0xFE69, 0xFE69, 0xFE49, 0xFEA9, 0x93A6, 0x18A3, 0x2104,
  0x2104, 0x18A3, 0x93A6, 0xFEA9, 0xFE49, 0xFE69, 0xFE69, 0xFE69, 0xFE69, 0xFE69,
  0xFE69, 0xFEAA, 0xFE69, 0xF81F, 0xF81F, 0xF81F, 0xF81F, 0xF81F, 0xF81F, 0xF81F,
  0xF81F, 0xF81F, 0xF81F, 0xF81F, 0xF81F, 0xF81F, 0xF81F, 0xFE69, 0xFE8A, 0xFE49,
  0xFE69, 0xFE69, 0xFE69, 0xFE69, 0xFE69, 0xFE49, 0xFEA9, 0x93A6, 0x18A3, 0x2104,
  0x2104, 0x18A3, 0x93A6, 0xFEA9, 0xFE49, 0xFE69, 0xFE69, 0xFE69, 0xFE69, 0xFE69,
  0xFE49, 0xFE8A, 0xFE49, 0xF81F, 0xF81F, 0xF81F, 0xF81F, 0xF81F, 0xF81F, 0xF81F,
  0xF81F, 0xF81F, 0xF81F, 0xF81F, 0xF81F, 0xF81F, 0xFE49, 0xFECA, 0xFE49, 0xFE69,
  0xFE69, 0xFE69, 0xFE69, 0xFE69, 0xFE69, 0xFE49, 0xFEA9, 0x93A6, 0x18A3, 0x2104,
  0x2104, 0x18A3, 0x93A6, 0xFEA9, 0xFE49, 0xFE69, 0xFE69, 0xFE69, 0xFE69, 0xFE69,
  0xFE69, 0xFE49, 0xFEAA, 0xFE69, 0xF81F, 0xF81F, 0xF81F, 0xF81F, 0xF81F, 0xF81F,
  0xF81F, 0xF81F, 0xF81F, 0xF81F, 0xF81F, 0xF81F, 0xFE49, 0xFE89, 0xFE49, 0xFE69,
  0xFE69, 0xFE69, 0xFE69, 0xFE69, 0xFE69, 0xFE49, 0xFEA9, 0x93A6, 0x10A3, 0x2924,
  0x2924, 0x10A3, 0x93A6, 0xFEA9, 0xFE49, 0xFE69, 0xFE69, 0xFE69, 0xFE69, 0xFE69,
  0xFE69, 0xFE49, 0xFE89, 0xFE49, 0xF81F, 0xF81F, 0xF81F, 0xF81F, 0xF81F, 0xF81F,
  0xF81F, 0xF81F, 0xF81F, 0xF81F, 0xF81F, 0xFE69, 0xFECA, 0xFE49, 0xFE69, 0xFE69,
  0xFE69, 0xFE69, 0xFE69, 0xFE69, 0xFE69, 0xFE49, 0xFE89, 0xD568, 0x2924, 0x10A3,
  0x10A3, 0x2924, 0xD568, 0xFE89, 0xFE49, 0xFE69, 0xFE69, 0xFE69, 0xFE69, 0xFE69,
  0xFE69, 0xFE69, 0xFE49, 0xFECA, 0xFE69, 0xF81F, 0xF81F, 0xF81F, 0xF81F, 0xF81F,
  0xF81F, 0xF81F, 0xF81F, 0xF81F, 0xF81F, 0xFE69, 0xFE89, 0xFE49, 0xFE69, 0xFE69,
  0xFE69, 0xFE69, 0xFE69, 0xFE69, 0xFE69, 0xFE69, 0xFE49, 0xFE89, 0xDD68, 0x8BA6,
  0x8BA6, 0xDD68, 0xFE89, 0xFE49, 0xFE69, 0xFE69, 0xFE69, 0xFE69, 0xFE69, 0xFE69,
  0xFE69, 0xFE69, 0xFE49, 0xFE89, 0xFE69, 0xF81F, 0xF81F, 0xF81F, 0xF81F, 0xF81F,
  0xF81F, 0xF81F, 0xF81F, 0xF81F, 0xFE49, 0xFECA, 0xFE49, 0xFE69, 0xFE69, 0xFE69,
  0xFE69, 0xFE69, 0xFE69, 0xFE69, 0xFE69, 0xFE69, 0xFE69, 0xFE49, 0xFEAA, 0xFF2A,
  0xFF2A, 0xFEAA, 0xFE49, 0xFE69, 0xFE69, 0xFE69, 0xFE69, 0xFE69, 0xFE69, 0xFE69,
  0xFE69, 0xFE69, 0xFE69, 0xFE49, 0xFECA, 0xFE49, 0xF81F, 0xF81F, 0xF81F, 0xF81F,
  0xF81F, 0xF81F, 0xF81F, 0xF81F, 0xFE49, 0xFE89, 0xFE49, 0xFE69, 0xFE69, 0xFE69,
  0xFE69, 0xFE69, 0xFE69, 0xFE69, 0xFE69, 0xFE69, 0xFE49, 0xFE89, 0xD548, 0x8346,
  0x8346, 0xD548, 0xFE89, 0xFE49, 0xFE69, 0xFE69, 0xFE69, 0xFE69, 0xFE69, 0xFE69,
  0xFE69, 0xFE69, 0xFE69, 0xFE49, 0xFE89, 0xFE49, 0xF81F, 0xF81F, 0xF81F, 0xF81F,
  0xF81F, 0xF81F, 0xF81F, 0xFE49, 0xFECA, 0xFE49, 0xFE69, 0xFE69, 0xFE69, 0xFE69,
  0xFE69, 0xFE69, 0xFE69, 0xFE69, 0xFE69, 0xFE49, 0xFE89, 0xCD28, 0x2924, 0x1083,
  0x1083, 0x2924, 0xCD28, 0xFE89, 0xFE49, 0xFE69, 0xFE69, 0xFE69, 0xFE69, 0xFE69,
  0xFE69, 0xFE69, 0xFE69, 0xFE69, 0xFE49, 0xFECA, 0xFE49, 0xF81F, 0xF81F, 0xF81F,
  0xF81F, 0xF81F, 0xFE49, 0xFE69, 0xFE89, 0xFE49, 0xFE69, 0xFE69, 0xFE69, 0xFE69,
  0xFE69, 0xFE69, 0xFE69, 0xFE69, 0xFE69, 0xFE49, 0xFEA9, 0x62A5, 0x10A3, 0x2924,
  0x2924, 0x10A3, 0x6285, 0xFEA9, 0xFE49, 0xFE69, 0xFE69, 0xFE69, 0xFE69, 0xFE69,
  0xFE69, 0xFE69, 0xFE69, 0xFE69, 0xFE49, 0xFE89, 0xFE69, 0xFE49, 0xF81F, 0xF81F,
  0xF81F, 0xF81F, 0xFE49, 0xFECA, 0xFE49, 0xFE69, 0xFE69, 0xFE69, 0xFE69, 0xFE69,
  0xFE69, 0xFE69, 0xFE69, 0xFE69, 0xFE69, 0xFE49, 0xFEA9, 0x5225, 0x18C3, 0x2904,
  0x2904, 0x18C3, 0x5225, 0xFEA9, 0xFE49, 0xFE69, 0xFE69, 0xFE69, 0xFE69, 0xFE69,
  0xFE69, 0xFE69, 0xFE69, 0xFE69, 0xFE69, 0xFE49, 0xFECA, 0xFE49, 0xF81F, 0xF81F,
  0xF81F, 0xF81F, 0xFE69, 0xFE69, 0xFE49, 0xFE69, 0xFE69, 0xFE69, 0xFE69, 0xFE69,
  0xFE69, 0xFE69, 0xFE69, 0xFE69, 0xFE69, 0xFE49, 0xFEA9, 0xAC47, 0x1083, 0x18C3,
  0x18C3, 0x1083, 0xAC47, 0xFEA9, 0xFE49, 0xFE69, 0xFE69, 0xFE69, 0xFE69, 0xFE69,
  0xFE69, 0xFE69, 0xFE69, 0xFE69, 0xFE69, 0xFE49, 0xFE69, 0xFE69, 0xF81F, 0xF81F,
  0xF81F, 0xFE69, 0xFECA, 0xFE49, 0xFE69, 0xFE69, 0xFE69, 0xFE69, 0xFE69, 0xFE69,
  0xFE69, 0xFE69, 0xFE69, 0xFE69, 0xFE69, 0xFE69, 0xFE69, 0xFE89, 0x9BC7, 0x49E4,
  0x49E4, 0x9BC7, 0xFE89, 0xFE69, 0xFE69, 0xFE69, 0xFE69, 0xFE69, 0xFE69, 0xFE69,
  0xFE69, 0xFE69, 0xFE69, 0xFE69, 0xFE69, 0xFE69, 0xFE49, 0xFECA, 0xFE69, 0xF81F,
  0xFE49, 0xFE69, 0xFE69, 0xFE69, 0xFE69, 0xFE69, 0xFE69, 0xFE69, 0xFE69, 0xFE69,
  0xFE69, 0xFE69, 0xFE69, 0xFE69, 0xFE69, 0xFE69, 0xFE69, 0xFE69, 0xFE89, 0xFE49,
  0xFE49, 0xFE89, 0xFE69, 0xFE69, 0xFE69, 0xFE69, 0xFE69, 0xFE69, 0xFE69, 0xFE69,
  0xFE69, 0xFE69, 0xFE69, 0xFE69, 0xFE69, 0xFE69, 0xFE69, 0xFE69, 0xFE69, 0xFE49,
  0xFE49, 0xFECA, 0xFE49, 0xFE69, 0xFE69, 0xFE69, 0xFE69, 0xFE69, 0xFE69, 0xFE69,
  0xFE69, 0xFE69, 0xFE69, 0xFE69, 0xFE69, 0xFE69, 0xFE69, 0xFE49, 0xFE49, 0xFE69,
  0xFE69, 0xFE49, 0xFE49, 0xFE69, 0xFE69, 0xFE69, 0xFE69, 0xFE69, 0xFE69, 0xFE69,
  0xFE69, 0xFE69, 0xFE69, 0xFE69, 0xFE69, 0xFE69, 0xFE69, 0xFE49, 0xFECA, 0xFE49,
  0xFE69, 0xFF0A, 0xFE89, 0xFE8A, 0xFE8A, 0xFE8A, 0xFE8A, 0xFE8A, 0xFE8A, 0xFE8A,
  0xFE8A, 0xFE8A, 0xFE8A, 0xFE8A, 0xFE8A, 0xFE8A, 0xFE8A, 0xFE8A, 0xFE8A, 0xFE8A,
  0xFE8A, 0xFE8A, 0xFE8A, 0xFE8A, 0xFE8A, 0xFE8A, 0xFE8A, 0xFE8A, 0xFE8A, 0xFE8A,
  0xFE8A, 0xFE8A, 0xFE8A, 0xFE8A, 0xFE8A, 0xFE8A, 0xFE8A, 0xFE89, 0xFF0A, 0xFE69,
  0xF81F, 0xFE49, 0xFE69, 0xFE49, 0xFE49, 0xFE49, 0xFE49, 0xFE49, 0xFE49, 0xFE49,
  0xFE49, 0xFE49, 0xFE49, 0xFE49, 0xFE49, 0xFE49, 0xFE49, 0xFE49, 0xFE49, 0xFE49,
  0xFE49, 0xFE49, 0xFE49, 0xFE49, 0xFE49, 0xFE49, 0xFE49, 0xFE49, 0xFE49, 0xFE49,
  0xFE49, 0xFE49, 0xFE49, 0xFE49, 0xFE49, 0xFE49, 0xFE49, 0xFE69, 0xFE49, 0xF81F,
  0xF81F, 0xF81F, 0xF81F, 0xF81F, 0xF81F, 0xF81F, 0xF81F, 0xF81F, 0xF81F, 0xF81F,
  0xF81F, 0xF81F, 0xF81F, 0xF81F, 0xF81F, 0xF81F, 0xF81F, 0xF81F, 0xF81F, 0xF81F,
  0xF81F, 0xF81F, 0xF81F, 0xF81F, 0xF81F, 0xF81F, 0xF81F, 0xF81F, 0xF81F, 0xF81F,
  0xF81F, 0xF81F, 0xF81F, 0xF81F, 0xF81F, 0xF81F, 0xF81F, 0xF81F, 0xF81F, 0xF81F
};

static const uint16_t kEmoji_computer[1600] PROGMEM = {
  0xF81F, 0xF81F, 0xF81F, 0xF81F, 0xF81F, 0xF81F, 0xF81F, 0xF81F, 0xF81F, 0xF81F,
  0xF81F, 0xF81F, 0xF81F, 0xF81F, 0xF81F, 0xF81F, 0xF81F, 0xF81F, 0xF81F, 0xF81F,
  0xF81F, 0xF81F, 0xF81F, 0xF81F, 0xF81F, 0xF81F, 0xF81F, 0xF81F, 0xF81F, 0xF81F,
  0xF81F, 0xF81F, 0xF81F, 0xF81F, 0xF81F, 0xF81F, 0xF81F, 0xF81F, 0xF81F, 0xF81F,
  0xF81F, 0xF81F, 0xF81F, 0xF81F, 0xF81F, 0xF81F, 0xF81F, 0xF81F, 0xF81F, 0xF81F,
  0xF81F, 0xF81F, 0xF81F, 0xF81F, 0xF81F, 0xF81F, 0xF81F, 0xF81F, 0xF81F, 0xF81F,
  0xF81F, 0xF81F, 0xF81F, 0xF81F, 0xF81F, 0xF81F, 0xF81F, 0xF81F, 0xF81F, 0xF81F,
  0xF81F, 0xF81F, 0xF81F, 0xF81F, 0xF81F, 0xF81F, 0xF81F, 0xF81F, 0xF81F, 0xF81F,
  0xF81F, 0xF81F, 0xF81F, 0xF81F, 0xF81F, 0xF81F, 0xF81F, 0xF81F, 0xF81F, 0xF81F,
  0xF81F, 0xF81F, 0xF81F, 0xF81F, 0xF81F, 0xF81F, 0xF81F, 0xF81F, 0xF81F, 0xF81F,
  0xF81F, 0xF81F, 0xF81F, 0xF81F, 0xF81F, 0xF81F, 0xF81F, 0xF81F, 0xF81F, 0xF81F,
  0xF81F, 0xF81F, 0xF81F, 0xF81F, 0xF81F, 0xF81F, 0xF81F, 0xF81F, 0xF81F, 0xF81F,
  0xF81F, 0xF81F, 0xF81F, 0xF81F, 0xF81F, 0xF81F, 0xF81F, 0xF81F, 0xF81F, 0xF81F,
  0xF81F, 0xF81F, 0xF81F, 0xF81F, 0xF81F, 0xF81F, 0xF81F, 0xF81F, 0xF81F, 0xF81F,
  0xF81F, 0xF81F, 0xF81F, 0xF81F, 0xF81F, 0xF81F, 0xF81F, 0xF81F, 0xF81F, 0xF81F,
  0xF81F, 0xF81F, 0xF81F, 0xF81F, 0xF81F, 0xF81F, 0xF81F, 0xF81F, 0xF81F, 0xF81F,
  0xF81F, 0xF81F, 0xF81F, 0xF81F, 0xF81F, 0xF81F, 0xF81F, 0xF81F, 0xF81F, 0xF81F,
  0xF81F, 0xF81F, 0xF81F, 0xF81F, 0xF81F, 0xF81F, 0xF81F, 0xF81F, 0xF81F, 0xF81F,
  0xF81F, 0xF81F, 0xF81F, 0xF81F, 0xF81F, 0xF81F, 0xF81F, 0xF81F, 0xF81F, 0xF81F,
  0xF81F, 0xF81F, 0xF81F, 0xF81F, 0xF81F, 0xF81F, 0xF81F, 0xF81F, 0xF81F, 0xF81F,
  0xF81F, 0xF81F, 0xF81F, 0xF81F, 0xF81F, 0xF81F, 0xF81F, 0xF81F, 0xF81F, 0xF81F,
  0xF81F, 0xF81F, 0xF81F, 0xF81F, 0xF81F, 0xF81F, 0xF81F, 0xF81F, 0xF81F, 0xF81F,
  0xF81F, 0xF81F, 0xF81F, 0xF81F, 0xF81F, 0xF81F, 0xF81F, 0xF81F, 0xF81F, 0xF81F,
  0xF81F, 0xF81F, 0xF81F, 0xF81F, 0xF81F, 0xF81F, 0xF81F, 0xF81F, 0xF81F, 0xF81F,
  0xF81F, 0xF81F, 0xF81F, 0xF81F, 0xCEBB, 0xD6FC, 0xC69B, 0xCEBB, 0xCEBB, 0xCEBB,
  0xCEBB, 0xCEBB, 0xCEBB, 0xCEBB, 0xCEBB, 0xCEBB, 0xCEBB, 0xCEBB, 0xCEBB, 0xCEBB,
  0xCEBB, 0xCEBB, 0xCEBB, 0xCEBB, 0xCEBB, 0xCEBB, 0xCEBB, 0xCEBB, 0xCEBB, 0xCEBB,
  0xCEBB, 0xCEBB, 0xCEBB, 0xC69B, 0xD6FC, 0xCEBB, 0xF81F, 0xF81F, 0xF81F, 0xF81F,
  0xF81F, 0xF81F, 0xF81F, 0xCEBB, 0xD6DC, 0xDF5D, 0xDF3D, 0xDF5D, 0xDF5D, 0xDF5D,
  0xDF5D, 0xDF5D, 0xDF5D, 0xDF5D, 0xDF5D, 0xDF5D, 0xDF5D, 0xDF5D, 0xDF5D, 0xDF5D,
  0xDF5D, 0xDF5D, 0xDF5D, 0xDF5D, 0xDF5D, 0xDF5D, 0xDF5D, 0xDF5D, 0xDF5D, 0xDF5D,
  0xDF5D, 0xDF5D, 0xDF5D, 0xDF3D, 0xDF5D, 0xD6DC, 0xCEBB, 0xF81F, 0xF81F, 0xF81F,
  0xF81F, 0xF81F, 0xF81F, 0xCEBB, 0xDF3D, 0xCEBB, 0xBE9B, 0xBE9B, 0xBE9B, 0xBE9B,
  0xBE9B, 0xBE9B, 0xBE9B, 0xBE9B, 0xBE9B, 0xBE9B, 0xBE9B, 0xBE9B, 0xBE9B, 0xBE9B,
  0xBE9B, 0xBE9B, 0xBE9B, 0xBE9B, 0xBE9B, 0xBE9B, 0xBE9B, 0xBE9B, 0xBE9B, 0xBE9B,
  0xBE9B, 0xBE9B, 0xBE9B, 0xBE9B, 0xCEBB, 0xDF3D, 0xCEBB, 0xF81F, 0xF81F, 0xF81F,
  0xF81F, 0xF81F, 0xF81F, 0xCEBB, 0xE73D, 0xA65C, 0x5D5D, 0x5D7D, 0x5D7D, 0x5D7D,
  0x5D7D, 0x5D7D, 0x5D7D, 0x5D7D, 0x5D7D, 0x5D7D, 0x5D7D, 0x5D7D, 0x5D7D, 0x5D7D,
  0x5D7D, 0x5D7D, 0x5D7D, 0x5D7D, 0x5D7D, 0x5D7D, 0x5D7D, 0x5D7D, 0x5D7D, 0x5D7D,
  0x5D7D, 0x5D7D, 0x5D7D, 0x5D5D, 0xA65C, 0xE73D, 0xCEBB, 0xF81F, 0xF81F, 0xF81F,
  0xF81F, 0xF81F, 0xF81F, 0xCEBB, 0xE75D, 0x9E1C, 0x555D, 0x5D7D, 0x5D7D, 0x5D7D,
  0x5D7D, 0x5D7D, 0x5D7D, 0x5D7D, 0x5D7D, 0x5D7D, 0x5D7D, 0x5D7D, 0x5D7D, 0x5D7D,
  0x5D7D, 0x5D7D, 0x5D7D, 0x5D7D, 0x5D7D, 0x5D7D, 0x5D7D, 0x5D7D, 0x5D7D, 0x5D7D,
  0x5D7D, 0x5D7D, 0x5D7D, 0x555D, 0x9E1C, 0xE75D, 0xCEBB, 0xF81F, 0xF81F, 0xF81F,
  0xF81F, 0xF81F, 0xF81F, 0xCEBB, 0xE75D, 0x9E3C, 0x555D, 0x5D7D, 0x5D7D, 0x5D7D,
  0x5D7D, 0x5D7D, 0x5D7D, 0x5D7D, 0x5D7D, 0x5D7D, 0x5D7D, 0x5D7D, 0x5D7D, 0x5D7D,
  0x5D7D, 0x5D7D, 0x5D7D, 0x5D7D, 0x5D7D, 0x5D7D, 0x5D7D, 0x5D7D, 0x5D7D, 0x5D7D,
  0x5D7D, 0x5D7D, 0x5D7D, 0x555D, 0x9E3C, 0xE75D, 0xCEBB, 0xF81F, 0xF81F, 0xF81F,
  0xF81F, 0xF81F, 0xF81F, 0xCEBB, 0xE75D, 0x9E3C, 0x555D, 0x5D7D, 0x5D7D, 0x5D7D,
  0x5D7D, 0x5D7D, 0x5D7D, 0x5D7D, 0x5D7D, 0x5D7D, 0x5D7D, 0x5D7D, 0x5D7D, 0x5D7D,
  0x5D7D, 0x5D7D, 0x5D7D, 0x5D7D, 0x5D7D, 0x5D7D, 0x5D7D, 0x5D7D, 0x5D7D, 0x5D7D,
  0x5D7D, 0x5D7D, 0x5D7D, 0x555D, 0x9E3C, 0xE75D, 0xCEBB, 0xF81F, 0xF81F, 0xF81F,
  0xF81F, 0xF81F, 0xF81F, 0xCEBB, 0xE75D, 0x9E3C, 0x555D, 0x5D7D, 0x5D7D, 0x5D7D,
  0x5D7D, 0x5D7D, 0x5D7D, 0x5D7D, 0x5D7D, 0x5D7D, 0x5D7D, 0x5D7D, 0x5D7D, 0x5D7D,
  0x5D7D, 0x5D7D, 0x5D7D, 0x5D7D, 0x5D7D, 0x5D7D, 0x5D7D, 0x5D7D, 0x5D7D, 0x5D7D,
  0x5D7D, 0x5D7D, 0x5D7D, 0x555D, 0x9E3C, 0xE75D, 0xCEBB, 0xF81F, 0xF81F, 0xF81F,
  0xF81F, 0xF81F, 0xF81F, 0xCEBB, 0xE75D, 0x9E3C, 0x555D, 0x5D7D, 0x5D7D, 0x5D7D,
  0x5D7D, 0x5D7D, 0x5D7D, 0x5D7D, 0x5D7D, 0x5D7D, 0x5D7D, 0x5D7D, 0x5D7D, 0x5D7D,
  0x5D7D, 0x5D7D, 0x5D7D, 0x5D7D, 0x5D7D, 0x5D7D, 0x5D7D, 0x5D7D, 0x5D7D, 0x5D7D,
  0x5D7D, 0x5D7D, 0x5D7D, 0x555D, 0x9E3C, 0xE75D, 0xCEBB, 0xF81F, 0xF81F, 0xF81F,
  0xF81F, 0xF81F, 0xF81F, 0xCEBB, 0xE75D, 0x9E3C, 0x555D, 0x5D7D, 0x5D7D, 0x5D7D,
  0x5D7D, 0x5D7D, 0x5D7D, 0x5D7D, 0x5D7D, 0x5D7D, 0x5D7D, 0x5D7D, 0x5D7D, 0x5D7D,
  0x5D7D, 0x5D7D, 0x5D7D, 0x5D7D, 0x5D7D, 0x5D7D, 0x5D7D, 0x5D7D, 0x5D7D, 0x5D7D,
  0x5D7D, 0x5D7D, 0x5D7D, 0x555D, 0x9E3C, 0xE75D, 0xCEBB, 0xF81F, 0xF81F, 0xF81F,
  0xF81F, 0xF81F, 0xF81F, 0xCEBB, 0xE75D, 0x9E3C, 0x555D, 0x5D7D, 0x5D7D, 0x5D7D,
  0x5D7D, 0x5D7D, 0x5D7D, 0x5D7D, 0x5D7D, 0x5D7D, 0x5D7D, 0x5D7D, 0x5D7D, 0x5D7D,
  0x5D7D, 0x5D7D, 0x5D7D, 0x5D7D, 0x5D7D, 0x5D7D, 0x5D7D, 0x5D7D, 0x5D7D, 0x5D7D,
  0x5D7D, 0x5D7D, 0x5D7D, 0x555D, 0x9E3C, 0xE75D, 0xCEBB, 0xF81F, 0xF81F, 0xF81F,
  0xF81F, 0xF81F, 0xF81F, 0xCEBB, 0xE75D, 0x9E3C, 0x555D, 0x5D7D, 0x5D7D, 0x5D7D,
  0x5D7D, 0x5D7D, 0x5D7D, 0x5D7D, 0x5D7D, 0x5D7D, 0x5D7D, 0x5D7D, 0x5D7D, 0x5D7D,
  0x5D7D, 0x5D7D, 0x5D7D, 0x5D7D, 0x5D7D, 0x5D7D, 0x5D7D, 0x5D7D, 0x5D7D, 0x5D7D,
  0x5D7D, 0x5D7D, 0x5D7D, 0x555D, 0x9E3C, 0xE75D, 0xCEBB, 0xF81F, 0xF81F, 0xF81F,
  0xF81F, 0xF81F, 0xF81F, 0xCEBB, 0xE75D, 0x9E3C, 0x555D, 0x5D7D, 0x5D7D, 0x5D7D,
  0x5D7D, 0x5D7D, 0x5D7D, 0x5D7D, 0x5D7D, 0x5D7D, 0x5D7D, 0x5D7D, 0x5D7D, 0x5D7D,
  0x5D7D, 0x5D7D, 0x5D7D, 0x5D7D, 0x5D7D, 0x5D7D, 0x5D7D, 0x5D7D, 0x5D7D, 0x5D7D,
  0x5D7D, 0x5D7D, 0x5D7D, 0x555D, 0x9E3C, 0xE75D, 0xCEBB, 0xF81F, 0xF81F, 0xF81F,
  0xF81F, 0xF81F, 0xF81F, 0xCEBB, 0xE75D, 0x9E3C, 0x555D, 0x5D7D, 0x5D7D, 0x5D7D,
  0x5D7D, 0x5D7D, 0x5D7D, 0x5D7D, 0x5D7D, 0x5D7D, 0x5D7D, 0x5D7D, 0x5D7D, 0x5D7D,
  0x5D7D, 0x5D7D, 0x5D7D, 0x5D7D, 0x5D7D, 0x5D7D, 0x5D7D, 0x5D7D, 0x5D7D, 0x5D7D,
  0x5D7D, 0x5D7D, 0x5D7D, 0x555D, 0x9E3C, 0xE75D, 0xCEBB, 0xF81F, 0xF81F, 0xF81F,
  0xF81F, 0xF81F, 0xF81F, 0xCEBB, 0xE75D, 0x9E3C, 0x555D, 0x5D7D, 0x5D7D, 0x5D7D,
  0x5D7D, 0x5D7D, 0x5D7D, 0x5D7D, 0x5D7D, 0x5D7D, 0x5D7D, 0x5D7D, 0x5D7D, 0x5D7D,
  0x5D7D, 0x5D7D, 0x5D7D, 0x5D7D, 0x5D7D, 0x5D7D, 0x5D7D, 0x5D7D, 0x5D7D, 0x5D7D,
  0x5D7D, 0x5D7D, 0x5D7D, 0x555D, 0x9E3C, 0xE75D, 0xCEBB, 0xF81F, 0xF81F, 0xF81F,
  0xF81F, 0xF81F, 0xF81F, 0xCEBB, 0xE75D, 0x9E3C, 0x555D, 0x5D7D, 0x5D7D, 0x5D7D,
  0x5D7D, 0x5D7D, 0x5D7D, 0x5D7D, 0x5D7D, 0x5D7D, 0x5D7D, 0x5D7D, 0x5D7D, 0x5D7D,
  0x5D7D, 0x5D7D, 0x5D7D, 0x5D7D, 0x5D7D, 0x5D7D, 0x5D7D, 0x5D7D, 0x5D7D, 0x5D7D,
  0x5D7D, 0x5D7D, 0x5D7D, 0x555D, 0x9E3C, 0xE75D, 0xCEBB, 0xF81F, 0xF81F, 0xF81F,
  0xF81F, 0xF81F, 0xF81F, 0xCEBB, 0xE75D, 0x9E3C, 0x555D, 0x5D7D, 0x5D7D, 0x5D7D,
  0x5D7D, 0x5D7D, 0x5D7D, 0x5D7D, 0x5D7D, 0x5D7D, 0x5D7D, 0x5D7D, 0x5D7D, 0x5D7D,
  0x5D7D, 0x5D7D, 0x5D7D, 0x5D7D, 0x5D7D, 0x5D7D, 0x5D7D, 0x5D7D, 0x5D7D, 0x5D7D,
  0x5D7D, 0x5D7D, 0x5D7D, 0x555D, 0x9E3C, 0xE75D, 0xCEBB, 0xF81F, 0xF81F, 0xF81F,
  0xF81F, 0xF81F, 0xF81F, 0xCEBB, 0xE75D, 0x9E3C, 0x555D, 0x5D7D, 0x5D7D, 0x5D7D,
  0x5D7D, 0x5D7D, 0x5D7D, 0x5D7D, 0x5D7D, 0x5D7D, 0x5D7D, 0x5D7D, 0x5D7D, 0x5D7D,
  0x5D7D, 0x5D7D, 0x5D7D, 0x5D7D, 0x5D7D, 0x5D7D, 0x5D7D, 0x5D7D, 0x5D7D, 0x5D7D,
  0x5D7D, 0x5D7D, 0x5D7D, 0x555D, 0x9E3C, 0xE75D, 0xCEBB, 0xF81F, 0xF81F, 0xF81F,
  0xF81F, 0xF81F, 0xF81F, 0xCEBB, 0xE75D, 0x9E3C, 0x555D, 0x5D7D, 0x5D7D, 0x5D7D,
  0x5D7D, 0x5D7D, 0x5D7D, 0x5D7D, 0x5D7D, 0x5D7D, 0x5D7D, 0x5D7D, 0x5D7D, 0x5D7D,
  0x5D7D, 0x5D7D, 0x5D7D, 0x5D7D, 0x5D7D, 0x5D7D, 0x5D7D, 0x5D7D, 0x5D7D, 0x5D7D,
  0x5D7D, 0x5D7D, 0x5D7D, 0x555D, 0x9E3C, 0xE75D, 0xCEBB, 0xF81F, 0xF81F, 0xF81F,
  0xF81F, 0xF81F, 0xF81F, 0xCEBB, 0xE75D, 0x9E3C, 0x555D, 0x657D, 0x5D7D, 0x5D7D,
  0x5D7D, 0x5D7D, 0x5D7D, 0x5D7D, 0x5D7D, 0x5D7D, 0x5D7D, 0x5D7D, 0x5D7D, 0x5D7D,
  0x5D7D, 0x5D7D, 0x5D7D, 0x5D7D, 0x5D7D, 0x5D7D, 0x5D7D, 0x5D7D, 0x5D7D, 0x5D7D,
  0x5D7D, 0x5D7D, 0x657D, 0x555D, 0x9E3C, 0xE75D, 0xCEBB, 0xF81F, 0xF81F, 0xF81F,
  0xF81F, 0xF81F, 0xF81F, 0xCEBB, 0xE75D, 0x961C, 0x4D5D, 0x5D7D, 0x5D7D, 0x5D7D,
  0x5D7D, 0x5D7D, 0x5D7D, 0x5D7D, 0x5D7D, 0x5D7D, 0x5D7D, 0x5D7D, 0x5D7D, 0x5D7D,
  0x5D7D, 0x5D7D, 0x5D7D, 0x5D7D, 0x5D7D, 0x5D7D, 0x5D7D, 0x5D7D, 0x5D7D, 0x5D7D,
  0x5D7D, 0x5D7D, 0x5D7D, 0x4D5D, 0x961C, 0xE75D, 0xCEBB, 0xF81F, 0xF81F, 0xF81F,
  0xF81F, 0xF81F, 0xF81F, 0xCEBB, 0xDF3D, 0xB65C, 0x6D9D, 0x6D9D, 0x6D9D, 0x6D9D,
  0x6D9D, 0x6D9D, 0x6D9D, 0x6D9D, 0x6D9D, 0x6D9D, 0x6D9D, 0x6D9D, 0x6D9D, 0x6D9D,
  0x6D9D, 0x6D9D, 0x6D9D, 0x6D9D, 0x6D9D, 0x6D9D, 0x6D9D, 0x6D9D, 0x6D9D, 0x6D9D,
  0x6D9D, 0x6D9D, 0x6D9D, 0x6D9D, 0xB65C, 0xDF3D, 0xCEBB, 0xF81F, 0xF81F, 0xF81F,
  0xF81F, 0xF81F, 0xF81F, 0xCEBB, 0xDF3D, 0xCEBB, 0xCEBB, 0xC6BB, 0xC6BB, 0xC6BB,
  0xC6BB, 0xC6BB, 0xC6BB, 0xC6BB, 0xC6BB, 0xC6BB, 0xC6BB, 0xC6BB, 0xC6BB, 0xC6BB,
  0xC6BB, 0xC6BB, 0xC6BB, 0xC6BB, 0xC6BB, 0xC6BB, 0xC6BB, 0xC6BB, 0xC6BB, 0xC6BB,
  0xC6BB, 0xC6BB, 0xC6BB, 0xCEBB, 0xCEBB, 0xDF3D, 0xCEBB, 0xF81F, 0xF81F, 0xF81F,
  0xF81F, 0xF81F, 0xF81F, 0xCE9B, 0xCEDC, 0xCEDC, 0xCEBB, 0xCEBB, 0xCEBB, 0xCEBB,
  0xCEBB, 0xCEBB, 0xCEBB, 0xCEBB, 0xCEBB, 0xCEBB, 0xCEBB, 0xCEBB, 0xCEBB, 0xCEBB,
  0xCEBB, 0xCEBB, 0xCEBB, 0xCEBB, 0xCEBB, 0xCEBB, 0xCEBB, 0xCEBB, 0xCEBB, 0xCEBB,
  0xCEBB, 0xCEBB, 0xCEBB, 0xCEBB, 0xCEDC, 0xCEDC, 0xC69B, 0xF81F, 0xF81F, 0xF81F,
  0xF81F, 0xF81F, 0xF81F, 0xCEBB, 0xCEBB, 0xCEBB, 0xCEBB, 0xCEBB, 0xCEBB, 0xCEBB,
  0xCEBB, 0xCEBB, 0xCEBB, 0xCEBB, 0xCEBB, 0xCEBB, 0xCEBB, 0xCEBB, 0xCEBB, 0xCEBB,
  0xCEBB, 0xCEBB, 0xCEBB, 0xCEBB, 0xCEBB, 0xCEBB, 0xCEBB, 0xCEBB, 0xCEBB, 0xCEBB,
  0xCEBB, 0xCEBB, 0xCEBB, 0xCEBB, 0xCEBB, 0xCEBB, 0xCEBB, 0xF81F, 0xF81F, 0xF81F,
  0xF81F, 0xF81F, 0xCEBB, 0xE77E, 0xC67A, 0xB5F8, 0xB5F8, 0xB5F8, 0xB5F8, 0xB5F8,
  0xB5F8, 0xB5F8, 0xB5F8, 0xB5F8, 0xB5F8, 0xB5F8, 0xB5F8, 0xADF8, 0xADF8, 0xADF8,
  0xADF8, 0xADF8, 0xADF8, 0xADF8, 0xADF8, 0xB5F8, 0xB5F8, 0xB5F8, 0xB5F8, 0xB5F8,
  0xB5F8, 0xB5F8, 0xB5F8, 0xB5F8, 0xB5F8, 0xC65A, 0xE75E, 0xCEBB, 0xF81F, 0xF81F,
  0xF81F, 0xF81F, 0xCEBB, 0xD6FC, 0xB618, 0xADD7, 0xADD8, 0xADD8, 0xADD8, 0xADD8,
  0xADD8, 0xADD8, 0xADD8, 0xADD8, 0xADD8, 0xBE39, 0xC67A, 0xC67A, 0xC67A, 0xC67A,
  0xC67A, 0xC67A, 0xC67A, 0xC67A, 0xC67A, 0xBE5A, 0xADD8, 0xADD8, 0xADD8, 0xADD8,
  0xADD8, 0xADD8, 0xADD8, 0xADD8, 0xADD7, 0xB5F8, 0xD6DC, 0xCEBB, 0xF81F, 0xF81F,
  0xF81F, 0xCEBB, 0xDF1D, 0xC69B, 0xADF8, 0xADD8, 0xADF8, 0xADF8, 0xADF8, 0xADF8,
  0xADF8, 0xADF8, 0xADF8, 0xADD8, 0xB618, 0xCEBB, 0xB5F9, 0xADD8, 0xADD8, 0xADD8,
  0xADD8, 0xADD8, 0xADD8, 0xADD8, 0xADF8, 0xCEBB, 0xBE39, 0xADD8, 0xADF8, 0xADF8,
  0xADF8, 0xADF8, 0xADF8, 0xADF8, 0xADF8, 0xADD8, 0xC67A, 0xDF1D, 0xCEBB, 0xF81F,
  0xF81F, 0xCEBB, 0xDF1D, 0xBE59, 0xADD7, 0xADD7, 0xADD7, 0xADD7, 0xADD7, 0xADD7,
  0xADD7, 0xADD7, 0xADD7, 0xADB7, 0xBE39, 0xC69B, 0x9D56, 0x9536, 0x9536, 0x9536,
  0x9536, 0x9536, 0x9536, 0x9536, 0x9536, 0xBE5A, 0xC67A, 0xADB7, 0xADD7, 0xADD7,
  0xADD7, 0xADD7, 0xADD7, 0xADD7, 0xADD7, 0xADB7, 0xBE39, 0xDF1D, 0xCEBB, 0xF81F,
  0xCE9B, 0xCEBB, 0xCEBB, 0xC69A, 0xBE39, 0xBE19, 0xBE19, 0xBE19, 0xBE19, 0xBE19,
  0xBE19, 0xBE19, 0xBE19, 0xBE39, 0xCEBB, 0xBE39, 0x9536, 0x9D56, 0x9D56, 0x9D56,
  0x9D56, 0x9D56, 0x9D56, 0x9D56, 0x9535, 0xB619, 0xCEBB, 0xBE39, 0xBE19, 0xBE19,
  0xBE19, 0xBE19, 0xBE19, 0xBE19, 0xBE19, 0xB639, 0xC67A, 0xCEBB, 0xCEBB, 0xCE9B,
  0xD6DC, 0xDF1D, 0xCEBB, 0xD6DC, 0xD6DC, 0xD6DC, 0xD6DC, 0xD6DC, 0xD6DC, 0xD6DC,
  0xD6DC, 0xD6DC, 0xD6DC, 0xD6DC, 0xD6DC, 0xC67A, 0xA5B7, 0xADB8, 0xADB8, 0xADB8,
  0xADB8, 0xADB8, 0xADB8, 0xADB8, 0xA5B7, 0xBE5A, 0xD6DC, 0xD6DC, 0xD6DC, 0xD6DC,
  0xD6DC, 0xD6DC, 0xD6DC, 0xD6DC, 0xD6DC, 0xD6DC, 0xD6DC, 0xCEBB, 0xDF1D, 0xD6DC,
  0xC65A, 0xC67A, 0xC67A, 0xC67A, 0xC67A, 0xC67A, 0xC67A, 0xC67A, 0xC67A, 0xC67A,
  0xC67A, 0xC67A, 0xC67A, 0xC67A, 0xC67A, 0xC67A, 0xC67A, 0xC67A, 0xC67A, 0xC67A,
  0xC67A, 0xC67A, 0xC67A, 0xC67A, 0xC67A, 0xC67A, 0xC67A, 0xC67A, 0xC67A, 0xC67A,
  0xC67A, 0xC67A, 0xC67A, 0xC67A, 0xC67A, 0xC67A, 0xC67A, 0xC67A, 0xC67A, 0xC65A,
  0x9D56, 0x9D56, 0x9536, 0x9D56, 0x9556, 0x9556, 0x9556, 0x9556, 0x9556, 0x9556,
  0x9556, 0x9556, 0x9556, 0x9556, 0x9D56, 0x9556, 0x9556, 0x9556, 0x9556, 0x9556,
  0x9556, 0x9556, 0x9556, 0x9556, 0x9556, 0x9556, 0x9556, 0x9556, 0x9556, 0x9556,
  0x9556, 0x9556, 0x9556, 0x9556, 0x9556, 0x9556, 0x9D56, 0x9536, 0x9D56, 0x9D36,
  0x9D56, 0x9D77, 0x9D76, 0x9D56, 0x9D56, 0x9D56, 0x9D56, 0x9D56, 0x9D56, 0x9D56,
  0x9D56, 0x9D56, 0x9D56, 0x9D56, 0x9D56, 0x9D56, 0x9D56, 0x9D56, 0x9D56, 0x9D56,
  0x9D56, 0x9D56, 0x9D56, 0x9D56, 0x9D56, 0x9D56, 0x9D56, 0x9D56, 0x9D56, 0x9D56,
  0x9D56, 0x9D56, 0x9D56, 0x9D56, 0x9D56, 0x9D56, 0x9D56, 0x9D76, 0x9D77, 0x9D56
};

static const uint16_t kEmoji_bug[1600] PROGMEM = {
  0xF81F, 0xF81F, 0xF81F, 0xF81F, 0xF81F, 0xAC7A, 0xB4BC, 0xAC5B, 0xF81F, 0xF81F,
  0xF81F, 0xF81F, 0xF81F, 0xF81F, 0xF81F, 0xF81F, 0xF81F, 0xF81F, 0xF81F, 0xF81F,
  0xF81F, 0xF81F, 0xF81F, 0xF81F, 0xF81F, 0xF81F, 0xF81F, 0xF81F, 0xF81F, 0xF81F,
  0xF81F, 0xF81F, 0xF81F, 0xF81F, 0xF81F, 0xF81F, 0xF81F, 0xF81F, 0xF81F, 0xF81F,
  0xF81F, 0xA45A, 0x9C3A, 0xF81F, 0xF81F, 0xAC7B, 0xB49B, 0xB4DC, 0xAC7B, 0xF81F,
  0xF81F, 0xF81F, 0xF81F, 0xF81F, 0xF81F, 0xF81F, 0xF81F, 0xF81F, 0xF81F, 0xF81F,
  0xF81F, 0xF81F, 0xF81F, 0xF81F, 0xF81F, 0xF81F, 0xF81F, 0xF81F, 0xF81F, 0xF81F,
  0xF81F, 0xF81F, 0xF81F, 0xF81F, 0xF81F, 0xF81F, 0xF81F, 0xF81F, 0xF81F, 0xF81F,
  0xA45A, 0xAC9B, 0xAC9B, 0xAC9A, 0xF81F, 0x9399, 0xA41A, 0xAC5B, 0xA3FA, 0x9339,
  0x9359, 0xF81F, 0xF81F, 0xF81F, 0xF81F, 0xF81F, 0xF81F, 0xF81F, 0xF81F, 0xF81F,
  0xF81F, 0xF81F, 0xF81F, 0xF81F, 0xF81F, 0xF81F, 0xF81F, 0xF81F, 0xF81F, 0xF81F,
  0xF81F, 0xF81F, 0xF81F, 0xF81F, 0xF81F, 0xF81F, 0xF81F, 0xF81F, 0xF81F, 0xF81F,
  0xAC5B, 0xB4BC, 0xB49C, 0x9BDA, 0x9339, 0x9339, 0x8AF9, 0x82B8, 0x8B19, 0x9B7A,
  0x935A, 0x9339, 0x9339, 0x9339, 0xF81F, 0xF81F, 0xF81F, 0xF81F, 0xF81F, 0xF81F,
  0xF81F, 0xF81F, 0xF81F, 0xF81F, 0xF81F, 0xF81F, 0xF81F, 0xF81F, 0xF81F, 0xF81F,
  0xF81F, 0xF81F, 0xF81F, 0xF81F, 0xF81F, 0xF81F, 0xF81F, 0xF81F, 0xF81F, 0xF81F,
  0xF81F, 0xAC9A, 0x9BBA, 0x933A, 0x935A, 0x8B19, 0xAC5B, 0xCDDD, 0xA3FA, 0x8B19,
  0x9339, 0x935A, 0x9B5A, 0x9B5A, 0x935A, 0x935A, 0xF81F, 0xF81F, 0xF81F, 0xF81F,
  0xF81F, 0xF81F, 0xF81F, 0xF81F, 0xF81F, 0xF81F, 0xF81F, 0xF81F, 0xF81F, 0xF81F,
  0xF81F, 0xF81F, 0xF81F, 0xF81F, 0xF81F, 0xF81F, 0xF81F, 0xF81F, 0xF81F, 0xF81F,
  0xF81F, 0x9319, 0x933A, 0x9339, 0x9339, 0x8B19, 0xE6BE, 0xFFFF, 0xD61D, 0x8AF9,
  0x9339, 0x9339, 0x9339, 0x9339, 0x935A, 0x9B5A, 0x9339, 0xF81F, 0xF81F, 0xF81F,
  0xF81F, 0xF81F, 0xF81F, 0xF81F, 0xF81F, 0xF81F, 0xF81F, 0xF81F, 0xF81F, 0xF81F,
  0xF81F, 0xF81F, 0xF81F, 0xF81F, 0xF81F, 0xF81F, 0xF81F, 0xF81F, 0xF81F, 0xF81F,
  0xF81F, 0x9339, 0x9B7B, 0x9339, 0x9339, 0x8B19, 0xB4BB, 0xDE5D, 0xAC5A, 0x8B19,
  0x9339, 0x9339, 0x9339, 0x9339, 0x9339, 0x9339, 0x9B7B, 0x935A, 0xF81F, 0xF81F,
  0xF81F, 0xF81F, 0xF81F, 0xF81F, 0xF81F, 0xF81F, 0xF81F, 0xF81F, 0xF81F, 0xF81F,
  0xF81F, 0xF81F, 0xF81F, 0xF81F, 0xF81F, 0xF81F, 0xF81F, 0xF81F, 0xF81F, 0xF81F,
  0xF81F, 0x9339, 0x9B5A, 0x9339, 0x9339, 0x9339, 0x8B19, 0x8AD9, 0x8B19, 0x9339,
  0x9339, 0x9339, 0x9339, 0x9339, 0x9339, 0x9339, 0x9339, 0x9B7B, 0x9339, 0xF81F,
  0xF81F, 0xF81F, 0xF81F, 0xF81F, 0xF81F, 0xF81F, 0xF81F, 0xF81F, 0xF81F, 0xF81F,
  0xF81F, 0xF81F, 0xF81F, 0xF81F, 0xF81F, 0xF81F, 0xF81F, 0xF81F, 0xF81F, 0xF81F,
  0xF81F, 0x9339, 0x9B5A, 0x9339, 0x9339, 0x9339, 0x9339, 0x9359, 0x9339, 0x9339,
  0x9339, 0x9339, 0x9339, 0x9339, 0x9339, 0x9339, 0x9339, 0x8B39, 0x933A, 0x8B39,
  0xF81F, 0xF81F, 0xF81F, 0xF81F, 0xF81F, 0xF81F, 0xF81F, 0xF81F, 0xF81F, 0xF81F,
  0xF81F, 0xF81F, 0xF81F, 0xF81F, 0xF81F, 0xF81F, 0xF81F, 0xF81F, 0xF81F, 0xF81F,
  0xF81F, 0x9339, 0x9B7B, 0x9339, 0x9339, 0x9339, 0x9339, 0x9339, 0x9339, 0x9339,
  0x9339, 0x9339, 0x9339, 0x9339, 0x9339, 0x9339, 0x9339, 0x7A96, 0x7254, 0x8AF8,
  0x9B7A, 0xF81F, 0xF81F, 0xF81F, 0xF81F, 0xF81F, 0xF81F, 0xF81F, 0xF81F, 0xF81F,
  0xF81F, 0xF81F, 0xF81F, 0xF81F, 0xF81F, 0xF81F, 0xF81F, 0xF81F, 0xF81F, 0xF81F,
  0xF81F, 0xF81F, 0x9339, 0x9B5A, 0x9339, 0x9339, 0x9339, 0x9339, 0x9339, 0x9339,
  0x9339, 0x9339, 0x9339, 0x9339, 0x9359, 0x8B19, 0x7AB6, 0x7275, 0x7254, 0x8B19,
  0x9339, 0xF81F, 0xF81F, 0xF81F, 0xF81F, 0xF81F, 0xF81F, 0xF81F, 0xF81F, 0xF81F,
  0xF81F, 0xF81F, 0xF81F, 0xF81F, 0xF81F, 0xF81F, 0xF81F, 0xF81F, 0xF81F, 0xF81F,
  0xF81F, 0xF81F, 0x9339, 0x935A, 0x9B7B, 0x9B5A, 0x9B5A, 0x9B5A, 0x9B5A, 0x935A,
  0x9339, 0x9339, 0x9339, 0x8B39, 0x82D7, 0x7295, 0x7275, 0x7275, 0x82D7, 0x9339,
  0x935A, 0x9339, 0xF81F, 0xF81F, 0xF81F, 0xF81F, 0xF81F, 0xF81F, 0xF81F, 0xF81F,
  0xF81F, 0xF81F, 0xF81F, 0xF81F, 0xF81F, 0xF81F, 0xF81F, 0xF81F, 0xF81F, 0xF81F,
  0xF81F, 0xF81F, 0xF81F, 0xF81F, 0x9359, 0x9339, 0x9339, 0x9339, 0x9339, 0x9339,
  0x9B5A, 0x9339, 0x82D7, 0x7295, 0x7275, 0x7274, 0x7275, 0x82D7, 0x9339, 0x9339,
  0x9B7A, 0x9339, 0xF81F, 0xF81F, 0xF81F, 0xF81F, 0xF81F, 0xF81F, 0xF81F, 0xF81F,
  0xF81F, 0xF81F, 0xF81F, 0xF81F, 0xF81F, 0xF81F, 0xF81F, 0xF81F, 0xF81F, 0xF81F,
  0xF81F, 0xF81F, 0xF81F, 0xF81F, 0xF81F, 0xF81F, 0xF81F, 0xF81F, 0xF81F, 0xF81F,
  0x9359, 0x8B19, 0x7254, 0x7254, 0x7275, 0x7AB6, 0x8B18, 0x9339, 0x9339, 0x9339,
  0x935A, 0x9339, 0xF81F, 0xF81F, 0xF81F, 0xF81F, 0xF81F, 0xF81F, 0xF81F, 0xF81F,
  0xF81F, 0xF81F, 0xF81F, 0xF81F, 0xF81F, 0xF81F, 0xF81F, 0xF81F, 0xF81F, 0xF81F,
  0xF81F, 0xF81F, 0xF81F, 0xF81F, 0xF81F, 0xF81F, 0xF81F, 0xF81F, 0xF81F, 0xF81F,
  0xF81F, 0x9339, 0x8AF8, 0x82D7, 0x8B18, 0x9339, 0x9339, 0x9339, 0x9339, 0x9339,
  0x9339, 0x9B5A, 0x9339, 0xF81F, 0xF81F, 0xF81F, 0xF81F, 0xF81F, 0xF81F, 0xF81F,
  0xF81F, 0xF81F, 0xF81F, 0xF81F, 0xF81F, 0xF81F, 0xF81F, 0xF81F, 0xF81F, 0xF81F,
  0xF81F, 0xF81F, 0xF81F, 0xF81F, 0xF81F, 0xF81F, 0xF81F, 0xF81F, 0xF81F, 0xF81F,
  0xF81F, 0x9339, 0x9B7A, 0x9339, 0x9339, 0x9339, 0x9339, 0x9339, 0x9339, 0x8AF8,
  0x7A96, 0x8AF8, 0x9339, 0xF81F, 0xF81F, 0xF81F, 0xF81F, 0xF81F, 0xF81F, 0xF81F,
  0xF81F, 0xF81F, 0xF81F, 0xF81F, 0xF81F, 0xF81F, 0xF81F, 0xF81F, 0xF81F, 0xF81F,
  0xF81F, 0xF81F, 0xF81F, 0xF81F, 0xF81F, 0xF81F, 0xF81F, 0xF81F, 0xF81F, 0xF81F,
  0xF81F, 0xF81F, 0x9339, 0x935A, 0x9339, 0x9339, 0x9339, 0x8B18, 0x7AB6, 0x7275,
  0x7254, 0x7A96, 0x8B19, 0xF81F, 0xF81F, 0xF81F, 0xF81F, 0xF81F, 0xF81F, 0xF81F,
  0xF81F, 0xF81F, 0xF81F, 0xF81F, 0xF81F, 0xF81F, 0xF81F, 0xF81F, 0xF81F, 0xF81F,
  0xF81F, 0xF81F, 0xF81F, 0xF81F, 0xF81F, 0xF81F, 0xF81F, 0xF81F, 0xF81F, 0xF81F,
  0xF81F, 0x6A54, 0x8AF8, 0x9359, 0x8AF8, 0x82D7, 0x7AB6, 0x7275, 0x7274, 0x7275,
  0x7A95, 0x8AF8, 0x9B5A, 0x9319, 0xF81F, 0xF81F, 0xF81F, 0xF81F, 0xF81F, 0xF81F,
  0xF81F, 0xF81F, 0xF81F, 0xF81F, 0xF81F, 0xF81F, 0xF81F, 0xF81F, 0xF81F, 0xF81F,
  0xF81F, 0xF81F, 0xF81F, 0xF81F, 0xF81F, 0xF81F, 0xF81F, 0xF81F, 0xF81F, 0xF81F,
  0x7275, 0x7AB7, 0x7AB6, 0x8B18, 0x7275, 0x7274, 0x7274, 0x7275, 0x7295, 0x82D7,
  0x9339, 0x9339, 0x9B7B, 0x9339, 0xF81F, 0xF81F, 0xF81F, 0xF81F, 0xF81F, 0xF81F,
  0xF81F, 0xF81F, 0xF81F, 0xF81F, 0xF81F, 0xF81F, 0xF81F, 0xF81F, 0xF81F, 0xF81F,
  0xF81F, 0xF81F, 0xF81F, 0xF81F, 0xF81F, 0xF81F, 0xF81F, 0xF81F, 0xF81F, 0xF81F,
  0xF81F, 0x7275, 0x7275, 0x8AF8, 0x7AB6, 0x7A95, 0x7AB6, 0x82F7, 0x8B39, 0x9359,
  0x9339, 0x9339, 0x935A, 0x9339, 0xF81F, 0xF81F, 0xF81F, 0xF81F, 0xF81F, 0xF81F,
  0xF81F, 0xF81F, 0xF81F, 0xF81F, 0xF81F, 0xF81F, 0xF81F, 0xF81F, 0xF81F, 0xF81F,
  0xF81F, 0xF81F, 0xF81F, 0xF81F, 0xF81F, 0xF81F, 0xF81F, 0xF81F, 0xF81F, 0xF81F,
  0xF81F, 0xF81F, 0xF81F, 0x9339, 0x9B5A, 0x9339, 0x9339, 0x9359, 0x9339, 0x9339,
  0x9339, 0x9339, 0x9339, 0x9339, 0x935A, 0xF81F, 0xF81F, 0xF81F, 0xF81F, 0xF81F,
  0xF81F, 0xF81F, 0xF81F, 0xF81F, 0xF81F, 0xF81F, 0xF81F, 0xF81F, 0xF81F, 0xF81F,
  0xF81F, 0xF81F, 0xF81F, 0xF81F, 0xF81F, 0xF81F, 0xF81F, 0xF81F, 0xF81F, 0xF81F,
  0xF81F, 0xF81F, 0xF81F, 0x9359, 0x9359, 0x9339, 0x9339, 0x9339, 0x9339, 0x9339,
  0x9359, 0x8B18, 0x7295, 0x82F8, 0x9339, 0xF81F, 0xF81F, 0xF81F, 0xF81F, 0xF81F,
  0xF81F, 0xF81F, 0xF81F, 0xF81F, 0xF81F, 0xF81F, 0xF81F, 0xF81F, 0xF81F, 0xF81F,
  0xF81F, 0xF81F, 0xF81F, 0xF81F, 0xF81F, 0xF81F, 0xF81F, 0xF81F, 0xF81F, 0xF81F,
  0xF81F, 0xF81F, 0xF81F, 0xF81F, 0x9339, 0x935A, 0x9339, 0x9339, 0x9359, 0x9339,
  0x82D7, 0x7275, 0x7254, 0x7AB6, 0x8B19, 0xF81F, 0xF81F, 0xF81F, 0xF81F, 0xF81F,
  0xF81F, 0xF81F, 0xF81F, 0xF81F, 0xF81F, 0xF81F, 0xF81F, 0xF81F, 0xF81F, 0xF81F,
  0xF81F, 0xF81F, 0xF81F, 0xF81F, 0xF81F, 0xF81F, 0xF81F, 0xF81F, 0xF81F, 0xF81F,
  0xF81F, 0xF81F, 0xF81F, 0x7274, 0x8AF8, 0x9359, 0x9339, 0x8B18, 0x82F7, 0x7A96,
  0x7275, 0x7275, 0x7295, 0x8AF8, 0x935A, 0x8B39, 0xF81F, 0xF81F, 0xF81F, 0xF81F,
  0xF81F, 0xF81F, 0xF81F, 0xF81F, 0xF81F, 0xF81F, 0xF81F, 0xF81F, 0xF81F, 0xF81F,
  0xF81F, 0xF81F, 0xF81F, 0xF81F, 0xF81F, 0xF81F, 0xF81F, 0xF81F, 0xF81F, 0xF81F,
  0xF81F, 0xF81F, 0xF81F, 0x7274, 0x8AF8, 0x8B19, 0x7A95, 0x7275, 0x7275, 0x7274,
  0x7275, 0x7AB6, 0x8B18, 0x9339, 0x9B5A, 0x9339, 0xF81F, 0xF81F, 0xF81F, 0xF81F,
  0xF81F, 0xF81F, 0xF81F, 0xF81F, 0xF81F, 0xF81F, 0xF81F, 0xF81F, 0xF81F, 0xF81F,
  0xF81F, 0xF81F, 0xF81F, 0xF81F, 0xF81F, 0xF81F, 0xF81F, 0xF81F, 0xF81F, 0xF81F,
  0xF81F, 0xF81F, 0xF81F, 0x6A54, 0x7A96, 0x82F8, 0x7275, 0x7275, 0x7275, 0x7AB6,
  0x8AF8, 0x9339, 0x9339, 0x9339, 0x8B18, 0x935A, 0x9339, 0xF81F, 0xF81F, 0xF81F,
  0xF81F, 0xF81F, 0xF81F, 0xF81F, 0xF81F, 0xF81F, 0xF81F, 0xF81F, 0xF81F, 0xF81F,
  0xF81F, 0xF81F, 0xF81F, 0xF81F, 0xF81F, 0xF81F, 0xF81F, 0xF81F, 0xF81F, 0xF81F,
  0xF81F, 0xF81F, 0xF81F, 0xF81F, 0xF81F, 0x9339, 0x9339, 0x8AF8, 0x8B19, 0x9339,
  0x9339, 0x9339, 0x9339, 0x8B18, 0x7295, 0x7295, 0x8B19, 0x9359, 0xF81F, 0xF81F,
  0xF81F, 0xF81F, 0xF81F, 0xF81F, 0xF81F, 0xF81F, 0xF81F, 0xF81F, 0xF81F, 0xF81F,
  0xF81F, 0xF81F, 0xF81F, 0xF81F, 0xF81F, 0xF81F, 0xF81F, 0xF81F, 0xF81F, 0xF81F,
  0xF81F, 0xF81F, 0xF81F, 0xF81F, 0xF81F, 0x933A, 0x935A, 0x9359, 0x9339, 0x9339,
  0x9339, 0x9339, 0x8B19, 0x7A95, 0x7275, 0x7275, 0x8B19, 0x9B5A, 0x9339, 0x9359,
  0x9339, 0x9339, 0x9359, 0x9359, 0x9339, 0x9339, 0x9339, 0xF81F, 0xF81F, 0xF81F,
  0xF81F, 0xF81F, 0xF81F, 0xF81F, 0xF81F, 0xF81F, 0xF81F, 0xF81F, 0xF81F, 0xF81F,
  0xF81F, 0xF81F, 0xF81F, 0xF81F, 0xF81F, 0xF81F, 0x9339, 0x9B7B, 0x9339, 0x9339,
  0x9339, 0x8AF8, 0x7295, 0x7275, 0x7275, 0x82F7, 0x9359, 0x82D7, 0x82D7, 0x933A,
  0x9B7A, 0x9B7A, 0x8B18, 0x82B7, 0x9339, 0x9B5A, 0x9B7B, 0x9339, 0xF81F, 0xF81F,
  0xF81F, 0xF81F, 0xF81F, 0xF81F, 0xF81F, 0xF81F, 0xF81F, 0xF81F, 0xF81F, 0xF81F,
  0xF81F, 0xF81F, 0xF81F, 0xF81F, 0xF81F, 0xF81F, 0x933A, 0x935A, 0x9359, 0x82F8,
  0x7A96, 0x7275, 0x7275, 0x7275, 0x82D7, 0x9339, 0x9339, 0x7A95, 0x6A54, 0x82D7,
  0x9359, 0x9339, 0x7295, 0x6A54, 0x7AB6, 0x9339, 0x9339, 0x9B7B, 0x9339, 0xF81F,
  0xF81F, 0xF81F, 0xF81F, 0xF81F, 0xF81F, 0xF81F, 0xF81F, 0xF81F, 0xF81F, 0xF81F,
  0xF81F, 0xF81F, 0xF81F, 0xF81F, 0xF81F, 0xF81F, 0xF81F, 0x9339, 0x9B5B, 0x7274,
  0x7274, 0x7275, 0x7A96, 0x8B18, 0x9339, 0x9339, 0x8B39, 0x7A95, 0x7274, 0x82F7,
  0x9359, 0x9339, 0x82D7, 0x7275, 0x7275, 0x8B18, 0x9339, 0x935A, 0x9339, 0xF81F,
  0xF81F, 0xF81F, 0xF81F, 0xF81F, 0xF81F, 0xF81F, 0xF81F, 0xF81F, 0xF81F, 0xF81F,
  0xF81F, 0xF81F, 0xF81F, 0xF81F, 0xF81F, 0xF81F, 0xF81F, 0xF81F, 0x9339, 0x8AF8,
  0x7A96, 0x82F7, 0x9339, 0x9339, 0x9339, 0x9339, 0x8B18, 0x7275, 0x7275, 0x8AF8,
  0x9339, 0x9339, 0x9339, 0x7A95, 0x7274, 0x82D7, 0x9339, 0x9339, 0x9339, 0x9339,
  0xF81F, 0xF81F, 0xF81F, 0xF81F, 0xF81F, 0xF81F, 0xF81F, 0xF81F, 0xF81F, 0xF81F,
  0xF81F, 0xF81F, 0xF81F, 0xF81F, 0xF81F, 0xF81F, 0xF81F, 0xF81F, 0x9339, 0x935A,
  0x9B5A, 0x9339, 0x9339, 0x9339, 0x9339, 0x9339, 0x82D7, 0x7274, 0x7295, 0x9339,
  0x9339, 0x9339, 0x9359, 0x7AB6, 0x7254, 0x7AB6, 0x9339, 0x9339, 0x9339, 0x9339,
  0xF81F, 0xF81F, 0xF81F, 0xF81F, 0xF81F, 0xF81F, 0xF81F, 0xF81F, 0xF81F, 0xF81F,
  0xF81F, 0xF81F, 0xF81F, 0xF81F, 0xF81F, 0xF81F, 0xF81F, 0xF81F, 0xF81F, 0x8B39,
  0x935A, 0x9339, 0x9339, 0x9339, 0x9339, 0x8B18, 0x7295, 0x7275, 0x7AB6, 0x9339,
  0x9339, 0x9339, 0x9359, 0x82D7, 0x7274, 0x7A96, 0x9339, 0x935A, 0x9339, 0xF81F,
  0xF81F, 0xF81F, 0xF81F, 0xF81F, 0xF81F, 0xF81F, 0xF81F, 0xF81F, 0xF81F, 0xF81F,
  0xF81F, 0xF81F, 0xF81F, 0xF81F, 0xF81F, 0xF81F, 0xF81F, 0xF81F, 0xF81F, 0xF81F,
  0x82F7, 0x9319, 0x9359, 0x9339, 0x9339, 0x7A96, 0x7274, 0x7275, 0x8B18, 0x9339,
  0x9339, 0x9339, 0x9359, 0x7AB6, 0x7274, 0x7AB6, 0x9339, 0x9B7B, 0x9339, 0xF81F,
  0xF81F, 0xF81F, 0xF81F, 0xF81F, 0xF81F, 0xF81F, 0xF81F, 0xF81F, 0xF81F, 0xF81F,
  0xF81F, 0xF81F, 0xF81F, 0xF81F, 0xF81F, 0xF81F, 0xF81F, 0xF81F, 0xF81F, 0xF81F,
  0x6A54, 0x7A96, 0x82F7, 0x935A, 0x9B7B, 0x82D7, 0x7275, 0x82F7, 0x9339, 0x9339,
  0x9339, 0x9339, 0x9339, 0x7A96, 0x6A54, 0x82D7, 0x9B7B, 0x9339, 0xF81F, 0xF81F,
  0xF81F, 0xF81F, 0xF81F, 0xF81F, 0xF81F, 0xF81F, 0xF81F, 0xF81F, 0xF81F, 0xF81F,
  0xF81F, 0xF81F, 0xF81F, 0xF81F, 0xF81F, 0xF81F, 0xF81F, 0xF81F, 0xF81F, 0xF81F,
  0x7275, 0x7A96, 0x7A96, 0x7AB6, 0x9339, 0x9339, 0x935A, 0x9339, 0x9339, 0x9339,
  0x9B5A, 0x9B5A, 0x9B7B, 0x8B18, 0x7AB6, 0x8B18, 0x9339, 0xF81F, 0xF81F, 0xF81F,
  0xF81F, 0xF81F, 0xF81F, 0xF81F, 0xF81F, 0xF81F, 0xF81F, 0xF81F, 0xF81F, 0xF81F,
  0xF81F, 0xF81F, 0xF81F, 0xF81F, 0xF81F, 0xF81F, 0xF81F, 0xF81F, 0xF81F, 0xF81F,
  0xF81F, 0x7275, 0x7A95, 0xF81F, 0xF81F, 0x8B19, 0x8AF8, 0x82F7, 0x8B18, 0x8B18,
  0x9339, 0x9339, 0x9339, 0x8AF8, 0x82F8, 0x7A96, 0x6233, 0xF81F, 0xF81F, 0xF81F,
  0xF81F, 0xF81F, 0xF81F, 0xF81F, 0xF81F, 0xF81F, 0xF81F, 0xF81F, 0xF81F, 0xF81F,
  0xF81F, 0xF81F, 0xF81F, 0xF81F, 0xF81F, 0xF81F, 0xF81F, 0xF81F, 0xF81F, 0xF81F,
  0xF81F, 0xF81F, 0xF81F, 0xF81F, 0xF81F, 0xF81F, 0xF81F, 0x7274, 0x7A96, 0x7274,
  0xF81F, 0xF81F, 0xF81F, 0xF81F, 0x7275, 0x7274, 0xF81F, 0xF81F, 0xF81F, 0xF81F,
  0xF81F, 0xF81F, 0xF81F, 0xF81F, 0xF81F, 0xF81F, 0xF81F, 0xF81F, 0xF81F, 0xF81F,
  0xF81F, 0xF81F, 0xF81F, 0xF81F, 0xF81F, 0xF81F, 0xF81F, 0xF81F, 0xF81F, 0xF81F,
  0xF81F, 0xF81F, 0xF81F, 0xF81F, 0xF81F, 0xF81F, 0xF81F, 0x7295, 0x7A96, 0x7275,
  0xF81F, 0xF81F, 0xF81F, 0xF81F, 0xF81F, 0xF81F, 0xF81F, 0xF81F, 0xF81F, 0xF81F
};

static const uint16_t kEmoji_coffee[1600] PROGMEM = {
  0xF81F, 0xF81F, 0xF81F, 0xF81F, 0xF81F, 0xF81F, 0xF81F, 0xF81F, 0xF81F, 0xF81F,
  0xF81F, 0xF81F, 0xDCF0, 0xE531, 0xDD10, 0xCD11, 0xF81F, 0xF81F, 0xF81F, 0xF81F,
  0xF81F, 0xF81F, 0xF81F, 0xF81F, 0xF81F, 0xF81F, 0xF81F, 0xF81F, 0xF81F, 0xF81F,
  0xF81F, 0xF81F, 0xF81F, 0xF81F, 0xF81F, 0xF81F, 0xF81F, 0xF81F, 0xF81F, 0xF81F,
  0xF81F, 0xF81F, 0xF81F, 0xF81F, 0xF81F, 0xF81F, 0xF81F, 0xF81F, 0xF81F, 0xF81F,
  0xF81F, 0xF81F, 0xD4F0, 0xED71, 0xE530, 0xDD10, 0xD511, 0xF81F, 0xF81F, 0xDD10,
  0xDCF0, 0xDCF0, 0xF81F, 0xF81F, 0xF81F, 0xF81F, 0xF81F, 0xF81F, 0xF81F, 0xF81F,
  0xF81F, 0xF81F, 0xF81F, 0xF81F, 0xF81F, 0xF81F, 0xF81F, 0xF81F, 0xF81F, 0xF81F,
  0xF81F, 0xF81F, 0xF81F, 0xF81F, 0xF81F, 0xF81F, 0xF81F, 0xF81F, 0xF81F, 0xF81F,
  0xF81F, 0xF81F, 0xF81F, 0xDD31, 0xDCF0, 0xE530, 0xDD10, 0xF81F, 0xCD31, 0xE530,
  0xE530, 0xE551, 0xD4F0, 0xF81F, 0xF81F, 0xF81F, 0xF81F, 0xD6FC, 0xD6FC, 0xCEDB,
  0xCEBB, 0xCEBB, 0xCEBB, 0xCEDB, 0xCEBB, 0xC67A, 0xF81F, 0xF81F, 0xF81F, 0xF81F,
  0xF81F, 0xF81F, 0xF81F, 0xF81F, 0xF81F, 0xF81F, 0xF81F, 0xF81F, 0xF81F, 0xF81F,
  0xF81F, 0xF81F, 0xF81F, 0xF81F, 0xD511, 0xDD10, 0xE531, 0xD511, 0xF81F, 0xD5B4,
  0xDD11, 0xDCF0, 0xE531, 0xD510, 0xF81F, 0xCEBB, 0xCEBB, 0xCEBB, 0xDF1D, 0xD71D,
  0xDF3D, 0xDF3D, 0xDF3D, 0xD6FC, 0xD71D, 0xD6FC, 0xCE9B, 0xF81F, 0xF81F, 0xF81F,
  0xF81F, 0xF81F, 0xF81F, 0xF81F, 0xF81F, 0xF81F, 0xF81F, 0xF81F, 0xF81F, 0xF81F,
  0xF81F, 0xD6FC, 0xCEBB, 0xCEBB, 0xCEDC, 0xD553, 0xDCCF, 0xD574, 0xCEBB, 0xCEDC,
  0xCE7A, 0xD531, 0xDCEF, 0xD511, 0xCEBB, 0xD6FC, 0xDF1D, 0xCEDB, 0xCEBB, 0xCEBB,
  0xCEBB, 0xCEBB, 0xCEBB, 0xD71D, 0xCEDB, 0xCEBB, 0xDF5E, 0xCE9A, 0xF81F, 0xF81F,
  0xF81F, 0xF81F, 0xF81F, 0xF81F, 0xF81F, 0xF81F, 0xF81F, 0xF81F, 0xCEBB, 0xCEBB,
  0xCEBB, 0xCEBB, 0xD6FC, 0xDF3D, 0xDF3D, 0xD573, 0xDCAF, 0xDDD5, 0xD73E, 0xD6FC,
  0xD73E, 0xD659, 0xDCEF, 0xDD10, 0xD69A, 0xCEDC, 0xCE9B, 0xCEBB, 0xCEBB, 0xCEBB,
  0xCEDC, 0xCEDB, 0xCE7A, 0xCEBB, 0xCEDC, 0xD6DC, 0xCEDB, 0xD6FC, 0xD6BB, 0xF81F,
  0xF81F, 0xF81F, 0xF81F, 0xF81F, 0xF81F, 0xF81F, 0xCEDC, 0xCEBB, 0xD6FC, 0xDF1D,
  0xD6FC, 0xD6FC, 0xCEFC, 0xCEDC, 0xCE39, 0xDCF0, 0xDCF0, 0xC4F2, 0xB555, 0xB554,
  0xB554, 0xBD54, 0xD510, 0xDCCF, 0xCDB5, 0xC65A, 0xCEDC, 0xCEFC, 0xD6FC, 0xCEDC,
  0xD6DC, 0xD6DC, 0xCEBB, 0xCE9A, 0xC69B, 0xD6DC, 0xCEBB, 0xDF3D, 0xCEBB, 0xF81F,
  0xF81F, 0xF81F, 0xF81F, 0xF81F, 0xCEBB, 0xD6DC, 0xDF1D, 0xD6FC, 0xCEFC, 0xCEDC,
  0xC639, 0xB554, 0xA40F, 0x934B, 0xC46E, 0xDD10, 0xD4F0, 0x9287, 0x81E5, 0x8205,
  0x81E5, 0x9267, 0xD4CF, 0xDD10, 0xAB8B, 0x8AA8, 0x9B4B, 0xA40F, 0xB555, 0xC639,
  0xCEDC, 0xCEFC, 0xD6FC, 0xDF3D, 0xCEBB, 0xCEBB, 0xCEBB, 0xD71D, 0xCEBB, 0xF81F,
  0xF81F, 0xF81F, 0xF81F, 0xCEBB, 0xD71D, 0xD6DC, 0xCEFC, 0xCEBB, 0xBD75, 0xA3CD,
  0x8A88, 0x8226, 0x8205, 0x9AC8, 0xDCF0, 0xDD30, 0xB3AB, 0x8226, 0x8A67, 0x8A67,
  0x8246, 0xA32A, 0xDD10, 0xDCF0, 0x9B09, 0x8206, 0x8A26, 0x8226, 0x8225, 0x8A88,
  0xA3CD, 0xBD75, 0xCEBB, 0xCEFC, 0xD6DC, 0xCEDB, 0xCEBB, 0xDF1D, 0xCEBB, 0xF81F,
  0xF81F, 0xF81F, 0xCE9A, 0xDF3D, 0xCEBB, 0xCEFC, 0xBDB6, 0x9B4B, 0x8A26, 0x8225,
  0x8A46, 0x8A67, 0x8A47, 0xC42D, 0xE531, 0xCC8E, 0x8A67, 0x8A46, 0x8A67, 0x8A46,
  0x8A67, 0xCC6E, 0xDD31, 0xCC8E, 0x8A67, 0x8A67, 0x8A67, 0x8A67, 0x8A67, 0x8A46,
  0x8225, 0x8A26, 0x9B4B, 0xBDB6, 0xCEFC, 0xCEBB, 0xCEBB, 0xDF3D, 0xCEDB, 0xF81F,
  0xF81F, 0xCEBB, 0xD6FC, 0xCEDB, 0xCEBB, 0xAC91, 0x8A46, 0x8226, 0x8A67, 0x8A67,
  0x8A67, 0x8A46, 0x92A8, 0xD4CF, 0xDD30, 0xAB8B, 0x8226, 0x8A67, 0x8A67, 0x8226,
  0xAB8B, 0xDD10, 0xDD10, 0xA32A, 0x8226, 0x8A67, 0x8A47, 0x8A47, 0x8A47, 0x8A67,
  0x8A67, 0x8A67, 0x8226, 0x8A46, 0xAC91, 0xCEDC, 0xCEBB, 0xDF3D, 0xCE9B, 0xF81F,
  0xF81F, 0xCEBB, 0xDF1D, 0xCEDC, 0xAC50, 0x8205, 0x8A47, 0x8A67, 0x8A47, 0x8A47,
  0x8A67, 0x8226, 0x9AE9, 0xDD10, 0xDCF0, 0x9AE9, 0x8246, 0x8A67, 0x8A46, 0x9287,
  0xD4AF, 0xDD31, 0xC40D, 0x8226, 0x8A67, 0x8A47, 0x8A47, 0x8A47, 0x8A47, 0x8A47,
  0x8A47, 0x8A47, 0x8A67, 0x8A47, 0x8205, 0xAC50, 0xCEDC, 0xD71D, 0xCEBB, 0xF81F,
  0xF81F, 0xCEBB, 0xD71D, 0xBD96, 0x8A26, 0x8A67, 0x8A67, 0x8A47, 0x8A47, 0x8A47,
  0x8A67, 0x8226, 0x9AE9, 0xDD30, 0xD4D0, 0x92A8, 0x8A46, 0x8A67, 0x8226, 0xA34A,
  0xDD10, 0xDD10, 0x9AE8, 0x8226, 0x8A67, 0x8A47, 0x8A47, 0x8A47, 0x8A47, 0x8A47,
  0x8A47, 0x8A47, 0x8A47, 0x8A67, 0x8A67, 0x8A26, 0xBD96, 0xD73D, 0xCEBB, 0xF81F,
  0xF81F, 0xCE9B, 0xDF5E, 0xA3EE, 0x8205, 0x8A67, 0x8A47, 0x8A47, 0x8A47, 0x8A47,
  0x8A67, 0x8A46, 0x92A8, 0xD4CF, 0xDD10, 0xAB8B, 0x8226, 0x8A67, 0x8226, 0xB3AC,
  0xE531, 0xCC6E, 0x8A67, 0x8A46, 0x8A47, 0x8A47, 0x8A47, 0x8A47, 0x8A47, 0x8A47,
  0x8A47, 0x8A47, 0x8A47, 0x8A47, 0x8A67, 0x8205, 0xA3CE, 0xD73E, 0xCE9B, 0xF81F,
  0xF81F, 0xCEBB, 0xDF5E, 0x9BAD, 0x8205, 0x8A67, 0x8A47, 0x8A47, 0x8A47, 0x8A47,
  0x8A47, 0x8A67, 0x8A46, 0xBC0D, 0xDD31, 0xD4CF, 0x9B09, 0x8A46, 0x8226, 0xB3CC,
  0xE551, 0xC42D, 0x8A47, 0x8A67, 0x8A47, 0x8A47, 0x8A47, 0x8A47, 0x8A47, 0x8A47,
  0x8A47, 0x8A47, 0x8A47, 0x8A47, 0x8A67, 0x8205, 0x9B8D, 0xDF3E, 0xCE9B, 0xF81F,
  0xF81F, 0xD6FC, 0xDF5E, 0xA40E, 0x8205, 0x8A67, 0x8A47, 0x8A47, 0x8A47, 0x8A47,
  0x8A47, 0x8A67, 0x8246, 0x9AC8, 0xD4CF, 0xE551, 0xC42D, 0x8226, 0x8226, 0xAB8B,
  0xDD30, 0xD4AF, 0x9288, 0x8246, 0x8A67, 0x8A47, 0x8A47, 0x8A47, 0x8A47, 0x8A47,
  0x8A47, 0x8A47, 0x8A47, 0x8A47, 0x8A67, 0x8205, 0xA40E, 0xDF5E, 0xD6DB, 0xF81F,
  0xF81F, 0xEF7E, 0xDF5E, 0xBDB7, 0x8A47, 0x8A47, 0x8A67, 0x8A47, 0x8A47, 0x8A47,
  0x8A47, 0x8A47, 0x8A67, 0x8226, 0x9B09, 0xC42D, 0xA329, 0x8246, 0x8A46, 0x92C8,
  0xD4CF, 0xDD30, 0xBC0D, 0x8A67, 0x8A47, 0x8A47, 0x8A47, 0x8A47, 0x8A47, 0x8A47,
  0x8A47, 0x8A47, 0x8A47, 0x8A67, 0x8A47, 0x8A47, 0xBDB7, 0xDF5E, 0xE77D, 0xF81F,
  0xF81F, 0xF7DF, 0xEFBF, 0xCEDC, 0xACB2, 0x8205, 0x8A46, 0x8A67, 0x8A47, 0x8A47,
  0x8A47, 0x8A47, 0x8A47, 0x8A67, 0x8246, 0x8226, 0x8246, 0x8A47, 0x8A67, 0x8226,
  0xBBEC, 0xDD30, 0xE531, 0xA32A, 0x8226, 0x8A67, 0x8A47, 0x8A47, 0x8A47, 0x8A47,
  0x8A47, 0x8A47, 0x8A67, 0x8A46, 0x8205, 0xACB2, 0xCEDC, 0xF7DF, 0xEFBE, 0xF81F,
  0xF81F, 0xF7BE, 0xFFFF, 0xDF1C, 0xCEDC, 0xB4F3, 0x8A67, 0x8205, 0x8A47, 0x8A67,
  0x8A67, 0x8A47, 0x8A47, 0x8A47, 0x8A67, 0x8A67, 0x8A67, 0x8A47, 0x8A47, 0x8A47,
  0x8A67, 0xBC0D, 0xD4AF, 0x9AC8, 0x8226, 0x8A67, 0x8A47, 0x8A47, 0x8A47, 0x8A67,
  0x8A67, 0x8A47, 0x8205, 0x8A67, 0xB4F3, 0xCEDC, 0xDF3D, 0xF7DF, 0xEF5E, 0xF81F,
  0xF81F, 0xEFBE, 0xF7DF, 0xFFDF, 0xDF3D, 0xCEFC, 0xC5F8, 0xA3AD, 0x8A47, 0x8205,
  0x8A26, 0x8A67, 0x8A67, 0x8A67, 0x8A67, 0x8A67, 0x8A47, 0x8A47, 0x8A47, 0x8A47,
  0x8A46, 0x8A46, 0x8A46, 0x8A46, 0x8A67, 0x8A67, 0x8A67, 0x8A67, 0x8A67, 0x8A26,
  0x8205, 0x8A47, 0xA3AD, 0xC5F8, 0xCEFC, 0xDF3D, 0xFFFF, 0xF7BF, 0xF81F, 0xF81F,
  0xF81F, 0xF81F, 0xF7BF, 0xFFFF, 0xF7DF, 0xEF7E, 0xD71D, 0xCEDC, 0xBDD7, 0xA42F,
  0x92E9, 0x8A46, 0x8226, 0x8205, 0x8226, 0x8A46, 0x8A47, 0x8A67, 0x8A67, 0x8A67,
  0x8A67, 0x8A67, 0x8A67, 0x8A47, 0x8A46, 0x8226, 0x8205, 0x8226, 0x8A46, 0x92E9,
  0xA42F, 0xBDD7, 0xCEDC, 0xD71D, 0xEF7E, 0xF7DF, 0xFFFF, 0xF7DF, 0xF81F, 0xF81F,
  0xF81F, 0xF81F, 0xEF9E, 0xFFFF, 0xF7BF, 0xF7DF, 0xF7BF, 0xE75D, 0xDF1D, 0xD6FC,
  0xC67A, 0xBDB6, 0xAC71, 0xA3CD, 0x932B, 0x92C9, 0x8A47, 0x8226, 0x8226, 0x8226,
  0x8226, 0x8226, 0x8226, 0x8A47, 0x92C9, 0x932B, 0xA3CD, 0xAC71, 0xBDB6, 0xC67A,
  0xD6FC, 0xDF1D, 0xE75D, 0xF7BF, 0xF7DF, 0xF7BF, 0xFFFF, 0xDF1C, 0xF81F, 0xF81F,
  0xF81F, 0xC69B, 0xE77E, 0xF7BF, 0xF7DF, 0xF7DF, 0xF7DF, 0xFFDF, 0xF7BF, 0xEF7E,
  0xDF3D, 0xD71D, 0xD71D, 0xCEDC, 0xCE9A, 0xC639, 0xBDF7, 0xBDB7, 0xBDB7, 0xBDB7,
  0xBDB7, 0xBDB7, 0xBDB7, 0xBDF7, 0xC639, 0xCE9A, 0xCEDC, 0xD71D, 0xD71D, 0xDF3D,
  0xEF7E, 0xF7BF, 0xFFDF, 0xF7DF, 0xF7DF, 0xF7DF, 0xEF9E, 0xDF3D, 0xCE9B, 0xF81F,
  0xCEBB, 0xD6DC, 0xCEBB, 0xEF7E, 0xF7DF, 0xF7DF, 0xF7DF, 0xF7BF, 0xF7DF, 0xF7DF,
  0xF7DF, 0xF7BF, 0xEF7E, 0xE75D, 0xE73D, 0xDF3D, 0xDF3D, 0xD71D, 0xD71D, 0xD71D,
  0xD71D, 0xD71D, 0xD71D, 0xDF3D, 0xDF3D, 0xE73D, 0xE75D, 0xEF7E, 0xF7BF, 0xF7DF,
  0xF7DF, 0xF7DF, 0xF7BF, 0xF7DF, 0xF7DF, 0xFFDF, 0xDF3D, 0xCEBB, 0xD6DC, 0xCEBB,
  0xCEBB, 0xD6FC, 0xCEBB, 0xDF1D, 0xF7DF, 0xF7DF, 0xF7DF, 0xF7DF, 0xF7DF, 0xF7DF,
  0xF7DF, 0xF7DF, 0xF7DF, 0xFFDF, 0xF7DF, 0xF7DF, 0xF7BF, 0xF7BF, 0xF7BF, 0xF7BF,
  0xF7BF, 0xF7BF, 0xF7BF, 0xF7BF, 0xF7DF, 0xF7DF, 0xFFDF, 0xF7DF, 0xF7DF, 0xF7DF,
  0xF7DF, 0xF7DF, 0xF7DF, 0xF7DF, 0xF7DF, 0xF7BE, 0xCEDB, 0xCEBB, 0xD6FC, 0xCEBB,
  0xCEBB, 0xCEBB, 0xCEBB, 0xCEBB, 0xEF7E, 0xF7DF, 0xF7BF, 0xF7DF, 0xF7DF, 0xF7DF,
  0xF7DF, 0xF7DF, 0xF7DF, 0xF7BF, 0xF7DF, 0xF7DF, 0xF7DF, 0xF7DF, 0xF7DF, 0xF7DF,
  0xF7DF, 0xF7DF, 0xF7DF, 0xF7DF, 0xF7DF, 0xF7DF, 0xF7BF, 0xF7DF, 0xF7DF, 0xF7DF,
  0xF7DF, 0xF7DF, 0xF7DF, 0xF7DF, 0xFFDF, 0xDF3D, 0xCEBB, 0xCEBB, 0xCEBB, 0xCEBB,
  0xCEBB, 0xCEBB, 0xCEBB, 0xCEBB, 0xD6FC, 0xF7DF, 0xF7DF, 0xF7DF, 0xF7DF, 0xF7DF,
  0xF7DF, 0xF7DF, 0xF7DF, 0xF7DF, 0xF7DF, 0xF7DF, 0xF7DF, 0xF7DF, 0xF7DF, 0xF7DF,
  0xF7DF, 0xF7DF, 0xF7DF, 0xF7DF, 0xF7DF, 0xF7DF, 0xF7DF, 0xF7DF, 0xF7DF, 0xF7DF,
  0xF7DF, 0xF7DF, 0xF7BF, 0xF7DF, 0xEF9E, 0xCEBB, 0xCEBB, 0xCEBB, 0xCEBB, 0xCEBB,
  0xCEBB, 0xCEBB, 0xCEBB, 0xCEBB, 0xCEBB, 0xE75D, 0xFFDF, 0xF7BF, 0xF7DF, 0xF7DF,
  0xF7DF, 0xF7DF, 0xF7DF, 0xF7DF, 0xF7DF, 0xF7DF, 0xF7DF, 0xF7DF, 0xF7DF, 0xF7DF,
  0xF7DF, 0xF7DF, 0xF7DF, 0xF7DF, 0xF7DF, 0xF7DF, 0xF7DF, 0xF7DF, 0xF7DF, 0xF7DF,
  0xF7DF, 0xF7DF, 0xF7DF, 0xF7BF, 0xD6DC, 0xCEBB, 0xCEBB, 0xCEBB, 0xCEBB, 0xCEBB,
  0xC67A, 0xCEBB, 0xCEBB, 0xCEBB, 0xCEBB, 0xCEBB, 0xEF7E, 0xF7DF, 0xF7DF, 0xF7DF,
  0xF7DF, 0xF7DF, 0xF7DF, 0xF7DF, 0xF7DF, 0xF7DF, 0xF7DF, 0xF7DF, 0xF7DF, 0xF7DF,
  0xF7DF, 0xF7DF, 0xF7DF, 0xF7DF, 0xF7DF, 0xF7DF, 0xF7DF, 0xF7DF, 0xF7DF, 0xF7DF,
  0xF7DF, 0xF7DF, 0xF7DF, 0xDF1D, 0xCEBB, 0xCEBB, 0xCEBB, 0xCEBB, 0xCEBB, 0xC67A,
  0xB619, 0xCEDB, 0xCEBB, 0xCEBB, 0xCEBB, 0xCEBB, 0xCEDC, 0xEF9E, 0xF7DF, 0xF7DF,
  0xF7DF, 0xF7DF, 0xF7DF, 0xF7DF, 0xF7DF, 0xF7DF, 0xF7DF, 0xF7DF, 0xF7DF, 0xF7DF,
  0xF7DF, 0xF7DF, 0xF7DF, 0xF7DF, 0xF7DF, 0xF7DF, 0xF7DF, 0xF7DF, 0xF7DF, 0xF7DF,
  0xF7DF, 0xF7DF, 0xDF3D, 0xCEBB, 0xCEBB, 0xCEBB, 0xCEBB, 0xCEBB, 0xCEDB, 0xB619,
  0x9D76, 0xC69B, 0xCEDB, 0xCEBB, 0xCEBB, 0xCEBB, 0xCEBB, 0xCEDB, 0xEF7E, 0xFFDF,
  0xF7DF, 0xF7DF, 0xF7DF, 0xF7DF, 0xF7DF, 0xF7DF, 0xF7DF, 0xF7DF, 0xF7DF, 0xF7DF,
  0xF7DF, 0xF7DF, 0xF7DF, 0xF7DF, 0xF7DF, 0xF7DF, 0xF7DF, 0xF7DF, 0xF7DF, 0xF7DF,
  0xF7DF, 0xDF1D, 0xCEBB, 0xCEBB, 0xCEBB, 0xCEBB, 0xCEBB, 0xCEDB, 0xC69B, 0x9D76,
  0x9536, 0xADD8, 0xCE9B, 0xCEBB, 0xCEBB, 0xCEBB, 0xCEBB, 0xCEBB, 0xCEBB, 0xE75D,
  0xF7DF, 0xFFDF, 0xF7DF, 0xF7BF, 0xF7DF, 0xF7DF, 0xF7DF, 0xF7DF, 0xF7DF, 0xF7DF,
  0xF7DF, 0xF7DF, 0xF7DF, 0xF7DF, 0xF7DF, 0xF7DF, 0xF7BF, 0xF7DF, 0xFFDF, 0xF79E,
  0xD6FC, 0xCEBB, 0xCEBB, 0xCEBB, 0xCEBB, 0xCEBB, 0xCEBB, 0xCE9B, 0xADD8, 0x9536,
  0xF81F, 0x9556, 0xADD8, 0xCE9B, 0xCEDB, 0xCEBB, 0xCEBB, 0xCEBB, 0xCEBB, 0xCEBB,
  0xD6FC, 0xEF7E, 0xF7DF, 0xFFDF, 0xF7DF, 0xF7DF, 0xF7DF, 0xF7BF, 0xF7BF, 0xF7BF,
  0xF7BF, 0xF7BF, 0xF7BF, 0xF7DF, 0xF7DF, 0xF7DF, 0xFFDF, 0xF7BE, 0xDF3D, 0xCEBB,
  0xCEBB, 0xCEBB, 0xCEBB, 0xCEBB, 0xCEBB, 0xCEDB, 0xCE9B, 0xADD8, 0x9556, 0xF81F,
  0xF81F, 0x9D76, 0x9D77, 0xA597, 0xC67A, 0xCEDC, 0xCEBB, 0xCEBB, 0xCEBB, 0xCEBB,
  0xCEBB, 0xCEBB, 0xD6FC, 0xE73D, 0xEF9E, 0xF7BF, 0xF7DF, 0xFFDF, 0xFFDF, 0xFFDF,
  0xFFDF, 0xFFDF, 0xFFDF, 0xF7DF, 0xF7BF, 0xEF7E, 0xDF3D, 0xCEDC, 0xCE9B, 0xCEBB,
  0xCEBB, 0xCEBB, 0xCEBB, 0xCEBB, 0xCEDC, 0xC67A, 0xA597, 0x9D77, 0x9D76, 0xF81F,
  0xF81F, 0xF81F, 0x9D76, 0x9D77, 0x9D77, 0xADF8, 0xCE9B, 0xCEDB, 0xCEDB, 0xCEBB,
  0xCEBB, 0xCEBB, 0xCEBB, 0xCEBB, 0xCEBB, 0xD6FC, 0xDF1C, 0xDF3D, 0xDF3D, 0xDF3D,
  0xDF3D, 0xDF3D, 0xDF3D, 0xD6FC, 0xCEDB, 0xCEBB, 0xCEBB, 0xCEBB, 0xCEBB, 0xCEBB,
  0xCEBB, 0xCEDB, 0xCEDB, 0xCE9B, 0xADF8, 0x9D77, 0x9D77, 0x9D76, 0xF81F, 0xF81F,
  0xF81F, 0xF81F, 0xF81F, 0x9D56, 0x9D77, 0x9D97, 0x9D76, 0xADF8, 0xC67A, 0xCEBB,
  0xCEDB, 0xCEDB, 0xCEBB, 0xCEBB, 0xCEBB, 0xCEBB, 0xCEBB, 0xCE9B, 0xCE9B, 0xCE9B,
  0xCE9B, 0xCE9B, 0xCE9B, 0xCEBB, 0xCEBB, 0xCEBB, 0xCEBB, 0xCEBB, 0xCEDB, 0xCEDB,
  0xCEBB, 0xC67A, 0xADF8, 0x9D76, 0x9D97, 0x9D77, 0x9D56, 0xF81F, 0xF81F, 0xF81F,
  0xF81F, 0xF81F, 0xF81F, 0xF81F, 0xF81F, 0x9D76, 0x9D77, 0x9D97, 0x9D77, 0xA597,
  0xB619, 0xC67A, 0xCEBB, 0xCEDB, 0xCEDB, 0xCEDB, 0xCEDB, 0xCEDC, 0xCEDC, 0xCEDC,
  0xCEDC, 0xCEDC, 0xCEDC, 0xCEDB, 0xCEDB, 0xCEDB, 0xCEDB, 0xCEBB, 0xC67A, 0xB619,
  0xA597, 0x9D77, 0x9D97, 0x9D77, 0x9D76, 0xF81F, 0xF81F, 0xF81F, 0xF81F, 0xF81F,
  0xF81F, 0xF81F, 0xF81F, 0xF81F, 0xF81F, 0xF81F, 0x9D56, 0x9D76, 0x9D76, 0xA5B8,
  0x9D77, 0x9D77, 0xA597, 0xA5B8, 0xB5F9, 0xB639, 0xBE5A, 0xC67A, 0xC67A, 0xC67A,
  0xC67A, 0xC67A, 0xC67A, 0xBE5A, 0xB639, 0xB5F9, 0xA5B8, 0xA597, 0x9D77, 0x9D77,
  0xA5B8, 0x9D76, 0x9D76, 0x9D56, 0xF81F, 0xF81F, 0xF81F, 0xF81F, 0xF81F, 0xF81F,
  0xF81F, 0xF81F, 0xF81F, 0xF81F, 0xF81F, 0xF81F, 0xF81F, 0xF81F, 0xA556, 0x9D76,
  0x9D56, 0x9D76, 0x9D56, 0xA597, 0x9D77, 0x9D76, 0x9D56, 0x9556, 0x9556, 0x9556,
  0x9556, 0x9556, 0x9556, 0x9D56, 0x9D76, 0x9D77, 0xA597, 0x9D56, 0x9D76, 0x9D56,
  0x9D76, 0xA556, 0xF81F, 0xF81F, 0xF81F, 0xF81F, 0xF81F, 0xF81F, 0xF81F, 0xF81F,
  0xF81F, 0xF81F, 0xF81F, 0xF81F, 0xF81F, 0xF81F, 0xF81F, 0xF81F, 0xF81F, 0xF81F,
  0xF81F, 0xF81F, 0x9D76, 0x9D56, 0x9D56, 0x9D56, 0x9D56, 0x9D56, 0x9D56, 0x9D56,
  0x9D56, 0x9D56, 0x9D56, 0x9D56, 0x9D56, 0x9D56, 0x9D56, 0x9D76, 0xF81F, 0xF81F,
  0xF81F, 0xF81F, 0xF81F, 0xF81F, 0xF81F, 0xF81F, 0xF81F, 0xF81F, 0xF81F, 0xF81F
};

static const uint16_t kEmoji_thumbsup[1600] PROGMEM = {
  0xF81F, 0xF81F, 0xF81F, 0xF81F, 0xF81F, 0xF81F, 0xF81F, 0xF81F, 0xF81F, 0xF81F,
  0xF81F, 0xF81F, 0xF81F, 0xFECB, 0xFF0C, 0xFECB, 0xFF0C, 0xFEAB, 0xF81F, 0xF81F,
  0xF81F, 0xF81F, 0xF81F, 0xF81F, 0xF81F, 0xF81F, 0xF81F, 0xF81F, 0xF81F, 0xF81F,
  0xF81F, 0xF81F, 0xF81F, 0xF81F, 0xF81F, 0xF81F, 0xF81F, 0xF81F, 0xF81F, 0xF81F,
  0xF81F, 0xF81F, 0xF81F, 0xF81F, 0xF81F, 0xF81F, 0xF81F, 0xF81F, 0xF81F, 0xF81F,
  0xF81F, 0xF81F, 0xF81F, 0xFECB, 0xFF4C, 0xFEEB, 0xFF2C, 0xFEEC, 0xFEEC, 0xF81F,
  0xF81F, 0xF81F, 0xF81F, 0xF81F, 0xF81F, 0xF81F, 0xF81F, 0xF81F, 0xF81F, 0xF81F,
  0xF81F, 0xF81F, 0xF81F, 0xF81F, 0xF81F, 0xF81F, 0xF81F, 0xF81F, 0xF81F, 0xF81F,
  0xF81F, 0xF81F, 0xF81F, 0xF81F, 0xF81F, 0xF81F, 0xF81F, 0xF81F, 0xF81F, 0xF81F,
  0xF81F, 0xF81F, 0xFEEC, 0xFECB, 0xFECB, 0xFECB, 0xFECB, 0xFF2C, 0xFECB, 0xF81F,
  0xF81F, 0xF81F, 0xF81F, 0xF81F, 0xF81F, 0xF81F, 0xF81F, 0xF81F, 0xF81F, 0xF81F,
  0xF81F, 0xF81F, 0xF81F, 0xF81F, 0xF81F, 0xF81F, 0xF81F, 0xF81F, 0xF81F, 0xF81F,
  0xF81F, 0xF81F, 0xF81F, 0xF81F, 0xF81F, 0xF81F, 0xF81F, 0xF81F, 0xF81F, 0xF81F,
  0xF81F, 0xF81F, 0xFEEC, 0xFECB, 0xFEEB, 0xFECB, 0xFECB, 0xFECB, 0xFF4C, 0xFECB,
  0xF81F, 0xF81F, 0xF81F, 0xF81F, 0xF81F, 0xF81F, 0xF81F, 0xF81F, 0xF81F, 0xF81F,
  0xF81F, 0xF81F, 0xF81F, 0xF81F, 0xF81F, 0xF81F, 0xF81F, 0xF81F, 0xF81F, 0xF81F,
  0xF81F, 0xF81F, 0xF81F, 0xF81F, 0xF81F, 0xF81F, 0xF81F, 0xF81F, 0xF81F, 0xF81F,
  0xF81F, 0xF81F, 0xFEEC, 0xFECB, 0xFEEB, 0xFECB, 0xFECB, 0xFECB, 0xFF2C, 0xFECB,
  0xF81F, 0xF81F, 0xF81F, 0xF81F, 0xF81F, 0xF81F, 0xF81F, 0xF81F, 0xF81F, 0xF81F,
  0xF81F, 0xF81F, 0xF81F, 0xF81F, 0xF81F, 0xF81F, 0xF81F, 0xF81F, 0xF81F, 0xF81F,
  0xF81F, 0xF81F, 0xF81F, 0xF81F, 0xF81F, 0xF81F, 0xF81F, 0xF81F, 0xF81F, 0xF81F,
  0xF81F, 0xF81F, 0xFECC, 0xFECB, 0xFEEB, 0xFECB, 0xFECB, 0xFECB, 0xFEEB, 0xFECB,
  0xF81F, 0xF81F, 0xF81F, 0xF81F, 0xF81F, 0xF81F, 0xF81F, 0xF81F, 0xF81F, 0xF81F,
  0xF81F, 0xF81F, 0xF81F, 0xF81F, 0xF81F, 0xF81F, 0xF81F, 0xF81F, 0xF81F, 0xF81F,
  0xF81F, 0xF81F, 0xF81F, 0xF81F, 0xF81F, 0xF81F, 0xF81F, 0xF81F, 0xF81F, 0xF81F,
  0xF81F, 0xF81F, 0xFEAB, 0xFEEB, 0xFECB, 0xFECB, 0xFECB, 0xFECB, 0xFEEB, 0xFECB,
  0xFEEC, 0xF81F, 0xF81F, 0xF81F, 0xF81F, 0xF81F, 0xF81F, 0xF81F, 0xF81F, 0xF81F,
  0xF81F, 0xF81F, 0xF81F, 0xF81F, 0xF81F, 0xF81F, 0xF81F, 0xF81F, 0xF81F, 0xF81F,
  0xF81F, 0xF81F, 0xF81F, 0xF81F, 0xF81F, 0xF81F, 0xF81F, 0xF81F, 0xF81F, 0xF81F,
  0xF81F, 0xF81F, 0xFEEB, 0xFF2C, 0xFECB, 0xFECB, 0xFECB, 0xFECB, 0xFEEB, 0xFECB,
  0xF81F, 0xF81F, 0xF81F, 0xF81F, 0xF81F, 0xF81F, 0xF81F, 0xF81F, 0xF81F, 0xF81F,
  0xF81F, 0xF81F, 0xF81F, 0xF81F, 0xF81F, 0xF81F, 0xF81F, 0xF81F, 0xF81F, 0xF81F,
  0xF81F, 0xF81F, 0xF81F, 0xF81F, 0xF81F, 0xF81F, 0xF81F, 0xF81F, 0xF81F, 0xF81F,
  0xF81F, 0xF81F, 0xFECB, 0xFF2C, 0xFECB, 0xFECB, 0xFECB, 0xFECB, 0xFF0C, 0xFECB,
  0xF81F, 0xF81F, 0xF81F, 0xF81F, 0xF81F, 0xF81F, 0xF81F, 0xF81F, 0xF81F, 0xF81F,
  0xF81F, 0xF81F, 0xF81F, 0xF81F, 0xF81F, 0xF81F, 0xF81F, 0xF81F, 0xF81F, 0xF81F,
  0xF81F, 0xF81F, 0xF81F, 0xF81F, 0xF81F, 0xF81F, 0xF81F, 0xF81F, 0xF81F, 0xF81F,
  0xF81F, 0xF81F, 0xFECB, 0xFF2C, 0xFECB, 0xFECB, 0xFECB, 0xFECB, 0xFF2C, 0xFECB,
  0xF81F, 0xF81F, 0xF81F, 0xF81F, 0xF81F, 0xF81F, 0xF81F, 0xF81F, 0xF81F, 0xF81F,
  0xF81F, 0xF81F, 0xF81F, 0xF81F, 0xF81F, 0xF81F, 0xF81F, 0xF81F, 0xF81F, 0xF81F,
  0xF81F, 0xF81F, 0xF81F, 0xF81F, 0xF81F, 0xF81F, 0xF81F, 0xF81F, 0xF81F, 0xF81F,
  0xF81F, 0xF81F, 0xFECB, 0xFF0C, 0xFECB, 0xFECB, 0xFECB, 0xFECB, 0xFF6C, 0xFEEB,
  0xF81F, 0xF81F, 0xF81F, 0xF81F, 0xF81F, 0xF81F, 0xF81F, 0xF81F, 0xF81F, 0xF81F,
  0xF81F, 0xF81F, 0xF81F, 0xF81F, 0xF81F, 0xF81F, 0xF81F, 0xF81F, 0xF81F, 0xF81F,
  0xF81F, 0xF81F, 0xF81F, 0xF81F, 0xF81F, 0xF81F, 0xF81F, 0xF81F, 0xF81F, 0xF81F,
  0xF81F, 0xFEEB, 0xFEEC, 0xFECB, 0xFECB, 0xFECB, 0xFECB, 0xFECB, 0xFF2C, 0xFEEB,
  0xF81F, 0xF81F, 0xF81F, 0xF81F, 0xF81F, 0xF81F, 0xF81F, 0xF81F, 0xF81F, 0xF81F,
  0xF81F, 0xF81F, 0xF81F, 0xF81F, 0xF81F, 0xF81F, 0xF81F, 0xF81F, 0xF81F, 0xF81F,
  0xF81F, 0xF81F, 0xF81F, 0xF81F, 0xF81F, 0xF81F, 0xF81F, 0xF81F, 0xF81F, 0xF81F,
  0xF81F, 0xFECB, 0xFF4C, 0xFECB, 0xFECB, 0xFECB, 0xFECB, 0xFECB, 0xFF0C, 0xFECB,
  0xF81F, 0xF81F, 0xF81F, 0xF81F, 0xF81F, 0xF81F, 0xF81F, 0xF81F, 0xF81F, 0xF81F,
  0xF81F, 0xF81F, 0xF81F, 0xF81F, 0xF81F, 0xF81F, 0xF81F, 0xF81F, 0xF81F, 0xF81F,
  0xF81F, 0xF81F, 0xF81F, 0xF81F, 0xF81F, 0xF81F, 0xF81F, 0xF81F, 0xF81F, 0xF81F,
  0xF81F, 0xFECB, 0xFEEC, 0xFECB, 0xFECB, 0xFECB, 0xFECB, 0xFECB, 0xFF0C, 0xFECB,
  0xFECB, 0xFECB, 0xFEEB, 0xFECB, 0xFECB, 0xFECB, 0xFECB, 0xFEAB, 0xFEEC, 0xF70B,
  0xF81F, 0xF81F, 0xF81F, 0xF81F, 0xF81F, 0xF81F, 0xF81F, 0xF81F, 0xF81F, 0xF81F,
  0xF81F, 0xF81F, 0xF81F, 0xF81F, 0xF81F, 0xF81F, 0xF81F, 0xF81F, 0xF81F, 0xF81F,
  0xFECB, 0xFF2C, 0xFECB, 0xFECB, 0xFECB, 0xFECB, 0xFECB, 0xFECB, 0xFECB, 0xFF0C,
  0xFF0C, 0xFF0C, 0xFF0C, 0xFF0C, 0xFF0C, 0xFF0C, 0xFF0C, 0xFF0C, 0xFEEC, 0xFEEC,
  0xFECB, 0xFECB, 0xFECB, 0xFECB, 0xFECB, 0xF81F, 0xF81F, 0xF81F, 0xF81F, 0xF81F,
  0xF81F, 0xF81F, 0xF81F, 0xF81F, 0xF81F, 0xF81F, 0xF81F, 0xF81F, 0xF81F, 0xFECB,
  0xFF0C, 0xFEEB, 0xFECB, 0xFECB, 0xFECB, 0xFECB, 0xFECB, 0xFECB, 0xFECB, 0xFECB,
  0xFECB, 0xFECB, 0xFECB, 0xFEEB, 0xFEEB, 0xFECB, 0xFECB, 0xFECB, 0xFECB, 0xFECB,
  0xFEEB, 0xFF0C, 0xFF4C, 0xFF4C, 0xFF0C, 0xFEEB, 0xFECB, 0xF81F, 0xF81F, 0xF81F,
  0xF81F, 0xF81F, 0xF81F, 0xF81F, 0xF81F, 0xF81F, 0xF81F, 0xF81F, 0xFECB, 0xFEEB,
  0xFEEC, 0xFECB, 0xFECB, 0xFECB, 0xFECB, 0xFECB, 0xFECB, 0xFECB, 0xFECB, 0xFECB,
  0xFECB, 0xFEEB, 0xFEEB, 0xFDEA, 0xF529, 0xF4E9, 0xF4E9, 0xF4E9, 0xF4E9, 0xF4E9,
  0xF4E9, 0xECC9, 0xF58A, 0xFECB, 0xFECB, 0xFEEC, 0xFF4C, 0xFECB, 0xF81F, 0xF81F,
  0xF81F, 0xF81F, 0xF81F, 0xF81F, 0xF81F, 0xFECB, 0xFF0B, 0xFECB, 0xFF0C, 0xFEEC,
  0xFECB, 0xFECB, 0xFECB, 0xFECB, 0xFECB, 0xFECB, 0xFECB, 0xFECB, 0xFECB, 0xFECB,
  0xFECB, 0xFEEB, 0xF5AA, 0xEC68, 0xEC68, 0xEC88, 0xEC88, 0xEC88, 0xEC88, 0xEC88,
  0xECA8, 0xEC88, 0xF509, 0xFECB, 0xFECB, 0xFECB, 0xFEEB, 0xFF2C, 0xFECB, 0xF81F,
  0xF81F, 0xF81F, 0xF81F, 0xF81F, 0xFECB, 0xFF0C, 0xFF4C, 0xFF0C, 0xFECB, 0xFECB,
  0xFECB, 0xFECB, 0xFECB, 0xFECB, 0xFECB, 0xFECB, 0xFECB, 0xFECB, 0xFECB, 0xFECB,
  0xFEEB, 0xFE6B, 0xECA8, 0xECA8, 0xF5CA, 0xFE6B, 0xFE4B, 0xFE4B, 0xFE4B, 0xFE4B,
  0xFE6B, 0xFE4B, 0xFE8B, 0xFEEB, 0xFECB, 0xFECB, 0xFECB, 0xFF2C, 0xFECB, 0xF81F,
  0xF81F, 0xF81F, 0xF81F, 0xFEEB, 0xFF6C, 0xFECB, 0xFECB, 0xFECB, 0xFECB, 0xFECB,
  0xFECB, 0xFECB, 0xFECB, 0xFECB, 0xFECB, 0xFECB, 0xFECB, 0xFECB, 0xFECB, 0xFECB,
  0xFF0B, 0xFDEA, 0xEC68, 0xF549, 0xFEEC, 0xFEEB, 0xFEEB, 0xFEEB, 0xFEEB, 0xFEEB,
  0xFEEB, 0xFEEB, 0xFEEB, 0xFECB, 0xFECB, 0xFECB, 0xFEEB, 0xFF2C, 0xFEEB, 0xF81F,
  0xF81F, 0xF81F, 0xF81F, 0xFECB, 0xFF4C, 0xFECB, 0xFECB, 0xFECB, 0xFECB, 0xFECB,
  0xFECB, 0xFECB, 0xFECB, 0xFECB, 0xFECB, 0xFECB, 0xFECB, 0xFECB, 0xFECB, 0xFECB,
  0xFF0B, 0xFDEA, 0xEC68, 0xF529, 0xFEEB, 0xFEEB, 0xFEEB, 0xFEEB, 0xFEEB, 0xFEEB,
  0xFEEB, 0xFEEB, 0xFEEB, 0xFEEB, 0xFEEB, 0xFF0C, 0xFE4B, 0xFD8A, 0xFE4A, 0xF81F,
  0xF81F, 0xF81F, 0xF81F, 0xFECB, 0xFF2C, 0xFECB, 0xFECB, 0xFECB, 0xFECB, 0xFECB,
  0xFECB, 0xFECB, 0xFECB, 0xFECB, 0xFECB, 0xFECB, 0xFECB, 0xFECB, 0xFECB, 0xFECB,
  0xFEEB, 0xFE8B, 0xECC9, 0xEC88, 0xF569, 0xFDEA, 0xF5CA, 0xF5EA, 0xF5EA, 0xF5EA,
  0xF5EA, 0xF5EA, 0xF5EA, 0xF5EA, 0xF5EA, 0xF5CA, 0xECC9, 0xFCC9, 0xF509, 0xF81F,
  0xF81F, 0xF81F, 0xF81F, 0xFECB, 0xFF2C, 0xFECB, 0xFECB, 0xFECB, 0xFECB, 0xFECB,
  0xFECB, 0xFECB, 0xFECB, 0xFECB, 0xFECB, 0xFECB, 0xFECB, 0xFECB, 0xFECB, 0xFECB,
  0xFECB, 0xFF0B, 0xF5CA, 0xEC88, 0xEC88, 0xEC68, 0xEC68, 0xEC68, 0xEC68, 0xEC68,
  0xEC68, 0xEC68, 0xEC68, 0xEC68, 0xEC68, 0xEC68, 0xF4A9, 0xF4E9, 0xF81F, 0xF81F,
  0xF81F, 0xF81F, 0xF81F, 0xFECB, 0xFF2C, 0xFECB, 0xFECB, 0xFECB, 0xFECB, 0xFECB,
  0xFECB, 0xFECB, 0xFECB, 0xFECB, 0xFECB, 0xFECB, 0xFECB, 0xFECB, 0xFECB, 0xFECB,
  0xFECB, 0xFEEB, 0xF569, 0xEC88, 0xECC9, 0xF569, 0xF58A, 0xF58A, 0xF58A, 0xF58A,
  0xF58A, 0xF58A, 0xF58A, 0xF58A, 0xF58A, 0xF58A, 0xFDEA, 0xFECB, 0xFF4C, 0xF81F,
  0xF81F, 0xF81F, 0xF81F, 0xFECB, 0xFF2C, 0xFECB, 0xFECB, 0xFECB, 0xFECB, 0xFECB,
  0xFECB, 0xFECB, 0xFECB, 0xFECB, 0xFECB, 0xFECB, 0xFECB, 0xFECB, 0xFECB, 0xFECB,
  0xFEEB, 0xFE6B, 0xECA8, 0xECA8, 0xFE4B, 0xFF0C, 0xFEEB, 0xFEEB, 0xFEEB, 0xFEEB,
  0xFEEB, 0xFEEB, 0xFEEB, 0xFEEB, 0xFEEB, 0xFEEB, 0xFEEB, 0xFF8C, 0xFECB, 0xF81F,
  0xF81F, 0xF81F, 0xF81F, 0xFECB, 0xFF2C, 0xFECB, 0xFECB, 0xFECB, 0xFECB, 0xFECB,
  0xFECB, 0xFECB, 0xFECB, 0xFECB, 0xFECB, 0xFECB, 0xFECB, 0xFECB, 0xFECB, 0xFECB,
  0xFEEB, 0xFE4B, 0xEC88, 0xF4E9, 0xFEEB, 0xFEEB, 0xFECB, 0xFECB, 0xFECB, 0xFECB,
  0xFECB, 0xFECB, 0xFECB, 0xFECB, 0xFECB, 0xFEEB, 0xFE8B, 0xFEAB, 0xFEEB, 0xF81F,
  0xF81F, 0xF81F, 0xF81F, 0xFECB, 0xFF2C, 0xFECB, 0xFECB, 0xFECB, 0xFECB, 0xFECB,
  0xFECB, 0xFECB, 0xFECB, 0xFECB, 0xFECB, 0xFECB, 0xFECB, 0xFECB, 0xFECB, 0xFECB,
  0xFEEB, 0xFE8B, 0xECC9, 0xEC88, 0xFDEA, 0xFECB, 0xFECB, 0xFECB, 0xFECB, 0xFECB,
  0xFECB, 0xFECB, 0xFECB, 0xFECB, 0xFECB, 0xFE6B, 0xECE9, 0xFD29, 0xF5CA, 0xF81F,
  0xF81F, 0xF81F, 0xF81F, 0xFECB, 0xFF2C, 0xFECB, 0xFECB, 0xFECB, 0xFECB, 0xFECB,
  0xFECB, 0xFECB, 0xFECB, 0xFECB, 0xFECB, 0xFECB, 0xFECB, 0xFECB, 0xFECB, 0xFECB,
  0xFECB, 0xFEEB, 0xF5CA, 0xEC88, 0xECA8, 0xF4E9, 0xF4E9, 0xF4E9, 0xF4E9, 0xF4E9,
  0xF4E9, 0xF4E9, 0xF4E9, 0xF4E9, 0xF509, 0xECA8, 0xF4A9, 0xF4A8, 0xF81F, 0xF81F,
  0xF81F, 0xF81F, 0xF81F, 0xFECB, 0xFF2C, 0xFECB, 0xFECB, 0xFECB, 0xFECB, 0xFECB,
  0xFECB, 0xFECB, 0xFECB, 0xFECB, 0xFECB, 0xFECB, 0xFECB, 0xFECB, 0xFECB, 0xFECB,
  0xFECB, 0xFEEB, 0xFE4B, 0xECA8, 0xEC88, 0xEC88, 0xECA8, 0xECA8, 0xECA8, 0xECA8,
  0xECA8, 0xECA8, 0xECA8, 0xECA8, 0xEC88, 0xF4C9, 0xF529, 0xF4C9, 0xF81F, 0xF81F,
  0xF81F, 0xF81F, 0xF81F, 0xFECB, 0xFF2C, 0xFECB, 0xFECB, 0xFECB, 0xFECB, 0xFECB,
  0xFECB, 0xFECB, 0xFECB, 0xFECB, 0xFECB, 0xFECB, 0xFECB, 0xFECB, 0xFECB, 0xFECB,
  0xFECB, 0xFEEB, 0xF549, 0xEC68, 0xF529, 0xFE4B, 0xFE6B, 0xFE6B, 0xFE6B, 0xFE6B,
  0xFE6B, 0xFE6B, 0xFE6B, 0xFE6B, 0xFE4B, 0xFE8B, 0xFF0C, 0xFF0C, 0xF81F, 0xF81F,
  0xF81F, 0xF81F, 0xF81F, 0xFECB, 0xFF2C, 0xFECB, 0xFECB, 0xFECB, 0xFECB, 0xFECB,
  0xFECB, 0xFECB, 0xFECB, 0xFECB, 0xFECB, 0xFECB, 0xFECB, 0xFECB, 0xFECB, 0xFECB,
  0xFEEB, 0xFECB, 0xF4E9, 0xEC88, 0xFE6B, 0xFF0C, 0xFEEB, 0xFEEB, 0xFEEB, 0xFEEB,
  0xFEEB, 0xFEEB, 0xFEEB, 0xFEEB, 0xFEEB, 0xFEEB, 0xFF4C, 0xFEEB, 0xF81F, 0xF81F,
  0xF81F, 0xF81F, 0xF81F, 0xFECB, 0xFF2C, 0xFECB, 0xFECB, 0xFECB, 0xFECB, 0xFECB,
  0xFECB, 0xFECB, 0xFECB, 0xFECB, 0xFECB, 0xFECB, 0xFECB, 0xFECB, 0xFECB, 0xFECB,
  0xFEEB, 0xFECB, 0xF4E9, 0xEC88, 0xFE0A, 0xFF0C, 0xFEEB, 0xFEEB, 0xFEEB, 0xFEEB,
  0xFEEB, 0xFEEB, 0xFEEB, 0xFEEB, 0xFECB, 0xF569, 0xFDEA, 0xFEAB, 0xF81F, 0xF81F,
  0xF81F, 0xF81F, 0xF81F, 0xFECB, 0xFF2C, 0xFECB, 0xFECB, 0xFECB, 0xFECB, 0xFECB,
  0xFECB, 0xFECB, 0xFECB, 0xFECB, 0xFECB, 0xFECB, 0xFECB, 0xFECB, 0xFECB, 0xFECB,
  0xFECB, 0xFEEB, 0xF58A, 0xEC68, 0xECC9, 0xF5AA, 0xF5CA, 0xF5CA, 0xF5CA, 0xF5CA,
  0xF5CA, 0xF5CA, 0xF5CA, 0xF5CA, 0xF549, 0xF4A9, 0xF4A8, 0xF4E9, 0xF81F, 0xF81F,
  0xF81F, 0xF81F, 0xF81F, 0xFECB, 0xFF2C, 0xFECB, 0xFECB, 0xFECB, 0xFECB, 0xFECB,
  0xFECB, 0xFECB, 0xFECB, 0xFECB, 0xFECB, 0xFECB, 0xFECB, 0xFECB, 0xFECB, 0xFECB,
  0xFECB, 0xFEEB, 0xFECB, 0xF529, 0xEC88, 0xEC88, 0xEC68, 0xEC68, 0xEC68, 0xEC68,
  0xEC68, 0xEC68, 0xEC68, 0xEC68, 0xEC68, 0xF4A8, 0xECA8, 0xF81F, 0xF81F, 0xF81F,
  0xF81F, 0xF81F, 0xF81F, 0xFECB, 0xFF2C, 0xFECB, 0xFECB, 0xFECB, 0xFECB, 0xFECB,
  0xFECB, 0xFECB, 0xFECB, 0xFECB, 0xFECB, 0xFECB, 0xFECB, 0xFECB, 0xFECB, 0xFECB,
  0xFECB, 0xFECB, 0xFECB, 0xF529, 0xEC88, 0xF4E9, 0xF5AA, 0xF5AA, 0xF5AA, 0xF5AA,
  0xF5AA, 0xF5AA, 0xF5AA, 0xF58A, 0xFDEA, 0xFE4B, 0xF81F, 0xF81F, 0xF81F, 0xF81F,
  0xF81F, 0xF81F, 0xF81F, 0xFECB, 0xFF4C, 0xFECB, 0xFECB, 0xFECB, 0xFECB, 0xFECB,
  0xFECB, 0xFECB, 0xFECB, 0xFECB, 0xFECB, 0xFECB, 0xFECB, 0xFECB, 0xFECB, 0xFECB,
  0xFECB, 0xFEEB, 0xFE4B, 0xEC88, 0xF4E9, 0xFE8B, 0xFEEB, 0xFEEB, 0xFEEB, 0xFEEB,
  0xFEEB, 0xFEEB, 0xFEEB, 0xFEEB, 0xFF0C, 0xFF2C, 0xFECC, 0xF81F, 0xF81F, 0xF81F,
  0xF81F, 0xF81F, 0xF81F, 0xFECC, 0xFEEB, 0xFF4C, 0xFF2C, 0xFEEB, 0xFECB, 0xFECB,
  0xFECB, 0xFECB, 0xFECB, 0xFECB, 0xFECB, 0xFECB, 0xFECB, 0xFECB, 0xFECB, 0xFECB,
  0xFECB, 0xFEEB, 0xFE0A, 0xEC68, 0xF549, 0xFEEB, 0xFEEB, 0xFEEB, 0xFEEB, 0xFEEB,
  0xFEEB, 0xFEEB, 0xFEEB, 0xFEEB, 0xFE2A, 0xFE8B, 0xFF0C, 0xF81F, 0xF81F, 0xF81F,
  0xF81F, 0xF81F, 0xF81F, 0xF81F, 0xFEAB, 0xFF0C, 0xFECB, 0xFECB, 0xFF2C, 0xFECB,
  0xFECB, 0xFECB, 0xFECB, 0xFECB, 0xFECB, 0xFECB, 0xFECB, 0xFECB, 0xFECB, 0xFECB,
  0xFECB, 0xFEEB, 0xFE6B, 0xECA8, 0xECA8, 0xFDEA, 0xFEAB, 0xFE8B, 0xFE8B, 0xFE8B,
  0xFE8B, 0xFE8B, 0xFE8B, 0xF5EA, 0xEC88, 0xF509, 0xFE6B, 0xF81F, 0xF81F, 0xF81F,
  0xF81F, 0xF81F, 0xF81F, 0xF81F, 0xF81F, 0xF81F, 0xF81F, 0xFEEB, 0xFEEC, 0xFF2C,
  0xFEEC, 0xFECB, 0xFECB, 0xFECB, 0xFECB, 0xFECB, 0xFECB, 0xFECB, 0xFECB, 0xFECB,
  0xFECB, 0xFECB, 0xFEEB, 0xF58A, 0xEC68, 0xEC88, 0xECC9, 0xECC9, 0xECC9, 0xECC9,
  0xECC9, 0xECC9, 0xECC9, 0xEC88, 0xFD09, 0xECA8, 0xF81F, 0xF81F, 0xF81F, 0xF81F,
  0xF81F, 0xF81F, 0xF81F, 0xF81F, 0xF81F, 0xF81F, 0xF81F, 0xF81F, 0xF81F, 0xFECB,
  0xFEEB, 0xFECB, 0xFECB, 0xFECB, 0xFECB, 0xFECB, 0xFECB, 0xFECB, 0xFECB, 0xFECB,
  0xFECB, 0xFECB, 0xFEEB, 0xFECB, 0xF5AA, 0xECC9, 0xECA8, 0xECA8, 0xECA8, 0xECA8,
  0xECA8, 0xECA8, 0xECA8, 0xF4A8, 0xECA8, 0xF81F, 0xF81F, 0xF81F, 0xF81F, 0xF81F
};

static const uint16_t kEmoji_eyes[1600] PROGMEM = {
  0xF81F, 0xF81F, 0xF81F, 0xF81F, 0xF81F, 0xF81F, 0xF81F, 0xF81F, 0xF81F, 0xF81F,
  0xF81F, 0xF81F, 0xF81F, 0xF81F, 0xF81F, 0xF81F, 0xF81F, 0xF81F, 0xF81F, 0xF81F,
  0xF81F, 0xF81F, 0xF81F, 0xF81F, 0xF81F, 0xF81F, 0xF81F, 0xF81F, 0xF81F, 0xF81F,
  0xF81F, 0xF81F, 0xF81F, 0xF81F, 0xF81F, 0xF81F, 0xF81F, 0xF81F, 0xF81F, 0xF81F,
  0xF81F, 0xF81F, 0xF81F, 0xF81F, 0xF81F, 0xF81F, 0xF81F, 0xF81F, 0xF81F, 0xF81F,
  0xF81F, 0xF81F, 0xF81F, 0xF81F, 0xF81F, 0xF81F, 0xF81F, 0xF81F, 0xF81F, 0xF81F,
  0xF81F, 0xF81F, 0xF81F, 0xF81F, 0xF81F, 0xF81F, 0xF81F, 0xF81F, 0xF81F, 0xF81F,
  0xF81F, 0xF81F, 0xF81F, 0xF81F, 0xF81F, 0xF81F, 0xF81F, 0xF81F, 0xF81F, 0xF81F,
  0xF81F, 0xF81F, 0xF81F, 0xF81F, 0xF81F, 0xF81F, 0xF81F, 0xF81F, 0xF81F, 0xF81F,
  0xF81F, 0xF81F, 0xF81F, 0xF81F, 0xF81F, 0xF81F, 0xF81F, 0xF81F, 0xF81F, 0xF81F,
  0xF81F, 0xF81F, 0xF81F, 0xF81F, 0xF81F, 0xF81F, 0xF81F, 0xF81F, 0xF81F, 0xF81F,
  0xF81F, 0xF81F, 0xF81F, 0xF81F, 0xF81F, 0xF81F, 0xF81F, 0xF81F, 0xF81F, 0xF81F,
  0xF81F, 0xF81F, 0xF81F, 0xF81F, 0xF81F, 0xF81F, 0xF81F, 0xF81F, 0xF81F, 0xF81F,
  0xF81F, 0xF81F, 0xF81F, 0xF81F, 0xF81F, 0xF81F, 0xF81F, 0xF81F, 0xF81F, 0xF81F,
  0xF81F, 0xF81F, 0xF81F, 0xF81F, 0xF81F, 0xF81F, 0xF81F, 0xF81F, 0xF81F, 0xF81F,
  0xF81F, 0xF81F, 0xF81F, 0xF81F, 0xF81F, 0xF81F, 0xF81F, 0xF81F, 0xF81F, 0xF81F,
  0xF81F, 0xF81F, 0xF81F, 0xF81F, 0xF81F, 0xF81F, 0xF81F, 0xEF9E, 0xE73D, 0xDF3D,
  0xE75D, 0xE73D, 0xE75E, 0xF81F, 0xF81F, 0xF81F, 0xF81F, 0xF81F, 0xF81F, 0xF81F,
  0xF81F, 0xF81F, 0xF81F, 0xF81F, 0xF81F, 0xF81F, 0xF81F, 0xE75D, 0xE75D, 0xE75D,
  0xE75D, 0xE73D, 0xE75E, 0xF81F, 0xF81F, 0xF81F, 0xF81F, 0xF81F, 0xF81F, 0xF81F,
  0xF81F, 0xF81F, 0xF81F, 0xF81F, 0xF81F, 0xDF3C, 0xE77E, 0xE77E, 0xF7DF, 0xEFBF,
  0xF7DF, 0xEFBF, 0xE75D, 0xE75E, 0xF81F, 0xF81F, 0xF81F, 0xF81F, 0xF81F, 0xF81F,
  0xF81F, 0xF81F, 0xF81F, 0xF81F, 0xF81F, 0xF81F, 0xE75D, 0xE75D, 0xEFBF, 0xF7DF,
  0xEFBF, 0xF7BF, 0xE77E, 0xE77E, 0xDF1D, 0xF81F, 0xF81F, 0xF81F, 0xF81F, 0xF81F,
  0xF81F, 0xF81F, 0xF81F, 0xF81F, 0xDF3D, 0xE77E, 0xEF9F, 0xE75D, 0xEF9E, 0xF7BF,
  0xF7BE, 0xEF7E, 0xE75E, 0xF7DF, 0xE77E, 0xF81F, 0xF81F, 0xF81F, 0xF81F, 0xF81F,
  0xF81F, 0xF81F, 0xF81F, 0xF81F, 0xF81F, 0xE75D, 0xF7DF, 0xE75E, 0xEF7E, 0xF7BE,
  0xF7BF, 0xEF9E, 0xE75D, 0xEF9F, 0xE77E, 0xDF3D, 0xF81F, 0xF81F, 0xF81F, 0xF81F,
  0xF81F, 0xF81F, 0xF81F, 0xE75E, 0xE77E, 0xE77E, 0xEF7E, 0xF7DF, 0xF7DF, 0xF7DF,
  0xF7DF, 0xF7DF, 0xF7BF, 0xE75E, 0xF7DF, 0xE75D, 0xF81F, 0xF81F, 0xF81F, 0xF81F,
  0xF81F, 0xF81F, 0xF81F, 0xF81F, 0xE73D, 0xF7DF, 0xE75D, 0xF7BF, 0xF7DF, 0xF7DF,
  0xF7DF, 0xF7DF, 0xF7DF, 0xEF9E, 0xE77E, 0xE77E, 0xDF3D, 0xF81F, 0xF81F, 0xF81F,
  0xF81F, 0xF81F, 0xF81F, 0xE75D, 0xEF9E, 0xEF7E, 0xF7DF, 0xF7DF, 0xF7DF, 0xF7DF,
  0xF7DF, 0xF7DF, 0xF7DF, 0xF7DF, 0xE75D, 0xF7DF, 0xE75D, 0xF81F, 0xF81F, 0xF81F,
  0xF81F, 0xF81F, 0xF81F, 0xDF3D, 0xF7BF, 0xE75D, 0xF7BF, 0xF7DF, 0xF7DF, 0xF7DF,
  0xF7DF, 0xF7DF, 0xF7DF, 0xF7DF, 0xEF9E, 0xE77E, 0xE75D, 0xF81F, 0xF81F, 0xF81F,
  0xF81F, 0xF81F, 0xE75D, 0xEFBF, 0xE77E, 0xF7DF, 0xF7DF, 0xF7DF, 0xF7DF, 0xF7DF,
  0xF7DF, 0xF7DF, 0xF7DF, 0xF7DF, 0xF7BE, 0xE77E, 0xE77E, 0xDF3D, 0xF81F, 0xF81F,
  0xF81F, 0xF81F, 0xF81F, 0xE75D, 0xE77E, 0xF79E, 0xF7DF, 0xF7DF, 0xF7DF, 0xF7DF,
  0xF7DF, 0xF7DF, 0xF7DF, 0xF7DF, 0xF7DF, 0xEF7E, 0xEFBF, 0xDF3D, 0xF81F, 0xF81F,
  0xF81F, 0xF81F, 0xE73D, 0xE77E, 0xF7BF, 0xF7DF, 0xF7DF, 0xF7DF, 0xF7DF, 0xF7DF,
  0xF7DF, 0xF7DF, 0xF7DF, 0xF7DF, 0xF7DF, 0xEF7E, 0xEFBF, 0xE73D, 0xF81F, 0xF81F,
  0xF81F, 0xF81F, 0xE75D, 0xEFBF, 0xEF7E, 0xF7DF, 0xF7DF, 0xF7DF, 0xF7DF, 0xF7DF,
  0xF7DF, 0xF7DF, 0xF7DF, 0xF7DF, 0xF7DF, 0xF7BF, 0xE77E, 0xE75D, 0xE75D, 0xF81F,
  0xF81F, 0xE75D, 0xEFBF, 0xEF7E, 0xF7DF, 0xF7DF, 0xF7DF, 0xF7DF, 0xF7DF, 0xF7DF,
  0xF7DF, 0xF7DF, 0xF7DF, 0xF7DF, 0xF7DF, 0xF7BF, 0xE77E, 0xE75D, 0xF81F, 0xF81F,
  0xF81F, 0xF81F, 0xE73D, 0xEF7E, 0xF7BF, 0xF7DF, 0xF7DF, 0xF7DF, 0xF7DF, 0xF7DF,
  0xF7DF, 0xF7DF, 0xF7DF, 0xF7DF, 0xF7DF, 0xF7DF, 0xEF7E, 0xEFBF, 0xE73D, 0xF81F,
  0xF81F, 0xE73D, 0xEF9E, 0xF7BE, 0xF7DF, 0xF7BF, 0xF7BF, 0xF7BF, 0xF7BF, 0xF7BF,
  0xF7DF, 0xF7DF, 0xF7DF, 0xF7DF, 0xF7DF, 0xF7DF, 0xEF7E, 0xEFBF, 0xE75D, 0xF81F,
  0xF81F, 0xE75D, 0xEFBF, 0xEF7E, 0xF7DF, 0xF7BF, 0xF7BF, 0xF7BF, 0xF7BF, 0xF7BF,
  0xF7DF, 0xF7DF, 0xF7DF, 0xF7DF, 0xF7DF, 0xF7DF, 0xF7BF, 0xEF9E, 0xE73D, 0xF81F,
  0xDF3D, 0xDF3D, 0xEF7E, 0xF7BF, 0xF7DF, 0xFFFF, 0xFFFF, 0xFFFF, 0xFFFF, 0xFFFF,
  0xF7BF, 0xF7DF, 0xF7DF, 0xF7DF, 0xF7DF, 0xF7DF, 0xEF9E, 0xEF9F, 0xE75D, 0xF81F,
  0xF81F, 0xE73D, 0xEFBF, 0xEF9E, 0xF7DF, 0xFFDF, 0xFFFF, 0xFFFF, 0xFFFF, 0xFFFF,
  0xF7DF, 0xF7BF, 0xF7DF, 0xF7DF, 0xF7DF, 0xF7DF, 0xF7DF, 0xEF7E, 0xE73D, 0xE75D,
  0xE75D, 0xEF7E, 0xEF7E, 0xFFFF, 0xF7DF, 0xD6DB, 0xBE39, 0xB619, 0xB619, 0xDEFC,
  0xFFFF, 0xF7DF, 0xF7BF, 0xF7DF, 0xF7DF, 0xF7DF, 0xF7BF, 0xEF9E, 0xE73D, 0xF81F,
  0xF81F, 0xE73D, 0xEF9E, 0xF7BF, 0xFFFF, 0xE75D, 0xC67A, 0xBE39, 0xB5F8, 0xC69A,
  0xF7BE, 0xFFFF, 0xF7BF, 0xF7DF, 0xF7DF, 0xF7DF, 0xF7DF, 0xEF9E, 0xEF9F, 0xE75D,
  0xE73D, 0xEFBF, 0xF7BF, 0xE73D, 0xA577, 0x8CF5, 0x7C53, 0x84B4, 0xB5F8, 0xADB8,
  0xB5F8, 0xF7DF, 0xF7DF, 0xF7BF, 0xF7DF, 0xF7DF, 0xF7DF, 0xEF7E, 0xDF3D, 0xE75D,
  0xF81F, 0xDF3D, 0xEF9E, 0xF7DF, 0xBE39, 0x8D15, 0x84B4, 0x7432, 0xA577, 0xB619,
  0xA597, 0xDF1C, 0xFFFF, 0xF7BF, 0xF7DF, 0xF7DF, 0xF7DF, 0xF7BE, 0xEF9F, 0xE73D,
  0xE73D, 0xEF9F, 0xE73D, 0x9536, 0x7C73, 0x52CC, 0x29A7, 0xC639, 0xFFFF, 0xF7DF,
  0xA597, 0xADB7, 0xFFDF, 0xF7DF, 0xF7DF, 0xF7DF, 0xF7DF, 0xEF7E, 0xEF9F, 0xE75D,
  0xE73D, 0xE77E, 0xEF9E, 0xB619, 0x84B4, 0x6BB0, 0x31C7, 0x636E, 0xFFFF, 0xFFFF,
  0xD6DB, 0x8CF5, 0xDF3D, 0xFFFF, 0xF7BF, 0xF7DF, 0xF7DF, 0xF7BF, 0xEF7E, 0xE73D,
  0xDF3D, 0xEF9E, 0xADB7, 0x7C73, 0x4249, 0x2125, 0x2165, 0xD6BB, 0xFFFF, 0xFFFF,
  0xAD97, 0x7C53, 0xD6DB, 0xFFFF, 0xF7BF, 0xF7DF, 0xF7DF, 0xEF9E, 0xF7FF, 0xE75D,
  0xDF3D, 0xF7DF, 0xD6DB, 0x8CF5, 0x638F, 0x2165, 0x1904, 0x6B8F, 0xFFFF, 0xFFFF,
  0xDEFB, 0x7C52, 0xA597, 0xF7DF, 0xF7BF, 0xF7DF, 0xF7DF, 0xF7BF, 0xE77E, 0xDF3D,
  0xE75D, 0xDF1C, 0x9516, 0x5B4E, 0x2145, 0x2987, 0x2145, 0x634D, 0xC659, 0xA534,
  0x31C7, 0x7432, 0xADD8, 0xFFFF, 0xF7BF, 0xF7DF, 0xF7DF, 0xEF9E, 0xF7FF, 0xE75D,
  0xDF3D, 0xFFFF, 0xADD8, 0x7C73, 0x31C7, 0x2966, 0x2966, 0x31A7, 0xA535, 0xC659,
  0x5B0C, 0x4ACC, 0x9515, 0xDF1C, 0xFFFF, 0xF7BF, 0xF7DF, 0xF7DF, 0xE77E, 0xDF3D,
  0xE77E, 0xCEDB, 0x8D15, 0x4A8B, 0x2145, 0x2986, 0x2986, 0x2145, 0x2145, 0x2145,
  0x2145, 0x636F, 0x9D77, 0xF7BE, 0xF7DF, 0xF7BF, 0xF7DF, 0xF7BE, 0xF7DF, 0xE73D,
  0xE73D, 0xFFFF, 0x9D77, 0x6BD0, 0x2966, 0x2966, 0x2966, 0x2166, 0x2125, 0x2146,
  0x1904, 0x424A, 0x8494, 0xD6DB, 0xFFFF, 0xF7BF, 0xF7DF, 0xF7DF, 0xE77E, 0xE75D,
  0xE77E, 0xCEDB, 0x8D15, 0x4A8B, 0x2145, 0x2986, 0x2966, 0x2986, 0x2986, 0x2986,
  0x2166, 0x638F, 0x9D77, 0xF7BE, 0xF7DF, 0xF7BF, 0xF7DF, 0xF7BE, 0xF7DF, 0xE73D,
  0xE73D, 0xFFFF, 0x9D77, 0x6BD0, 0x2966, 0x2986, 0x2966, 0x2986, 0x2986, 0x2986,
  0x2165, 0x424A, 0x8494, 0xD6DB, 0xFFFF, 0xF7BF, 0xF7DF, 0xF7DF, 0xE77E, 0xE75D,
  0xE75D, 0xDF1C, 0x9516, 0x5B4E, 0x2145, 0x2986, 0x2986, 0x2966, 0x2986, 0x2966,
  0x2986, 0x7432, 0xADB8, 0xFFFF, 0xF7BF, 0xF7DF, 0xF7DF, 0xEF9E, 0xF7FF, 0xE75D,
  0xDF3D, 0xFFFF, 0xADD8, 0x7C73, 0x31C7, 0x2166, 0x2986, 0x2966, 0x2986, 0x2986,
  0x2145, 0x52EC, 0x8D15, 0xDF1C, 0xFFFF, 0xF7BF, 0xF7DF, 0xF7DF, 0xE77E, 0xDF3D,
  0xDF3D, 0xEF9E, 0xADB7, 0x7C73, 0x4249, 0x2125, 0x2166, 0x2966, 0x2166, 0x2145,
  0x5B2D, 0x84B4, 0xCEBB, 0xFFFF, 0xF7BF, 0xF7DF, 0xF7DF, 0xEF9E, 0xF7FF, 0xE75D,
  0xDF3D, 0xF7DF, 0xD6DB, 0x8CF5, 0x638F, 0x2145, 0x2145, 0x2166, 0x2166, 0x2125,
  0x39E8, 0x7C73, 0xA597, 0xF7DF, 0xF7BF, 0xF7DF, 0xF7DF, 0xF7BF, 0xE77E, 0xDF3D,
  0xE73D, 0xEF9F, 0xE73D, 0x9536, 0x7C53, 0x4ACB, 0x31C8, 0x31C7, 0x3A08, 0x636E,
  0x8494, 0xADD8, 0xF7DF, 0xF7DF, 0xF7DF, 0xF7DF, 0xF7DF, 0xEF7E, 0xEF9F, 0xE75D,
  0xE73D, 0xE77E, 0xEF9E, 0xB619, 0x84B4, 0x63AF, 0x3A09, 0x31C7, 0x31C7, 0x4AAB,
  0x7C52, 0x8D15, 0xDF3D, 0xFFFF, 0xF7BF, 0xF7DF, 0xF7DF, 0xF7BF, 0xEF7E, 0xE73D,
  0xE73D, 0xEFBF, 0xF7BF, 0xE73D, 0xA577, 0x8CD5, 0x7C73, 0x7432, 0x8494, 0x8CF5,
  0xB619, 0xF7BF, 0xF7DF, 0xF7BF, 0xF7DF, 0xF7DF, 0xF7DF, 0xEF7E, 0xDF3D, 0xE75D,
  0xF81F, 0xDF3D, 0xEF9E, 0xF7DF, 0xBE39, 0x8D15, 0x84B4, 0x7432, 0x7C53, 0x8CD5,
  0x9D56, 0xDF1C, 0xFFFF, 0xF7BF, 0xF7DF, 0xF7DF, 0xF7DF, 0xF7BE, 0xEF9F, 0xE73D,
  0xE75D, 0xEF7E, 0xEF7E, 0xFFFF, 0xF7DF, 0xD6DB, 0xBE39, 0xBE39, 0xBE5A, 0xDF3D,
  0xFFDF, 0xF7DF, 0xF7BF, 0xF7DF, 0xF7DF, 0xF7DF, 0xF7BF, 0xEF9E, 0xE73D, 0xF81F,
  0xF81F, 0xE73D, 0xEF9E, 0xF7BF, 0xFFFF, 0xE75D, 0xC67A, 0xBE39, 0xBE39, 0xCEBB,
  0xF7BE, 0xFFFF, 0xF7BF, 0xF7DF, 0xF7DF, 0xF7DF, 0xF7DF, 0xEF9E, 0xEF9F, 0xE75D,
  0xDF3D, 0xDF3D, 0xEF7E, 0xF7BF, 0xF7DF, 0xFFFF, 0xFFFF, 0xFFFF, 0xFFFF, 0xFFDF,
  0xF7BF, 0xF7DF, 0xF7DF, 0xF7DF, 0xF7DF, 0xF7DF, 0xEF9E, 0xEF9F, 0xE75D, 0xF81F,
  0xF81F, 0xE73D, 0xEFBF, 0xEF9E, 0xF7DF, 0xFFDF, 0xFFFF, 0xFFFF, 0xFFFF, 0xFFFF,
  0xF7DF, 0xF7BF, 0xF7DF, 0xF7DF, 0xF7DF, 0xF7DF, 0xF7DF, 0xEF7E, 0xE73D, 0xE75D,
  0xF81F, 0xE73D, 0xEF9E, 0xF7BE, 0xF7DF, 0xF7BF, 0xF7BF, 0xF7BF, 0xF7BF, 0xF7BF,
  0xF7DF, 0xF7DF, 0xF7DF, 0xF7DF, 0xF7DF, 0xF7DF, 0xEF7E, 0xEFBF, 0xE75D, 0xF81F,
  0xF81F, 0xE75D, 0xEFBF, 0xEF7E, 0xF7DF, 0xF7BF, 0xF7BF, 0xF7BF, 0xF7BF, 0xF7BF,
  0xF7DF, 0xF7DF, 0xF7DF, 0xF7DF, 0xF7DF, 0xF7DF, 0xF7BF, 0xEF9E, 0xE73D, 0xF81F,
  0xF81F, 0xE75D, 0xEFBF, 0xEF7E, 0xF7DF, 0xF7DF, 0xF7DF, 0xF7DF, 0xF7DF, 0xF7DF,
  0xF7DF, 0xF7DF, 0xF7DF, 0xF7DF, 0xF7DF, 0xF7BF, 0xE77E, 0xE75D, 0xF81F, 0xF81F,
  0xF81F, 0xF81F, 0xE73D, 0xEF7E, 0xF7BF, 0xF7DF, 0xF7DF, 0xF7DF, 0xF7DF, 0xF7DF,
  0xF7DF, 0xF7DF, 0xF7DF, 0xF7DF, 0xF7DF, 0xF7DF, 0xEF7E, 0xEFBF, 0xE73D, 0xF81F,
  0xF81F, 0xF81F, 0xE73D, 0xE77E, 0xF7BF, 0xF7DF, 0xF7DF, 0xF7DF, 0xF7DF, 0xF7DF,
  0xF7DF, 0xF7DF, 0xF7DF, 0xF7DF, 0xF7DF, 0xEF7E, 0xEFBF, 0xE73D, 0xF81F, 0xF81F,
  0xF81F, 0xF81F, 0xE75D, 0xEFBF, 0xEF7E, 0xF7DF, 0xF7DF, 0xF7DF, 0xF7DF, 0xF7DF,
  0xF7DF, 0xF7DF, 0xF7DF, 0xF7DF, 0xF7DF, 0xF7BF, 0xE77E, 0xE75D, 0xE75D, 0xF81F,
  0xF81F, 0xF81F, 0xE75D, 0xEFBF, 0xE77E, 0xF7DF, 0xF7DF, 0xF7DF, 0xF7DF, 0xF7DF,
  0xF7DF, 0xF7DF, 0xF7DF, 0xF7DF, 0xF7BE, 0xE77E, 0xE77E, 0xDF3D, 0xF81F, 0xF81F,
  0xF81F, 0xF81F, 0xF81F, 0xE75D, 0xE77E, 0xF79E, 0xF7DF, 0xF7DF, 0xF7DF, 0xF7DF,
  0xF7DF, 0xF7DF, 0xF7DF, 0xF7DF, 0xF7DF, 0xEF7E, 0xEFBF, 0xDF3D, 0xF81F, 0xF81F,
  0xF81F, 0xF81F, 0xF81F, 0xE75D, 0xEF9E, 0xEF7E, 0xF7DF, 0xF7DF, 0xF7DF, 0xF7DF,
  0xF7DF, 0xF7DF, 0xF7DF, 0xF7DF, 0xE75D, 0xF7DF, 0xE75D, 0xF81F, 0xF81F, 0xF81F,
  0xF81F, 0xF81F, 0xF81F, 0xDF3D, 0xF7BF, 0xE75D, 0xF7BF, 0xF7DF, 0xF7DF, 0xF7DF,
  0xF7DF, 0xF7DF, 0xF7DF, 0xF7DF, 0xEF9E, 0xE77E, 0xE75D, 0xF81F, 0xF81F, 0xF81F,
  0xF81F, 0xF81F, 0xF81F, 0xE75E, 0xE77E, 0xE77E, 0xEF7E, 0xF7DF, 0xF7DF, 0xF7DF,
  0xF7DF, 0xF7DF, 0xF7BF, 0xE75E, 0xF7DF, 0xE75D, 0xF81F, 0xF81F, 0xF81F, 0xF81F,
  0xF81F, 0xF81F, 0xF81F, 0xF81F, 0xE73D, 0xF7DF, 0xE75D, 0xF7BF, 0xF7DF, 0xF7DF,
  0xF7DF, 0xF7DF, 0xF7DF, 0xEF9E, 0xE77E, 0xE77E, 0xDF3D, 0xF81F, 0xF81F, 0xF81F,
  0xF81F, 0xF81F, 0xF81F, 0xF81F, 0xDF3D, 0xE77E, 0xEF9F, 0xE75D, 0xEF9E, 0xF7BF,
  0xF7BE, 0xEF7E, 0xE75E, 0xF7DF, 0xE77E, 0xF81F, 0xF81F, 0xF81F, 0xF81F, 0xF81F,
  0xF81F, 0xF81F, 0xF81F, 0xF81F, 0xF81F, 0xE75D, 0xF7DF, 0xE75E, 0xEF7E, 0xF7BE,
  0xF7BE, 0xEF9E, 0xE75D, 0xEF9F, 0xE77E, 0xDF3D, 0xF81F, 0xF81F, 0xF81F, 0xF81F,
  0xF81F, 0xF81F, 0xF81F, 0xF81F, 0xF81F, 0xDF3C, 0xE77E, 0xE77E, 0xF7DF, 0xEFBF,
  0xF7DF, 0xEFBF, 0xE75D, 0xE75E, 0xF81F, 0xF81F, 0xF81F, 0xF81F, 0xF81F, 0xF81F,
  0xF81F, 0xF81F, 0xF81F, 0xF81F, 0xF81F, 0xF81F, 0xE75D, 0xE75D, 0xEFBF, 0xF7DF,
  0xEFBF, 0xF7BF, 0xE77E, 0xE77E, 0xDF1D, 0xF81F, 0xF81F, 0xF81F, 0xF81F, 0xF81F,
  0xF81F, 0xF81F, 0xF81F, 0xF81F, 0xF81F, 0xF81F, 0xF81F, 0xEF9E, 0xE73D, 0xDF3D,
  0xE75D, 0xE73D, 0xE75E, 0xF81F, 0xF81F, 0xF81F, 0xF81F, 0xF81F, 0xF81F, 0xF81F,
  0xF81F, 0xF81F, 0xF81F, 0xF81F, 0xF81F, 0xF81F, 0xF81F, 0xE75D, 0xE75D, 0xE75D,
  0xE75D, 0xE73D, 0xE75E, 0xF81F, 0xF81F, 0xF81F, 0xF81F, 0xF81F, 0xF81F, 0xF81F,
  0xF81F, 0xF81F, 0xF81F, 0xF81F, 0xF81F, 0xF81F, 0xF81F, 0xF81F, 0xF81F, 0xF81F,
  0xF81F, 0xF81F, 0xF81F, 0xF81F, 0xF81F, 0xF81F, 0xF81F, 0xF81F, 0xF81F, 0xF81F,
  0xF81F, 0xF81F, 0xF81F, 0xF81F, 0xF81F, 0xF81F, 0xF81F, 0xF81F, 0xF81F, 0xF81F,
  0xF81F, 0xF81F, 0xF81F, 0xF81F, 0xF81F, 0xF81F, 0xF81F, 0xF81F, 0xF81F, 0xF81F,
  0xF81F, 0xF81F, 0xF81F, 0xF81F, 0xF81F, 0xF81F, 0xF81F, 0xF81F, 0xF81F, 0xF81F,
  0xF81F, 0xF81F, 0xF81F, 0xF81F, 0xF81F, 0xF81F, 0xF81F, 0xF81F, 0xF81F, 0xF81F,
  0xF81F, 0xF81F, 0xF81F, 0xF81F, 0xF81F, 0xF81F, 0xF81F, 0xF81F, 0xF81F, 0xF81F,
  0xF81F, 0xF81F, 0xF81F, 0xF81F, 0xF81F, 0xF81F, 0xF81F, 0xF81F, 0xF81F, 0xF81F,
  0xF81F, 0xF81F, 0xF81F, 0xF81F, 0xF81F, 0xF81F, 0xF81F, 0xF81F, 0xF81F, 0xF81F,
  0xF81F, 0xF81F, 0xF81F, 0xF81F, 0xF81F, 0xF81F, 0xF81F, 0xF81F, 0xF81F, 0xF81F,
  0xF81F, 0xF81F, 0xF81F, 0xF81F, 0xF81F, 0xF81F, 0xF81F, 0xF81F, 0xF81F, 0xF81F,
  0xF81F, 0xF81F, 0xF81F, 0xF81F, 0xF81F, 0xF81F, 0xF81F, 0xF81F, 0xF81F, 0xF81F,
  0xF81F, 0xF81F, 0xF81F, 0xF81F, 0xF81F, 0xF81F, 0xF81F, 0xF81F, 0xF81F, 0xF81F,
  0xF81F, 0xF81F, 0xF81F, 0xF81F, 0xF81F, 0xF81F, 0xF81F, 0xF81F, 0xF81F, 0xF81F,
  0xF81F, 0xF81F, 0xF81F, 0xF81F, 0xF81F, 0xF81F, 0xF81F, 0xF81F, 0xF81F, 0xF81F,
  0xF81F, 0xF81F, 0xF81F, 0xF81F, 0xF81F, 0xF81F, 0xF81F, 0xF81F, 0xF81F, 0xF81F
};

static const uint16_t kEmoji_gear[1600] PROGMEM = {
  0xF81F, 0xF81F, 0xF81F, 0xF81F, 0xF81F, 0xF81F, 0xF81F, 0xF81F, 0xF81F, 0xF81F,
  0xF81F, 0xF81F, 0xF81F, 0xF81F, 0xF81F, 0xF81F, 0xF81F, 0x638F, 0x6BB0, 0x63AF,
  0x63AF, 0x6BB0, 0x638F, 0xF81F, 0xF81F, 0xF81F, 0xF81F, 0xF81F, 0xF81F, 0xF81F,
  0xF81F, 0xF81F, 0xF81F, 0xF81F, 0xF81F, 0xF81F, 0xF81F, 0xF81F, 0xF81F, 0xF81F,
  0xF81F, 0xF81F, 0xF81F, 0xF81F, 0xF81F, 0xF81F, 0xF81F, 0xF81F, 0xF81F, 0xF81F,
  0xF81F, 0xF81F, 0xF81F, 0xF81F, 0xF81F, 0xF81F, 0x63AF, 0x6BF0, 0x63B0, 0x63AF,
  0x63AF, 0x63B0, 0x6BF0, 0x63B0, 0xF81F, 0xF81F, 0xF81F, 0xF81F, 0xF81F, 0xF81F,
  0xF81F, 0xF81F, 0xF81F, 0xF81F, 0xF81F, 0xF81F, 0xF81F, 0xF81F, 0xF81F, 0xF81F,
  0xF81F, 0xF81F, 0xF81F, 0xF81F, 0xF81F, 0xF81F, 0xF81F, 0xF81F, 0xF81F, 0xF81F,
  0xF81F, 0xF81F, 0xF81F, 0xF81F, 0xF81F, 0xF81F, 0x63AF, 0x6BF1, 0x63AF, 0x63AF,
  0x63AF, 0x63AF, 0x6BF1, 0x638F, 0xF81F, 0xF81F, 0xF81F, 0xF81F, 0xF81F, 0xF81F,
  0xF81F, 0xF81F, 0xF81F, 0xF81F, 0xF81F, 0xF81F, 0xF81F, 0xF81F, 0xF81F, 0xF81F,
  0xF81F, 0xF81F, 0xF81F, 0xF81F, 0xF81F, 0xF81F, 0xF81F, 0xF81F, 0xF81F, 0xF81F,
  0xF81F, 0xF81F, 0xF81F, 0xF81F, 0xF81F, 0xF81F, 0x638F, 0x6BF1, 0x63AF, 0x63AF,
  0x63AF, 0x63AF, 0x6BF1, 0x638F, 0xF81F, 0xF81F, 0xF81F, 0xF81F, 0xF81F, 0xF81F,
  0xF81F, 0xF81F, 0xF81F, 0xF81F, 0xF81F, 0xF81F, 0xF81F, 0xF81F, 0xF81F, 0xF81F,
  0xF81F, 0xF81F, 0xF81F, 0xF81F, 0xF81F, 0xF81F, 0xF81F, 0x63B0, 0x6BD0, 0x638F,
  0xF81F, 0xF81F, 0xF81F, 0xF81F, 0xF81F, 0xF81F, 0x638F, 0x6BF1, 0x63AF, 0x63AF,
  0x63AF, 0x63AF, 0x6BF1, 0x638F, 0xF81F, 0xF81F, 0xF81F, 0xF81F, 0xF81F, 0xF81F,
  0x638F, 0x6BD0, 0x63B0, 0xF81F, 0xF81F, 0xF81F, 0xF81F, 0xF81F, 0xF81F, 0xF81F,
  0xF81F, 0xF81F, 0xF81F, 0xF81F, 0xF81F, 0xF81F, 0x63AF, 0x6BF1, 0x6BF1, 0x6BB0,
  0x638F, 0xF81F, 0xF81F, 0xF81F, 0xF81F, 0xF81F, 0x638F, 0x6BF1, 0x63AF, 0x63AF,
  0x63AF, 0x63AF, 0x6BF1, 0x638F, 0xF81F, 0xF81F, 0xF81F, 0xF81F, 0xF81F, 0x638F,
  0x6BB0, 0x6BF1, 0x6BF1, 0x63AF, 0xF81F, 0xF81F, 0xF81F, 0xF81F, 0xF81F, 0xF81F,
  0xF81F, 0xF81F, 0xF81F, 0xF81F, 0xF81F, 0x63AF, 0x6BF0, 0x63AF, 0x63AF, 0x63B0,
  0x6BB0, 0x638F, 0xF81F, 0xF81F, 0x63B0, 0x63AF, 0x63B0, 0x63AF, 0x63AF, 0x63AF,
  0x63AF, 0x63AF, 0x63AF, 0x63B0, 0x63AF, 0x63B0, 0xF81F, 0xF81F, 0x638F, 0x6BB0,
  0x63B0, 0x63AF, 0x63AF, 0x6BF0, 0x63AF, 0xF81F, 0xF81F, 0xF81F, 0xF81F, 0xF81F,
  0xF81F, 0xF81F, 0xF81F, 0xF81F, 0x63AF, 0x6BF1, 0x63AF, 0x63AF, 0x63AF, 0x63AF,
  0x6BB0, 0x63AF, 0x63AF, 0x63B0, 0x6BF1, 0x6BD0, 0x63B0, 0x63AF, 0x63AF, 0x63AF,
  0x63AF, 0x63AF, 0x63AF, 0x63B0, 0x6BD0, 0x6BF1, 0x63B0, 0x63AF, 0x63AF, 0x6BB0,
  0x63AF, 0x63AF, 0x63AF, 0x63AF, 0x6BF1, 0x63AF, 0xF81F, 0xF81F, 0xF81F, 0xF81F,
  0xF81F, 0xF81F, 0xF81F, 0xF81F, 0x63AF, 0x6BF1, 0x63AF, 0x63AF, 0x63AF, 0x63AF,
  0x63AF, 0x63B0, 0x6BD0, 0x6BD0, 0x63AF, 0x63AF, 0x63AF, 0x63AF, 0x63AF, 0x63AF,
  0x63AF, 0x63AF, 0x63AF, 0x63AF, 0x63AF, 0x63AF, 0x6BD0, 0x6BD0, 0x63B0, 0x63AF,
  0x63AF, 0x63AF, 0x63AF, 0x63AF, 0x6BF1, 0x63AF, 0xF81F, 0xF81F, 0xF81F, 0xF81F,
  0xF81F, 0xF81F, 0xF81F, 0xF81F, 0x63B0, 0x6BD0, 0x63B0, 0x63AF, 0x63AF, 0x63AF,
  0x63AF, 0x63AF, 0x63AF, 0x63AF, 0x63AF, 0x63AF, 0x63AF, 0x63AF, 0x63AF, 0x63AF,
  0x63AF, 0x63AF, 0x63AF, 0x63AF, 0x63AF, 0x63AF, 0x63AF, 0x63AF, 0x63AF, 0x63AF,
  0x63AF, 0x63AF, 0x63AF, 0x63B0, 0x6BD0, 0x63B0, 0xF81F, 0xF81F, 0xF81F, 0xF81F,
  0xF81F, 0xF81F, 0xF81F, 0xF81F, 0xF81F, 0x638F, 0x6BD0, 0x6BB0, 0x63AF, 0x63AF,
  0x63AF, 0x63AF, 0x63AF, 0x63AF, 0x63AF, 0x63AF, 0x6BD0, 0x6BF0, 0x6BD0, 0x6BD0,
  0x6BD0, 0x6BD0, 0x6BF0, 0x6BD0, 0x63AF, 0x63AF, 0x63AF, 0x63AF, 0x63AF, 0x63AF,
  0x63AF, 0x63AF, 0x6BB0, 0x6BD0, 0x638F, 0xF81F, 0xF81F, 0xF81F, 0xF81F, 0xF81F,
  0xF81F, 0xF81F, 0xF81F, 0xF81F, 0xF81F, 0xF81F, 0x63AF, 0x6BD0, 0x63B0, 0x63AF,
  0x63AF, 0x63AF, 0x63AF, 0x63AF, 0x63B0, 0x6BD0, 0x63B0, 0x63AF, 0x638F, 0x6B8F,
  0x6B8F, 0x638F, 0x63AF, 0x63B0, 0x6BD0, 0x63B0, 0x63AF, 0x63AF, 0x63AF, 0x63AF,
  0x63AF, 0x63B0, 0x6BD0, 0x63AF, 0xF81F, 0xF81F, 0xF81F, 0xF81F, 0xF81F, 0xF81F,
  0xF81F, 0xF81F, 0xF81F, 0xF81F, 0xF81F, 0xF81F, 0xF81F, 0x638F, 0x6BD0, 0x63AF,
  0x63AF, 0x63AF, 0x63AF, 0x6BD0, 0x6BB0, 0x63AF, 0xF81F, 0xF81F, 0xF81F, 0xF81F,
  0xF81F, 0xF81F, 0xF81F, 0xF81F, 0x63AF, 0x6BB0, 0x6BD0, 0x63AF, 0x63AF, 0x63AF,
  0x63AF, 0x6BD0, 0x638F, 0xF81F, 0xF81F, 0xF81F, 0xF81F, 0xF81F, 0xF81F, 0xF81F,
  0xF81F, 0xF81F, 0xF81F, 0xF81F, 0xF81F, 0xF81F, 0xF81F, 0x63AF, 0x6BD0, 0x63AF,
  0x63AF, 0x63AF, 0x6BD0, 0x6BB0, 0x6390, 0xF81F, 0xF81F, 0xF81F, 0xF81F, 0xF81F,
  0xF81F, 0xF81F, 0xF81F, 0xF81F, 0xF81F, 0x6390, 0x6BB0, 0x6BD0, 0x63AF, 0x63AF,
  0x63AF, 0x6BD0, 0x63AF, 0xF81F, 0xF81F, 0xF81F, 0xF81F, 0xF81F, 0xF81F, 0xF81F,
  0xF81F, 0xF81F, 0xF81F, 0xF81F, 0xF81F, 0xF81F, 0x63B0, 0x6BF1, 0x63AF, 0x63AF,
  0x63AF, 0x63B0, 0x6BB0, 0x63AF, 0xF81F, 0xF81F, 0xF81F, 0xF81F, 0xF81F, 0xF81F,
  0xF81F, 0xF81F, 0xF81F, 0xF81F, 0xF81F, 0xF81F, 0x63AF, 0x6BB0, 0x63B0, 0x63AF,
  0x63AF, 0x63AF, 0x6BF1, 0x63B0, 0xF81F, 0xF81F, 0xF81F, 0xF81F, 0xF81F, 0xF81F,
  0xF81F, 0xF81F, 0xF81F, 0xF81F, 0xF81F, 0xF81F, 0x63AF, 0x6BD0, 0x63AF, 0x63AF,
  0x63AF, 0x6BD0, 0x638F, 0xF81F, 0xF81F, 0xF81F, 0xF81F, 0xF81F, 0xF81F, 0xF81F,
  0xF81F, 0xF81F, 0xF81F, 0xF81F, 0xF81F, 0xF81F, 0xF81F, 0x638F, 0x6BD0, 0x63AF,
  0x63AF, 0x63AF, 0x6BD0, 0x63AF, 0xF81F, 0xF81F, 0xF81F, 0xF81F, 0xF81F, 0xF81F,
  0xF81F, 0x63AF, 0x6BB0, 0x63AF, 0x63B0, 0x63AF, 0x63AF, 0x63B0, 0x63AF, 0x63AF,
  0x6BD0, 0x63AF, 0xF81F, 0xF81F, 0xF81F, 0xF81F, 0xF81F, 0xF81F, 0xF81F, 0xF81F,
  0xF81F, 0xF81F, 0xF81F, 0xF81F, 0xF81F, 0xF81F, 0xF81F, 0xF81F, 0x63AF, 0x6BD0,
  0x63AF, 0x63AF, 0x63B0, 0x63AF, 0x63AF, 0x63B0, 0x63AF, 0x6BB0, 0x63AF, 0xF81F,
  0x63AF, 0x6BF0, 0x6BF1, 0x6BF1, 0x6BF1, 0x6BF1, 0x63AF, 0x63AF, 0x63AF, 0x63AF,
  0x6BF0, 0x63AF, 0xF81F, 0xF81F, 0xF81F, 0xF81F, 0xF81F, 0xF81F, 0xF81F, 0xF81F,
  0xF81F, 0xF81F, 0xF81F, 0xF81F, 0xF81F, 0xF81F, 0xF81F, 0xF81F, 0x63AF, 0x6BF0,
  0x63AF, 0x63AF, 0x63AF, 0x63AF, 0x6BF1, 0x6BF1, 0x6BF1, 0x6BF1, 0x6BF0, 0x63AF,
  0x6BB0, 0x63AF, 0x63AF, 0x63AF, 0x63AF, 0x63AF, 0x63AF, 0x63AF, 0x63AF, 0x63AF,
  0x6BD0, 0x63B0, 0xF81F, 0xF81F, 0xF81F, 0xF81F, 0xF81F, 0xF81F, 0xF81F, 0xF81F,
  0xF81F, 0xF81F, 0xF81F, 0xF81F, 0xF81F, 0xF81F, 0xF81F, 0xF81F, 0x63B0, 0x6BD0,
  0x63AF, 0x63AF, 0x63AF, 0x63AF, 0x63AF, 0x63AF, 0x63AF, 0x63AF, 0x63AF, 0x6BB0,
  0x63AF, 0x63AF, 0x63AF, 0x63AF, 0x63AF, 0x63AF, 0x63AF, 0x63AF, 0x63AF, 0x63AF,
  0x6BD0, 0x6B8F, 0xF81F, 0xF81F, 0xF81F, 0xF81F, 0xF81F, 0xF81F, 0xF81F, 0xF81F,
  0xF81F, 0xF81F, 0xF81F, 0xF81F, 0xF81F, 0xF81F, 0xF81F, 0xF81F, 0x6B8F, 0x6BD0,
  0x63AF, 0x63AF, 0x63AF, 0x63AF, 0x63AF, 0x63AF, 0x63AF, 0x63AF, 0x63AF, 0x63AF,
  0x63AF, 0x63AF, 0x63AF, 0x63AF, 0x63AF, 0x63AF, 0x63AF, 0x63AF, 0x63AF, 0x63AF,
  0x6BD0, 0x6B8F, 0xF81F, 0xF81F, 0xF81F, 0xF81F, 0xF81F, 0xF81F, 0xF81F, 0xF81F,
  0xF81F, 0xF81F, 0xF81F, 0xF81F, 0xF81F, 0xF81F, 0xF81F, 0xF81F, 0x6B8F, 0x6BD0,
  0x63AF, 0x63AF, 0x63AF, 0x63AF, 0x63AF, 0x63AF, 0x63AF, 0x63AF, 0x63AF, 0x63AF,
  0x6BB0, 0x63AF, 0x63AF, 0x63AF, 0x63AF, 0x63AF, 0x63AF, 0x63AF, 0x63AF, 0x63AF,
  0x6BD0, 0x63B0, 0xF81F, 0xF81F, 0xF81F, 0xF81F, 0xF81F, 0xF81F, 0xF81F, 0xF81F,
  0xF81F, 0xF81F, 0xF81F, 0xF81F, 0xF81F, 0xF81F, 0xF81F, 0xF81F, 0x63B0, 0x6BD0,
  0x63AF, 0x63AF, 0x63AF, 0x63AF, 0x63AF, 0x63AF, 0x63AF, 0x63AF, 0x63AF, 0x6BB0,
  0x63AF, 0x6BF0, 0x6BF1, 0x6BF1, 0x6BF1, 0x6BF1, 0x63AF, 0x63AF, 0x63AF, 0x63AF,
  0x6BF0, 0x63AF, 0xF81F, 0xF81F, 0xF81F, 0xF81F, 0xF81F, 0xF81F, 0xF81F, 0xF81F,
  0xF81F, 0xF81F, 0xF81F, 0xF81F, 0xF81F, 0xF81F, 0xF81F, 0xF81F, 0x63AF, 0x6BF0,
  0x63AF, 0x63AF, 0x63AF, 0x63AF, 0x6BF1, 0x6BF1, 0x6BF1, 0x6BF1, 0x6BF0, 0x63AF,
  0xF81F, 0x63AF, 0x6BB0, 0x63AF, 0x63B0, 0x63AF, 0x63AF, 0x63B0, 0x63AF, 0x63AF,
  0x6BD0, 0x63AF, 0xF81F, 0xF81F, 0xF81F, 0xF81F, 0xF81F, 0xF81F, 0xF81F, 0xF81F,
  0xF81F, 0xF81F, 0xF81F, 0xF81F, 0xF81F, 0xF81F, 0xF81F, 0xF81F, 0x63AF, 0x6BD0,
  0x63AF, 0x63AF, 0x63B0, 0x63AF, 0x63AF, 0x63B0, 0x63AF, 0x6BB0, 0x63AF, 0xF81F,
  0xF81F, 0xF81F, 0xF81F, 0xF81F, 0xF81F, 0xF81F, 0x63AF, 0x6BD0, 0x63AF, 0x63AF,
  0x63AF, 0x6BD0, 0x638F, 0xF81F, 0xF81F, 0xF81F, 0xF81F, 0xF81F, 0xF81F, 0xF81F,
  0xF81F, 0xF81F, 0xF81F, 0xF81F, 0xF81F, 0xF81F, 0xF81F, 0x638F, 0x6BD0, 0x63AF,
  0x63AF, 0x63AF, 0x6BD0, 0x63AF, 0xF81F, 0xF81F, 0xF81F, 0xF81F, 0xF81F, 0xF81F,
  0xF81F, 0xF81F, 0xF81F, 0xF81F, 0xF81F, 0xF81F, 0x63B0, 0x6BF1, 0x63AF, 0x63AF,
  0x63AF, 0x63B0, 0x6BB0, 0x63AF, 0xF81F, 0xF81F, 0xF81F, 0xF81F, 0xF81F, 0xF81F,
  0xF81F, 0xF81F, 0xF81F, 0xF81F, 0xF81F, 0xF81F, 0x63AF, 0x6BD0, 0x63B0, 0x63AF,
  0x63AF, 0x63AF, 0x6BF1, 0x63B0, 0xF81F, 0xF81F, 0xF81F, 0xF81F, 0xF81F, 0xF81F,
  0xF81F, 0xF81F, 0xF81F, 0xF81F, 0xF81F, 0xF81F, 0xF81F, 0x63AF, 0x6BD0, 0x63AF,
  0x63AF, 0x63AF, 0x6BD0, 0x6BB0, 0x6390, 0xF81F, 0xF81F, 0xF81F, 0xF81F, 0xF81F,
  0xF81F, 0xF81F, 0xF81F, 0xF81F, 0xF81F, 0x6390, 0x6BB0, 0x6BD0, 0x63AF, 0x63AF,
  0x63AF, 0x6BD0, 0x63AF, 0xF81F, 0xF81F, 0xF81F, 0xF81F, 0xF81F, 0xF81F, 0xF81F,
  0xF81F, 0xF81F, 0xF81F, 0xF81F, 0xF81F, 0xF81F, 0xF81F, 0x638F, 0x6BD0, 0x63AF,
  0x63AF, 0x63AF, 0x63AF, 0x6BD0, 0x6BB0, 0x63AF, 0xF81F, 0xF81F, 0xF81F, 0xF81F,
  0xF81F, 0xF81F, 0xF81F, 0xF81F, 0x63AF, 0x6BB0, 0x6BD0, 0x63AF, 0x63AF, 0x63AF,
  0x63AF, 0x6BD0, 0x638F, 0xF81F, 0xF81F, 0xF81F, 0xF81F, 0xF81F, 0xF81F, 0xF81F,
  0xF81F, 0xF81F, 0xF81F, 0xF81F, 0xF81F, 0xF81F, 0x63AF, 0x6BD0, 0x63B0, 0x63AF,
  0x63AF, 0x63AF, 0x63AF, 0x63AF, 0x63B0, 0x6BD0, 0x63B0, 0x63AF, 0x638F, 0x6B8F,
  0x6B8F, 0x638F, 0x63AF, 0x63B0, 0x6BD0, 0x63B0, 0x63AF, 0x63AF, 0x63AF, 0x63AF,
  0x63AF, 0x63B0, 0x6BD0, 0x63AF, 0xF81F, 0xF81F, 0xF81F, 0xF81F, 0xF81F, 0xF81F,
  0xF81F, 0xF81F, 0xF81F, 0xF81F, 0xF81F, 0x638F, 0x6BD0, 0x6BB0, 0x63AF, 0x63AF,
  0x63AF, 0x63AF, 0x63AF, 0x63AF, 0x63AF, 0x63AF, 0x6BD0, 0x6BF0, 0x6BD0, 0x6BD0,
  0x6BD0, 0x6BD0, 0x6BF0, 0x6BD0, 0x63AF, 0x63AF, 0x63AF, 0x63AF, 0x63AF, 0x63AF,
  0x63AF, 0x63AF, 0x6BB0, 0x6BD0, 0x638F, 0xF81F, 0xF81F, 0xF81F, 0xF81F, 0xF81F,
  0xF81F, 0xF81F, 0xF81F, 0xF81F, 0x63B0, 0x6BD0, 0x63B0, 0x63AF, 0x63AF, 0x63AF,
  0x63AF, 0x63AF, 0x63AF, 0x63AF, 0x63AF, 0x63AF, 0x63AF, 0x63AF, 0x63AF, 0x63AF,
  0x63AF, 0x63AF, 0x63AF, 0x63AF, 0x63AF, 0x63AF, 0x63AF, 0x63AF, 0x63AF, 0x63AF,
  0x63AF, 0x63AF, 0x63AF, 0x63B0, 0x6BD0, 0x63B0, 0xF81F, 0xF81F, 0xF81F, 0xF81F,
  0xF81F, 0xF81F, 0xF81F, 0xF81F, 0x63AF, 0x6BF1, 0x63AF, 0x63AF, 0x63AF, 0x63AF,
  0x63AF, 0x63B0, 0x6BD0, 0x6BD0, 0x63AF, 0x63AF, 0x63AF, 0x63AF, 0x63AF, 0x63AF,
  0x63AF, 0x63AF, 0x63AF, 0x63AF, 0x63AF, 0x63AF, 0x6BD0, 0x6BD0, 0x63B0, 0x63AF,
  0x63AF, 0x63AF, 0x63AF, 0x63AF, 0x6BF1, 0x63AF, 0xF81F, 0xF81F, 0xF81F, 0xF81F,
  0xF81F, 0xF81F, 0xF81F, 0xF81F, 0x63AF, 0x6BF1, 0x63AF, 0x63AF, 0x63AF, 0x63AF,
  0x6BB0, 0x63AF, 0x63AF, 0x63B0, 0x6BF1, 0x6BD0, 0x63B0, 0x63AF, 0x63AF, 0x63AF,
  0x63AF, 0x63AF, 0x63AF, 0x63B0, 0x6BD0, 0x6BF1, 0x63B0, 0x63AF, 0x63AF, 0x6BB0,
  0x63AF, 0x63AF, 0x63AF, 0x63AF, 0x6BF1, 0x63AF, 0xF81F, 0xF81F, 0xF81F, 0xF81F,
  0xF81F, 0xF81F, 0xF81F, 0xF81F, 0xF81F, 0x63AF, 0x6BF0, 0x63AF, 0x63AF, 0x63B0,
  0x6BB0, 0x638F, 0xF81F, 0xF81F, 0x63B0, 0x63AF, 0x63B0, 0x63AF, 0x63AF, 0x63AF,
  0x63AF, 0x63AF, 0x63AF, 0x63B0, 0x63AF, 0x63B0, 0xF81F, 0xF81F, 0x638F, 0x6BB0,
  0x63B0, 0x63AF, 0x63AF, 0x6BF0, 0x63AF, 0xF81F, 0xF81F, 0xF81F, 0xF81F, 0xF81F,
  0xF81F, 0xF81F, 0xF81F, 0xF81F, 0xF81F, 0xF81F, 0x63AF, 0x6BF1, 0x6BF1, 0x6BB0,
  0x638F, 0xF81F, 0xF81F, 0xF81F, 0xF81F, 0xF81F, 0x638F, 0x6BF1, 0x63AF, 0x63AF,
  0x63AF, 0x63AF, 0x6BF1, 0x638F, 0xF81F, 0xF81F, 0xF81F, 0xF81F, 0xF81F, 0x638F,
  0x6BB0, 0x6BF1, 0x6BF1, 0x63AF, 0xF81F, 0xF81F, 0xF81F, 0xF81F, 0xF81F, 0xF81F,
  0xF81F, 0xF81F, 0xF81F, 0xF81F, 0xF81F, 0xF81F, 0xF81F, 0x63B0, 0x6BD0, 0x638F,
  0xF81F, 0xF81F, 0xF81F, 0xF81F, 0xF81F, 0xF81F, 0x638F, 0x6BF1, 0x63AF, 0x63AF,
  0x63AF, 0x63AF, 0x6BF1, 0x638F, 0xF81F, 0xF81F, 0xF81F, 0xF81F, 0xF81F, 0xF81F,
  0x638F, 0x6BD0, 0x63B0, 0xF81F, 0xF81F, 0xF81F, 0xF81F, 0xF81F, 0xF81F, 0xF81F,
  0xF81F, 0xF81F, 0xF81F, 0xF81F, 0xF81F, 0xF81F, 0xF81F, 0xF81F, 0xF81F, 0xF81F,
  0xF81F, 0xF81F, 0xF81F, 0xF81F, 0xF81F, 0xF81F, 0x638F, 0x6BF1, 0x63AF, 0x63AF,
  0x63AF, 0x63AF, 0x6BF1, 0x638F, 0xF81F, 0xF81F, 0xF81F, 0xF81F, 0xF81F, 0xF81F,
  0xF81F, 0xF81F, 0xF81F, 0xF81F, 0xF81F, 0xF81F, 0xF81F, 0xF81F, 0xF81F, 0xF81F,
  0xF81F, 0xF81F, 0xF81F, 0xF81F, 0xF81F, 0xF81F, 0xF81F, 0xF81F, 0xF81F, 0xF81F,
  0xF81F, 0xF81F, 0xF81F, 0xF81F, 0xF81F, 0xF81F, 0x638F, 0x6BF1, 0x63AF, 0x63AF,
  0x63AF, 0x63AF, 0x6BF1, 0x638F, 0xF81F, 0xF81F, 0xF81F, 0xF81F, 0xF81F, 0xF81F,
  0xF81F, 0xF81F, 0xF81F, 0xF81F, 0xF81F, 0xF81F, 0xF81F, 0xF81F, 0xF81F, 0xF81F,
  0xF81F, 0xF81F, 0xF81F, 0xF81F, 0xF81F, 0xF81F, 0xF81F, 0xF81F, 0xF81F, 0xF81F,
  0xF81F, 0xF81F, 0xF81F, 0xF81F, 0xF81F, 0xF81F, 0x63B0, 0x6BF0, 0x63B0, 0x63AF,
  0x63AF, 0x63B0, 0x6BF0, 0x63B0, 0xF81F, 0xF81F, 0xF81F, 0xF81F, 0xF81F, 0xF81F,
  0xF81F, 0xF81F, 0xF81F, 0xF81F, 0xF81F, 0xF81F, 0xF81F, 0xF81F, 0xF81F, 0xF81F,
  0xF81F, 0xF81F, 0xF81F, 0xF81F, 0xF81F, 0xF81F, 0xF81F, 0xF81F, 0xF81F, 0xF81F,
  0xF81F, 0xF81F, 0xF81F, 0xF81F, 0xF81F, 0xF81F, 0xF81F, 0x638F, 0x6BB0, 0x63AF,
  0x63AF, 0x6BB0, 0x638F, 0xF81F, 0xF81F, 0xF81F, 0xF81F, 0xF81F, 0xF81F, 0xF81F,
  0xF81F, 0xF81F, 0xF81F, 0xF81F, 0xF81F, 0xF81F, 0xF81F, 0xF81F, 0xF81F, 0xF81F
};

static const uint16_t kEmoji_hammer[1600] PROGMEM = {
  0xF81F, 0xF81F, 0xF81F, 0xF81F, 0xF81F, 0xF81F, 0xF81F, 0xF81F, 0xF81F, 0xF81F,
  0xF81F, 0xF81F, 0xF81F, 0xF81F, 0xF81F, 0xF81F, 0xF81F, 0xF81F, 0xF81F, 0xF81F,
  0xF81F, 0xF81F, 0xF81F, 0xF81F, 0xF81F, 0xF81F, 0xF81F, 0xF81F, 0xF81F, 0xF81F,
  0xF81F, 0xF81F, 0xF81F, 0xF81F, 0xF81F, 0xF81F, 0xF81F, 0xF81F, 0xF81F, 0xF81F,
  0xF81F, 0xF81F, 0xF81F, 0xF81F, 0xF81F, 0xF81F, 0xF81F, 0xF81F, 0xF81F, 0xF81F,
  0xF81F, 0xF81F, 0xF81F, 0xF81F, 0xF81F, 0xF81F, 0xF81F, 0xF81F, 0xF81F, 0xF81F,
  0xF81F, 0xF81F, 0xF81F, 0xF81F, 0xF81F, 0xF81F, 0xF81F, 0xF81F, 0xF81F, 0xF81F,
  0xF81F, 0xF81F, 0xF81F, 0xF81F, 0xF81F, 0xF81F, 0xF81F, 0xF81F, 0xF81F, 0xF81F,
  0xF81F, 0xF81F, 0xF81F, 0xF81F, 0xF81F, 0xF81F, 0xF81F, 0xF81F, 0xF81F, 0xF81F,
  0xF81F, 0xF81F, 0xF81F, 0xF81F, 0xF81F, 0xF81F, 0x63AF, 0x63AF, 0x63AF, 0x63AF,
  0x63AF, 0x63AF, 0x63B0, 0x636F, 0xF81F, 0xF81F, 0xF81F, 0xF81F, 0xF81F, 0xF81F,
  0xF81F, 0xF81F, 0xF81F, 0xF81F, 0xF81F, 0xF81F, 0xF81F, 0xF81F, 0xF81F, 0xF81F,
  0xF81F, 0xF81F, 0xF81F, 0xF81F, 0xF81F, 0xF81F, 0xF81F, 0xF81F, 0xF81F, 0xF81F,
  0xF81F, 0xF81F, 0xF81F, 0xF81F, 0x63B0, 0x63B0, 0x6BD0, 0x6BD0, 0x6BD0, 0x6BD0,
  0x6BF1, 0x7411, 0x7411, 0x7411, 0x63AF, 0xF81F, 0xF81F, 0xF81F, 0xF81F, 0xF81F,
  0xF81F, 0xF81F, 0xF81F, 0xF81F, 0xF81F, 0xF81F, 0xF81F, 0xF81F, 0xF81F, 0xF81F,
  0xF81F, 0xF81F, 0xF81F, 0xF81F, 0xF81F, 0xF81F, 0xF81F, 0xF81F, 0xF81F, 0xF81F,
  0xF81F, 0xF81F, 0xF81F, 0x63B0, 0x6BD0, 0x6BD0, 0x63AF, 0x63AF, 0x63AF, 0x6BD0,
  0x63AF, 0x63AF, 0x638F, 0x6BF0, 0x63AF, 0xF81F, 0xF81F, 0xF81F, 0xF81F, 0xF81F,
  0xF81F, 0xF81F, 0xF81F, 0xF81F, 0xF81F, 0xF81F, 0xF81F, 0xF81F, 0xF81F, 0xF81F,
  0xF81F, 0xF81F, 0xF81F, 0xF81F, 0xF81F, 0xF81F, 0xF81F, 0xF81F, 0xF81F, 0xF81F,
  0xF81F, 0xF81F, 0x63B0, 0x6BF0, 0x63B0, 0x63AF, 0x63AF, 0x6BD0, 0x6BD0, 0x6BB0,
  0xF81F, 0xF81F, 0xF81F, 0xF81F, 0xF81F, 0xF81F, 0xF81F, 0xF81F, 0xF81F, 0xF81F,
  0xF81F, 0xF81F, 0xF81F, 0xF81F, 0xF81F, 0xF81F, 0xF81F, 0xF81F, 0xF81F, 0xF81F,
  0xF81F, 0xF81F, 0xF81F, 0xF81F, 0xF81F, 0xF81F, 0xF81F, 0xF81F, 0xF81F, 0xF81F,
  0xF81F, 0x6BD0, 0x6BF0, 0x63AF, 0x63AF, 0x63B0, 0x6BB0, 0x63B0, 0x638F, 0xF81F,
  0xF81F, 0xF81F, 0xF81F, 0xF81F, 0xF81F, 0xF81F, 0xF81F, 0xF81F, 0xF81F, 0xF81F,
  0xF81F, 0xF81F, 0xF81F, 0xF81F, 0xF81F, 0xF81F, 0xF81F, 0xF81F, 0xF81F, 0xF81F,
  0xF81F, 0xF81F, 0xF81F, 0xF81F, 0xF81F, 0xF81F, 0xF81F, 0xF81F, 0xF81F, 0xF81F,
  0x63B0, 0x6BD0, 0x63AF, 0x63AF, 0x63AF, 0x63B0, 0x6BD0, 0x63AF, 0xF81F, 0xF81F,
  0xF81F, 0xF81F, 0xF81F, 0xF81F, 0xF81F, 0xF81F, 0xF81F, 0xF81F, 0xF81F, 0xF81F,
  0xF81F, 0xF81F, 0xF81F, 0xF81F, 0xF81F, 0xF81F, 0xF81F, 0xF81F, 0xF81F, 0xF81F,
  0xF81F, 0xF81F, 0xF81F, 0xF81F, 0xF81F, 0xF81F, 0xF81F, 0xF81F, 0xF81F, 0x63B0,
  0x6BD0, 0x63AF, 0x63AF, 0x63AF, 0x63AF, 0x6BD0, 0x63AF, 0xF81F, 0xF81F, 0xF81F,
  0xF81F, 0xF81F, 0xF81F, 0xF81F, 0xF81F, 0xF81F, 0xF81F, 0xF81F, 0xF81F, 0xF81F,
  0xF81F, 0xF81F, 0xF81F, 0xF81F, 0xF81F, 0xF81F, 0xF81F, 0xF81F, 0xF81F, 0xF81F,
  0xF81F, 0xF81F, 0xF81F, 0xF81F, 0xF81F, 0xF81F, 0xF81F, 0xF81F, 0x63AF, 0x6BD0,
  0x63AF, 0x63AF, 0x63AF, 0x63AF, 0x63AF, 0x6BF0, 0x63AF, 0xF81F, 0xF81F, 0xF81F,
  0xF81F, 0xF81F, 0xF81F, 0xF81F, 0xF81F, 0xF81F, 0xF81F, 0xF81F, 0xF81F, 0xF81F,
  0xF81F, 0xF81F, 0xF81F, 0xF81F, 0xF81F, 0xF81F, 0xF81F, 0xF81F, 0xF81F, 0xF81F,
  0xF81F, 0xF81F, 0xF81F, 0xF81F, 0xF81F, 0xF81F, 0xF81F, 0x63B0, 0x6BD0, 0x63AF,
  0x63AF, 0x63AF, 0x63AF, 0x63AF, 0x63AF, 0x6BD0, 0x63AF, 0xF81F, 0xF81F, 0xF81F,
  0xF81F, 0xF81F, 0xF81F, 0xF81F, 0xF81F, 0xF81F, 0xF81F, 0xF81F, 0xF81F, 0xF81F,
  0xF81F, 0xF81F, 0xF81F, 0xF81F, 0xF81F, 0xF81F, 0xF81F, 0xF81F, 0xF81F, 0xF81F,
  0xF81F, 0xF81F, 0xF81F, 0xF81F, 0xF81F, 0xF81F, 0x6BD0, 0x6BD0, 0x63AF, 0x63AF,
  0x63AF, 0x63AF, 0x63AF, 0x63AF, 0x63AF, 0x6BF0, 0x5B91, 0xF81F, 0xF81F, 0xF81F,
  0xF81F, 0xF81F, 0xF81F, 0xF81F, 0xF81F, 0xF81F, 0xF81F, 0xF81F, 0xF81F, 0xF81F,
  0xF81F, 0xF81F, 0xF81F, 0xF81F, 0xF81F, 0xF81F, 0xF81F, 0xF81F, 0xF81F, 0xF81F,
  0xF81F, 0xF81F, 0xF81F, 0x63AF, 0x6BAF, 0x63AF, 0x6BD0, 0x63AF, 0x63AF, 0x63AF,
  0x63AF, 0x63AF, 0x63AF, 0x63AF, 0x63AF, 0x63B0, 0xB428, 0xFC80, 0xF81F, 0xF81F,
  0xF81F, 0xF81F, 0xF81F, 0xF81F, 0xF81F, 0xF81F, 0xF81F, 0xF81F, 0xF81F, 0xF81F,
  0xF81F, 0xF81F, 0xF81F, 0xF81F, 0xF81F, 0xF81F, 0xF81F, 0xF81F, 0xF81F, 0xF81F,
  0xF81F, 0x638F, 0x6BD0, 0x6BD0, 0x63AF, 0x6BD0, 0x63AF, 0x63AF, 0x63AF, 0x63AF,
  0x63AF, 0x63AF, 0x63AF, 0x63AF, 0x63B0, 0xB408, 0xFCA0, 0xF481, 0xF461, 0xF81F,
  0xF81F, 0xF81F, 0xF81F, 0xF81F, 0xF81F, 0xF81F, 0xF81F, 0xF81F, 0xF81F, 0xF81F,
  0xF81F, 0xF81F, 0xF81F, 0xF81F, 0xF81F, 0xF81F, 0xF81F, 0xF81F, 0xF81F, 0xF81F,
  0x638F, 0x63AF, 0x6BD0, 0x63AF, 0x63B0, 0x63AF, 0x63AF, 0x63AF, 0x63AF, 0x63AF,
  0x63AF, 0x63AF, 0x63B0, 0x63B0, 0xB408, 0xFC80, 0xF461, 0xFCA1, 0xF481, 0xF461,
  0xF81F, 0xF81F, 0xF81F, 0xF81F, 0xF81F, 0xF81F, 0xF81F, 0xF81F, 0xF81F, 0xF81F,
  0xF81F, 0xF81F, 0xF81F, 0xF81F, 0xF81F, 0xF81F, 0xF81F, 0xF81F, 0xF81F, 0xF81F,
  0x63AF, 0x6BF1, 0x638F, 0x63AF, 0x63AF, 0x63AF, 0x63AF, 0x63AF, 0x63AF, 0x63B0,
  0x6BD0, 0x6BF0, 0x63B0, 0xB408, 0xFC80, 0xF481, 0xF481, 0xF461, 0xFCA1, 0xFC81,
  0xF480, 0xF81F, 0xF81F, 0xF81F, 0xF81F, 0xF81F, 0xF81F, 0xF81F, 0xF81F, 0xF81F,
  0xF81F, 0xF81F, 0xF81F, 0xF81F, 0xF81F, 0xF81F, 0xF81F, 0xF81F, 0xF81F, 0xF81F,
  0x638F, 0x63B0, 0x6BD0, 0x63AF, 0x63AF, 0x63AF, 0x63AF, 0x63AF, 0x63B0, 0x63AF,
  0x6BAF, 0x5B90, 0xAC08, 0xFCA0, 0xF461, 0xF481, 0xF481, 0xF481, 0xF461, 0xFCA1,
  0xFC81, 0xF460, 0xF81F, 0xF81F, 0xF81F, 0xF81F, 0xF81F, 0xF81F, 0xF81F, 0xF81F,
  0xF81F, 0xF81F, 0xF81F, 0xF81F, 0xF81F, 0xF81F, 0xF81F, 0xF81F, 0xF81F, 0xF81F,
  0xF81F, 0x63AF, 0x63B0, 0x6BD0, 0x63AF, 0x63AF, 0x63AF, 0x63AF, 0x63AF, 0x63AF,
  0xF81F, 0xF81F, 0xFCC0, 0xF481, 0xFCA1, 0xF461, 0xF481, 0xF481, 0xF481, 0xF461,
  0xFCA1, 0xF481, 0xEC61, 0xF81F, 0xF81F, 0xF81F, 0xF81F, 0xF81F, 0xF81F, 0xF81F,
  0xF81F, 0xF81F, 0xF81F, 0xF81F, 0xF81F, 0xF81F, 0xF81F, 0xF81F, 0xF81F, 0xF81F,
  0xF81F, 0xF81F, 0x63AF, 0x6BB0, 0x6BD0, 0x638F, 0x63AF, 0x63AF, 0x6BD0, 0x63AF,
  0xF81F, 0xF81F, 0xF81F, 0xF460, 0xFC81, 0xFCA1, 0xF461, 0xF481, 0xF481, 0xF481,
  0xF461, 0xFCA1, 0xF481, 0xF461, 0xF81F, 0xF81F, 0xF81F, 0xF81F, 0xF81F, 0xF81F,
  0xF81F, 0xF81F, 0xF81F, 0xF81F, 0xF81F, 0xF81F, 0xF81F, 0xF81F, 0xF81F, 0xF81F,
  0xF81F, 0xF81F, 0xF81F, 0x63AF, 0x6BB0, 0x6BD0, 0x63AF, 0x63AF, 0x6BD0, 0x63AF,
  0xF81F, 0xF81F, 0xF81F, 0xF81F, 0xF480, 0xFC81, 0xFCA1, 0xF461, 0xF481, 0xF481,
  0xF481, 0xF461, 0xFCA1, 0xF481, 0xF461, 0xF81F, 0xF81F, 0xF81F, 0xF81F, 0xF81F,
  0xF81F, 0xF81F, 0xF81F, 0xF81F, 0xF81F, 0xF81F, 0xF81F, 0xF81F, 0xF81F, 0xF81F,
  0xF81F, 0xF81F, 0xF81F, 0xF81F, 0x638F, 0x63B0, 0x6BF1, 0x6BD0, 0x638F, 0xF81F,
  0xF81F, 0xF81F, 0xF81F, 0xF81F, 0xF81F, 0xF461, 0xF481, 0xFCA1, 0xF461, 0xF481,
  0xF481, 0xF481, 0xF461, 0xFCA1, 0xFC81, 0xF480, 0xF81F, 0xF81F, 0xF81F, 0xF81F,
  0xF81F, 0xF81F, 0xF81F, 0xF81F, 0xF81F, 0xF81F, 0xF81F, 0xF81F, 0xF81F, 0xF81F,
  0xF81F, 0xF81F, 0xF81F, 0xF81F, 0xF81F, 0x638F, 0x63D0, 0x63AF, 0xF81F, 0xF81F,
  0xF81F, 0xF81F, 0xF81F, 0xF81F, 0xF81F, 0xF81F, 0xF461, 0xF481, 0xFCA1, 0xF461,
  0xF481, 0xF481, 0xF481, 0xF461, 0xFCA1, 0xFC81, 0xF460, 0xF81F, 0xF81F, 0xF81F,
  0xF81F, 0xF81F, 0xF81F, 0xF81F, 0xF81F, 0xF81F, 0xF81F, 0xF81F, 0xF81F, 0xF81F,
  0xF81F, 0xF81F, 0xF81F, 0xF81F, 0xF81F, 0xF81F, 0xF81F, 0xF81F, 0xF81F, 0xF81F,
  0xF81F, 0xF81F, 0xF81F, 0xF81F, 0xF81F, 0xF81F, 0xF81F, 0xEC61, 0xF481, 0xFCA1,
  0xF461, 0xF481, 0xF481, 0xF481, 0xF461, 0xFCA1, 0xF481, 0xEC61, 0xF81F, 0xF81F,
  0xF81F, 0xF81F, 0xF81F, 0xF81F, 0xF81F, 0xF81F, 0xF81F, 0xF81F, 0xF81F, 0xF81F,
  0xF81F, 0xF81F, 0xF81F, 0xF81F, 0xF81F, 0xF81F, 0xF81F, 0xF81F, 0xF81F, 0xF81F,
  0xF81F, 0xF81F, 0xF81F, 0xF81F, 0xF81F, 0xF81F, 0xF81F, 0xF81F, 0xF460, 0xFC81,
  0xFCA1, 0xF461, 0xF481, 0xF481, 0xF481, 0xF461, 0xFCA1, 0xF481, 0xF461, 0xF81F,
  0xF81F, 0xF81F, 0xF81F, 0xF81F, 0xF81F, 0xF81F, 0xF81F, 0xF81F, 0xF81F, 0xF81F,
  0xF81F, 0xF81F, 0xF81F, 0xF81F, 0xF81F, 0xF81F, 0xF81F, 0xF81F, 0xF81F, 0xF81F,
  0xF81F, 0xF81F, 0xF81F, 0xF81F, 0xF81F, 0xF81F, 0xF81F, 0xF81F, 0xF81F, 0xF480,
  0xFC81, 0xFCA1, 0xF461, 0xF481, 0xF481, 0xF481, 0xF461, 0xFCA1, 0xF481, 0xF461,
  0xF81F, 0xF81F, 0xF81F, 0xF81F, 0xF81F, 0xF81F, 0xF81F, 0xF81F, 0xF81F, 0xF81F,
  0xF81F, 0xF81F, 0xF81F, 0xF81F, 0xF81F, 0xF81F, 0xF81F, 0xF81F, 0xF81F, 0xF81F,
  0xF81F, 0xF81F, 0xF81F, 0xF81F, 0xF81F, 0xF81F, 0xF81F, 0xF81F, 0xF81F, 0xF81F,
  0xF461, 0xF481, 0xFCA1, 0xF461, 0xF481, 0xF481, 0xF481, 0xF461, 0xFCA1, 0xFC81,
  0xF480, 0xF81F, 0xF81F, 0xF81F, 0xF81F, 0xF81F, 0xF81F, 0xF81F, 0xF81F, 0xF81F,
  0xF81F, 0xF81F, 0xF81F, 0xF81F, 0xF81F, 0xF81F, 0xF81F, 0xF81F, 0xF81F, 0xF81F,
  0xF81F, 0xF81F, 0xF81F, 0xF81F, 0xF81F, 0xF81F, 0xF81F, 0xF81F, 0xF81F, 0xF81F,
  0xF81F, 0xF461, 0xF481, 0xFCA1, 0xF461, 0xF481, 0xF481, 0xF481, 0xF461, 0xFCA1,
  0xFC81, 0xF460, 0xF81F, 0xF81F, 0xF81F, 0xF81F, 0xF81F, 0xF81F, 0xF81F, 0xF81F,
  0xF81F, 0xF81F, 0xF81F, 0xF81F, 0xF81F, 0xF81F, 0xF81F, 0xF81F, 0xF81F, 0xF81F,
  0xF81F, 0xF81F, 0xF81F, 0xF81F, 0xF81F, 0xF81F, 0xF81F, 0xF81F, 0xF81F, 0xF81F,
  0xF81F, 0xF81F, 0xEC61, 0xF481, 0xFCA1, 0xF461, 0xF481, 0xF481, 0xF481, 0xF461,
  0xFCA1, 0xF481, 0xEC61, 0xF81F, 0xF81F, 0xF81F, 0xF81F, 0xF81F, 0xF81F, 0xF81F,
  0xF81F, 0xF81F, 0xF81F, 0xF81F, 0xF81F, 0xF81F, 0xF81F, 0xF81F, 0xF81F, 0xF81F,
  0xF81F, 0xF81F, 0xF81F, 0xF81F, 0xF81F, 0xF81F, 0xF81F, 0xF81F, 0xF81F, 0xF81F,
  0xF81F, 0xF81F, 0xF81F, 0xF460, 0xFC81, 0xFCA1, 0xF461, 0xF481, 0xF481, 0xF481,
  0xF461, 0xFCA1, 0xF481, 0xF461, 0xF81F, 0xF81F, 0xF81F, 0xF81F, 0xF81F, 0xF81F,
  0xF81F, 0xF81F, 0xF81F, 0xF81F, 0xF81F, 0xF81F, 0xF81F, 0xF81F, 0xF81F, 0xF81F,
  0xF81F, 0xF81F, 0xF81F, 0xF81F, 0xF81F, 0xF81F, 0xF81F, 0xF81F, 0xF81F, 0xF81F,
  0xF81F, 0xF81F, 0xF81F, 0xF81F, 0xF480, 0xFC81, 0xFCA1, 0xF461, 0xF481, 0xF481,
  0xF481, 0xF461, 0xFCA1, 0xF481, 0xF461, 0xF81F, 0xF81F, 0xF81F, 0xF81F, 0xF81F,
  0xF81F, 0xF81F, 0xF81F, 0xF81F, 0xF81F, 0xF81F, 0xF81F, 0xF81F, 0xF81F, 0xF81F,
  0xF81F, 0xF81F, 0xF81F, 0xF81F, 0xF81F, 0xF81F, 0xF81F, 0xF81F, 0xF81F, 0xF81F,
  0xF81F, 0xF81F, 0xF81F, 0xF81F, 0xF81F, 0xF461, 0xF481, 0xFCA1, 0xF461, 0xF481,
  0xF481, 0xF481, 0xF461, 0xFCA1, 0xFC81, 0xF480, 0xF81F, 0xF81F, 0xF81F, 0xF81F,
  0xF81F, 0xF81F, 0xF81F, 0xF81F, 0xF81F, 0xF81F, 0xF81F, 0xF81F, 0xF81F, 0xF81F,
  0xF81F, 0xF81F, 0xF81F, 0xF81F, 0xF81F, 0xF81F, 0xF81F, 0xF81F, 0xF81F, 0xF81F,
  0xF81F, 0xF81F, 0xF81F, 0xF81F, 0xF81F, 0xF81F, 0xF461, 0xF481, 0xFCA1, 0xF461,
  0xF481, 0xF481, 0xF481, 0xF461, 0xFCA1, 0xFC81, 0xF460, 0xF81F, 0xF81F, 0xF81F,
  0xF81F, 0xF81F, 0xF81F, 0xF81F, 0xF81F, 0xF81F, 0xF81F, 0xF81F, 0xF81F, 0xF81F,
  0xF81F, 0xF81F, 0xF81F, 0xF81F, 0xF81F, 0xF81F, 0xF81F, 0xF81F, 0xF81F, 0xF81F,
  0xF81F, 0xF81F, 0xF81F, 0xF81F, 0xF81F, 0xF81F, 0xF81F, 0xEC61, 0xF481, 0xFCA1,
  0xF461, 0xF481, 0xF481, 0xF481, 0xF461, 0xFCA1, 0xF481, 0xF461, 0xF81F, 0xF81F,
  0xF81F, 0xF81F, 0xF81F, 0xF81F, 0xF81F, 0xF81F, 0xF81F, 0xF81F, 0xF81F, 0xF81F,
  0xF81F, 0xF81F, 0xF81F, 0xF81F, 0xF81F, 0xF81F, 0xF81F, 0xF81F, 0xF81F, 0xF81F,
  0xF81F, 0xF81F, 0xF81F, 0xF81F, 0xF81F, 0xF81F, 0xF81F, 0xF81F, 0xF460, 0xFC81,
  0xFCA1, 0xF461, 0xF481, 0xF481, 0xF481, 0xF461, 0xFCA1, 0xF481, 0xF81F, 0xF81F,
  0xF81F, 0xF81F, 0xF81F, 0xF81F, 0xF81F, 0xF81F, 0xF81F, 0xF81F, 0xF81F, 0xF81F,
  0xF81F, 0xF81F, 0xF81F, 0xF81F, 0xF81F, 0xF81F, 0xF81F, 0xF81F, 0xF81F, 0xF81F,
  0xF81F, 0xF81F, 0xF81F, 0xF81F, 0xF81F, 0xF81F, 0xF81F, 0xF81F, 0xF81F, 0xF480,
  0xFC81, 0xFCA1, 0xF461, 0xF481, 0xF481, 0xF481, 0xF461, 0xFCE1, 0xF461, 0xF81F,
  0xF81F, 0xF81F, 0xF81F, 0xF81F, 0xF81F, 0xF81F, 0xF81F, 0xF81F, 0xF81F, 0xF81F,
  0xF81F, 0xF81F, 0xF81F, 0xF81F, 0xF81F, 0xF81F, 0xF81F, 0xF81F, 0xF81F, 0xF81F,
  0xF81F, 0xF81F, 0xF81F, 0xF81F, 0xF81F, 0xF81F, 0xF81F, 0xF81F, 0xF81F, 0xF81F,
  0xF461, 0xF481, 0xFCA1, 0xF481, 0xF481, 0xF481, 0xF481, 0xFCA1, 0xF461, 0xF81F,
  0xF81F, 0xF81F, 0xF81F, 0xF81F, 0xF81F, 0xF81F, 0xF81F, 0xF81F, 0xF81F, 0xF81F,
  0xF81F, 0xF81F, 0xF81F, 0xF81F, 0xF81F, 0xF81F, 0xF81F, 0xF81F, 0xF81F, 0xF81F,
  0xF81F, 0xF81F, 0xF81F, 0xF81F, 0xF81F, 0xF81F, 0xF81F, 0xF81F, 0xF81F, 0xF81F,
  0xF81F, 0xF461, 0xF481, 0xFCA1, 0xF461, 0xF481, 0xF461, 0xFCC1, 0xF481, 0xF81F,
  0xF81F, 0xF81F, 0xF81F, 0xF81F, 0xF81F, 0xF81F, 0xF81F, 0xF81F, 0xF81F, 0xF81F,
  0xF81F, 0xF81F, 0xF81F, 0xF81F, 0xF81F, 0xF81F, 0xF81F, 0xF81F, 0xF81F, 0xF81F,
  0xF81F, 0xF81F, 0xF81F, 0xF81F, 0xF81F, 0xF81F, 0xF81F, 0xF81F, 0xF81F, 0xF81F,
  0xF81F, 0xF81F, 0xF461, 0xFC81, 0xFCE1, 0xFCA1, 0xFCC1, 0xF481, 0xEC61, 0xF81F,
  0xF81F, 0xF81F, 0xF81F, 0xF81F, 0xF81F, 0xF81F, 0xF81F, 0xF81F, 0xF81F, 0xF81F,
  0xF81F, 0xF81F, 0xF81F, 0xF81F, 0xF81F, 0xF81F, 0xF81F, 0xF81F, 0xF81F, 0xF81F,
  0xF81F, 0xF81F, 0xF81F, 0xF81F, 0xF81F, 0xF81F, 0xF81F, 0xF81F, 0xF81F, 0xF81F,
  0xF81F, 0xF81F, 0xF81F, 0xF81F, 0xFC81, 0xF461, 0xFC81, 0xEC61, 0xF81F, 0xF81F,
  0xF81F, 0xF81F, 0xF81F, 0xF81F, 0xF81F, 0xF81F, 0xF81F, 0xF81F, 0xF81F, 0xF81F,
  0xF81F, 0xF81F, 0xF81F, 0xF81F, 0xF81F, 0xF81F, 0xF81F, 0xF81F, 0xF81F, 0xF81F,
  0xF81F, 0xF81F, 0xF81F, 0xF81F, 0xF81F, 0xF81F, 0xF81F, 0xF81F, 0xF81F, 0xF81F,
  0xF81F, 0xF81F, 0xF81F, 0xF81F, 0xF81F, 0xF81F, 0xF81F, 0xF81F, 0xF81F, 0xF81F
};

static const uint16_t kEmoji_wrench[1600] PROGMEM = {
  0xF81F, 0xF81F, 0xF81F, 0xF81F, 0xF81F, 0xF81F, 0xF81F, 0x84D4, 0x8CF5, 0x8CD4,
  0x84D4, 0x8CD5, 0x8CD5, 0xF81F, 0xF81F, 0xF81F, 0xF81F, 0xF81F, 0xF81F, 0xF81F,
  0xF81F, 0xF81F, 0xF81F, 0xF81F, 0xF81F, 0xF81F, 0xF81F, 0xF81F, 0xF81F, 0xF81F,
  0xF81F, 0xF81F, 0xF81F, 0xF81F, 0xF81F, 0xF81F, 0xF81F, 0xF81F, 0xF81F, 0xF81F,
  0xF81F, 0xF81F, 0xF81F, 0xF81F, 0xF81F, 0xF81F, 0xF81F, 0x84B4, 0x9536, 0x84B4,
  0x8CD4, 0x8CF5, 0x8CF5, 0x8CF5, 0x84B4, 0xF81F, 0xF81F, 0xF81F, 0xF81F, 0xF81F,
  0xF81F, 0xF81F, 0xF81F, 0xF81F, 0xF81F, 0xF81F, 0xF81F, 0xF81F, 0xF81F, 0xF81F,
  0xF81F, 0xF81F, 0xF81F, 0xF81F, 0xF81F, 0xF81F, 0xF81F, 0xF81F, 0xF81F, 0xF81F,
  0xF81F, 0xF81F, 0xF81F, 0xF81F, 0xF81F, 0xF81F, 0xF81F, 0x84D4, 0x8CD5, 0x8CF5,
  0x84D4, 0x8CD4, 0x8CD4, 0x8D15, 0x8CD5, 0x84B4, 0xF81F, 0xF81F, 0xF81F, 0xF81F,
  0xF81F, 0xF81F, 0xF81F, 0xF81F, 0xF81F, 0xF81F, 0xF81F, 0xF81F, 0xF81F, 0xF81F,
  0xF81F, 0xF81F, 0xF81F, 0xF81F, 0xF81F, 0xF81F, 0xF81F, 0xF81F, 0xF81F, 0xF81F,
  0xF81F, 0xF81F, 0xF81F, 0xF81F, 0xF81F, 0xF81F, 0xF81F, 0xF81F, 0x8CD4, 0x8CF5,
  0x8CF5, 0x8CD4, 0x8CD4, 0x84B4, 0x8CF5, 0x8CD4, 0x8CB4, 0xF81F, 0xF81F, 0xF81F,
  0xF81F, 0xF81F, 0xF81F, 0xF81F, 0xF81F, 0xF81F, 0xF81F, 0xF81F, 0xF81F, 0xF81F,
  0xF81F, 0xF81F, 0xF81F, 0xF81F, 0xF81F, 0xF81F, 0xF81F, 0xF81F, 0xF81F, 0xF81F,
  0xF81F, 0xF81F, 0xF81F, 0xF81F, 0xF81F, 0xF81F, 0xF81F, 0xF81F, 0xF81F, 0x84B3,
  0x8CF5, 0x8CF5, 0x84D4, 0x8CD4, 0x84D4, 0x8D15, 0x84D4, 0xF81F, 0xF81F, 0xF81F,
  0xF81F, 0xF81F, 0xF81F, 0xF81F, 0xF81F, 0xF81F, 0xF81F, 0xF81F, 0xF81F, 0xF81F,
  0xF81F, 0xF81F, 0xF81F, 0xF81F, 0xF81F, 0xF81F, 0xF81F, 0xF81F, 0xF81F, 0xF81F,
  0xF81F, 0xF81F, 0xF81F, 0xF81F, 0xF81F, 0xF81F, 0xF81F, 0xF81F, 0xF81F, 0xF81F,
  0x84B4, 0x8CF5, 0x8CD4, 0x8CD4, 0x8CD4, 0x8CD4, 0x8CF5, 0x8CD4, 0xF81F, 0xF81F,
  0xF81F, 0xF81F, 0xF81F, 0xF81F, 0xF81F, 0xF81F, 0xF81F, 0xF81F, 0xF81F, 0xF81F,
  0xF81F, 0xF81F, 0xF81F, 0xF81F, 0xF81F, 0xF81F, 0xF81F, 0xF81F, 0xF81F, 0xF81F,
  0xF81F, 0xF81F, 0xF81F, 0xF81F, 0xF81F, 0xF81F, 0xF81F, 0xF81F, 0xF81F, 0xF81F,
  0xF81F, 0x84D4, 0x8D15, 0x8CD4, 0x8CD4, 0x84D4, 0x8D15, 0x84D4, 0xF81F, 0xF81F,
  0xF81F, 0xF81F, 0xF81F, 0xF81F, 0xF81F, 0xF81F, 0xF81F, 0xF81F, 0xF81F, 0xF81F,
  0xF81F, 0xF81F, 0xF81F, 0xF81F, 0xF81F, 0xF81F, 0xF81F, 0xF81F, 0xF81F, 0xF81F,
  0x8CD4, 0x8CF5, 0x8CD4, 0xF81F, 0xF81F, 0xF81F, 0xF81F, 0xF81F, 0xF81F, 0xF81F,
  0xF81F, 0x84D4, 0x8CF5, 0x8CD4, 0x8CD4, 0x84D4, 0x8D15, 0x8CD4, 0xF81F, 0xF81F,
  0xF81F, 0xF81F, 0xF81F, 0xF81F, 0xF81F, 0xF81F, 0xF81F, 0xF81F, 0xF81F, 0xF81F,
  0xF81F, 0xF81F, 0xF81F, 0xF81F, 0xF81F, 0xF81F, 0xF81F, 0xF81F, 0xF81F, 0xF81F,
  0x8CD4, 0x9536, 0x8CF5, 0x84B4, 0xF81F, 0xF81F, 0xF81F, 0xF81F, 0xF81F, 0xF81F,
  0x84D4, 0x8CD5, 0x8CD4, 0x8CD4, 0x8CD4, 0x8CD4, 0x8CF5, 0x8CB4, 0xF81F, 0xF81F,
  0xF81F, 0xF81F, 0xF81F, 0xF81F, 0xF81F, 0xF81F, 0xF81F, 0xF81F, 0xF81F, 0xF81F,
  0xF81F, 0xF81F, 0xF81F, 0xF81F, 0xF81F, 0xF81F, 0xF81F, 0xF81F, 0xF81F, 0xF81F,
  0x8CD4, 0x84D4, 0x8CF5, 0x8CF5, 0x84B4, 0xF81F, 0xF81F, 0xF81F, 0xF81F, 0xF81F,
  0x8CD5, 0x8CF5, 0x84D4, 0x8CD4, 0x8CD4, 0x8CD4, 0x8CF5, 0x84D4, 0xF81F, 0xF81F,
  0xF81F, 0xF81F, 0xF81F, 0xF81F, 0xF81F, 0xF81F, 0xF81F, 0xF81F, 0xF81F, 0xF81F,
  0xF81F, 0xF81F, 0xF81F, 0xF81F, 0xF81F, 0xF81F, 0xF81F, 0xF81F, 0xF81F, 0xF81F,
  0x84D4, 0x8CD4, 0x84D4, 0x8CF5, 0x8CF5, 0x8CD4, 0xF81F, 0xF81F, 0x8CD4, 0x8CD5,
  0x8D15, 0x8CD4, 0x8CD4, 0x8CD4, 0x8CD4, 0x84D4, 0x8D15, 0x84D4, 0xF81F, 0xF81F,
  0xF81F, 0xF81F, 0xF81F, 0xF81F, 0xF81F, 0xF81F, 0xF81F, 0xF81F, 0xF81F, 0xF81F,
  0xF81F, 0xF81F, 0xF81F, 0xF81F, 0xF81F, 0xF81F, 0xF81F, 0xF81F, 0xF81F, 0xF81F,
  0x8CD4, 0x8CF5, 0x8CD4, 0x84D4, 0x8CF5, 0x8CD4, 0x8CD4, 0x8CD4, 0x8CD4, 0x8CF5,
  0x8CD4, 0x8CD4, 0x8CD4, 0x8CD4, 0x8CD4, 0x84D4, 0x8CD4, 0x8CD5, 0x84D4, 0xF81F,
  0xF81F, 0xF81F, 0xF81F, 0xF81F, 0xF81F, 0xF81F, 0xF81F, 0xF81F, 0xF81F, 0xF81F,
  0xF81F, 0xF81F, 0xF81F, 0xF81F, 0xF81F, 0xF81F, 0xF81F, 0xF81F, 0xF81F, 0xF81F,
  0x84B4, 0x8CF5, 0x84D4, 0x8CD4, 0x84D4, 0x8CD4, 0x8CF5, 0x8CF5, 0x8CD4, 0x8CD4,
  0x8CD4, 0x8CD4, 0x8CD4, 0x8CD4, 0x8CD4, 0x8CD4, 0x84D4, 0x8CF5, 0x8CD5, 0x84B4,
  0xF81F, 0xF81F, 0xF81F, 0xF81F, 0xF81F, 0xF81F, 0xF81F, 0xF81F, 0xF81F, 0xF81F,
  0xF81F, 0xF81F, 0xF81F, 0xF81F, 0xF81F, 0xF81F, 0xF81F, 0xF81F, 0xF81F, 0xF81F,
  0xF81F, 0x8CD4, 0x8D15, 0x84B4, 0x8CD4, 0x8CD4, 0x8CD4, 0x8CD4, 0x8CD4, 0x8CD4,
  0x8CD4, 0x8CD4, 0x8CD4, 0x8CD4, 0x8CD4, 0x8CD4, 0x8CD4, 0x84D4, 0x8CF5, 0x8CF5,
  0x84B4, 0xF81F, 0xF81F, 0xF81F, 0xF81F, 0xF81F, 0xF81F, 0xF81F, 0xF81F, 0xF81F,
  0xF81F, 0xF81F, 0xF81F, 0xF81F, 0xF81F, 0xF81F, 0xF81F, 0xF81F, 0xF81F, 0xF81F,
  0xF81F, 0x8CF4, 0x8CF5, 0x8CF5, 0x84D4, 0x8CD4, 0x8CD4, 0x8CD4, 0x8CD4, 0x8CD4,
  0x8CD4, 0x8CD4, 0x8CD4, 0x8CD4, 0x8CD4, 0x8CD4, 0x8CD4, 0x8CD4, 0x84D4, 0x8CF5,
  0x8CF5, 0x8494, 0xF81F, 0xF81F, 0xF81F, 0xF81F, 0xF81F, 0xF81F, 0xF81F, 0xF81F,
  0xF81F, 0xF81F, 0xF81F, 0xF81F, 0xF81F, 0xF81F, 0xF81F, 0xF81F, 0xF81F, 0xF81F,
  0xF81F, 0xF81F, 0x84B4, 0x8CF5, 0x8D15, 0x8CD4, 0x84D4, 0x8CD4, 0x8CD4, 0x8CD4,
  0x84D4, 0x84D4, 0x8CD4, 0x8CD4, 0x8CD4, 0x8CD4, 0x8CD4, 0x8CD4, 0x8CD4, 0x84D4,
  0x8CF5, 0x8CF5, 0x84B4, 0xF81F, 0xF81F, 0xF81F, 0xF81F, 0xF81F, 0xF81F, 0xF81F,
  0xF81F, 0xF81F, 0xF81F, 0xF81F, 0xF81F, 0xF81F, 0xF81F, 0xF81F, 0xF81F, 0xF81F,
  0xF81F, 0xF81F, 0xF81F, 0x8494, 0x8CD4, 0x8CF5, 0x8D15, 0x8D15, 0x8CF5, 0x8CF5,
  0x8D15, 0x8CD4, 0x84D4, 0x8CD4, 0x8CD4, 0x8CD4, 0x8CD4, 0x8CD4, 0x8CD4, 0x8CD4,
  0x84D4, 0x8CF5, 0x8CD5, 0x84D4, 0xF81F, 0xF81F, 0xF81F, 0xF81F, 0xF81F, 0xF81F,
  0xF81F, 0xF81F, 0xF81F, 0xF81F, 0xF81F, 0xF81F, 0xF81F, 0xF81F, 0xF81F, 0xF81F,
  0xF81F, 0xF81F, 0xF81F, 0xF81F, 0xF81F, 0x84B4, 0x8CD4, 0x84D4, 0x8CD4, 0x8CD4,
  0x84D4, 0x8CD4, 0x8CF5, 0x8CD4, 0x8CD4, 0x8CD4, 0x8CD4, 0x8CD4, 0x8CD4, 0x8CD4,
  0x8CD4, 0x8CD4, 0x8CF5, 0x8CD5, 0x84B4, 0xF81F, 0xF81F, 0xF81F, 0xF81F, 0xF81F,
  0xF81F, 0xF81F, 0xF81F, 0xF81F, 0xF81F, 0xF81F, 0xF81F, 0xF81F, 0xF81F, 0xF81F,
  0xF81F, 0xF81F, 0xF81F, 0xF81F, 0xF81F, 0xF81F, 0xF81F, 0xF81F, 0xF81F, 0xF81F,
  0xF81F, 0x84D4, 0x8CF5, 0x8CF5, 0x84D4, 0x8CD4, 0x8CD4, 0x8CD4, 0x8CD4, 0x8CD4,
  0x8CD4, 0x8CD4, 0x8CD4, 0x8CF5, 0x8CF5, 0x84B4, 0xF81F, 0xF81F, 0xF81F, 0xF81F,
  0xF81F, 0xF81F, 0xF81F, 0xF81F, 0xF81F, 0xF81F, 0xF81F, 0xF81F, 0xF81F, 0xF81F,
  0xF81F, 0xF81F, 0xF81F, 0xF81F, 0xF81F, 0xF81F, 0xF81F, 0xF81F, 0xF81F, 0xF81F,
  0xF81F, 0xF81F, 0x84B4, 0x8CF5, 0x8CF5, 0x84D4, 0x8CD4, 0x8CD4, 0x8CD4, 0x8CD4,
  0x8CD4, 0x8CD4, 0x8CD4, 0x84D4, 0x8CF5, 0x8CF5, 0x8494, 0xF81F, 0xF81F, 0xF81F,
  0xF81F, 0xF81F, 0xF81F, 0xF81F, 0xF81F, 0xF81F, 0xF81F, 0xF81F, 0xF81F, 0xF81F,
  0xF81F, 0xF81F, 0xF81F, 0xF81F, 0xF81F, 0xF81F, 0xF81F, 0xF81F, 0xF81F, 0xF81F,
  0xF81F, 0xF81F, 0xF81F, 0x8494, 0x8CF5, 0x8CF5, 0x84D4, 0x8CD4, 0x8CD4, 0x8CD4,
  0x8CD4, 0x8CD4, 0x8CD4, 0x8CD4, 0x84D4, 0x8CF5, 0x8CF5, 0x84B4, 0xF81F, 0xF81F,
  0xF81F, 0xF81F, 0xF81F, 0xF81F, 0xF81F, 0xF81F, 0xF81F, 0xF81F, 0xF81F, 0xF81F,
  0xF81F, 0xF81F, 0xF81F, 0xF81F, 0xF81F, 0xF81F, 0xF81F, 0xF81F, 0xF81F, 0xF81F,
  0xF81F, 0xF81F, 0xF81F, 0xF81F, 0x84B4, 0x8CF5, 0x8CF5, 0x8CD4, 0x8CD4, 0x8CD4,
  0x8CD4, 0x8CD4, 0x8CD4, 0x8CD4, 0x8CD4, 0x84D4, 0x8CF5, 0x8CF5, 0x84D4, 0xF81F,
  0xF81F, 0xF81F, 0xF81F, 0xF81F, 0xF81F, 0xF81F, 0xF81F, 0xF81F, 0xF81F, 0xF81F,
  0xF81F, 0xF81F, 0xF81F, 0xF81F, 0xF81F, 0xF81F, 0xF81F, 0xF81F, 0xF81F, 0xF81F,
  0xF81F, 0xF81F, 0xF81F, 0xF81F, 0xF81F, 0x84B4, 0x8CD5, 0x8CF5, 0x8CD4, 0x8CD4,
  0x8CD4, 0x8CD4, 0x8CD4, 0x8CD4, 0x8CD4, 0x8CD4, 0x8CD4, 0x8CF5, 0x8CD4, 0x84D4,
  0x8CD4, 0x8CD4, 0x84D4, 0x8CD4, 0x84B4, 0xF81F, 0xF81F, 0xF81F, 0xF81F, 0xF81F,
  0xF81F, 0xF81F, 0xF81F, 0xF81F, 0xF81F, 0xF81F, 0xF81F, 0xF81F, 0xF81F, 0xF81F,
  0xF81F, 0xF81F, 0xF81F, 0xF81F, 0xF81F, 0xF81F, 0x84D4, 0x8CD5, 0x8CF5, 0x84D4,
  0x8CD4, 0x8CD4, 0x8CD4, 0x8CD4, 0x8CD4, 0x8CD4, 0x8CD4, 0x84D4, 0x8CD4, 0x8D15,
  0x8CF5, 0x8CF5, 0x8D15, 0x8D15, 0x8CF5, 0x8CD4, 0x8494, 0xF81F, 0xF81F, 0xF81F,
  0xF81F, 0xF81F, 0xF81F, 0xF81F, 0xF81F, 0xF81F, 0xF81F, 0xF81F, 0xF81F, 0xF81F,
  0xF81F, 0xF81F, 0xF81F, 0xF81F, 0xF81F, 0xF81F, 0xF81F, 0x84B4, 0x8CF5, 0x8CF5,
  0x84D4, 0x8CD4, 0x8CD4, 0x8CD4, 0x8CD4, 0x8CD4, 0x8CD4, 0x8CD4, 0x84D4, 0x84D4,
  0x8CD4, 0x8CD4, 0x8CD4, 0x84D4, 0x8CD4, 0x8D15, 0x8CF5, 0x84B4, 0xF81F, 0xF81F,
  0xF81F, 0xF81F, 0xF81F, 0xF81F, 0xF81F, 0xF81F, 0xF81F, 0xF81F, 0xF81F, 0xF81F,
  0xF81F, 0xF81F, 0xF81F, 0xF81F, 0xF81F, 0xF81F, 0xF81F, 0xF81F, 0x8494, 0x8CF5,
  0x8CF5, 0x84D4, 0x8CD4, 0x8CD4, 0x8CD4, 0x8CD4, 0x8CD4, 0x8CD4, 0x8CD4, 0x8CD4,
  0x8CD4, 0x8CD4, 0x8CD4, 0x8CD4, 0x8CD4, 0x84D4, 0x8CF5, 0x8CF5, 0x8CF4, 0xF81F,
  0xF81F, 0xF81F, 0xF81F, 0xF81F, 0xF81F, 0xF81F, 0xF81F, 0xF81F, 0xF81F, 0xF81F,
  0xF81F, 0xF81F, 0xF81F, 0xF81F, 0xF81F, 0xF81F, 0xF81F, 0xF81F, 0xF81F, 0x84B4,
  0x8CF5, 0x8CF5, 0x84D4, 0x8CD4, 0x8CD4, 0x8CD4, 0x8CD4, 0x8CD4, 0x8CD4, 0x8CD4,
  0x8CD4, 0x8CD4, 0x8CD4, 0x8CD4, 0x8CD4, 0x8CD4, 0x84B4, 0x8D15, 0x8CD4, 0xF81F,
  0xF81F, 0xF81F, 0xF81F, 0xF81F, 0xF81F, 0xF81F, 0xF81F, 0xF81F, 0xF81F, 0xF81F,
  0xF81F, 0xF81F, 0xF81F, 0xF81F, 0xF81F, 0xF81F, 0xF81F, 0xF81F, 0xF81F, 0xF81F,
  0x84B4, 0x8CD5, 0x8CF5, 0x84D4, 0x8CD4, 0x8CD4, 0x8CD4, 0x8CD4, 0x8CD4, 0x8CD4,
  0x8CD4, 0x8CD4, 0x8CF5, 0x8CF5, 0x8CD4, 0x84D4, 0x8CD4, 0x84D4, 0x8CF5, 0x84B4,
  0xF81F, 0xF81F, 0xF81F, 0xF81F, 0xF81F, 0xF81F, 0xF81F, 0xF81F, 0xF81F, 0xF81F,
  0xF81F, 0xF81F, 0xF81F, 0xF81F, 0xF81F, 0xF81F, 0xF81F, 0xF81F, 0xF81F, 0xF81F,
  0xF81F, 0x84D4, 0x8CD5, 0x8CD4, 0x84D4, 0x8CD4, 0x8CD4, 0x8CD4, 0x8CD4, 0x8CD4,
  0x8CF5, 0x8CD4, 0x8CD4, 0x8CD4, 0x8CD4, 0x8CF5, 0x84D4, 0x8CD4, 0x8CF5, 0x8CD4,
  0xF81F, 0xF81F, 0xF81F, 0xF81F, 0xF81F, 0xF81F, 0xF81F, 0xF81F, 0xF81F, 0xF81F,
  0xF81F, 0xF81F, 0xF81F, 0xF81F, 0xF81F, 0xF81F, 0xF81F, 0xF81F, 0xF81F, 0xF81F,
  0xF81F, 0xF81F, 0x84D4, 0x8D15, 0x84D4, 0x8CD4, 0x8CD4, 0x8CD4, 0x8CD4, 0x8D15,
  0x8CD5, 0x8CD4, 0xF81F, 0xF81F, 0x8CD4, 0x8CF5, 0x8CF5, 0x84D4, 0x8CD4, 0x84D4,
  0xF81F, 0xF81F, 0xF81F, 0xF81F, 0xF81F, 0xF81F, 0xF81F, 0xF81F, 0xF81F, 0xF81F,
  0xF81F, 0xF81F, 0xF81F, 0xF81F, 0xF81F, 0xF81F, 0xF81F, 0xF81F, 0xF81F, 0xF81F,
  0xF81F, 0xF81F, 0x84D4, 0x8CF5, 0x8CD4, 0x8CD4, 0x8CD4, 0x84D4, 0x8CF5, 0x8CD5,
  0xF81F, 0xF81F, 0xF81F, 0xF81F, 0xF81F, 0x84B4, 0x8CF5, 0x8CF5, 0x84D4, 0x8CD4,
  0xF81F, 0xF81F, 0xF81F, 0xF81F, 0xF81F, 0xF81F, 0xF81F, 0xF81F, 0xF81F, 0xF81F,
  0xF81F, 0xF81F, 0xF81F, 0xF81F, 0xF81F, 0xF81F, 0xF81F, 0xF81F, 0xF81F, 0xF81F,
  0xF81F, 0xF81F, 0x8CB4, 0x8CF5, 0x8CD4, 0x8CD4, 0x8CD4, 0x8CD4, 0x8CD5, 0x84D4,
  0xF81F, 0xF81F, 0xF81F, 0xF81F, 0xF81F, 0xF81F, 0x84B4, 0x8CF5, 0x9536, 0x8CD4,
  0xF81F, 0xF81F, 0xF81F, 0xF81F, 0xF81F, 0xF81F, 0xF81F, 0xF81F, 0xF81F, 0xF81F,
  0xF81F, 0xF81F, 0xF81F, 0xF81F, 0xF81F, 0xF81F, 0xF81F, 0xF81F, 0xF81F, 0xF81F,
  0xF81F, 0xF81F, 0x8CD4, 0x8D15, 0x84D4, 0x8CD4, 0x8CD4, 0x8CF5, 0x84D4, 0xF81F,
  0xF81F, 0xF81F, 0xF81F, 0xF81F, 0xF81F, 0xF81F, 0xF81F, 0x8CD4, 0x8CF5, 0x8CD4,
  0xF81F, 0xF81F, 0xF81F, 0xF81F, 0xF81F, 0xF81F, 0xF81F, 0xF81F, 0xF81F, 0xF81F,
  0xF81F, 0xF81F, 0xF81F, 0xF81F, 0xF81F, 0xF81F, 0xF81F, 0xF81F, 0xF81F, 0xF81F,
  0xF81F, 0xF81F, 0x84D4, 0x8D15, 0x84D4, 0x8CD4, 0x8CD4, 0x8D15, 0x84D4, 0xF81F,
  0xF81F, 0xF81F, 0xF81F, 0xF81F, 0xF81F, 0xF81F, 0xF81F, 0xF81F, 0xF81F, 0xF81F,
  0xF81F, 0xF81F, 0xF81F, 0xF81F, 0xF81F, 0xF81F, 0xF81F, 0xF81F, 0xF81F, 0xF81F,
  0xF81F, 0xF81F, 0xF81F, 0xF81F, 0xF81F, 0xF81F, 0xF81F, 0xF81F, 0xF81F, 0xF81F,
  0xF81F, 0xF81F, 0x8CD4, 0x8CF5, 0x8CD4, 0x8CD4, 0x8CD4, 0x8CD4, 0x8CF5, 0x84B4,
  0xF81F, 0xF81F, 0xF81F, 0xF81F, 0xF81F, 0xF81F, 0xF81F, 0xF81F, 0xF81F, 0xF81F,
  0xF81F, 0xF81F, 0xF81F, 0xF81F, 0xF81F, 0xF81F, 0xF81F, 0xF81F, 0xF81F, 0xF81F,
  0xF81F, 0xF81F, 0xF81F, 0xF81F, 0xF81F, 0xF81F, 0xF81F, 0xF81F, 0xF81F, 0xF81F,
  0xF81F, 0xF81F, 0xF81F, 0x84D4, 0x8D15, 0x84D4, 0x8CD4, 0x84D4, 0x8CF5, 0x8CF5,
  0x84B3, 0xF81F, 0xF81F, 0xF81F, 0xF81F, 0xF81F, 0xF81F, 0xF81F, 0xF81F, 0xF81F,
  0xF81F, 0xF81F, 0xF81F, 0xF81F, 0xF81F, 0xF81F, 0xF81F, 0xF81F, 0xF81F, 0xF81F,
  0xF81F, 0xF81F, 0xF81F, 0xF81F, 0xF81F, 0xF81F, 0xF81F, 0xF81F, 0xF81F, 0xF81F,
  0xF81F, 0xF81F, 0xF81F, 0x8CB4, 0x8CD4, 0x8CF5, 0x84B4, 0x8CD4, 0x8CD4, 0x8CF5,
  0x8CF5, 0x8CD4, 0xF81F, 0xF81F, 0xF81F, 0xF81F, 0xF81F, 0xF81F, 0xF81F, 0xF81F,
  0xF81F, 0xF81F, 0xF81F, 0xF81F, 0xF81F, 0xF81F, 0xF81F, 0xF81F, 0xF81F, 0xF81F,
  0xF81F, 0xF81F, 0xF81F, 0xF81F, 0xF81F, 0xF81F, 0xF81F, 0xF81F, 0xF81F, 0xF81F,
  0xF81F, 0xF81F, 0xF81F, 0xF81F, 0x84B4, 0x8CD5, 0x8D15, 0x8CD4, 0x8CD4, 0x84D4,
  0x8CF5, 0x8CD5, 0x84D4, 0xF81F, 0xF81F, 0xF81F, 0xF81F, 0xF81F, 0xF81F, 0xF81F,
  0xF81F, 0xF81F, 0xF81F, 0xF81F, 0xF81F, 0xF81F, 0xF81F, 0xF81F, 0xF81F, 0xF81F,
  0xF81F, 0xF81F, 0xF81F, 0xF81F, 0xF81F, 0xF81F, 0xF81F, 0xF81F, 0xF81F, 0xF81F,
  0xF81F, 0xF81F, 0xF81F, 0xF81F, 0xF81F, 0x84B4, 0x8CF5, 0x8CF5, 0x8CF5, 0x8CD4,
  0x84B4, 0x9536, 0x84B4, 0xF81F, 0xF81F, 0xF81F, 0xF81F, 0xF81F, 0xF81F, 0xF81F,
  0xF81F, 0xF81F, 0xF81F, 0xF81F, 0xF81F, 0xF81F, 0xF81F, 0xF81F, 0xF81F, 0xF81F,
  0xF81F, 0xF81F, 0xF81F, 0xF81F, 0xF81F, 0xF81F, 0xF81F, 0xF81F, 0xF81F, 0xF81F,
  0xF81F, 0xF81F, 0xF81F, 0xF81F, 0xF81F, 0xF81F, 0xF81F, 0x8CD5, 0x8CD5, 0x84D4,
  0x8CD4, 0x8CF5, 0x84D4, 0xF81F, 0xF81F, 0xF81F, 0xF81F, 0xF81F, 0xF81F, 0xF81F
};

static const uint16_t kEmoji_package[1600] PROGMEM = {
  0xF81F, 0xF81F, 0xF81F, 0xF81F, 0xF81F, 0xF81F, 0xF81F, 0xF81F, 0xF81F, 0xF81F,
  0xF81F, 0xF81F, 0xF81F, 0xF81F, 0xF81F, 0xF81F, 0xF81F, 0xF81F, 0xDCF0, 0xDCF0,
  0xDD10, 0xDCF0, 0xF81F, 0xF81F, 0xF81F, 0xF81F, 0xF81F, 0xF81F, 0xF81F, 0xF81F,
  0xF81F, 0xF81F, 0xF81F, 0xF81F, 0xF81F, 0xF81F, 0xF81F, 0xF81F, 0xF81F, 0xF81F,
  0xF81F, 0xF81F, 0xF81F, 0xF81F, 0xF81F, 0xF81F, 0xF81F, 0xF81F, 0xF81F, 0xF81F,
  0xF81F, 0xF81F, 0xF81F, 0xF81F, 0xF81F, 0xF81F, 0xD511, 0xDD10, 0xE531, 0xDCF0,
  0xDCF0, 0xE531, 0xDD10, 0xF81F, 0xF81F, 0xF81F, 0xF81F, 0xF81F, 0xF81F, 0xF81F,
  0xF81F, 0xF81F, 0xF81F, 0xF81F, 0xF81F, 0xF81F, 0xF81F, 0xF81F, 0xF81F, 0xF81F,
  0xF81F, 0xF81F, 0xF81F, 0xF81F, 0xF81F, 0xF81F, 0xF81F, 0xF81F, 0xF81F, 0xF81F,
  0xF81F, 0xF81F, 0xF81F, 0xF81F, 0xF81F, 0xD4F0, 0xDCF0, 0xE531, 0xDCF0, 0xDCF0,
  0xDCF0, 0xDCF0, 0xE551, 0xDD10, 0xDCF0, 0xF81F, 0xF81F, 0xF81F, 0xF81F, 0xF81F,
  0xF81F, 0xF81F, 0xF81F, 0xF81F, 0xF81F, 0xF81F, 0xF81F, 0xF81F, 0xF81F, 0xF81F,
  0xF81F, 0xF81F, 0xF81F, 0xF81F, 0xF81F, 0xF81F, 0xF81F, 0xF81F, 0xF81F, 0xF81F,
  0xF81F, 0xF81F, 0xF81F, 0xF81F, 0xDDB4, 0xDD10, 0xDD10, 0xDCF0, 0xDCF0, 0xDCF0,
  0xDCF0, 0xDCF0, 0xDCF0, 0xE530, 0xDD10, 0xD4F0, 0xF81F, 0xF81F, 0xF81F, 0xF81F,
  0xF81F, 0xF81F, 0xF81F, 0xF81F, 0xF81F, 0xF81F, 0xF81F, 0xF81F, 0xF81F, 0xF81F,
  0xF81F, 0xF81F, 0xF81F, 0xF81F, 0xF81F, 0xF81F, 0xF81F, 0xF81F, 0xF81F, 0xF81F,
  0xF81F, 0xF81F, 0xF81F, 0xDF3D, 0xEFBF, 0xDE17, 0xDCF0, 0xDCF0, 0xDCF0, 0xDCF0,
  0xDCF0, 0xDCF0, 0xDCF0, 0xDCF0, 0xDCF0, 0xE531, 0xDCF0, 0xF81F, 0xF81F, 0xF81F,
  0xF81F, 0xF81F, 0xF81F, 0xF81F, 0xF81F, 0xF81F, 0xF81F, 0xF81F, 0xF81F, 0xF81F,
  0xF81F, 0xF81F, 0xF81F, 0xF81F, 0xF81F, 0xF81F, 0xF81F, 0xF81F, 0xF81F, 0xF81F,
  0xF81F, 0xC638, 0xE75E, 0xEFBF, 0xE75D, 0xE77E, 0xDEBA, 0xDD31, 0xDCCF, 0xDCF0,
  0xDCF0, 0xDCF0, 0xDCF0, 0xDCF0, 0xDCF0, 0xDCF0, 0xE551, 0xDD10, 0xD511, 0xF81F,
  0xF81F, 0xF81F, 0xF81F, 0xF81F, 0xF81F, 0xF81F, 0xF81F, 0xF81F, 0xF81F, 0xF81F,
  0xF81F, 0xF81F, 0xF81F, 0xF81F, 0xF81F, 0xF81F, 0xF81F, 0xF81F, 0xF81F, 0xF81F,
  0xD6DB, 0xD6DC, 0xDF1D, 0xDF1D, 0xE75D, 0xE73D, 0xE75E, 0xE71C, 0xDD93, 0xDCCF,
  0xDCF0, 0xDCF0, 0xDCF0, 0xDCF0, 0xDCF0, 0xDCF0, 0xD4F0, 0xE531, 0xDD10, 0xD4F0,
  0xF81F, 0xF81F, 0xF81F, 0xF81F, 0xF81F, 0xF81F, 0xF81F, 0xF81F, 0xF81F, 0xF81F,
  0xF81F, 0xF81F, 0xF81F, 0xF81F, 0xF81F, 0xF81F, 0xF81F, 0xF81F, 0xF81F, 0xD69A,
  0xD6FD, 0xD6DC, 0xCEBB, 0xCEBB, 0xDF1C, 0xE75D, 0xE73D, 0xE75E, 0xE75D, 0xDE16,
  0xDCF0, 0xDCF0, 0xDCF0, 0xDCF0, 0xDCF0, 0xDCF0, 0xDCF0, 0xDCF0, 0xDD10, 0xDD10,
  0xD4F0, 0xF81F, 0xF81F, 0xF81F, 0xF81F, 0xF81F, 0xF81F, 0xF81F, 0xF81F, 0xF81F,
  0xF81F, 0xF81F, 0xF81F, 0xF81F, 0xF81F, 0xF81F, 0xF81F, 0xF81F, 0xDCCF, 0xE5B4,
  0xCE9A, 0xCEBC, 0xCEBB, 0xCEBB, 0xCEBB, 0xD6FC, 0xE75D, 0xE75D, 0xE75D, 0xE77E,
  0xDE99, 0xDD10, 0xDCCF, 0xDCF0, 0xDCF0, 0xDCF0, 0xDCF0, 0xDCF0, 0xD4F0, 0xDCF0,
  0xE551, 0xDCF0, 0xF81F, 0xF81F, 0xF81F, 0xF81F, 0xF81F, 0xF81F, 0xF81F, 0xF81F,
  0xF81F, 0xF81F, 0xF81F, 0xF81F, 0xF81F, 0xF81F, 0xD4CF, 0xDCF0, 0xE551, 0xDCEF,
  0xDD11, 0xD638, 0xCEDC, 0xCEBB, 0xCEBB, 0xCEBB, 0xD6DC, 0xDF3D, 0xE75D, 0xE73D,
  0xE77E, 0xE6FB, 0xDD52, 0xDCCF, 0xDCF0, 0xDCF0, 0xDCF0, 0xDCF0, 0xDCF0, 0xDCF0,
  0xDCF0, 0xE531, 0xDD10, 0xD4F0, 0xF81F, 0xF81F, 0xF81F, 0xF81F, 0xF81F, 0xF81F,
  0xF81F, 0xF81F, 0xF81F, 0xF81F, 0xF81F, 0xD4EF, 0xDD10, 0xE530, 0xDCF0, 0xDCF0,
  0xDCF0, 0xDCF0, 0xD5F6, 0xCEDC, 0xCEBB, 0xCEBB, 0xCEBB, 0xCEBB, 0xDF1D, 0xE75D,
  0xE73D, 0xE75E, 0xE73D, 0xDDD5, 0xDCCF, 0xDCF0, 0xDCF0, 0xDCF0, 0xDCF0, 0xDCF0,
  0xDCF0, 0xD4F0, 0xE510, 0xDD10, 0xDCF0, 0xF81F, 0xF81F, 0xF81F, 0xF81F, 0xF81F,
  0xF81F, 0xF81F, 0xF81F, 0xF81F, 0xD4F0, 0xE530, 0xDD10, 0xDCF0, 0xDCF0, 0xDCF0,
  0xDCF0, 0xDCF0, 0xDCCF, 0xD594, 0xCEBB, 0xCEDC, 0xCEBB, 0xCEBB, 0xCEBB, 0xD6FC,
  0xE75D, 0xE75D, 0xE75D, 0xE75E, 0xDE58, 0xDD10, 0xDCEF, 0xDCF0, 0xDCF0, 0xDCF0,
  0xDCF0, 0xDCF0, 0xDCF0, 0xDCF0, 0xE551, 0xD4D0, 0xF81F, 0xF81F, 0xF81F, 0xF81F,
  0xF81F, 0xF81F, 0xF81F, 0xF81F, 0xDD10, 0xED71, 0xD4D0, 0xDCF0, 0xDCF0, 0xDCF0,
  0xDCF0, 0xDCF0, 0xDCF0, 0xDCCF, 0xD552, 0xCE7A, 0xCEDC, 0xCEBB, 0xCEBB, 0xCEBB,
  0xD6DC, 0xDF3D, 0xE75D, 0xE73D, 0xE77E, 0xE6DA, 0xDD31, 0xDCCF, 0xDCF0, 0xDCF0,
  0xDCF0, 0xDCF0, 0xDCF0, 0xD4F0, 0xED51, 0xDCF0, 0xF81F, 0xF81F, 0xF81F, 0xF81F,
  0xF81F, 0xF81F, 0xF81F, 0xF81F, 0x9267, 0xDCCF, 0xE531, 0xD4F0, 0xDCF0, 0xDCF0,
  0xDCF0, 0xDCF0, 0xDCF0, 0xDCF0, 0xDCCF, 0xD511, 0xCE38, 0xCEDC, 0xCEBB, 0xCEBB,
  0xCEBB, 0xCEDB, 0xDF3D, 0xE75D, 0xE73D, 0xE75E, 0xE71C, 0xDD93, 0xDCCF, 0xDCF0,
  0xDCF0, 0xDCF0, 0xDCF0, 0xDD10, 0xE510, 0xCBCB, 0xF81F, 0xF81F, 0xF81F, 0xF81F,
  0xF81F, 0xF81F, 0xF81F, 0xF81F, 0x58A1, 0x79A4, 0xC44E, 0xE531, 0xDCF0, 0xDCF0,
  0xDCF0, 0xDCF0, 0xDCF0, 0xDCF0, 0xDCF0, 0xDCF0, 0xDCF0, 0xD5F6, 0xCEDC, 0xCEBB,
  0xCEBB, 0xCEBB, 0xCEBB, 0xDF1C, 0xE75D, 0xE73D, 0xE75D, 0xE75D, 0xDE16, 0xDCEF,
  0xDCF0, 0xDCF0, 0xDD10, 0xD48F, 0xD3AB, 0xC329, 0xF81F, 0xF81F, 0xF81F, 0xF81F,
  0xF81F, 0xF81F, 0xF81F, 0xF81F, 0x6902, 0x68E2, 0x6922, 0xB38B, 0xE531, 0xDCF0,
  0xDCF0, 0xDCF0, 0xDCF0, 0xDCF0, 0xDCF0, 0xDCF0, 0xDCF0, 0xDCCF, 0xD594, 0xCEBB,
  0xCEDC, 0xCEBB, 0xCEBB, 0xCEBB, 0xD6FC, 0xE75D, 0xE75D, 0xE75D, 0xE77E, 0xDE99,
  0xDD31, 0xDCF0, 0xCC4D, 0xC34A, 0xD38A, 0xC349, 0xF81F, 0xF81F, 0xF81F, 0xF81F,
  0xF81F, 0xF81F, 0xF81F, 0xF81F, 0x6102, 0x6922, 0x60E2, 0x60C1, 0x9AE9, 0xDD10,
  0xDD10, 0xD4F0, 0xDCF0, 0xDCF0, 0xDCF0, 0xDCF0, 0xDCF0, 0xDCF0, 0xDCCF, 0xD552,
  0xCE7A, 0xCEDC, 0xCEBB, 0xCEBB, 0xCEBB, 0xD6DC, 0xDF3D, 0xE75D, 0xE73D, 0xE77E,
  0xE6FB, 0xCC2D, 0xBB29, 0xC349, 0xD38A, 0xC349, 0xF81F, 0xF81F, 0xF81F, 0xF81F,
  0xF81F, 0xF81F, 0xF81F, 0xF81F, 0x6102, 0x6922, 0x6102, 0x6102, 0x58C1, 0x8A26,
  0xD4CF, 0xDD10, 0xD4F0, 0xDCF0, 0xDCF0, 0xDCF0, 0xDCF0, 0xDCF0, 0xDCF0, 0xDCCF,
  0xDD11, 0xCE38, 0xCEDC, 0xCEBB, 0xCEBB, 0xCEBB, 0xCEBB, 0xDF1C, 0xE75D, 0xDF3D,
  0xD6FC, 0xC3AC, 0xC329, 0xC34A, 0xD38A, 0xC349, 0xF81F, 0xF81F, 0xF81F, 0xF81F,
  0xF81F, 0xF81F, 0xF81F, 0xF81F, 0x6102, 0x6922, 0x6102, 0x6102, 0x6102, 0x58C1,
  0x79A4, 0xC44E, 0xE531, 0xD4F0, 0xDCF0, 0xDCF0, 0xDCF0, 0xDCF0, 0xDCF0, 0xDCF0,
  0xDCF0, 0xDCF0, 0xD5F6, 0xCEDC, 0xCEBB, 0xCEBB, 0xCEBB, 0xCEBB, 0xCEDB, 0xCEDB,
  0xCEBB, 0xC3AC, 0xC329, 0xC34A, 0xD38A, 0xC349, 0xF81F, 0xF81F, 0xF81F, 0xF81F,
  0xF81F, 0xF81F, 0xF81F, 0xF81F, 0x6102, 0x6922, 0x6102, 0x6102, 0x6102, 0x6902,
  0x60E1, 0x6923, 0xB3AB, 0xE531, 0xDCF0, 0xDCF0, 0xDCF0, 0xDCF0, 0xDCF0, 0xDCF0,
  0xDCF0, 0xDCF0, 0xDCCF, 0xD594, 0xCEBB, 0xCEDC, 0xD6DB, 0xB619, 0xA597, 0xCEBB,
  0xCEBB, 0xC3AC, 0xC329, 0xC34A, 0xD38A, 0xC349, 0xF81F, 0xF81F, 0xF81F, 0xF81F,
  0xF81F, 0xF81F, 0xF81F, 0xF81F, 0x6102, 0x6922, 0x6102, 0x6102, 0x6102, 0x6102,
  0x6102, 0x60E2, 0x60E2, 0xA2E9, 0xDD10, 0xDD10, 0xDCF0, 0xDCF0, 0xDCF0, 0xDCF0,
  0xDCF0, 0xDCF0, 0xDCF0, 0xDCCF, 0xD573, 0xCE9A, 0xB5F8, 0x9536, 0x9D77, 0xCEBB,
  0xCEBB, 0xC3CC, 0xC329, 0xC34A, 0xD38A, 0xC349, 0xF81F, 0xF81F, 0xF81F, 0xF81F,
  0xF81F, 0xF81F, 0xF81F, 0xF81F, 0x6102, 0x6922, 0x6102, 0x6102, 0x6102, 0x6102,
  0x6102, 0x6102, 0x6102, 0x58C1, 0x8A46, 0xD4AF, 0xDD10, 0xD4F0, 0xDCF0, 0xDCF0,
  0xDCF0, 0xDCF0, 0xDCF0, 0xDD10, 0xDC8E, 0xB4B1, 0x9577, 0x9D56, 0x9D97, 0xCEBB,
  0xCEDC, 0xC40D, 0xC329, 0xC34A, 0xD38A, 0xC349, 0xF81F, 0xF81F, 0xF81F, 0xF81F,
  0xF81F, 0xF81F, 0xF81F, 0xF81F, 0x6102, 0x6922, 0x6102, 0x6102, 0x6102, 0x6102,
  0x6102, 0x6102, 0x6102, 0x6902, 0x58C1, 0x79A4, 0xC44D, 0xE531, 0xDCF0, 0xDCF0,
  0xDCF0, 0xDCF0, 0xDD10, 0xD4AF, 0xC349, 0xAC0F, 0x9597, 0x9D36, 0x9D77, 0xCEDC,
  0xCEBB, 0xC38B, 0xC329, 0xC34A, 0xD38A, 0xC349, 0xF81F, 0xF81F, 0xF81F, 0xF81F,
  0xF81F, 0xF81F, 0xF81F, 0xF81F, 0x6102, 0x6922, 0x6102, 0x6102, 0x6102, 0x6102,
  0x6102, 0x6102, 0x6102, 0x6102, 0x6902, 0x60E1, 0x6943, 0xB3AB, 0xDD31, 0xDCF0,
  0xDCF0, 0xDD10, 0xD44E, 0xC34A, 0xC308, 0xB42F, 0x9597, 0x9D36, 0x9D97, 0xCEBB,
  0xC46F, 0xC329, 0xC34A, 0xC349, 0xD38A, 0xC349, 0xF81F, 0xF81F, 0xF81F, 0xF81F,
  0xF81F, 0xF81F, 0xF81F, 0xF81F, 0x6102, 0x6922, 0x6102, 0x6102, 0x6102, 0x6102,
  0x6102, 0x6102, 0x6102, 0x6102, 0x6102, 0x6902, 0x60E2, 0x60E1, 0xA309, 0xDD10,
  0xDCF0, 0xCC0C, 0xBB29, 0xC34A, 0xC329, 0xAC2F, 0x9597, 0x9577, 0xA535, 0xC40D,
  0xC329, 0xC349, 0xC349, 0xC349, 0xD38A, 0xC349, 0xF81F, 0xF81F, 0xF81F, 0xF81F,
  0xF81F, 0xF81F, 0xF81F, 0xF81F, 0x6102, 0x6922, 0x6102, 0x6102, 0x6102, 0x6102,
  0x6102, 0x6102, 0x6102, 0x6102, 0x6102, 0x6102, 0x6902, 0x60E1, 0x7163, 0xDCF0,
  0xDCF0, 0xC36A, 0xC329, 0xC34A, 0xC328, 0xB40E, 0x9577, 0xAC91, 0xC36A, 0xC329,
  0xC34A, 0xC349, 0xC349, 0xC349, 0xD38A, 0xC349, 0xF81F, 0xF81F, 0xF81F, 0xF81F,
  0xF81F, 0xF81F, 0xF81F, 0xF81F, 0x6102, 0x6922, 0x6102, 0x6102, 0x6102, 0x6102,
  0x6102, 0x6102, 0x6102, 0x6102, 0x6102, 0x6102, 0x6102, 0x60E1, 0x7184, 0xDCF0,
  0xDCF0, 0xC38A, 0xC329, 0xC349, 0xC349, 0xBB4A, 0xBB8B, 0xC329, 0xC349, 0xC34A,
  0xC349, 0xC349, 0xC349, 0xC349, 0xD38A, 0xC349, 0xF81F, 0xF81F, 0xF81F, 0xF81F,
  0xF81F, 0xF81F, 0xF81F, 0xF81F, 0x6102, 0x6902, 0x6102, 0x6102, 0x6102, 0x6102,
  0x6102, 0x6102, 0x6102, 0x6102, 0x6102, 0x6102, 0x6102, 0x60E1, 0x7184, 0xDCF0,
  0xDCF0, 0xC38A, 0xC329, 0xC349, 0xC349, 0xC349, 0xC329, 0xC34A, 0xC34A, 0xC349,
  0xC349, 0xC349, 0xC349, 0xC349, 0xD38A, 0xC349, 0xF81F, 0xF81F, 0xF81F, 0xF81F,
  0xF81F, 0xF81F, 0xF81F, 0xF81F, 0xF81F, 0x6102, 0x6902, 0x6102, 0x6102, 0x6102,
  0x6102, 0x6102, 0x6102, 0x6102, 0x6102, 0x6102, 0x6102, 0x60E1, 0x7184, 0xDCF0,
  0xDCF0, 0xC38A, 0xC329, 0xC349, 0xC349, 0xC349, 0xC34A, 0xC349, 0xC349, 0xC349,
  0xC349, 0xC349, 0xC349, 0xD38A, 0xBB49, 0xF81F, 0xF81F, 0xF81F, 0xF81F, 0xF81F,
  0xF81F, 0xF81F, 0xF81F, 0xF81F, 0xF81F, 0xF81F, 0x60E2, 0x6902, 0x6902, 0x6102,
  0x6102, 0x6102, 0x6102, 0x6102, 0x6102, 0x6102, 0x6102, 0x60E1, 0x7184, 0xDCF0,
  0xDCF0, 0xC38A, 0xC329, 0xC349, 0xC349, 0xC349, 0xC349, 0xC349, 0xC349, 0xC349,
  0xC349, 0xC34A, 0xCB6A, 0xC34A, 0xF81F, 0xF81F, 0xF81F, 0xF81F, 0xF81F, 0xF81F,
  0xF81F, 0xF81F, 0xF81F, 0xF81F, 0xF81F, 0xF81F, 0xF81F, 0x6102, 0x6902, 0x6902,
  0x6102, 0x6102, 0x6102, 0x6102, 0x6102, 0x6102, 0x6102, 0x60E1, 0x7184, 0xDCF0,
  0xDCF0, 0xC38A, 0xC329, 0xC349, 0xC349, 0xC349, 0xC349, 0xC349, 0xC349, 0xC349,
  0xCB6A, 0xC36A, 0xC349, 0xF81F, 0xF81F, 0xF81F, 0xF81F, 0xF81F, 0xF81F, 0xF81F,
  0xF81F, 0xF81F, 0xF81F, 0xF81F, 0xF81F, 0xF81F, 0xF81F, 0xF81F, 0x60E2, 0x6102,
  0x6902, 0x6102, 0x6102, 0x6102, 0x6102, 0x6102, 0x6102, 0x60E1, 0x7184, 0xDCF0,
  0xDCF0, 0xC38A, 0xC329, 0xC349, 0xC349, 0xC349, 0xC349, 0xC349, 0xC349, 0xCB8A,
  0xC349, 0xBB29, 0xF81F, 0xF81F, 0xF81F, 0xF81F, 0xF81F, 0xF81F, 0xF81F, 0xF81F,
  0xF81F, 0xF81F, 0xF81F, 0xF81F, 0xF81F, 0xF81F, 0xF81F, 0xF81F, 0xF81F, 0xF81F,
  0x6902, 0x6902, 0x6102, 0x6102, 0x6102, 0x6102, 0x6102, 0x60E1, 0x7184, 0xDCF0,
  0xDCF0, 0xC38A, 0xC329, 0xC349, 0xC349, 0xC349, 0xC349, 0xC349, 0xCB6A, 0xC34A,
  0xF81F, 0xF81F, 0xF81F, 0xF81F, 0xF81F, 0xF81F, 0xF81F, 0xF81F, 0xF81F, 0xF81F,
  0xF81F, 0xF81F, 0xF81F, 0xF81F, 0xF81F, 0xF81F, 0xF81F, 0xF81F, 0xF81F, 0xF81F,
  0xF81F, 0x6102, 0x6102, 0x6902, 0x6102, 0x6102, 0x6102, 0x60E1, 0x7184, 0xDCF0,
  0xDCF0, 0xC38A, 0xC329, 0xC349, 0xC349, 0xC349, 0xC36A, 0xC34A, 0xBB49, 0xF81F,
  0xF81F, 0xF81F, 0xF81F, 0xF81F, 0xF81F, 0xF81F, 0xF81F, 0xF81F, 0xF81F, 0xF81F,
  0xF81F, 0xF81F, 0xF81F, 0xF81F, 0xF81F, 0xF81F, 0xF81F, 0xF81F, 0xF81F, 0xF81F,
  0xF81F, 0xF81F, 0x60E2, 0x6902, 0x6902, 0x6102, 0x6102, 0x60E1, 0x7184, 0xDCF0,
  0xDCF0, 0xC38A, 0xC329, 0xC349, 0xBB49, 0xCB6A, 0xC36A, 0xC34A, 0xF81F, 0xF81F,
  0xF81F, 0xF81F, 0xF81F, 0xF81F, 0xF81F, 0xF81F, 0xF81F, 0xF81F, 0xF81F, 0xF81F,
  0xF81F, 0xF81F, 0xF81F, 0xF81F, 0xF81F, 0xF81F, 0xF81F, 0xF81F, 0xF81F, 0xF81F,
  0xF81F, 0xF81F, 0xF81F, 0x6101, 0x6102, 0x6902, 0x6102, 0x60E1, 0x7184, 0xDCF0,
  0xDCF0, 0xC38A, 0xBB29, 0xC349, 0xCB6A, 0xC34A, 0xBB49, 0xF81F, 0xF81F, 0xF81F,
  0xF81F, 0xF81F, 0xF81F, 0xF81F, 0xF81F, 0xF81F, 0xF81F, 0xF81F, 0xF81F, 0xF81F,
  0xF81F, 0xF81F, 0xF81F, 0xF81F, 0xF81F, 0xF81F, 0xF81F, 0xF81F, 0xF81F, 0xF81F,
  0xF81F, 0xF81F, 0xF81F, 0xF81F, 0xF81F, 0x6902, 0x6902, 0x60E2, 0x7184, 0xDCF0,
  0xDCF0, 0xC36A, 0xC349, 0xCB6A, 0xC34A, 0xF81F, 0xF81F, 0xF81F, 0xF81F, 0xF81F,
  0xF81F, 0xF81F, 0xF81F, 0xF81F, 0xF81F, 0xF81F, 0xF81F, 0xF81F, 0xF81F, 0xF81F,
  0xF81F, 0xF81F, 0xF81F, 0xF81F, 0xF81F, 0xF81F, 0xF81F, 0xF81F, 0xF81F, 0xF81F,
  0xF81F, 0xF81F, 0xF81F, 0xF81F, 0xF81F, 0xF81F, 0x6102, 0x60E1, 0x7984, 0xDD10,
  0xDCF0, 0xCB8B, 0xC349, 0xBB29, 0xF81F, 0xF81F, 0xF81F, 0xF81F, 0xF81F, 0xF81F,
  0xF81F, 0xF81F, 0xF81F, 0xF81F, 0xF81F, 0xF81F, 0xF81F, 0xF81F, 0xF81F, 0xF81F,
  0xF81F, 0xF81F, 0xF81F, 0xF81F, 0xF81F, 0xF81F, 0xF81F, 0xF81F, 0xF81F, 0xF81F,
  0xF81F, 0xF81F, 0xF81F, 0xF81F, 0xF81F, 0xF81F, 0xF81F, 0x5081, 0x79A4, 0xE531,
  0xE531, 0xCB8B, 0xBB08, 0xF81F, 0xF81F, 0xF81F, 0xF81F, 0xF81F, 0xF81F, 0xF81F,
  0xF81F, 0xF81F, 0xF81F, 0xF81F, 0xF81F, 0xF81F, 0xF81F, 0xF81F, 0xF81F, 0xF81F,
  0xF81F, 0xF81F, 0xF81F, 0xF81F, 0xF81F, 0xF81F, 0xF81F, 0xF81F, 0xF81F, 0xF81F,
  0xF81F, 0xF81F, 0xF81F, 0xF81F, 0xF81F, 0xF81F, 0xF81F, 0xF81F, 0xF81F, 0xD4F0,
  0xDCF0, 0xF81F, 0xF81F, 0xF81F, 0xF81F, 0xF81F, 0xF81F, 0xF81F, 0xF81F, 0xF81F,
  0xF81F, 0xF81F, 0xF81F, 0xF81F, 0xF81F, 0xF81F, 0xF81F, 0xF81F, 0xF81F, 0xF81F
};

static const uint16_t kEmoji_merge[1600] PROGMEM = {
  0xF81F, 0x3C37, 0x3C58, 0x3C58, 0x3C58, 0x3C38, 0x3C58, 0x3C58, 0x3C58, 0x3C58,
  0x3C58, 0x3C58, 0x3C58, 0x3C58, 0x3C58, 0x3C58, 0x3C58, 0x3C58, 0x3C58, 0x3C58,
  0x3C58, 0x3C58, 0x3C58, 0x3C58, 0x3C58, 0x3C58, 0x3C58, 0x3C58, 0x3C58, 0x3C58,
  0x3C58, 0x3C58, 0x3C58, 0x3C58, 0x3C38, 0x3C58, 0x3C58, 0x3C58, 0x3C37, 0xF81F,
  0x3437, 0x3C58, 0x3C99, 0x3C58, 0x3C58, 0x3C58, 0x3C58, 0x3C58, 0x3C58, 0x3C58,
  0x3C58, 0x3C58, 0x3C58, 0x3C58, 0x3C58, 0x3C58, 0x3C58, 0x3C58, 0x3C58, 0x3C58,
  0x3C58, 0x3C58, 0x3C58, 0x3C58, 0x3C58, 0x3C58, 0x3C58, 0x3C58, 0x3C58, 0x3C58,
  0x3C58, 0x3C58, 0x3C58, 0x3C58, 0x3C58, 0x3C58, 0x3C58, 0x3C99, 0x3C58, 0x3437,
  0x3C58, 0x3C99, 0x3C38, 0x3C58, 0x3C58, 0x3C58, 0x3C58, 0x3C58, 0x3C58, 0x3C58,
  0x3C58, 0x3C58, 0x3C58, 0x3C58, 0x3C58, 0x3C58, 0x3C58, 0x3C58, 0x3C58, 0x3C58,
  0x3C58, 0x3C58, 0x3C58, 0x3C58, 0x3C58, 0x3C58, 0x3C58, 0x3C58, 0x3C58, 0x3C58,
  0x3C58, 0x3C58, 0x3C58, 0x3C58, 0x3C58, 0x3C58, 0x3C58, 0x3C38, 0x3C99, 0x3C58,
  0x3C58, 0x3C58, 0x3C58, 0x3C58, 0x3C58, 0x3C58, 0x3C58, 0x3C58, 0x3C58, 0x3C58,
  0x3C58, 0x3C58, 0x3C58, 0x3C58, 0x3C58, 0x3C58, 0x3C58, 0x3C58, 0x3C58, 0x3C58,
  0x3C58, 0x3C58, 0x3C58, 0x3C58, 0x3C58, 0x3C58, 0x3C58, 0x3C58, 0x3C58, 0x3C58,
  0x3C58, 0x3C58, 0x3C58, 0x3C58, 0x3C58, 0x3C58, 0x3C58, 0x3C58, 0x3C58, 0x3C58,
  0x3C58, 0x3C58, 0x3C58, 0x3C58, 0x3C58, 0x3C58, 0x3C58, 0x3C58, 0x3C58, 0x3C58,
  0x3C58, 0x3C58, 0x3C58, 0x3C58, 0x3C58, 0x3C58, 0x3C58, 0x3C58, 0x3C58, 0x3C58,
  0x3C58, 0x3C58, 0x3C58, 0x3C58, 0x3C58, 0x3438, 0x3C38, 0x3C58, 0x3C58, 0x3C58,
  0x3C58, 0x3C58, 0x3C58, 0x3C58, 0x3C58, 0x3C58, 0x3C58, 0x3C58, 0x3C58, 0x3C58,
  0x3C58, 0x3C58, 0x3C58, 0x3C58, 0x3C58, 0x3C58, 0x3C58, 0x3C58, 0x3C58, 0x3C58,
  0x3C58, 0x3C58, 0x3C58, 0x3C58, 0x3C58, 0x3C58, 0x3C58, 0x3C58, 0x3C58, 0x3C58,
  0x3C58, 0x3C58, 0x3C58, 0x3C58, 0x3438, 0x5CF9, 0x4C99, 0x3418, 0x3C58, 0x3C58,
  0x3C58, 0x3C58, 0x3C58, 0x3C58, 0x3C58, 0x3C58, 0x3C58, 0x3C58, 0x3C58, 0x3C58,
  0x3C58, 0x3C58, 0x3C58, 0x3C58, 0x3C58, 0x3C58, 0x3C58, 0x3C58, 0x3C58, 0x3C58,
  0x3C58, 0x3C58, 0x3C58, 0x3C58, 0x3C58, 0x3C58, 0x3C58, 0x3C58, 0x3C58, 0x3C58,
  0x3C58, 0x3C58, 0x3C58, 0x3C58, 0x2BF7, 0x9E1C, 0xDF5E, 0x4C98, 0x3418, 0x3C58,
  0x3C58, 0x3C58, 0x3C58, 0x3C58, 0x3C58, 0x3C58, 0x3C58, 0x3C58, 0x3C58, 0x3C58,
  0x3C58, 0x3C58, 0x3C58, 0x3C58, 0x3C58, 0x3C58, 0x3C58, 0x3C58, 0x3C58, 0x3C58,
  0x3C58, 0x3C58, 0x3C58, 0x3C58, 0x3C58, 0x3C58, 0x3C58, 0x3C58, 0x3C58, 0x3C58,
  0x3C58, 0x3C58, 0x3C58, 0x4458, 0x2BF7, 0x8DFB, 0xFFFF, 0xE77E, 0x64F9, 0x2C17,
  0x3C58, 0x3C58, 0x3C58, 0x3C58, 0x3C58, 0x3C58, 0x3C58, 0x3C58, 0x3C58, 0x3C58,
  0x3C58, 0x3C58, 0x3C58, 0x3C58, 0x3C58, 0x3C58, 0x3C58, 0x3C58, 0x3C38, 0x3C38,
  0x3C38, 0x3C38, 0x3C38, 0x3C58, 0x3C58, 0x3C58, 0x3C58, 0x3C58, 0x3C58, 0x3C58,
  0x3C58, 0x3C58, 0x3C38, 0x3C58, 0x2BF7, 0x95FB, 0xFFFF, 0xFFFF, 0xF7BF, 0x7D7A,
  0x2C17, 0x3C58, 0x3C58, 0x3C58, 0x3C58, 0x3C58, 0x3C58, 0x3C58, 0x3C58, 0x3C58,
  0x3C58, 0x3C58, 0x3C58, 0x3C58, 0x3C58, 0x3C58, 0x3C58, 0x3C58, 0x4478, 0x4478,
  0x4478, 0x4478, 0x4478, 0x3438, 0x3418, 0x3C58, 0x3C58, 0x3C58, 0x3C58, 0x3C58,
  0x3C38, 0x2C17, 0x3C58, 0x4C98, 0x3438, 0x961C, 0xFFFF, 0xFFFF, 0xFFFF, 0xFFFF,
  0x95FB, 0x3438, 0x3C38, 0x3C58, 0x3C58, 0x3C58, 0x3C58, 0x3C58, 0x3C58, 0x3C58,
  0x3C58, 0x3C58, 0x3C58, 0x3C58, 0x3C58, 0x3C58, 0x3418, 0x6519, 0xF7DF, 0xF7DF,
  0xF7DF, 0xF7DF, 0xEFBF, 0xBEBD, 0x755A, 0x3418, 0x3C38, 0x3C58, 0x3C58, 0x3418,
  0x4C98, 0x9E1C, 0xD73E, 0xF7DF, 0xF7DF, 0xFFFF, 0xFFFF, 0xFFFF, 0xFFFF, 0xFFFF,
  0xFFFF, 0xB69D, 0x3C58, 0x3418, 0x3C58, 0x3C58, 0x3C58, 0x3C58, 0x3C58, 0x3C58,
  0x3C58, 0x3C58, 0x3C58, 0x3C58, 0x3C58, 0x3C58, 0x3418, 0x651A, 0xFFFF, 0xFFFF,
  0xFFFF, 0xFFFF, 0xFFFF, 0xFFFF, 0xFFFF, 0xAE7C, 0x3C58, 0x3C58, 0x3418, 0x651A,
  0xE77E, 0xFFFF, 0xFFFF, 0xFFFF, 0xFFFF, 0xFFFF, 0xFFFF, 0xFFFF, 0xFFFF, 0xFFFF,
  0xFFFF, 0xFFFF, 0xCF1E, 0x54D9, 0x3C38, 0x3C58, 0x3C58, 0x3C58, 0x3C58, 0x3C58,
  0x3C58, 0x3C58, 0x3C58, 0x3C58, 0x3C58, 0x3C58, 0x3418, 0x651A, 0xFFFF, 0xFFDF,
  0xFFFF, 0xFFFF, 0xFFFF, 0xFFFF, 0xFFFF, 0xFFFF, 0xB69D, 0x2BF7, 0x5CD9, 0xF7BF,
  0xFFFF, 0xFFFF, 0xFFFF, 0xFFFF, 0xFFFF, 0xFFFF, 0xFFFF, 0xFFFF, 0xFFFF, 0xFFFF,
  0xFFFF, 0xFFFF, 0xFFFF, 0x7D9A, 0x3418, 0x3C58, 0x3C58, 0x3C58, 0x3C58, 0x3C58,
  0x3C58, 0x3C58, 0x3C58, 0x3C58, 0x3C58, 0x3C58, 0x3418, 0x6D3A, 0xFFFF, 0xFFFF,
  0xFFFF, 0xFFFF, 0xFFFF, 0xFFFF, 0xFFFF, 0xFFFF, 0xA63C, 0x3438, 0xD73E, 0xFFFF,
  0xFFFF, 0xFFFF, 0xFFFF, 0xFFFF, 0xFFFF, 0xFFFF, 0xFFFF, 0xFFFF, 0xFFFF, 0xFFFF,
  0xFFFF, 0xEFBF, 0x755A, 0x3418, 0x3C58, 0x3C58, 0x3C58, 0x3C58, 0x3C58, 0x3C58,
  0x3C58, 0x3C58, 0x3C58, 0x3C58, 0x3C58, 0x3C58, 0x3438, 0x4C99, 0x95FB, 0x95FB,
  0x95FB, 0xA65C, 0xEF9F, 0xFFFF, 0xFFFF, 0xE77E, 0x3418, 0x8DDB, 0xFFFF, 0xFFFF,
  0xFFFF, 0xFFFF, 0xFFFF, 0xCEFD, 0x95FB, 0xC6DD, 0xFFFF, 0xFFFF, 0xFFFF, 0xFFFF,
  0xDF5E, 0x5CD9, 0x2C18, 0x3C58, 0x3C58, 0x3C58, 0x3C58, 0x3C58, 0x3C58, 0x3C58,
  0x3C58, 0x3C58, 0x3C58, 0x3C58, 0x3C58, 0x3C58, 0x3C58, 0x3C38, 0x2BF7, 0x2BF7,
  0x2BF7, 0x2C17, 0x4CB9, 0xDF5E, 0xFFFF, 0x859B, 0x3C38, 0xEF9F, 0xFFFF, 0xFFFF,
  0xFFFF, 0xFFFF, 0x9E3C, 0x3438, 0x1BB7, 0x8DDB, 0xFFFF, 0xFFDF, 0xFFFF, 0xC6FD,
  0x4478, 0x3438, 0x3C58, 0x3C58, 0x3C58, 0x3C58, 0x3C58, 0x3C58, 0x3C58, 0x3C58,
  0x3C58, 0x3C58, 0x3C58, 0x3C58, 0x3C58, 0x3C58, 0x3C58, 0x3C58, 0x3C58, 0x3C58,
  0x3C58, 0x4458, 0x2BF7, 0x6D3A, 0xE77E, 0x3438, 0x85BB, 0xFFFF, 0xFFFF, 0xFFFF,
  0xFFFF, 0xCF1D, 0x3418, 0x3C58, 0x3417, 0x95FB, 0xFFFF, 0xFFFF, 0xA65C, 0x3C38,
  0x3438, 0x3C58, 0x3C58, 0x3C58, 0x3C58, 0x3C58, 0x3C58, 0x3C58, 0x3C58, 0x3C58,
  0x3C58, 0x3C58, 0x3C58, 0x3C58, 0x3C58, 0x3C58, 0x3C58, 0x3C58, 0x3C58, 0x3C58,
  0x3C58, 0x3C58, 0x3C58, 0x4458, 0x5CF9, 0x3438, 0xCF1E, 0xFFFF, 0xFFFF, 0xFFFF,
  0xFFFF, 0x755A, 0x3418, 0x4478, 0x2BF7, 0x961B, 0xFFFF, 0x8DDB, 0x3418, 0x3C58,
  0x3C58, 0x3C58, 0x3C58, 0x3C58, 0x3C58, 0x3C58, 0x3C58, 0x3C58, 0x3C58, 0x3C58,
  0x3C58, 0x3C58, 0x3C58, 0x3C58, 0x3C58, 0x3C58, 0x3C58, 0x3C58, 0x3C58, 0x3C58,
  0x3C58, 0x3C58, 0x3C58, 0x3C58, 0x2C17, 0x64F9, 0xFFFF, 0xFFFF, 0xFFFF, 0xFFFF,
  0xD73E, 0x3C58, 0x3C58, 0x3C58, 0x2C17, 0x85BB, 0x859B, 0x2BF7, 0x3C58, 0x3C58,
  0x3C58, 0x3C58, 0x3C58, 0x3C58, 0x3C58, 0x3C58, 0x3C58, 0x3C58, 0x3C58, 0x3C58,
  0x3C58, 0x3C58, 0x3C58, 0x3C58, 0x3C58, 0x3C58, 0x3C58, 0x3C58, 0x3C58, 0x3C58,
  0x3C58, 0x3C58, 0x3C58, 0x3C58, 0x3418, 0x9E1C, 0xFFFF, 0xFFFF, 0xFFFF, 0xFFFF,
  0x95FB, 0x2C17, 0x3C58, 0x3C58, 0x3C58, 0x3C38, 0x3438, 0x3C58, 0x3C58, 0x3C58,
  0x3C58, 0x3C58, 0x3C58, 0x3C58, 0x3C58, 0x3C58, 0x3C58, 0x3C58, 0x3C58, 0x3C58,
  0x3C58, 0x3C58, 0x3C58, 0x3C58, 0x3C58, 0x3C58, 0x3C58, 0x3C58, 0x3C58, 0x3C58,
  0x3C58, 0x3C58, 0x3C58, 0x3C58, 0x3C58, 0xDF5E, 0xFFFF, 0xFFFF, 0xFFFF, 0xF7DF,
  0x54B9, 0x3438, 0x3C58, 0x3C58, 0x3C58, 0x3C38, 0x3438, 0x3C58, 0x3C58, 0x3C58,
  0x3C58, 0x3C58, 0x3C58, 0x3C58, 0x3C58, 0x3C58, 0x3C58, 0x3C58, 0x3C58, 0x3C58,
  0x3C58, 0x3C58, 0x3C58, 0x3C58, 0x3C58, 0x3C58, 0x3C58, 0x3C58, 0x3C58, 0x3C58,
  0x3C58, 0x3C58, 0x3C58, 0x3418, 0x755A, 0xFFFF, 0xFFFF, 0xFFFF, 0xFFFF, 0xC6DD,
  0x3438, 0x3C58, 0x3C58, 0x3C58, 0x2C17, 0x85BB, 0x859B, 0x2BF7, 0x3C58, 0x3C58,
  0x3C58, 0x3C58, 0x3C58, 0x3C58, 0x3C58, 0x3C58, 0x3C58, 0x3C58, 0x3C58, 0x3C58,
  0x3C58, 0x3C58, 0x3C58, 0x3C58, 0x3C58, 0x3C58, 0x3C58, 0x3C58, 0x3C58, 0x3C58,
  0x3C58, 0x3C58, 0x3C58, 0x3418, 0xC6DD, 0xFFFF, 0xFFFF, 0xFFFF, 0xFFFF, 0x7D9B,
  0x2C17, 0x3C38, 0x3C58, 0x4458, 0x2BF7, 0x961B, 0xFFFF, 0x8DDB, 0x3418, 0x3C58,
  0x3C58, 0x3C58, 0x3C58, 0x3C58, 0x3C58, 0x3C58, 0x3C58, 0x3C58, 0x3C58, 0x3C58,
  0x3C58, 0x3C58, 0x3C58, 0x3C58, 0x3C58, 0x3C58, 0x3C58, 0x3C58, 0x3C58, 0x3C58,
  0x3C58, 0x4458, 0x2C17, 0x6D1A, 0xFFFF, 0xFFFF, 0xFFFF, 0xFFFF, 0xE79E, 0x4478,
  0x3438, 0x64F9, 0x4458, 0x3C58, 0x3417, 0x95FB, 0xFFFF, 0xFFFF, 0xA65C, 0x3C38,
  0x3438, 0x3C58, 0x3C58, 0x3C58, 0x3C58, 0x3C58, 0x3C58, 0x3C58, 0x3C58, 0x3C58,
  0x3C58, 0x3C58, 0x3C58, 0x3C58, 0x3C58, 0x3C58, 0x3C58, 0x3C38, 0x2BF7, 0x2BF7,
  0x2BF7, 0x2C17, 0x4CB9, 0xE77E, 0xFFFF, 0xFFFF, 0xFFFF, 0xFFFF, 0x9E3C, 0x3418,
  0x3C58, 0xDF5E, 0xA65C, 0x3438, 0x1BB7, 0x8DDB, 0xFFFF, 0xFFDF, 0xFFFF, 0xC6FD,
  0x4478, 0x3438, 0x3C58, 0x3C58, 0x3C58, 0x3C58, 0x3C58, 0x3C58, 0x3C58, 0x3C58,
  0x3C58, 0x3C58, 0x3C58, 0x3C58, 0x3C58, 0x3C58, 0x3438, 0x4C99, 0x95FB, 0x95FB,
  0x95FB, 0xA65C, 0xEF9F, 0xFFFF, 0xFFFF, 0xFFFF, 0xFFFF, 0xEF9F, 0x4C99, 0x2BF7,
  0x6D3A, 0xFFFF, 0xFFFF, 0xCEFD, 0x95FB, 0xC6DD, 0xFFFF, 0xFFFF, 0xFFFF, 0xFFFF,
  0xDF5E, 0x5CD9, 0x2C18, 0x3C58, 0x3C58, 0x3C58, 0x3C58, 0x3C58, 0x3C58, 0x3C58,
  0x3C58, 0x3C58, 0x3C58, 0x3C58, 0x3C58, 0x3C58, 0x3418, 0x6D3A, 0xFFFF, 0xFFFF,
  0xFFFF, 0xFFFF, 0xFFFF, 0xFFFF, 0xFFFF, 0xFFFF, 0xFFFF, 0x8DBB, 0x3417, 0x3438,
  0xC6DD, 0xFFFF, 0xFFFF, 0xFFFF, 0xFFFF, 0xFFFF, 0xFFFF, 0xFFFF, 0xFFFF, 0xFFFF,
  0xFFFF, 0xEFBF, 0x755A, 0x3418, 0x3C58, 0x3C58, 0x3C58, 0x3C58, 0x3C58, 0x3C58,
  0x3C58, 0x3C58, 0x3C58, 0x3C58, 0x3C58, 0x3C58, 0x3418, 0x651A, 0xFFFF, 0xFFDF,
  0xFFFF, 0xFFFF, 0xFFFF, 0xFFFF, 0xFFFF, 0xFFFF, 0xB69D, 0x3438, 0x3438, 0x755A,
  0xFFFF, 0xFFFF, 0xFFFF, 0xFFFF, 0xFFFF, 0xFFFF, 0xFFFF, 0xFFFF, 0xFFFF, 0xFFFF,
  0xFFFF, 0xFFFF, 0xFFFF, 0x7D9A, 0x3418, 0x3C58, 0x3C58, 0x3C58, 0x3C58, 0x3C58,
  0x3C58, 0x3C58, 0x3C58, 0x3C58, 0x3C58, 0x3C58, 0x3418, 0x651A, 0xFFFF, 0xFFFF,
  0xFFFF, 0xFFFF, 0xFFFF, 0xFFFF, 0xFFFF, 0xB69C, 0x3C58, 0x3C58, 0x3438, 0x5CF9,
  0xE77E, 0xFFFF, 0xFFFF, 0xFFFF, 0xFFFF, 0xFFFF, 0xFFFF, 0xFFFF, 0xFFFF, 0xFFFF,
  0xFFFF, 0xFFFF, 0xCF1E, 0x54D9, 0x3C38, 0x3C58, 0x3C58, 0x3C58, 0x3C58, 0x3C58,
  0x3C58, 0x3C58, 0x3C58, 0x3C58, 0x3C58, 0x3C58, 0x3418, 0x6519, 0xF7DF, 0xF7DF,
  0xF7DF, 0xF7DF, 0xEFBF, 0xBEBD, 0x755A, 0x3418, 0x3C38, 0x3C58, 0x3C58, 0x3418,
  0x4C98, 0x9E1C, 0xD73E, 0xF7DF, 0xF7DF, 0xFFFF, 0xFFFF, 0xFFFF, 0xFFFF, 0xFFFF,
  0xFFFF, 0xB69D, 0x3C58, 0x3418, 0x3C58, 0x3C58, 0x3C58, 0x3C58, 0x3C58, 0x3C58,
  0x3C58, 0x3C58, 0x3C58, 0x3C58, 0x3C58, 0x3C58, 0x3C58, 0x3C58, 0x4478, 0x4478,
  0x4478, 0x4478, 0x4478, 0x3438, 0x3418, 0x3C58, 0x3C58, 0x3C58, 0x3C58, 0x3C58,
  0x3C38, 0x2C17, 0x3C58, 0x4C98, 0x3438, 0x961C, 0xFFFF, 0xFFFF, 0xFFFF, 0xFFFF,
  0x95FB, 0x3438, 0x3C38, 0x3C58, 0x3C58, 0x3C58, 0x3C58, 0x3C58, 0x3C58, 0x3C58,
  0x3C58, 0x3C58, 0x3C58, 0x3C58, 0x3C58, 0x3C58, 0x3C58, 0x3C58, 0x3C38, 0x3C38,
  0x3C38, 0x3C38, 0x3C38, 0x3C58, 0x3C58, 0x3C58, 0x3C58, 0x3C58, 0x3C58, 0x3C58,
  0x3C58, 0x3C58, 0x3C38, 0x3C58, 0x2BF7, 0x95FB, 0xFFFF, 0xFFFF, 0xF7BF, 0x7D7A,
  0x2C17, 0x3C58, 0x3C58, 0x3C58, 0x3C58, 0x3C58, 0x3C58, 0x3C58, 0x3C58, 0x3C58,
  0x3C58, 0x3C58, 0x3C58, 0x3C58, 0x3C58, 0x3C58, 0x3C58, 0x3C58, 0x3C58, 0x3C58,
  0x3C58, 0x3C58, 0x3C58, 0x3C58, 0x3C58, 0x3C58, 0x3C58, 0x3C58, 0x3C58, 0x3C58,
  0x3C58, 0x3C58, 0x3C58, 0x4458, 0x2BF7, 0x8DFB, 0xFFFF, 0xE77E, 0x64F9, 0x2C17,
  0x3C58, 0x3C58, 0x3C58, 0x3C58, 0x3C58, 0x3C58, 0x3C58, 0x3C58, 0x3C58, 0x3C58,
  0x3C58, 0x3C58, 0x3C58, 0x3C58, 0x3C58, 0x3C58, 0x3C58, 0x3C58, 0x3C58, 0x3C58,
  0x3C58, 0x3C58, 0x3C58, 0x3C58, 0x3C58, 0x3C58, 0x3C58, 0x3C58, 0x3C58, 0x3C58,
  0x3C58, 0x3C58, 0x3C58, 0x3C58, 0x2BF7, 0x9E1C, 0xDF5E, 0x4C98, 0x3418, 0x3C58,
  0x3C58, 0x3C58, 0x3C58, 0x3C58, 0x3C58, 0x3C58, 0x3C58, 0x3C58, 0x3C58, 0x3C58,
  0x3C58, 0x3C58, 0x3C58, 0x3C58, 0x3C58, 0x3C58, 0x3C58, 0x3C58, 0x3C58, 0x3C58,
  0x3C58, 0x3C58, 0x3C58, 0x3C58, 0x3C58, 0x3C58, 0x3C58, 0x3C58, 0x3C58, 0x3C58,
  0x3C58, 0x3C58, 0x3C58, 0x3C58, 0x3438, 0x5CF9, 0x4C99, 0x3418, 0x3C58, 0x3C58,
  0x3C58, 0x3C58, 0x3C58, 0x3C58, 0x3C58, 0x3C58, 0x3C58, 0x3C58, 0x3C58, 0x3C58,
  0x3C58, 0x3C58, 0x3C58, 0x3C58, 0x3C58, 0x3C58, 0x3C58, 0x3C58, 0x3C58, 0x3C58,
  0x3C58, 0x3C58, 0x3C58, 0x3C58, 0x3C58, 0x3C58, 0x3C58, 0x3C58, 0x3C58, 0x3C58,
  0x3C58, 0x3C58, 0x3C58, 0x3C58, 0x3C58, 0x3438, 0x3C38, 0x3C58, 0x3C58, 0x3C58,
  0x3C58, 0x3C58, 0x3C58, 0x3C58, 0x3C58, 0x3C58, 0x3C58, 0x3C58, 0x3C58, 0x3C58,
  0x3C58, 0x3C58, 0x3C58, 0x3C58, 0x3C58, 0x3C58, 0x3C58, 0x3C58, 0x3C58, 0x3C58,
  0x3C58, 0x3C58, 0x3C58, 0x3C58, 0x3C58, 0x3C58, 0x3C58, 0x3C58, 0x3C58, 0x3C58,
  0x3C58, 0x3C58, 0x3C58, 0x3C58, 0x3C58, 0x3C58, 0x3C58, 0x3C58, 0x3C58, 0x3C58,
  0x3C58, 0x3C58, 0x3C58, 0x3C58, 0x3C58, 0x3C58, 0x3C58, 0x3C58, 0x3C58, 0x3C58,
  0x3C58, 0x3C99, 0x3C38, 0x3C58, 0x3C58, 0x3C58, 0x3C58, 0x3C58, 0x3C58, 0x3C58,
  0x3C58, 0x3C58, 0x3C58, 0x3C58, 0x3C58, 0x3C58, 0x3C58, 0x3C58, 0x3C58, 0x3C58,
  0x3C58, 0x3C58, 0x3C58, 0x3C58, 0x3C58, 0x3C58, 0x3C58, 0x3C58, 0x3C58, 0x3C58,
  0x3C58, 0x3C58, 0x3C58, 0x3C58, 0x3C58, 0x3C58, 0x3C58, 0x3C38, 0x3C99, 0x3C58,
  0x3437, 0x3C58, 0x3C99, 0x3C58, 0x3C58, 0x3C58, 0x3C58, 0x3C58, 0x3C58, 0x3C58,
  0x3C58, 0x3C58, 0x3C58, 0x3C58, 0x3C58, 0x3C58, 0x3C58, 0x3C58, 0x3C58, 0x3C58,
  0x3C58, 0x3C58, 0x3C58, 0x3C58, 0x3C58, 0x3C58, 0x3C58, 0x3C58, 0x3C58, 0x3C58,
  0x3C58, 0x3C58, 0x3C58, 0x3C58, 0x3C58, 0x3C58, 0x3C58, 0x3C99, 0x3C58, 0x3437,
  0xF81F, 0x3C37, 0x3C58, 0x3C58, 0x3C58, 0x3C38, 0x3C58, 0x3C58, 0x3C58, 0x3C58,
  0x3C58, 0x3C58, 0x3C58, 0x3C58, 0x3C58, 0x3C58, 0x3C58, 0x3C58, 0x3C58, 0x3C58,
  0x3C58, 0x3C58, 0x3C58, 0x3C58, 0x3C58, 0x3C58, 0x3C58, 0x3C58, 0x3C58, 0x3C58,
  0x3C58, 0x3C58, 0x3C58, 0x3C58, 0x3C38, 0x3C58, 0x3C58, 0x3C58, 0x3C37, 0xF81F
};

static const uint16_t kEmoji_branch[1600] PROGMEM = {
  0xF81F, 0xF81F, 0xF81F, 0xF81F, 0xF81F, 0xF81F, 0xF81F, 0xF81F, 0xF81F, 0xF81F,
  0xF81F, 0x7DAB, 0x75AA, 0xF81F, 0xF81F, 0xF81F, 0xF81F, 0xF81F, 0xF81F, 0xF81F,
  0xF81F, 0xF81F, 0xF81F, 0xF81F, 0xF81F, 0xF81F, 0xF81F, 0xF81F, 0xF81F, 0xF81F,
  0xF81F, 0xF81F, 0xF81F, 0xF81F, 0xF81F, 0xF81F, 0xF81F, 0xF81F, 0xF81F, 0xF81F,
  0xF81F, 0xF81F, 0xF81F, 0xF81F, 0xF81F, 0xF81F, 0xF81F, 0xF81F, 0xF81F, 0xF81F,
  0xF81F, 0xA6B0, 0x85EC, 0x758A, 0x7D8A, 0xF81F, 0xF81F, 0xF81F, 0xF81F, 0xF81F,
  0xF81F, 0xF81F, 0xF81F, 0xF81F, 0xF81F, 0xF81F, 0xF81F, 0xF81F, 0xF81F, 0xF81F,
  0xF81F, 0xF81F, 0xF81F, 0xF81F, 0xF81F, 0xF81F, 0xF81F, 0xF81F, 0xF81F, 0xF81F,
  0xF81F, 0xF81F, 0xF81F, 0xF81F, 0xF81F, 0xF81F, 0xF81F, 0xF81F, 0xF81F, 0xF81F,
  0xA670, 0xB732, 0x8E0D, 0x7DCA, 0x7DEB, 0x7DAA, 0xF81F, 0xF81F, 0xF81F, 0xF81F,
  0xF81F, 0xF81F, 0xF81F, 0xF81F, 0xF81F, 0xF81F, 0xF81F, 0xF81F, 0xF81F, 0xF81F,
  0x7D8A, 0x7D8A, 0x758A, 0x758A, 0x758A, 0x7D8A, 0xF81F, 0xF81F, 0xF81F, 0xF81F,
  0xF81F, 0xF81F, 0xF81F, 0xF81F, 0xF81F, 0xF81F, 0xF81F, 0xF81F, 0xF81F, 0x9E70,
  0xAEB1, 0xAEB1, 0x9E70, 0x7D8A, 0x758A, 0x7DEB, 0x7DAA, 0xF81F, 0xF81F, 0xF81F,
  0xF81F, 0xF81F, 0xF81F, 0xF81F, 0xF81F, 0xF81F, 0xF81F, 0xF81F, 0x756A, 0x7D8A,
  0x7DAA, 0x7DEB, 0x7DCB, 0x7DCB, 0x7DEB, 0x7DAA, 0x758A, 0x6D08, 0xF81F, 0xF81F,
  0xF81F, 0xF81F, 0xF81F, 0xF81F, 0xF81F, 0xF81F, 0xF81F, 0xF81F, 0xF81F, 0xA690,
  0xB712, 0xA690, 0xA691, 0x85EC, 0x758A, 0x758A, 0x7DEB, 0x758A, 0xF81F, 0xF81F,
  0xF81F, 0xF81F, 0xF81F, 0xF81F, 0xF81F, 0xF81F, 0xF81F, 0x756A, 0x7DAA, 0x7DCB,
  0x758A, 0x758A, 0x758A, 0x758A, 0x758A, 0x7D8A, 0x860C, 0x964E, 0x9E6F, 0xF81F,
  0xF81F, 0xF81F, 0xF81F, 0xF81F, 0xF81F, 0xF81F, 0xF81F, 0xF81F, 0xF81F, 0xA690,
  0xAED1, 0xA690, 0xAEB1, 0x962E, 0x758A, 0x758A, 0x758A, 0x7DCB, 0x758A, 0xF81F,
  0xF81F, 0xF81F, 0xF81F, 0xF81F, 0xF81F, 0xF81F, 0x756A, 0x7DAA, 0x7DAA, 0x758A,
  0x758A, 0x758A, 0x758A, 0x85CB, 0x962E, 0x9E70, 0xA6B1, 0xAED1, 0xA691, 0xF81F,
  0xF81F, 0xF81F, 0xF81F, 0xF81F, 0xF81F, 0xF81F, 0xF81F, 0xF81F, 0xF81F, 0xA691,
  0xAEB1, 0xA690, 0xA6B1, 0xA670, 0x7DAB, 0x758A, 0x758A, 0x7DCB, 0x758A, 0xF81F,
  0xF81F, 0xF81F, 0xF81F, 0xF81F, 0xF81F, 0xF81F, 0x756A, 0x7DEB, 0x758A, 0x758A,
  0x758A, 0x85EC, 0x9E4F, 0xA690, 0xAEB1, 0xA691, 0xAED1, 0xA690, 0xF81F, 0xF81F,
  0xF81F, 0xF81F, 0xF81F, 0xF81F, 0xF81F, 0xF81F, 0xF81F, 0xF81F, 0xA68F, 0xAEB1,
  0xA691, 0xA691, 0xA691, 0xA6B1, 0x85EC, 0x758A, 0x758A, 0x7DAA, 0x758A, 0x756A,
  0xF81F, 0xF81F, 0xF81F, 0xF81F, 0xF81F, 0x7D6A, 0x7DCB, 0x758A, 0x7D8A, 0x8DED,
  0x9E6F, 0xAEB1, 0xAEB1, 0xA691, 0xA690, 0xA690, 0xB712, 0xA6B1, 0xF81F, 0xF81F,
  0xF81F, 0xF81F, 0xF81F, 0xF81F, 0xF81F, 0xF81F, 0xF81F, 0xF81F, 0xF81F, 0xA690,
  0xAEB1, 0xA690, 0xA690, 0xAEB1, 0x962E, 0x758A, 0x758A, 0x758A, 0x7DCB, 0x758A,
  0xF81F, 0xF81F, 0xF81F, 0xF81F, 0xF81F, 0x75AA, 0x7DEB, 0x8DED, 0x9E70, 0xAEB1,
  0xAEB1, 0xA691, 0xA690, 0xA691, 0xA690, 0xB712, 0xA690, 0xF81F, 0xF81F, 0xF81F,
  0xF81F, 0xF81F, 0xF81F, 0xF81F, 0xF81F, 0xF81F, 0xF81F, 0xF81F, 0xF81F, 0xA691,
  0xAED1, 0xA691, 0xA691, 0xA6B1, 0xA670, 0x7D8A, 0x758A, 0x758A, 0x860B, 0x758A,
  0xF81F, 0xF81F, 0xF81F, 0xF81F, 0x9AEA, 0x948B, 0xA690, 0xA6B1, 0xA691, 0xA690,
  0xA690, 0xA690, 0xA691, 0xA691, 0xB712, 0xAEB1, 0xA690, 0xF81F, 0xF81F, 0xF81F,
  0xF81F, 0xF81F, 0xF81F, 0xF81F, 0xF81F, 0xF81F, 0xF81F, 0xF81F, 0xF81F, 0xA690,
  0xB712, 0xA691, 0xA691, 0xA691, 0xA6B1, 0x85CC, 0x758A, 0x758A, 0x7DCB, 0x758A,
  0xF81F, 0xF81F, 0xF81F, 0xA30A, 0xB34B, 0xA36B, 0xA6B1, 0xAED1, 0xAEF2, 0xAEF1,
  0xAED1, 0xAEF1, 0xB712, 0xAED1, 0xA6B1, 0xF81F, 0xF81F, 0xF81F, 0xF81F, 0xF81F,
  0xF81F, 0xF81F, 0xF81F, 0xF81F, 0xF81F, 0xF81F, 0xF81F, 0xF81F, 0xF81F, 0xA690,
  0xA6B1, 0xA6B1, 0xA690, 0xA690, 0xAEB1, 0x8E0E, 0x756A, 0x7D8A, 0x758A, 0x7D6A,
  0xF81F, 0xF81F, 0xA30A, 0xB36B, 0xA30A, 0xF81F, 0xF81F, 0xAE91, 0xA691, 0xA6B0,
  0xA690, 0xA6B1, 0xA6B1, 0x9E50, 0xF81F, 0xF81F, 0xF81F, 0xF81F, 0xF81F, 0xF81F,
  0xF81F, 0xF81F, 0xF81F, 0xF81F, 0xF81F, 0xF81F, 0xF81F, 0xF81F, 0xF81F, 0xF81F,
  0xA690, 0xB732, 0xA690, 0xA690, 0xAEB1, 0x9E4F, 0x758A, 0x7DCB, 0x7D8A, 0xF81F,
  0x9B09, 0xA32A, 0xB36B, 0xA30A, 0xF81F, 0xF81F, 0xF81F, 0xF81F, 0xF81F, 0xF81F,
  0xF81F, 0xF81F, 0xF81F, 0xF81F, 0xF81F, 0xF81F, 0xF81F, 0xF81F, 0xF81F, 0xF81F,
  0xF81F, 0xF81F, 0xF81F, 0xF81F, 0xF81F, 0xF81F, 0xF81F, 0xF81F, 0xF81F, 0xF81F,
  0xF81F, 0xA690, 0xB712, 0xA6B1, 0xA691, 0xA690, 0x7DAB, 0x85EB, 0x760A, 0xA28A,
  0xA32A, 0xB36B, 0x9B0A, 0xF81F, 0xF81F, 0xF81F, 0xF81F, 0xF81F, 0xF81F, 0xF81F,
  0xF81F, 0xF81F, 0xF81F, 0xF81F, 0xF81F, 0xF81F, 0xF81F, 0xF81F, 0xF81F, 0xF81F,
  0xF81F, 0xF81F, 0xF81F, 0xF81F, 0x7D6A, 0x7D6A, 0xF81F, 0xF81F, 0xF81F, 0xF81F,
  0xF81F, 0xF81F, 0xA690, 0xA6B1, 0xAEF1, 0xA6B1, 0x85EC, 0x75AA, 0x938A, 0xA30A,
  0xB36B, 0x9B0A, 0xF81F, 0xF81F, 0xF81F, 0xF81F, 0xF81F, 0xF81F, 0xF81F, 0xF81F,
  0xF81F, 0xF81F, 0xF81F, 0xF81F, 0xF81F, 0xF81F, 0xF81F, 0xF81F, 0xF81F, 0xF81F,
  0xF81F, 0xF81F, 0xF81F, 0x962E, 0x7DAB, 0x758A, 0x7D8A, 0x758A, 0xF81F, 0xF81F,
  0xF81F, 0xF81F, 0xF81F, 0xA670, 0xA691, 0xAED1, 0x966E, 0x8449, 0xA2EA, 0xAB4B,
  0xA2EA, 0xF81F, 0x64A8, 0x5C67, 0x6CE8, 0xF81F, 0xF81F, 0xF81F, 0xF81F, 0xF81F,
  0xF81F, 0xF81F, 0xF81F, 0xF81F, 0xF81F, 0xF81F, 0xF81F, 0xF81F, 0xF81F, 0xF81F,
  0xF81F, 0xF81F, 0xA690, 0xB712, 0x962E, 0x758A, 0x7DAA, 0x85EB, 0x7DAA, 0x7549,
  0xF81F, 0xF81F, 0xF81F, 0xF81F, 0xF81F, 0xA772, 0x94EC, 0xA30A, 0xA30A, 0x9B2A,
  0x5CA7, 0x5C87, 0x5C87, 0x5C87, 0x5C87, 0x5C87, 0x64A7, 0x5C88, 0xF81F, 0xF81F,
  0xF81F, 0xF81F, 0xF81F, 0xF81F, 0xF81F, 0xF81F, 0xF81F, 0xF81F, 0xF81F, 0xF81F,
  0xF81F, 0xF81F, 0xA691, 0xAEF1, 0xAEB1, 0x962E, 0x756A, 0x758A, 0x7DEB, 0x758A,
  0xF81F, 0xF81F, 0xF81F, 0xF81F, 0xF81F, 0x9A89, 0xA2EA, 0xA30A, 0x9349, 0x5C87,
  0x5CC7, 0x64A7, 0x5C87, 0x5C87, 0x5C87, 0x5CA7, 0x64C7, 0x5CA7, 0x5C87, 0xF81F,
  0xF81F, 0xF81F, 0xF81F, 0xF81F, 0xF81F, 0xF81F, 0xF81F, 0xF81F, 0xF81F, 0xF81F,
  0xF81F, 0xF81F, 0xA691, 0xAEF1, 0xA690, 0xAEB1, 0x962E, 0x758A, 0x758A, 0x85EB,
  0x7D8A, 0xF81F, 0xF81F, 0xF81F, 0x9B0A, 0xA34A, 0xA30A, 0x9349, 0x5C67, 0x5C87,
  0x5C67, 0x5C67, 0x5C67, 0x5C87, 0x5C87, 0x5C87, 0x5C87, 0x5C87, 0x64E7, 0x5C87,
  0xF81F, 0xF81F, 0xF81F, 0xF81F, 0xF81F, 0xF81F, 0xF81F, 0xF81F, 0xF81F, 0xF81F,
  0xF81F, 0xF81F, 0xA690, 0xA690, 0xA6B1, 0xA690, 0xAEB1, 0x8E0D, 0x758A, 0x7DCB,
  0x758A, 0xF81F, 0xF81F, 0x9B0A, 0xA32A, 0xA30A, 0x9B8A, 0x7529, 0x6D29, 0x6D09,
  0x64E8, 0x64E8, 0x64C8, 0x5CA7, 0x5C87, 0x5C87, 0x5C67, 0x5C67, 0x5C67, 0x64C7,
  0x5C87, 0xF81F, 0xF81F, 0xF81F, 0xF81F, 0xF81F, 0xF81F, 0xF81F, 0xF81F, 0xF81F,
  0xF81F, 0xF81F, 0xF81F, 0xA691, 0xB712, 0xA690, 0xA691, 0xA691, 0x85CC, 0x758A,
  0x7D8A, 0xF81F, 0xA2CA, 0xA32A, 0xA32A, 0xA2EA, 0x8C4A, 0x75AA, 0x7DCB, 0x7DAA,
  0x7DAA, 0x7D8A, 0x758A, 0x758A, 0x756A, 0x6D49, 0x6D09, 0x64E8, 0x64C8, 0x5CA7,
  0x5C87, 0xF81F, 0xF81F, 0xF81F, 0xF81F, 0xF81F, 0xF81F, 0xF81F, 0xF81F, 0xF81F,
  0xF81F, 0xF81F, 0xF81F, 0x9E2F, 0xA6B1, 0xAEF1, 0xA690, 0xA691, 0xA690, 0x85CB,
  0x758A, 0x8C4B, 0xA30A, 0xA32A, 0xA32A, 0x9B2A, 0xF81F, 0x7D4A, 0x7DAA, 0x7D8A,
  0x758A, 0x758A, 0x758A, 0x758A, 0x7D8A, 0x7DAA, 0x7DAA, 0x7DAA, 0x758A, 0x756A,
  0x756A, 0x64E8, 0xF81F, 0xF81F, 0xF81F, 0xF81F, 0xF81F, 0xF81F, 0xF81F, 0xF81F,
  0xF81F, 0xF81F, 0xF81F, 0xF81F, 0xA690, 0xAEB1, 0xB712, 0xAED1, 0xAED1, 0xA690,
  0x7D8A, 0x9B4A, 0xA30A, 0xAB4B, 0x9AEA, 0xF81F, 0xF81F, 0xF81F, 0x758A, 0x7DCB,
  0x7D8A, 0x758A, 0x758A, 0x758A, 0x758A, 0x758A, 0x758A, 0x758A, 0x7D8A, 0x860B,
  0x758A, 0xF81F, 0xF81F, 0xF81F, 0xF81F, 0xF81F, 0xF81F, 0xF81F, 0xF81F, 0xF81F,
  0xF81F, 0xF81F, 0xF81F, 0xF81F, 0xF81F, 0xF81F, 0xAED1, 0xA691, 0xA6B0, 0xA6D1,
  0x9C2C, 0xA2EA, 0xA32A, 0xA30A, 0xF81F, 0xF81F, 0xF81F, 0xF81F, 0xF81F, 0x758A,
  0x7DAA, 0x7DEB, 0x7DAA, 0x7DAA, 0x7D8A, 0x7DAA, 0x7DAA, 0x7DEB, 0x7D8A, 0x756A,
  0xF81F, 0xF81F, 0xF81F, 0xF81F, 0xF81F, 0xF81F, 0xF81F, 0xF81F, 0xF81F, 0xF81F,
  0xF81F, 0xF81F, 0xF81F, 0xF81F, 0xF81F, 0xF81F, 0xF81F, 0xF81F, 0xF81F, 0xA40C,
  0xA32A, 0xA30A, 0xA32A, 0x9B0A, 0xF81F, 0xF81F, 0xF81F, 0xF81F, 0xF81F, 0xF81F,
  0x756A, 0x7DAA, 0x758A, 0x758A, 0x758A, 0x758A, 0x758A, 0x7DAA, 0x758A, 0xF81F,
  0xF81F, 0xF81F, 0xF81F, 0xF81F, 0xF81F, 0xF81F, 0xF81F, 0xF81F, 0xF81F, 0xF81F,
  0xF81F, 0xF81F, 0xF81F, 0xF81F, 0xF81F, 0xF81F, 0xF81F, 0xF81F, 0xF81F, 0xA2EA,
  0xA30A, 0xAB2A, 0x9B0A, 0xF81F, 0xF81F, 0xF81F, 0xF81F, 0xF81F, 0xF81F, 0xF81F,
  0xF81F, 0xF81F, 0xF81F, 0x756B, 0x758A, 0xF81F, 0xF81F, 0xF81F, 0xF81F, 0xF81F,
  0xF81F, 0xF81F, 0xF81F, 0xF81F, 0xF81F, 0xF81F, 0xF81F, 0xF81F, 0xF81F, 0xF81F,
  0xF81F, 0xF81F, 0xF81F, 0xF81F, 0xF81F, 0xF81F, 0xF81F, 0xF81F, 0x9B0A, 0xAB4A,
  0xA32A, 0x9B0A, 0xF81F, 0xF81F, 0x64A8, 0x5C87, 0x5C87, 0x5C67, 0x5C87, 0x5C87,
  0xF81F, 0xF81F, 0xF81F, 0xF81F, 0xF81F, 0xF81F, 0xF81F, 0xF81F, 0xF81F, 0xF81F,
  0xF81F, 0xF81F, 0xF81F, 0xF81F, 0xF81F, 0xF81F, 0xF81F, 0xF81F, 0xF81F, 0xF81F,
  0xF81F, 0xF81F, 0xF81F, 0xF81F, 0xF81F, 0xF81F, 0xF81F, 0x9B0A, 0xAB2A, 0x9B0A,
  0xA32A, 0xAAEB, 0x5CE7, 0x5C87, 0x64C7, 0x64C7, 0x64C7, 0x64C7, 0x64C7, 0x64C7,
  0x5C87, 0x64A7, 0xF81F, 0xF81F, 0xF81F, 0xF81F, 0xF81F, 0xF81F, 0xF81F, 0xF81F,
  0xF81F, 0xF81F, 0xF81F, 0xF81F, 0xF81F, 0xF81F, 0xF81F, 0xF81F, 0xF81F, 0xF81F,
  0xF81F, 0xF81F, 0xF81F, 0xF81F, 0xF81F, 0xF81F, 0xF81F, 0xA30A, 0xA32A, 0xA32A,
  0xA2EA, 0x5486, 0x5CA7, 0x5CA7, 0x5C67, 0x5C67, 0x5C67, 0x5C67, 0x5C67, 0x5C67,
  0x5CA7, 0x5CA7, 0x5C87, 0xF81F, 0xF81F, 0xF81F, 0xF81F, 0xF81F, 0xF81F, 0xF81F,
  0xF81F, 0xF81F, 0xF81F, 0xF81F, 0xF81F, 0xF81F, 0xF81F, 0xF81F, 0xF81F, 0xF81F,
  0xF81F, 0xF81F, 0xF81F, 0xF81F, 0xF81F, 0xF81F, 0xA30A, 0xAB4B, 0x9B0A, 0xA32A,
  0x7448, 0x64E8, 0x64E8, 0x64E8, 0x6D08, 0x6CE8, 0x6CE8, 0x64E8, 0x64C8, 0x5CA7,
  0x5C87, 0x5C87, 0x5CA7, 0x5C67, 0xF81F, 0xF81F, 0xF81F, 0xF81F, 0xF81F, 0xF81F,
  0xF81F, 0xF81F, 0xF81F, 0xF81F, 0xF81F, 0xF81F, 0xF81F, 0xF81F, 0xF81F, 0xF81F,
  0xF81F, 0xF81F, 0xF81F, 0xF81F, 0xF81F, 0xF81F, 0xA30A, 0xA30A, 0xA32A, 0x9B0A,
  0x758A, 0x7DEB, 0x758A, 0x7DAA, 0x7DAA, 0x7DAA, 0x7DAA, 0x7D8A, 0x758A, 0x758A,
  0x756A, 0x6D29, 0x6D09, 0x64A8, 0xF81F, 0xF81F, 0xF81F, 0xF81F, 0xF81F, 0xF81F,
  0xF81F, 0xF81F, 0xF81F, 0xF81F, 0xF81F, 0xF81F, 0xF81F, 0xF81F, 0xF81F, 0xF81F,
  0xF81F, 0xF81F, 0xF81F, 0xF81F, 0xF81F, 0x9B0A, 0xAB4B, 0x9B0A, 0xA32A, 0xA2CA,
  0xF81F, 0x7DAA, 0x7DCB, 0x758A, 0x758A, 0x758A, 0x758A, 0x758A, 0x758A, 0x758A,
  0x758A, 0x7D8A, 0x7DEB, 0x756A, 0xF81F, 0xF81F, 0xF81F, 0xF81F, 0xF81F, 0xF81F,
  0xF81F, 0xF81F, 0xF81F, 0xF81F, 0xF81F, 0xF81F, 0xF81F, 0xF81F, 0xF81F, 0xF81F,
  0xF81F, 0xF81F, 0xF81F, 0xF81F, 0xF81F, 0x9B0A, 0xA32A, 0xA32A, 0x9B0A, 0xF81F,
  0xF81F, 0x7D6A, 0x7DAA, 0x7DCB, 0x758A, 0x758A, 0x758A, 0x758A, 0x758A, 0x758A,
  0x758A, 0x7DEB, 0x7DAA, 0x7DAA, 0xF81F, 0xF81F, 0xF81F, 0xF81F, 0xF81F, 0xF81F,
  0xF81F, 0xF81F, 0xF81F, 0xF81F, 0xF81F, 0xF81F, 0xF81F, 0xF81F, 0xF81F, 0xF81F,
  0xF81F, 0xF81F, 0xF81F, 0xF81F, 0x9B0A, 0xA32A, 0x9B0A, 0xAB4B, 0x9B0A, 0xF81F,
  0xF81F, 0xF81F, 0x6D2A, 0x7DAA, 0x7DEB, 0x7DEB, 0x7DCB, 0x7DCB, 0x7DCB, 0x7DEB,
  0x7DAA, 0x7DAA, 0xF81F, 0xF81F, 0xF81F, 0xF81F, 0xF81F, 0xF81F, 0xF81F, 0xF81F,
  0xF81F, 0xF81F, 0xF81F, 0xF81F, 0xF81F, 0xF81F, 0xF81F, 0xF81F, 0xF81F, 0xF81F,
  0xF81F, 0xF81F, 0xF81F, 0xF81F, 0x9B0A, 0xAB4B, 0xA30A, 0xA32A, 0xA32A, 0xF81F,
  0xF81F, 0xF81F, 0xF81F, 0xF81F, 0x758A, 0x7DAA, 0x758A, 0x758A, 0x758A, 0x7DAA,
  0x7D8A, 0xF81F, 0xF81F, 0xF81F, 0xF81F, 0xF81F, 0xF81F, 0xF81F, 0xF81F, 0xF81F,
  0xF81F, 0xF81F, 0xF81F, 0xF81F, 0xF81F, 0xF81F, 0xF81F, 0xF81F, 0xF81F, 0xF81F,
  0xF81F, 0xF81F, 0xF81F, 0xF81F, 0xA30A, 0xA32A, 0xA32A, 0x9B0A, 0xF81F, 0xF81F,
  0xF81F, 0xF81F, 0xF81F, 0xF81F, 0xF81F, 0xF81F, 0xF81F, 0xF81F, 0xF81F, 0xF81F,
  0xF81F, 0xF81F, 0xF81F, 0xF81F, 0xF81F, 0xF81F, 0xF81F, 0xF81F, 0xF81F, 0xF81F,
  0xF81F, 0xF81F, 0xF81F, 0xF81F, 0xF81F, 0xF81F, 0xF81F, 0xF81F, 0xF81F, 0xF81F,
  0xF81F, 0xF81F, 0xF81F, 0xF81F, 0xA30A, 0x9B0A, 0xA32A, 0x9B0A, 0xF81F, 0xF81F,
  0xF81F, 0xF81F, 0xF81F, 0xF81F, 0xF81F, 0xF81F, 0xF81F, 0xF81F, 0xF81F, 0xF81F,
  0xF81F, 0xF81F, 0xF81F, 0xF81F, 0xF81F, 0xF81F, 0xF81F, 0xF81F, 0xF81F, 0xF81F,
  0xF81F, 0xF81F, 0xF81F, 0xF81F, 0xF81F, 0xF81F, 0xF81F, 0xF81F, 0xF81F, 0xF81F,
  0xF81F, 0xF81F, 0xF81F, 0x9B0A, 0xAB4B, 0xA30A, 0xB36B, 0x9B0A, 0xF81F, 0xF81F,
  0xF81F, 0xF81F, 0xF81F, 0xF81F, 0xF81F, 0xF81F, 0xF81F, 0xF81F, 0xF81F, 0xF81F,
  0xF81F, 0xF81F, 0xF81F, 0xF81F, 0xF81F, 0xF81F, 0xF81F, 0xF81F, 0xF81F, 0xF81F,
  0xF81F, 0xF81F, 0xF81F, 0xF81F, 0xF81F, 0xF81F, 0xF81F, 0xF81F, 0xF81F, 0xF81F,
  0xF81F, 0xF81F, 0xF81F, 0xF81F, 0x9B0A, 0xA32A, 0xA32A, 0xA32A, 0xF81F, 0xF81F,
  0xF81F, 0xF81F, 0xF81F, 0xF81F, 0xF81F, 0xF81F, 0xF81F, 0xF81F, 0xF81F, 0xF81F,
  0xF81F, 0xF81F, 0xF81F, 0xF81F, 0xF81F, 0xF81F, 0xF81F, 0xF81F, 0xF81F, 0xF81F,
  0xF81F, 0xF81F, 0xF81F, 0xF81F, 0xF81F, 0xF81F, 0xF81F, 0xF81F, 0xF81F, 0xF81F,
  0xF81F, 0xF81F, 0xF81F, 0xF81F, 0xF81F, 0xF81F, 0xF81F, 0xF81F, 0xF81F, 0xF81F,
  0xF81F, 0xF81F, 0xF81F, 0xF81F, 0xF81F, 0xF81F, 0xF81F, 0xF81F, 0xF81F, 0xF81F,
  0xF81F, 0xF81F, 0xF81F, 0xF81F, 0xF81F, 0xF81F, 0xF81F, 0xF81F, 0xF81F, 0xF81F,
  0xF81F, 0xF81F, 0xF81F, 0xF81F, 0xF81F, 0xF81F, 0xF81F, 0xF81F, 0xF81F, 0xF81F
};

static const uint16_t kEmoji_lock[1600] PROGMEM = {
  0xF81F, 0xF81F, 0xF81F, 0xF81F, 0xF81F, 0xF81F, 0xF81F, 0xF81F, 0xF81F, 0xF81F,
  0xF81F, 0xF81F, 0xF81F, 0xF81F, 0xF81F, 0xF81F, 0xF81F, 0xF81F, 0xF81F, 0xF81F,
  0xF81F, 0xF81F, 0xF81F, 0xF81F, 0xF81F, 0xF81F, 0xF81F, 0xF81F, 0xF81F, 0xF81F,
  0xF81F, 0xF81F, 0xF81F, 0xF81F, 0xF81F, 0xF81F, 0xF81F, 0xF81F, 0xF81F, 0xF81F,
  0xF81F, 0xF81F, 0xF81F, 0xF81F, 0xF81F, 0xF81F, 0xF81F, 0xF81F, 0xF81F, 0xF81F,
  0xF81F, 0xF81F, 0xF81F, 0xF81F, 0xF81F, 0xF81F, 0xF81F, 0xF81F, 0xF81F, 0xF81F,
  0xF81F, 0xF81F, 0xF81F, 0xF81F, 0xF81F, 0xF81F, 0xF81F, 0xF81F, 0xF81F, 0xF81F,
  0xF81F, 0xF81F, 0xF81F, 0xF81F, 0xF81F, 0xF81F, 0xF81F, 0xF81F, 0xF81F, 0xF81F,
  0xF81F, 0xF81F, 0xF81F, 0xF81F, 0xF81F, 0xF81F, 0xF81F, 0xF81F, 0xF81F, 0xF81F,
  0xF81F, 0xF81F, 0xF81F, 0xF81F, 0xF81F, 0xF81F, 0xF81F, 0xF81F, 0xF81F, 0xF81F,
  0xF81F, 0xF81F, 0xF81F, 0xF81F, 0xF81F, 0xF81F, 0xF81F, 0xF81F, 0xF81F, 0xF81F,
  0xF81F, 0xF81F, 0xF81F, 0xF81F, 0xF81F, 0xF81F, 0xF81F, 0xF81F, 0xF81F, 0xF81F,
  0xF81F, 0xF81F, 0xF81F, 0xF81F, 0xF81F, 0xF81F, 0xF81F, 0xF81F, 0xF81F, 0xF81F,
  0xF81F, 0xF81F, 0xF81F, 0xF81F, 0xF81F, 0xF81F, 0xADB8, 0xADD8, 0xADB8, 0xADD8,
  0xADD8, 0xADB8, 0xADD8, 0xADB8, 0xF81F, 0xF81F, 0xF81F, 0xF81F, 0xF81F, 0xF81F,
  0xF81F, 0xF81F, 0xF81F, 0xF81F, 0xF81F, 0xF81F, 0xF81F, 0xF81F, 0xF81F, 0xF81F,
  0xF81F, 0xF81F, 0xF81F, 0xF81F, 0xF81F, 0xF81F, 0xF81F, 0xF81F, 0xF81F, 0xF81F,
  0xF81F, 0xF81F, 0xF81F, 0xF81F, 0xADD8, 0xADD8, 0xADD8, 0xB619, 0xB639, 0xB639,
  0xB639, 0xB639, 0xB619, 0xADD8, 0xADD8, 0xADD8, 0xF81F, 0xF81F, 0xF81F, 0xF81F,
  0xF81F, 0xF81F, 0xF81F, 0xF81F, 0xF81F, 0xF81F, 0xF81F, 0xF81F, 0xF81F, 0xF81F,
  0xF81F, 0xF81F, 0xF81F, 0xF81F, 0xF81F, 0xF81F, 0xF81F, 0xF81F, 0xF81F, 0xF81F,
  0xF81F, 0xF81F, 0xF81F, 0xADD8, 0xB619, 0xB619, 0xADB8, 0xADD8, 0xADB8, 0xADD8,
  0xADD8, 0xADB8, 0xADD8, 0xADB8, 0xB619, 0xB619, 0xADD8, 0xF81F, 0xF81F, 0xF81F,
  0xF81F, 0xF81F, 0xF81F, 0xF81F, 0xF81F, 0xF81F, 0xF81F, 0xF81F, 0xF81F, 0xF81F,
  0xF81F, 0xF81F, 0xF81F, 0xF81F, 0xF81F, 0xF81F, 0xF81F, 0xF81F, 0xF81F, 0xF81F,
  0xF81F, 0xF81F, 0xADF8, 0xB639, 0xADB8, 0xADD8, 0xADB8, 0xADB8, 0xADD8, 0xB5F9,
  0xB5F9, 0xADD8, 0xADB8, 0xADB8, 0xADD8, 0xADB8, 0xB639, 0xADF8, 0xF81F, 0xF81F,
  0xF81F, 0xF81F, 0xF81F, 0xF81F, 0xF81F, 0xF81F, 0xF81F, 0xF81F, 0xF81F, 0xF81F,
  0xF81F, 0xF81F, 0xF81F, 0xF81F, 0xF81F, 0xF81F, 0xF81F, 0xF81F, 0xF81F, 0xF81F,
  0xF81F, 0xADB8, 0xB63A, 0xADB8, 0xADD8, 0xADB8, 0xADF9, 0xB619, 0xADB8, 0xADB8,
  0xADB8, 0xADB8, 0xB619, 0xADF9, 0xADB8, 0xADD8, 0xADB8, 0xB63A, 0xADB8, 0xF81F,
  0xF81F, 0xF81F, 0xF81F, 0xF81F, 0xF81F, 0xF81F, 0xF81F, 0xF81F, 0xF81F, 0xF81F,
  0xF81F, 0xF81F, 0xF81F, 0xF81F, 0xF81F, 0xF81F, 0xF81F, 0xF81F, 0xF81F, 0xF81F,
  0xADD8, 0xB639, 0xADB8, 0xADD8, 0xADB8, 0xB619, 0xADD8, 0xADD8, 0xADB8, 0xF81F,
  0xF81F, 0xADB8, 0xADD8, 0xADD8, 0xB619, 0xADB8, 0xADD8, 0xADB8, 0xB639, 0xADD8,
  0xF81F, 0xF81F, 0xF81F, 0xF81F, 0xF81F, 0xF81F, 0xF81F, 0xF81F, 0xF81F, 0xF81F,
  0xF81F, 0xF81F, 0xF81F, 0xF81F, 0xF81F, 0xF81F, 0xF81F, 0xF81F, 0xF81F, 0xF81F,
  0xADB8, 0xADF8, 0xADD8, 0xADB8, 0xB619, 0xADB8, 0xF81F, 0xF81F, 0xF81F, 0xF81F,
  0xF81F, 0xF81F, 0xF81F, 0xF81F, 0xADB8, 0xB619, 0xADB8, 0xADD8, 0xADF8, 0xADB8,
  0xF81F, 0xF81F, 0xF81F, 0xF81F, 0xF81F, 0xF81F, 0xF81F, 0xF81F, 0xF81F, 0xF81F,
  0xF81F, 0xF81F, 0xF81F, 0xF81F, 0xF81F, 0xF81F, 0xF81F, 0xF81F, 0xF81F, 0xADB8,
  0xB619, 0xADD8, 0xADD8, 0xB619, 0xADD8, 0xF81F, 0xF81F, 0xF81F, 0xF81F, 0xF81F,
  0xF81F, 0xF81F, 0xF81F, 0xF81F, 0xF81F, 0xADD8, 0xB619, 0xADD8, 0xADD8, 0xB619,
  0xADB8, 0xF81F, 0xF81F, 0xF81F, 0xF81F, 0xF81F, 0xF81F, 0xF81F, 0xF81F, 0xF81F,
  0xF81F, 0xF81F, 0xF81F, 0xF81F, 0xF81F, 0xF81F, 0xF81F, 0xF81F, 0xF81F, 0xADD8,
  0xB619, 0xADB8, 0xADD8, 0xADD8, 0xADB8, 0xF81F, 0xF81F, 0xF81F, 0xF81F, 0xF81F,
  0xF81F, 0xF81F, 0xF81F, 0xF81F, 0xF81F, 0xADB8, 0xADD8, 0xADD8, 0xADB8, 0xB619,
  0xADD8, 0xF81F, 0xF81F, 0xF81F, 0xF81F, 0xF81F, 0xF81F, 0xF81F, 0xF81F, 0xF81F,
  0xF81F, 0xF81F, 0xF81F, 0xF81F, 0xF81F, 0xF81F, 0xF81F, 0xF81F, 0xF81F, 0xADD8,
  0xADD8, 0xADB8, 0xB619, 0xADB8, 0xF81F, 0xF81F, 0xF81F, 0xF81F, 0xF81F, 0xF81F,
  0xF81F, 0xF81F, 0xF81F, 0xF81F, 0xF81F, 0xF81F, 0xADB8, 0xB619, 0xADB8, 0xADD8,
  0xADD8, 0xF81F, 0xF81F, 0xF81F, 0xF81F, 0xF81F, 0xF81F, 0xF81F, 0xF81F, 0xF81F,
  0xF81F, 0xF81F, 0xF81F, 0xF81F, 0xF81F, 0xF81F, 0xF81F, 0xF81F, 0xADB8, 0xADD8,
  0xADD8, 0xADB8, 0xB619, 0xADD8, 0xF81F, 0xF81F, 0xF81F, 0xF81F, 0xF81F, 0xF81F,
  0xF81F, 0xF81F, 0xF81F, 0xF81F, 0xF81F, 0xF81F, 0xADD8, 0xB619, 0xADB8, 0xADD8,
  0xADD8, 0xADB8, 0xF81F, 0xF81F, 0xF81F, 0xF81F, 0xF81F, 0xF81F, 0xF81F, 0xF81F,
  0xF81F, 0xF81F, 0xF81F, 0xF81F, 0xF81F, 0xF81F, 0xF81F, 0xF81F, 0xAD98, 0xADD8,
  0xADD8, 0xADD8, 0xB63A, 0xADB8, 0xF81F, 0xF81F, 0xF81F, 0xF81F, 0xF81F, 0xF81F,
  0xF81F, 0xF81F, 0xF81F, 0xF81F, 0xF81F, 0xF81F, 0xADB8, 0xB63A, 0xADD8, 0xADD8,
  0xADD8, 0xAD98, 0xF81F, 0xF81F, 0xF81F, 0xF81F, 0xF81F, 0xF81F, 0xF81F, 0xF81F,
  0xF81F, 0xF81F, 0xF81F, 0xF81F, 0xF81F, 0xF81F, 0xF81F, 0xF81F, 0xAD76, 0xADD8,
  0xADD8, 0xADD7, 0xBE39, 0xADB7, 0xF81F, 0xF81F, 0xF81F, 0xF81F, 0xF81F, 0xF81F,
  0xF81F, 0xF81F, 0xF81F, 0xF81F, 0xF81F, 0xF81F, 0xADB7, 0xBE39, 0xADD7, 0xADD8,
  0xADD8, 0xAD76, 0xF81F, 0xF81F, 0xF81F, 0xF81F, 0xF81F, 0xF81F, 0xF81F, 0xF81F,
  0xF81F, 0xF81F, 0xF81F, 0xF81F, 0xF81F, 0xF81F, 0xF81F, 0xF81F, 0xF81F, 0xADD9,
  0xA5D9, 0xA5D9, 0xB63B, 0x9DDB, 0xF81F, 0xF81F, 0xF81F, 0xF81F, 0xF81F, 0xF81F,
  0xF81F, 0xF81F, 0xF81F, 0xF81F, 0xF81F, 0xF81F, 0x9DDB, 0xB63B, 0xA5D9, 0xA5D9,
  0xADD9, 0xF81F, 0xF81F, 0xF81F, 0xF81F, 0xF81F, 0xF81F, 0xF81F, 0xF81F, 0xF81F,
  0xF81F, 0xF81F, 0xF81F, 0xF81F, 0xF81F, 0xF81F, 0xF81F, 0xF81F, 0xD54E, 0xBDD4,
  0xBDB4, 0xBDB4, 0xC615, 0xD58F, 0xFD66, 0xFD47, 0xFD66, 0xFD66, 0xFD66, 0xFD66,
  0xFD66, 0xFD66, 0xFD66, 0xFD66, 0xFD47, 0xFD66, 0xD58F, 0xC615, 0xBDB4, 0xBDB4,
  0xBDD4, 0xD54E, 0xF81F, 0xF81F, 0xF81F, 0xF81F, 0xF81F, 0xF81F, 0xF81F, 0xF81F,
  0xF81F, 0xF81F, 0xF81F, 0xF81F, 0xF81F, 0xF81F, 0xF81F, 0xFD66, 0xFD66, 0xFD65,
  0xFD45, 0xFD65, 0xFD45, 0xFD86, 0xFDA6, 0xFDA6, 0xFDA6, 0xFDA6, 0xFDA6, 0xFDA6,
  0xFDA6, 0xFDA6, 0xFDA6, 0xFDA6, 0xFDA6, 0xFDA6, 0xFD86, 0xFD45, 0xFD65, 0xFD45,
  0xFD65, 0xFD66, 0xFD66, 0xF81F, 0xF81F, 0xF81F, 0xF81F, 0xF81F, 0xF81F, 0xF81F,
  0xF81F, 0xF81F, 0xF81F, 0xF81F, 0xF81F, 0xF81F, 0xFD66, 0xFDE7, 0xFD66, 0xFD66,
  0xFD66, 0xFD66, 0xFD66, 0xFD66, 0xFD66, 0xFD66, 0xFD66, 0xFD66, 0xFD66, 0xFD66,
  0xFD66, 0xFD66, 0xFD66, 0xFD66, 0xFD66, 0xFD66, 0xFD66, 0xFD66, 0xFD66, 0xFD66,
  0xFD66, 0xFD66, 0xFDE7, 0xFD66, 0xF81F, 0xF81F, 0xF81F, 0xF81F, 0xF81F, 0xF81F,
  0xF81F, 0xF81F, 0xF81F, 0xF81F, 0xF81F, 0xFD46, 0xFD66, 0xFD66, 0xFD46, 0xFD66,
  0xFD66, 0xFD66, 0xFD66, 0xFD66, 0xFD66, 0xFD66, 0xFD66, 0xFD66, 0xFD66, 0xFD66,
  0xFD66, 0xFD66, 0xFD66, 0xFD66, 0xFD66, 0xFD66, 0xFD66, 0xFD66, 0xFD66, 0xFD66,
  0xFD66, 0xFD46, 0xFD66, 0xFD66, 0xFD46, 0xF81F, 0xF81F, 0xF81F, 0xF81F, 0xF81F,
  0xF81F, 0xF81F, 0xF81F, 0xF81F, 0xF81F, 0xFD46, 0xFDC6, 0xFD66, 0xFD66, 0xFD66,
  0xFD66, 0xFD66, 0xFD66, 0xFD66, 0xFD66, 0xFD66, 0xFD66, 0xFD66, 0xFD66, 0xFD66,
  0xFD66, 0xFD66, 0xFD66, 0xFD66, 0xFD66, 0xFD66, 0xFD66, 0xFD66, 0xFD66, 0xFD66,
  0xFD66, 0xFD66, 0xFD66, 0xFDC6, 0xFD46, 0xF81F, 0xF81F, 0xF81F, 0xF81F, 0xF81F,
  0xF81F, 0xF81F, 0xF81F, 0xF81F, 0xF81F, 0xFD46, 0xFDC6, 0xFD66, 0xFD66, 0xFD66,
  0xFD66, 0xFD66, 0xFD66, 0xFD66, 0xFD66, 0xFD66, 0xFD66, 0xFD66, 0xFD66, 0xFD66,
  0xFD66, 0xFD66, 0xFD66, 0xFD66, 0xFD66, 0xFD66, 0xFD66, 0xFD66, 0xFD66, 0xFD66,
  0xFD66, 0xFD66, 0xFD66, 0xFDC6, 0xFD46, 0xF81F, 0xF81F, 0xF81F, 0xF81F, 0xF81F,
  0xF81F, 0xF81F, 0xF81F, 0xF81F, 0xF81F, 0xFD46, 0xFDC6, 0xFD66, 0xFD66, 0xFD66,
  0xFD66, 0xFD66, 0xFD66, 0xFD66, 0xFD66, 0xFD66, 0xFD66, 0xFD66, 0xFD66, 0xFD66,
  0xFD66, 0xFD66, 0xFD66, 0xFD66, 0xFD66, 0xFD66, 0xFD66, 0xFD66, 0xFD66, 0xFD66,
  0xFD66, 0xFD66, 0xFD66, 0xFDC6, 0xFD46, 0xF81F, 0xF81F, 0xF81F, 0xF81F, 0xF81F,
  0xF81F, 0xF81F, 0xF81F, 0xF81F, 0xF81F, 0xFD46, 0xFDC6, 0xFD66, 0xFD66, 0xFD66,
  0xFD66, 0xFD66, 0xFD66, 0xFD66, 0xFD66, 0xFD66, 0xFD66, 0xFD66, 0xFD66, 0xFD66,
  0xFD66, 0xFD66, 0xFD66, 0xFD66, 0xFD66, 0xFD66, 0xFD66, 0xFD66, 0xFD66, 0xFD66,
  0xFD66, 0xFD66, 0xFD66, 0xFDC6, 0xFD46, 0xF81F, 0xF81F, 0xF81F, 0xF81F, 0xF81F,
  0xF81F, 0xF81F, 0xF81F, 0xF81F, 0xF81F, 0xFD46, 0xFDC6, 0xFD66, 0xFD66, 0xFD66,
  0xFD66, 0xFD66, 0xFD66, 0xFD66, 0xFD66, 0xFD66, 0xFD66, 0xFD66, 0xFD66, 0xFD66,
  0xFD66, 0xFD66, 0xFD66, 0xFD66, 0xFD66, 0xFD66, 0xFD66, 0xFD66, 0xFD66, 0xFD66,
  0xFD66, 0xFD66, 0xFD66, 0xFDC6, 0xFD46, 0xF81F, 0xF81F, 0xF81F, 0xF81F, 0xF81F,
  0xF81F, 0xF81F, 0xF81F, 0xF81F, 0xF81F, 0xFD46, 0xFDC6, 0xFD66, 0xFD66, 0xFD66,
  0xFD66, 0xFD66, 0xFD66, 0xFD66, 0xFD66, 0xFD66, 0xFD66, 0xFD66, 0xFD66, 0xFD66,
  0xFD66, 0xFD66, 0xFD66, 0xFD66, 0xFD66, 0xFD66, 0xFD66, 0xFD66, 0xFD66, 0xFD66,
  0xFD66, 0xFD66, 0xFD66, 0xFDC6, 0xFD46, 0xF81F, 0xF81F, 0xF81F, 0xF81F, 0xF81F,
  0xF81F, 0xF81F, 0xF81F, 0xF81F, 0xF81F, 0xFD46, 0xFDC6, 0xFD66, 0xFD66, 0xFD66,
  0xFD66, 0xFD66, 0xFD66, 0xFD66, 0xFD66, 0xFD66, 0xFD66, 0xFD66, 0xFD66, 0xFD66,
  0xFD66, 0xFD66, 0xFD66, 0xFD66, 0xFD66, 0xFD66, 0xFD66, 0xFD66, 0xFD66, 0xFD66,
  0xFD66, 0xFD66, 0xFD66, 0xFDC6, 0xFD46, 0xF81F, 0xF81F, 0xF81F, 0xF81F, 0xF81F,
  0xF81F, 0xF81F, 0xF81F, 0xF81F, 0xF81F, 0xFD46, 0xFDC6, 0xFD66, 0xFD66, 0xFD66,
  0xFD66, 0xFD66, 0xFD66, 0xFD66, 0xFD66, 0xFD66, 0xFD66, 0xFD66, 0xFD66, 0xFD66,
  0xFD66, 0xFD66, 0xFD66, 0xFD66, 0xFD66, 0xFD66, 0xFD66, 0xFD66, 0xFD66, 0xFD66,
  0xFD66, 0xFD66, 0xFD66, 0xFDC6, 0xFD46, 0xF81F, 0xF81F, 0xF81F, 0xF81F, 0xF81F,
  0xF81F, 0xF81F, 0xF81F, 0xF81F, 0xF81F, 0xFD46, 0xFDC6, 0xFD66, 0xFD66, 0xFD66,
  0xFD66, 0xFD66, 0xFD66, 0xFD66, 0xFD66, 0xFD66, 0xFD66, 0xFD66, 0xFD66, 0xFD66,
  0xFD66, 0xFD66, 0xFD66, 0xFD66, 0xFD66, 0xFD66, 0xFD66, 0xFD66, 0xFD66, 0xFD66,
  0xFD66, 0xFD66, 0xFD66, 0xFDC6, 0xFD46, 0xF81F, 0xF81F, 0xF81F, 0xF81F, 0xF81F,
  0xF81F, 0xF81F, 0xF81F, 0xF81F, 0xF81F, 0xFD46, 0xFDC6, 0xFD66, 0xFD66, 0xFD66,
  0xFD66, 0xFD66, 0xFD66, 0xFD66, 0xFD66, 0xFD66, 0xFD66, 0xFD66, 0xFD66, 0xFD66,
  0xFD66, 0xFD66, 0xFD66, 0xFD66, 0xFD66, 0xFD66, 0xFD66, 0xFD66, 0xFD66, 0xFD66,
  0xFD66, 0xFD66, 0xFD66, 0xFDC6, 0xFD46, 0xF81F, 0xF81F, 0xF81F, 0xF81F, 0xF81F,
  0xF81F, 0xF81F, 0xF81F, 0xF81F, 0xF81F, 0xFD46, 0xFDC6, 0xFD66, 0xFD66, 0xFD66,
  0xFD66, 0xFD66, 0xFD66, 0xFD66, 0xFD66, 0xFD66, 0xFD66, 0xFD66, 0xFD66, 0xFD66,
  0xFD66, 0xFD66, 0xFD66, 0xFD66, 0xFD66, 0xFD66, 0xFD66, 0xFD66, 0xFD66, 0xFD66,
  0xFD66, 0xFD66, 0xFD66, 0xFDC6, 0xFD46, 0xF81F, 0xF81F, 0xF81F, 0xF81F, 0xF81F,
  0xF81F, 0xF81F, 0xF81F, 0xF81F, 0xF81F, 0xFD46, 0xFDC6, 0xFD66, 0xFD66, 0xFD66,
  0xFD66, 0xFD66, 0xFD66, 0xFD66, 0xFD66, 0xFD66, 0xFD66, 0xFD66, 0xFD66, 0xFD66,
  0xFD66, 0xFD66, 0xFD66, 0xFD66, 0xFD66, 0xFD66, 0xFD66, 0xFD66, 0xFD66, 0xFD66,
  0xFD66, 0xFD66, 0xFD66, 0xFDC6, 0xFD46, 0xF81F, 0xF81F, 0xF81F, 0xF81F, 0xF81F,
  0xF81F, 0xF81F, 0xF81F, 0xF81F, 0xF81F, 0xFD46, 0xFDC6, 0xFD66, 0xFD66, 0xFD66,
  0xFD66, 0xFD66, 0xFD66, 0xFD66, 0xFD66, 0xFD66, 0xFD66, 0xFD66, 0xFD66, 0xFD66,
  0xFD66, 0xFD66, 0xFD66, 0xFD66, 0xFD66, 0xFD66, 0xFD66, 0xFD66, 0xFD66, 0xFD66,
  0xFD66, 0xFD66, 0xFD66, 0xFDC6, 0xFD46, 0xF81F, 0xF81F, 0xF81F, 0xF81F, 0xF81F,
  0xF81F, 0xF81F, 0xF81F, 0xF81F, 0xF81F, 0xFD46, 0xFDC6, 0xFD66, 0xFD66, 0xFD66,
  0xFD66, 0xFD66, 0xFD66, 0xFD66, 0xFD66, 0xFD66, 0xFD66, 0xFD66, 0xFD66, 0xFD66,
  0xFD66, 0xFD66, 0xFD66, 0xFD66, 0xFD66, 0xFD66, 0xFD66, 0xFD66, 0xFD66, 0xFD66,
  0xFD66, 0xFD66, 0xFD66, 0xFDC6, 0xFD46, 0xF81F, 0xF81F, 0xF81F, 0xF81F, 0xF81F,
  0xF81F, 0xF81F, 0xF81F, 0xF81F, 0xF81F, 0xFD66, 0xFDC6, 0xFD66, 0xFD66, 0xFD66,
  0xFD66, 0xFD66, 0xFD66, 0xFD66, 0xFD66, 0xFD66, 0xFD66, 0xFD66, 0xFD66, 0xFD66,
  0xFD66, 0xFD66, 0xFD66, 0xFD66, 0xFD66, 0xFD66, 0xFD66, 0xFD66, 0xFD66, 0xFD66,
  0xFD66, 0xFD66, 0xFD66, 0xFDC6, 0xFD66, 0xF81F, 0xF81F, 0xF81F, 0xF81F, 0xF81F,
  0xF81F, 0xF81F, 0xF81F, 0xF81F, 0xF81F, 0xFD66, 0xFDC6, 0xFD66, 0xFD66, 0xFD66,
  0xFD66, 0xFD66, 0xFD66, 0xFD66, 0xFD66, 0xFD66, 0xFD66, 0xFD66, 0xFD66, 0xFD66,
  0xFD66, 0xFD66, 0xFD66, 0xFD66, 0xFD66, 0xFD66, 0xFD66, 0xFD66, 0xFD66, 0xFD66,
  0xFD66, 0xFD66, 0xFD66, 0xFDC6, 0xFD66, 0xF81F, 0xF81F, 0xF81F, 0xF81F, 0xF81F,
  0xF81F, 0xF81F, 0xF81F, 0xF81F, 0xF81F, 0xFD86, 0xFD66, 0xFD66, 0xFD46, 0xFD66,
  0xFD66, 0xFD66, 0xFD66, 0xFD66, 0xFD66, 0xFD66, 0xFD66, 0xFD66, 0xFD66, 0xFD66,
  0xFD66, 0xFD66, 0xFD66, 0xFD66, 0xFD66, 0xFD66, 0xFD66, 0xFD66, 0xFD66, 0xFD66,
  0xFD66, 0xFD46, 0xFD66, 0xFD66, 0xFD86, 0xF81F, 0xF81F, 0xF81F, 0xF81F, 0xF81F,
  0xF81F, 0xF81F, 0xF81F, 0xF81F, 0xF81F, 0xF81F, 0xFD66, 0xFDA6, 0xFD66, 0xFD46,
  0xFD66, 0xFD66, 0xFD66, 0xFD66, 0xFD66, 0xFD66, 0xFD66, 0xFD66, 0xFD66, 0xFD66,
  0xFD66, 0xFD66, 0xFD66, 0xFD66, 0xFD66, 0xFD66, 0xFD66, 0xFD66, 0xFD66, 0xFD66,
  0xFD46, 0xFD66, 0xFDA6, 0xFD66, 0xF81F, 0xF81F, 0xF81F, 0xF81F, 0xF81F, 0xF81F,
  0xF81F, 0xF81F, 0xF81F, 0xF81F, 0xF81F, 0xF81F, 0xF81F, 0xFD66, 0xFD86, 0xFD66,
  0xFD46, 0xFD66, 0xFD66, 0xFD66, 0xFD66, 0xFD66, 0xFD66, 0xFD66, 0xFD66, 0xFD66,
  0xFD66, 0xFD66, 0xFD66, 0xFD66, 0xFD66, 0xFD66, 0xFD66, 0xFD66, 0xFD66, 0xFD46,
  0xFD66, 0xFD86, 0xFD66, 0xF81F, 0xF81F, 0xF81F, 0xF81F, 0xF81F, 0xF81F, 0xF81F
};

static const uint16_t kEmoji_passkey[1600] PROGMEM = {
  0xF81F, 0xF81F, 0xF81F, 0xF81F, 0xF81F, 0xF81F, 0xF81F, 0xF81F, 0xF81F, 0xF81F,
  0xF81F, 0xF81F, 0xF81F, 0xF81F, 0xF81F, 0xF81F, 0xF81F, 0xF81F, 0xF81F, 0xF81F,
  0xF81F, 0xF81F, 0xF81F, 0xC329, 0xC349, 0xC349, 0xC349, 0xC349, 0xC349, 0xC349,
  0xC34A, 0xC349, 0xF81F, 0xF81F, 0xF81F, 0xF81F, 0xF81F, 0xF81F, 0xF81F, 0xF81F,
  0xF81F, 0xF81F, 0xF81F, 0xF81F, 0xF81F, 0xF81F, 0xF81F, 0xF81F, 0xF81F, 0xF81F,
  0xF81F, 0xF81F, 0xF81F, 0xF81F, 0xF81F, 0xF81F, 0xF81F, 0xF81F, 0xF81F, 0xF81F,
  0xF81F, 0xC349, 0xC34A, 0xC34A, 0xCB6A, 0xCB6A, 0xC34A, 0xC34A, 0xC34A, 0xC36A,
  0xCB6A, 0xC349, 0xC349, 0xC34A, 0xF81F, 0xF81F, 0xF81F, 0xF81F, 0xF81F, 0xF81F,
  0xF81F, 0xF81F, 0xF81F, 0xF81F, 0xF81F, 0xF81F, 0xF81F, 0xF81F, 0xF81F, 0xF81F,
  0xF81F, 0xF81F, 0xF81F, 0xF81F, 0xF81F, 0xF81F, 0xF81F, 0xF81F, 0xF81F, 0xF81F,
  0xC34A, 0xCB6A, 0xCB6A, 0xC349, 0xC349, 0xC349, 0xC349, 0xC349, 0xC349, 0xC349,
  0xC349, 0xC349, 0xCB6A, 0xCB8A, 0xC34A, 0xF81F, 0xF81F, 0xF81F, 0xF81F, 0xF81F,
  0xF81F, 0xF81F, 0xF81F, 0xF81F, 0xF81F, 0xF81F, 0xF81F, 0xF81F, 0xF81F, 0xF81F,
  0xF81F, 0xF81F, 0xF81F, 0xF81F, 0xF81F, 0xF81F, 0xF81F, 0xF81F, 0xF81F, 0xC34A,
  0xCB8A, 0xC349, 0xC349, 0xC349, 0xC349, 0xC349, 0xC349, 0xC349, 0xC349, 0xC349,
  0xC349, 0xC349, 0xC34A, 0xC349, 0xCB6A, 0xC349, 0xBB29, 0xF81F, 0xF81F, 0xF81F,
  0xF81F, 0xF81F, 0xF81F, 0xF81F, 0xF81F, 0xF81F, 0xF81F, 0xF81F, 0xF81F, 0xF81F,
  0xF81F, 0xF81F, 0xF81F, 0xF81F, 0xF81F, 0xF81F, 0xF81F, 0xF81F, 0xC349, 0xCB6A,
  0xC349, 0xC349, 0xC349, 0xC349, 0xC349, 0xC349, 0xC349, 0xC349, 0xC349, 0xC349,
  0xCB6A, 0xC349, 0xC349, 0xC34A, 0xC349, 0xCB6A, 0xC349, 0xF81F, 0xF81F, 0xF81F,
  0xF81F, 0xF81F, 0xF81F, 0xF81F, 0xF81F, 0xF81F, 0xF81F, 0xF81F, 0xF81F, 0xF81F,
  0xF81F, 0xF81F, 0xF81F, 0xF81F, 0xF81F, 0xF81F, 0xF81F, 0xBB49, 0xCB6A, 0xC349,
  0xC349, 0xC349, 0xC349, 0xC349, 0xC349, 0xC349, 0xC349, 0xC349, 0xC349, 0xCB6A,
  0xC349, 0xC349, 0xF81F, 0xC349, 0xC34A, 0xC34A, 0xCB6A, 0xC349, 0xF81F, 0xF81F,
  0xF81F, 0xF81F, 0xF81F, 0xF81F, 0xF81F, 0xF81F, 0xF81F, 0xF81F, 0xF81F, 0xF81F,
  0xF81F, 0xF81F, 0xF81F, 0xF81F, 0xF81F, 0xF81F, 0xC369, 0xC36A, 0xC349, 0xC349,
  0xC349, 0xC349, 0xC349, 0xC349, 0xC349, 0xC349, 0xC349, 0xC349, 0xC34A, 0xC349,
  0xF81F, 0xF81F, 0xF81F, 0xF81F, 0xBB29, 0xC349, 0xC349, 0xCB8A, 0xC349, 0xF81F,
  0xF81F, 0xF81F, 0xF81F, 0xF81F, 0xF81F, 0xF81F, 0xF81F, 0xF81F, 0xF81F, 0xF81F,
  0xF81F, 0xF81F, 0xF81F, 0xF81F, 0xF81F, 0xF81F, 0xC349, 0xCB6A, 0xC349, 0xC349,
  0xC349, 0xC349, 0xC349, 0xC349, 0xC349, 0xC349, 0xC349, 0xC349, 0xCB6A, 0xBB49,
  0xF81F, 0xF81F, 0xF81F, 0xF81F, 0xF81F, 0xBB49, 0xC34A, 0xC36A, 0xC349, 0xF81F,
  0xF81F, 0xF81F, 0xF81F, 0xF81F, 0xF81F, 0xF81F, 0xF81F, 0xF81F, 0xF81F, 0xF81F,
  0xF81F, 0xF81F, 0xF81F, 0xF81F, 0xF81F, 0xC349, 0xC349, 0xC34A, 0xC349, 0xC349,
  0xC349, 0xC349, 0xC349, 0xC349, 0xC349, 0xC349, 0xC349, 0xC349, 0xC34A, 0xC349,
  0xF81F, 0xF81F, 0xF81F, 0xF81F, 0xC32A, 0xC349, 0xC349, 0xC349, 0xC349, 0xC349,
  0xF81F, 0xF81F, 0xF81F, 0xF81F, 0xF81F, 0xF81F, 0xF81F, 0xF81F, 0xF81F, 0xF81F,
  0xF81F, 0xF81F, 0xF81F, 0xF81F, 0xF81F, 0xC329, 0xCB6A, 0xC349, 0xC349, 0xC349,
  0xC349, 0xC349, 0xC349, 0xC349, 0xC349, 0xC349, 0xC349, 0xC349, 0xC349, 0xCB6A,
  0xC34A, 0xF81F, 0xF81F, 0xF81F, 0xC349, 0xC36A, 0xC349, 0xC349, 0xCB6A, 0xC349,
  0xF81F, 0xF81F, 0xF81F, 0xF81F, 0xF81F, 0xF81F, 0xF81F, 0xF81F, 0xF81F, 0xF81F,
  0xF81F, 0xF81F, 0xF81F, 0xF81F, 0xF81F, 0xC349, 0xCB8A, 0xC349, 0xC349, 0xC349,
  0xC349, 0xC349, 0xC349, 0xC349, 0xC349, 0xC349, 0xC349, 0xC349, 0xC349, 0xC349,
  0xCB6A, 0xC349, 0xC349, 0xC349, 0xCB6A, 0xC349, 0xC349, 0xC349, 0xC36A, 0xC349,
  0xF81F, 0xF81F, 0xF81F, 0xF81F, 0xF81F, 0xF81F, 0xF81F, 0xF81F, 0xF81F, 0xF81F,
  0xF81F, 0xF81F, 0xF81F, 0xF81F, 0xF81F, 0xC349, 0xCB6A, 0xC349, 0xC349, 0xC349,
  0xC349, 0xC349, 0xC349, 0xC349, 0xC349, 0xC349, 0xC349, 0xC349, 0xC349, 0xC349,
  0xC349, 0xC36A, 0xCB6A, 0xC34A, 0xC349, 0xC349, 0xC349, 0xC349, 0xC34A, 0xC349,
  0xF81F, 0xF81F, 0xF81F, 0xF81F, 0xF81F, 0xF81F, 0xF81F, 0xF81F, 0xF81F, 0xF81F,
  0xF81F, 0xF81F, 0xF81F, 0xF81F, 0xF81F, 0xC329, 0xCB6A, 0xC349, 0xC349, 0xC349,
  0xC349, 0xC349, 0xC349, 0xC349, 0xC349, 0xC349, 0xC349, 0xC349, 0xC349, 0xC349,
  0xC349, 0xC349, 0xC349, 0xC349, 0xC349, 0xC349, 0xC349, 0xC349, 0xC34A, 0xC349,
  0xF81F, 0xF81F, 0xF81F, 0xF81F, 0xF81F, 0xF81F, 0xF81F, 0xF81F, 0xF81F, 0xF81F,
  0xF81F, 0xF81F, 0xF81F, 0xF81F, 0xF81F, 0xC349, 0xCB6A, 0xC349, 0xC349, 0xC349,
  0xC349, 0xC349, 0xC349, 0xC349, 0xC349, 0xC349, 0xC349, 0xC349, 0xC349, 0xC349,
  0xC349, 0xC349, 0xC349, 0xC349, 0xC349, 0xC349, 0xC349, 0xC349, 0xC34A, 0xC349,
  0xF81F, 0xF81F, 0xF81F, 0xF81F, 0xF81F, 0xF81F, 0xF81F, 0xF81F, 0xF81F, 0xF81F,
  0xF81F, 0xF81F, 0xF81F, 0xF81F, 0xF81F, 0xC349, 0xD38A, 0xC349, 0xC349, 0xC349,
  0xC349, 0xC349, 0xC349, 0xC349, 0xC349, 0xC349, 0xC349, 0xC349, 0xC349, 0xC349,
  0xC349, 0xC349, 0xC349, 0xC349, 0xC349, 0xC349, 0xC349, 0xC349, 0xC36A, 0xC349,
  0xF81F, 0xF81F, 0xF81F, 0xF81F, 0xF81F, 0xF81F, 0xF81F, 0xF81F, 0xF81F, 0xF81F,
  0xF81F, 0xF81F, 0xF81F, 0xF81F, 0xF81F, 0xBB29, 0xCB6A, 0xC349, 0xC349, 0xC349,
  0xC349, 0xC349, 0xC349, 0xC349, 0xC349, 0xC349, 0xC349, 0xC349, 0xC349, 0xC349,
  0xC349, 0xC349, 0xC349, 0xC349, 0xC349, 0xC349, 0xC349, 0xC349, 0xCB6A, 0xC349,
  0xF81F, 0xF81F, 0xF81F, 0xF81F, 0xF81F, 0xF81F, 0xF81F, 0xF81F, 0xF81F, 0xF81F,
  0xF81F, 0xF81F, 0xF81F, 0xF81F, 0xF81F, 0xC369, 0xC349, 0xC34A, 0xC349, 0xC349,
  0xC349, 0xC349, 0xC349, 0xC349, 0xC349, 0xC349, 0xC349, 0xC349, 0xC349, 0xC349,
  0xC349, 0xC349, 0xC349, 0xC349, 0xC349, 0xC349, 0xC349, 0xC349, 0xC349, 0xC34A,
  0xF81F, 0xF81F, 0xF81F, 0xF81F, 0xF81F, 0xF81F, 0xF81F, 0xF81F, 0xF81F, 0xF81F,
  0xF81F, 0xF81F, 0xF81F, 0xF81F, 0xF81F, 0xF81F, 0xBB49, 0xCB6A, 0xC349, 0xC349,
  0xC349, 0xC349, 0xC349, 0xC349, 0xC349, 0xC349, 0xC349, 0xC349, 0xC349, 0xC349,
  0xC349, 0xC349, 0xC349, 0xC349, 0xC349, 0xC349, 0xC349, 0xCB6A, 0xC349, 0xF81F,
  0xF81F, 0xF81F, 0xF81F, 0xF81F, 0xF81F, 0xF81F, 0xF81F, 0xF81F, 0xF81F, 0xF81F,
  0xF81F, 0xF81F, 0xF81F, 0xF81F, 0xF81F, 0xBB29, 0xCB6A, 0xC349, 0xC349, 0xC349,
  0xC349, 0xC349, 0xC349, 0xC349, 0xC349, 0xC349, 0xC349, 0xC349, 0xC349, 0xC349,
  0xC349, 0xC349, 0xC349, 0xC349, 0xC349, 0xC349, 0xC349, 0xCB6A, 0xBB49, 0xF81F,
  0xF81F, 0xF81F, 0xF81F, 0xF81F, 0xF81F, 0xF81F, 0xF81F, 0xF81F, 0xF81F, 0xF81F,
  0xF81F, 0xF81F, 0xF81F, 0xF81F, 0xBB29, 0xCB6A, 0xC34A, 0xC349, 0xC349, 0xC349,
  0xC349, 0xC349, 0xC349, 0xC349, 0xC349, 0xC349, 0xC349, 0xC349, 0xC349, 0xC349,
  0xC349, 0xC349, 0xC349, 0xC349, 0xC349, 0xC349, 0xCB8A, 0xC349, 0xF81F, 0xF81F,
  0xF81F, 0xF81F, 0xF81F, 0xF81F, 0xF81F, 0xF81F, 0xF81F, 0xF81F, 0xF81F, 0xF81F,
  0xF81F, 0xF81F, 0xF81F, 0xC349, 0xCB6A, 0xC349, 0xC349, 0xC349, 0xC349, 0xC349,
  0xC349, 0xC349, 0xC349, 0xC349, 0xC349, 0xC349, 0xC349, 0xC349, 0xC349, 0xC349,
  0xC349, 0xC349, 0xC349, 0xC349, 0xC349, 0xCB6A, 0xC349, 0xF81F, 0xF81F, 0xF81F,
  0xF81F, 0xF81F, 0xF81F, 0xF81F, 0xF81F, 0xF81F, 0xF81F, 0xF81F, 0xF81F, 0xF81F,
  0xF81F, 0xF81F, 0xBB49, 0xCB6A, 0xC349, 0xC349, 0xC349, 0xC349, 0xC349, 0xC349,
  0xC349, 0xC349, 0xC349, 0xC349, 0xC349, 0xC349, 0xC349, 0xC349, 0xC349, 0xC349,
  0xC349, 0xC349, 0xC349, 0xC349, 0xCB8A, 0xC349, 0xF81F, 0xF81F, 0xF81F, 0xF81F,
  0xF81F, 0xF81F, 0xF81F, 0xF81F, 0xF81F, 0xF81F, 0xF81F, 0xF81F, 0xF81F, 0xF81F,
  0xF81F, 0xC349, 0xCB6A, 0xC349, 0xC349, 0xC349, 0xC349, 0xC349, 0xC349, 0xC349,
  0xC349, 0xC349, 0xCB6A, 0xC34A, 0xC349, 0xC349, 0xC349, 0xC349, 0xC349, 0xC349,
  0xC349, 0xC349, 0xCB6A, 0xC36A, 0xC34A, 0xF81F, 0xF81F, 0xF81F, 0xF81F, 0xF81F,
  0xF81F, 0xF81F, 0xF81F, 0xF81F, 0xF81F, 0xF81F, 0xF81F, 0xF81F, 0xF81F, 0xF81F,
  0xF81F, 0xC349, 0xCB6A, 0xC349, 0xC349, 0xC349, 0xC349, 0xC349, 0xC349, 0xC349,
  0xC34A, 0xC349, 0xC349, 0xC349, 0xCB6A, 0xCB8A, 0xCB6A, 0xCB6A, 0xCB6A, 0xCB8A,
  0xCB8A, 0xC349, 0xC34A, 0xC349, 0xF81F, 0xF81F, 0xF81F, 0xF81F, 0xF81F, 0xF81F,
  0xF81F, 0xF81F, 0xF81F, 0xF81F, 0xF81F, 0xF81F, 0xF81F, 0xF81F, 0xF81F, 0xF81F,
  0xF81F, 0xC349, 0xCB6A, 0xC349, 0xC349, 0xC349, 0xC349, 0xC349, 0xC349, 0xC349,
  0xCB6A, 0xC349, 0xF81F, 0xC329, 0xBB49, 0xC34A, 0xC34A, 0xC349, 0xC34A, 0xC34A,
  0xC349, 0xC34A, 0xF81F, 0xF81F, 0xF81F, 0xF81F, 0xF81F, 0xF81F, 0xF81F, 0xF81F,
  0xF81F, 0xF81F, 0xF81F, 0xF81F, 0xF81F, 0xF81F, 0xF81F, 0xF81F, 0xF81F, 0xF81F,
  0xC349, 0xC34A, 0xC349, 0xC349, 0xC349, 0xC349, 0xC349, 0xC349, 0xC349, 0xCB6A,
  0xBB29, 0xF81F, 0xF81F, 0xF81F, 0xF81F, 0xF81F, 0xF81F, 0xF81F, 0xF81F, 0xF81F,
  0xF81F, 0xF81F, 0xF81F, 0xF81F, 0xF81F, 0xF81F, 0xF81F, 0xF81F, 0xF81F, 0xF81F,
  0xF81F, 0xF81F, 0xF81F, 0xF81F, 0xF81F, 0xF81F, 0xF81F, 0xBB29, 0xC36A, 0xC349,
  0xC36A, 0xC34A, 0xC349, 0xC349, 0xC349, 0xC349, 0xC349, 0xC349, 0xCB6A, 0xBB49,
  0xF81F, 0xF81F, 0xF81F, 0xF81F, 0xF81F, 0xF81F, 0xF81F, 0xF81F, 0xF81F, 0xF81F,
  0xF81F, 0xF81F, 0xF81F, 0xF81F, 0xF81F, 0xF81F, 0xF81F, 0xF81F, 0xF81F, 0xF81F,
  0xF81F, 0xF81F, 0xF81F, 0xF81F, 0xF81F, 0xF81F, 0xBB49, 0xCB6A, 0xCB8A, 0xCB6A,
  0xC349, 0xC349, 0xC349, 0xC349, 0xC349, 0xC349, 0xC349, 0xCB6A, 0xBB49, 0xF81F,
  0xF81F, 0xF81F, 0xF81F, 0xF81F, 0xF81F, 0xF81F, 0xF81F, 0xF81F, 0xF81F, 0xF81F,
  0xF81F, 0xF81F, 0xF81F, 0xF81F, 0xF81F, 0xF81F, 0xF81F, 0xF81F, 0xF81F, 0xF81F,
  0xF81F, 0xF81F, 0xF81F, 0xF81F, 0xF81F, 0xBB4A, 0xCB6A, 0xC349, 0xC349, 0xC349,
  0xC349, 0xC349, 0xC349, 0xC349, 0xC349, 0xC349, 0xCB6A, 0xBB49, 0xF81F, 0xF81F,
  0xF81F, 0xF81F, 0xF81F, 0xF81F, 0xF81F, 0xF81F, 0xF81F, 0xF81F, 0xF81F, 0xF81F,
  0xF81F, 0xF81F, 0xF81F, 0xF81F, 0xF81F, 0xF81F, 0xF81F, 0xF81F, 0xF81F, 0xF81F,
  0xF81F, 0xF81F, 0xF81F, 0xF81F, 0xF81F, 0xC349, 0xC34A, 0xC349, 0xC349, 0xC349,
  0xC349, 0xC349, 0xC349, 0xC349, 0xC349, 0xCB6A, 0xC349, 0xF81F, 0xF81F, 0xF81F,
  0xF81F, 0xF81F, 0xF81F, 0xF81F, 0xF81F, 0xF81F, 0xF81F, 0xF81F, 0xF81F, 0xF81F,
  0xF81F, 0xF81F, 0xF81F, 0xF81F, 0xF81F, 0xF81F, 0xF81F, 0xF81F, 0xF81F, 0xF81F,
  0xF81F, 0xF81F, 0xF81F, 0xF81F, 0xF81F, 0xC349, 0xC36A, 0xC349, 0xC349, 0xC349,
  0xC349, 0xC349, 0xC349, 0xC349, 0xCB6A, 0xBB29, 0xF81F, 0xF81F, 0xF81F, 0xF81F,
  0xF81F, 0xF81F, 0xF81F, 0xF81F, 0xF81F, 0xF81F, 0xF81F, 0xF81F, 0xF81F, 0xF81F,
  0xF81F, 0xF81F, 0xF81F, 0xF81F, 0xF81F, 0xF81F, 0xF81F, 0xF81F, 0xF81F, 0xF81F,
  0xF81F, 0xF81F, 0xBB29, 0xC34A, 0xBB49, 0xC349, 0xC34A, 0xC349, 0xC349, 0xC349,
  0xC349, 0xC349, 0xC349, 0xCB6A, 0xBB49, 0xF81F, 0xF81F, 0xF81F, 0xF81F, 0xF81F,
  0xF81F, 0xF81F, 0xF81F, 0xF81F, 0xF81F, 0xF81F, 0xF81F, 0xF81F, 0xF81F, 0xF81F,
  0xF81F, 0xF81F, 0xF81F, 0xF81F, 0xF81F, 0xF81F, 0xF81F, 0xF81F, 0xF81F, 0xF81F,
  0xF81F, 0xBB49, 0xCB6A, 0xCB6A, 0xCB6A, 0xC34A, 0xC349, 0xC349, 0xC349, 0xC349,
  0xC349, 0xC349, 0xCB6A, 0xBB49, 0xF81F, 0xF81F, 0xF81F, 0xF81F, 0xF81F, 0xF81F,
  0xF81F, 0xF81F, 0xF81F, 0xF81F, 0xF81F, 0xF81F, 0xF81F, 0xF81F, 0xF81F, 0xF81F,
  0xF81F, 0xF81F, 0xF81F, 0xF81F, 0xF81F, 0xF81F, 0xF81F, 0xF81F, 0xF81F, 0xF81F,
  0xF81F, 0xC349, 0xCB6A, 0xC349, 0xC349, 0xC349, 0xC349, 0xC349, 0xC349, 0xC349,
  0xC349, 0xCB6A, 0xBB49, 0xF81F, 0xF81F, 0xF81F, 0xF81F, 0xF81F, 0xF81F, 0xF81F,
  0xF81F, 0xF81F, 0xF81F, 0xF81F, 0xF81F, 0xF81F, 0xF81F, 0xF81F, 0xF81F, 0xF81F,
  0xF81F, 0xF81F, 0xF81F, 0xF81F, 0xF81F, 0xF81F, 0xF81F, 0xF81F, 0xF81F, 0xF81F,
  0xF81F, 0xC349, 0xCB6A, 0xC349, 0xC349, 0xC349, 0xC349, 0xC349, 0xC349, 0xC349,
  0xCB6A, 0xC349, 0xF81F, 0xF81F, 0xF81F, 0xF81F, 0xF81F, 0xF81F, 0xF81F, 0xF81F,
  0xF81F, 0xF81F, 0xF81F, 0xF81F, 0xF81F, 0xF81F, 0xF81F, 0xF81F, 0xF81F, 0xF81F,
  0xF81F, 0xF81F, 0xF81F, 0xF81F, 0xF81F, 0xF81F, 0xF81F, 0xF81F, 0xF81F, 0xF81F,
  0xF81F, 0xC349, 0xCB6A, 0xC349, 0xC349, 0xC349, 0xC349, 0xC349, 0xC349, 0xCB6A,
  0xBB29, 0xF81F, 0xF81F, 0xF81F, 0xF81F, 0xF81F, 0xF81F, 0xF81F, 0xF81F, 0xF81F,
  0xF81F, 0xF81F, 0xF81F, 0xF81F, 0xF81F, 0xF81F, 0xF81F, 0xF81F, 0xF81F, 0xF81F,
  0xF81F, 0xF81F, 0xF81F, 0xF81F, 0xF81F, 0xF81F, 0xF81F, 0xF81F, 0xF81F, 0xF81F,
  0xF81F, 0xC349, 0xC34A, 0xC349, 0xC349, 0xC349, 0xC349, 0xC349, 0xCB6A, 0xBB49,
  0xF81F, 0xF81F, 0xF81F, 0xF81F, 0xF81F, 0xF81F, 0xF81F, 0xF81F, 0xF81F, 0xF81F,
  0xF81F, 0xF81F, 0xF81F, 0xF81F, 0xF81F, 0xF81F, 0xF81F, 0xF81F, 0xF81F, 0xF81F,
  0xF81F, 0xF81F, 0xF81F, 0xF81F, 0xF81F, 0xF81F, 0xF81F, 0xF81F, 0xF81F, 0xF81F,
  0xF81F, 0xC349, 0xCB6A, 0xC349, 0xC349, 0xC349, 0xC349, 0xCB6A, 0xBB49, 0xF81F,
  0xF81F, 0xF81F, 0xF81F, 0xF81F, 0xF81F, 0xF81F, 0xF81F, 0xF81F, 0xF81F, 0xF81F,
  0xF81F, 0xF81F, 0xF81F, 0xF81F, 0xF81F, 0xF81F, 0xF81F, 0xF81F, 0xF81F, 0xF81F,
  0xF81F, 0xF81F, 0xF81F, 0xF81F, 0xF81F, 0xF81F, 0xF81F, 0xF81F, 0xF81F, 0xF81F,
  0xF81F, 0xC349, 0xCB6A, 0xC34A, 0xC349, 0xC34A, 0xC36A, 0xBB49, 0xF81F, 0xF81F,
  0xF81F, 0xF81F, 0xF81F, 0xF81F, 0xF81F, 0xF81F, 0xF81F, 0xF81F, 0xF81F, 0xF81F,
  0xF81F, 0xF81F, 0xF81F, 0xF81F, 0xF81F, 0xF81F, 0xF81F, 0xF81F, 0xF81F, 0xF81F,
  0xF81F, 0xF81F, 0xF81F, 0xF81F, 0xF81F, 0xF81F, 0xF81F, 0xF81F, 0xF81F, 0xF81F,
  0xF81F, 0xF81F, 0xC349, 0xC34A, 0xC34A, 0xC36A, 0xBB49, 0xF81F, 0xF81F, 0xF81F,
  0xF81F, 0xF81F, 0xF81F, 0xF81F, 0xF81F, 0xF81F, 0xF81F, 0xF81F, 0xF81F, 0xF81F,
  0xF81F, 0xF81F, 0xF81F, 0xF81F, 0xF81F, 0xF81F, 0xF81F, 0xF81F, 0xF81F, 0xF81F,
  0xF81F, 0xF81F, 0xF81F, 0xF81F, 0xF81F, 0xF81F, 0xF81F, 0xF81F, 0xF81F, 0xF81F
};

static const uint16_t kEmoji_shield[1600] PROGMEM = {
  0xF81F, 0xF81F, 0xF81F, 0xF81F, 0xF81F, 0xF81F, 0xF81F, 0xF81F, 0xF81F, 0xF81F,
  0xF81F, 0xCEBB, 0xCE9B, 0xCEBB, 0xCEBB, 0xCEBB, 0xCEBB, 0xCEBB, 0xCEBB, 0xCEBB,
  0xCEBB, 0xCEBB, 0xCEBB, 0xCEBB, 0xCEBB, 0xCEBB, 0xCEBB, 0xC69B, 0xCEBB, 0xF81F,
  0xF81F, 0xF81F, 0xF81F, 0xF81F, 0xF81F, 0xF81F, 0xF81F, 0xF81F, 0xF81F, 0xF81F,
  0xF81F, 0xF81F, 0xF81F, 0xF81F, 0xF81F, 0xF81F, 0xF81F, 0xCEBC, 0xCEBB, 0xCEBB,
  0xCEBB, 0xCEBB, 0xDEFC, 0xDF3D, 0xDF1C, 0xDEFC, 0xD6FC, 0xD6DB, 0xD6DB, 0xD6DB,
  0xD6DC, 0xD6FC, 0xD6FC, 0xDEFC, 0xDF1C, 0xDF3D, 0xE75D, 0xDF1C, 0xCEBB, 0xCEBB,
  0xCEBB, 0xCEBB, 0xCEBB, 0xF81F, 0xF81F, 0xF81F, 0xF81F, 0xF81F, 0xF81F, 0xF81F,
  0xF81F, 0xF81F, 0xF81F, 0xF81F, 0xCEBB, 0xCEBB, 0xCEBB, 0xD6FC, 0xDF3D, 0xDF1C,
  0xDEFC, 0xCEBC, 0xBE7B, 0xAE5C, 0x9E3C, 0x8DFC, 0x85DC, 0x75BD, 0x6DBD, 0x6D9C,
  0x4C15, 0x43F4, 0x4C15, 0x6476, 0x74D7, 0x8558, 0xA5D9, 0xB63A, 0xC69B, 0xDF1C,
  0xE73D, 0xE75D, 0xD6FC, 0xCEBB, 0xCEBB, 0xCEBB, 0xF81F, 0xF81F, 0xF81F, 0xF81F,
  0xF81F, 0xF81F, 0xF81F, 0xCEBB, 0xDF1D, 0xDF1C, 0xDF1C, 0xC69B, 0xB67C, 0x961C,
  0x75DD, 0x6D9D, 0x5D7D, 0x4D5D, 0x4D5D, 0x4D5D, 0x4D5D, 0x4D5D, 0x555E, 0x4D3D,
  0x1B33, 0x1AF2, 0x1B12, 0x1B12, 0x1B12, 0x1B12, 0x1B12, 0x2B53, 0x3BD4, 0x5455,
  0x7CF7, 0xA5F9, 0xC69B, 0xDF3D, 0xDF3D, 0xDF1D, 0xCEBB, 0xF81F, 0xF81F, 0xF81F,
  0xF81F, 0xF81F, 0xF81F, 0xCEBB, 0xD6DC, 0xB67C, 0x85FC, 0x659D, 0x555D, 0x4D5D,
  0x4D5D, 0x555D, 0x557D, 0x557D, 0x557D, 0x557D, 0x557D, 0x557D, 0x557D, 0x555D,
  0x2353, 0x2333, 0x2333, 0x2333, 0x2333, 0x2333, 0x2333, 0x2333, 0x1B12, 0x1AF2,
  0x1B12, 0x1B32, 0x3BB4, 0x6CB6, 0xA5D9, 0xD6FC, 0xCEBB, 0xF81F, 0xF81F, 0xF81F,
  0xF81F, 0xF81F, 0xC69B, 0xD6DC, 0xCEBB, 0x659D, 0x4D5E, 0x555D, 0x557D, 0x557D,
  0x557D, 0x557D, 0x557D, 0x557D, 0x557D, 0x557D, 0x557D, 0x557D, 0x557D, 0x555D,
  0x2353, 0x2333, 0x2333, 0x2333, 0x2333, 0x2333, 0x2333, 0x2333, 0x2333, 0x2353,
  0x2333, 0x2333, 0x1B12, 0x12D2, 0x3394, 0xCEBB, 0xD6DC, 0xC69B, 0xF81F, 0xF81F,
  0xF81F, 0xF81F, 0xCEBB, 0xDF3D, 0xBE9B, 0x5D7D, 0x557D, 0x557D, 0x557D, 0x557D,
  0x557D, 0x557D, 0x557D, 0x557D, 0x557D, 0x557D, 0x557D, 0x557D, 0x557D, 0x555D,
  0x2353, 0x2333, 0x2333, 0x2333, 0x2333, 0x2333, 0x2333, 0x2333, 0x2333, 0x2333,
  0x2333, 0x2333, 0x2333, 0x2333, 0x2B53, 0xBE5A, 0xDF3D, 0xCEBB, 0xF81F, 0xF81F,
  0xF81F, 0xF81F, 0xCEBB, 0xDF1C, 0xAE5C, 0x557D, 0x557D, 0x557D, 0x557D, 0x557D,
  0x557D, 0x557D, 0x557D, 0x557D, 0x557D, 0x557D, 0x557D, 0x557D, 0x557D, 0x555D,
  0x2353, 0x2333, 0x2333, 0x2333, 0x2333, 0x2333, 0x2333, 0x2333, 0x2333, 0x2333,
  0x2333, 0x2333, 0x2333, 0x2333, 0x2333, 0xA5D9, 0xDF3D, 0xCEBB, 0xF81F, 0xF81F,
  0xF81F, 0xF81F, 0xCEBB, 0xDF1C, 0xA63C, 0x555D, 0x557D, 0x557D, 0x557D, 0x557D,
  0x557D, 0x557D, 0x557D, 0x557D, 0x557D, 0x557D, 0x557D, 0x557D, 0x557D, 0x555D,
  0x2353, 0x2333, 0x2333, 0x2333, 0x2333, 0x2333, 0x2333, 0x2333, 0x2333, 0x2333,
  0x2333, 0x2333, 0x2333, 0x2333, 0x1B12, 0x8D78, 0xE75D, 0xC69B, 0xF81F, 0xF81F,
  0xF81F, 0xF81F, 0xCEBB, 0xDF3C, 0x963C, 0x4D5D, 0x557D, 0x557D, 0x557D, 0x557D,
  0x557D, 0x557D, 0x557D, 0x557D, 0x557D, 0x557D, 0x557D, 0x557D, 0x557D, 0x555D,
  0x2353, 0x2333, 0x2333, 0x2333, 0x2333, 0x2333, 0x2333, 0x2333, 0x2333, 0x2333,
  0x2333, 0x2333, 0x2333, 0x2333, 0x1B12, 0x8517, 0xE75D, 0xCE9B, 0xF81F, 0xF81F,
  0xF81F, 0xF81F, 0xCEBB, 0xE73C, 0x8DFC, 0x4D5D, 0x557D, 0x557D, 0x557D, 0x557D,
  0x557D, 0x557D, 0x557D, 0x557D, 0x557D, 0x557D, 0x557D, 0x557D, 0x557D, 0x555D,
  0x2353, 0x2333, 0x2333, 0x2333, 0x2333, 0x2333, 0x2333, 0x2333, 0x2333, 0x2333,
  0x2333, 0x2333, 0x2333, 0x2353, 0x12F2, 0x6CB7, 0xE75D, 0xCEBB, 0xF81F, 0xF81F,
  0xF81F, 0xF81F, 0xCEBB, 0xE73C, 0x85FC, 0x4D5D, 0x557D, 0x557D, 0x557D, 0x557D,
  0x557D, 0x557D, 0x557D, 0x557D, 0x557D, 0x557D, 0x557D, 0x557D, 0x557D, 0x555D,
  0x2353, 0x2333, 0x2333, 0x2333, 0x2333, 0x2333, 0x2333, 0x2333, 0x2333, 0x2333,
  0x2333, 0x2333, 0x2333, 0x2353, 0x12F2, 0x6CB6, 0xE75D, 0xCEBB, 0xF81F, 0xF81F,
  0xF81F, 0xF81F, 0xCEBB, 0xDEFC, 0x7DDC, 0x4D5D, 0x557D, 0x557D, 0x557D, 0x557D,
  0x557D, 0x557D, 0x557D, 0x557D, 0x557D, 0x557D, 0x557D, 0x557D, 0x557D, 0x555D,
  0x2353, 0x2333, 0x2333, 0x2333, 0x2333, 0x2333, 0x2333, 0x2333, 0x2333, 0x2333,
  0x2333, 0x2333, 0x2333, 0x2353, 0x1AF2, 0x5C55, 0xDF1C, 0xCEBB, 0xF81F, 0xF81F,
  0xF81F, 0xF81F, 0xCEBB, 0xD6FC, 0x7DDC, 0x4D5D, 0x557D, 0x557D, 0x557D, 0x557D,
  0x557D, 0x557D, 0x557D, 0x557D, 0x557D, 0x557D, 0x557D, 0x557D, 0x557D, 0x555D,
  0x2353, 0x2333, 0x2333, 0x2333, 0x2333, 0x2333, 0x2333, 0x2333, 0x2333, 0x2333,
  0x2333, 0x2333, 0x2333, 0x2353, 0x1AF2, 0x5C55, 0xDF1C, 0xCEBB, 0xF81F, 0xF81F,
  0xF81F, 0xF81F, 0xCEBB, 0xD6FC, 0x7DDC, 0x4D5D, 0x557D, 0x557D, 0x557D, 0x557D,
  0x557D, 0x557D, 0x557D, 0x557D, 0x557D, 0x557D, 0x557D, 0x557D, 0x557D, 0x555D,
  0x2353, 0x2333, 0x2333, 0x2333, 0x2333, 0x2333, 0x2333, 0x2333, 0x2333, 0x2333,
  0x2333, 0x2333, 0x2333, 0x2353, 0x1AF2, 0x5C55, 0xDF1C, 0xCEBB, 0xF81F, 0xF81F,
  0xF81F, 0xF81F, 0xCEBB, 0xD6FC, 0x7DDC, 0x4D5D, 0x557D, 0x557D, 0x557D, 0x557D,
  0x557D, 0x557D, 0x557D, 0x557D, 0x557D, 0x557D, 0x557D, 0x557D, 0x557D, 0x555D,
  0x2353, 0x2333, 0x2333, 0x2333, 0x2333, 0x2333, 0x2333, 0x2333, 0x2333, 0x2333,
  0x2333, 0x2333, 0x2333, 0x2353, 0x1AF2, 0x5455, 0xDF1C, 0xCEBB, 0xF81F, 0xF81F,
  0xF81F, 0xF81F, 0xCEBB, 0xDF1C, 0x85FC, 0x4D5D, 0x557D, 0x557D, 0x557D, 0x557D,
  0x557D, 0x557D, 0x557D, 0x557D, 0x557D, 0x557D, 0x557D, 0x557D, 0x557D, 0x555D,
  0x2353, 0x2333, 0x2333, 0x2333, 0x2333, 0x2333, 0x2333, 0x2333, 0x2333, 0x2333,
  0x2333, 0x2333, 0x2333, 0x2353, 0x12F2, 0x6496, 0xE73D, 0xCEBB, 0xF81F, 0xF81F,
  0xF81F, 0xF81F, 0xCEBB, 0xE73C, 0x8DFC, 0x4D5D, 0x557D, 0x557D, 0x557D, 0x557D,
  0x557D, 0x557D, 0x557D, 0x557D, 0x557D, 0x557D, 0x557D, 0x557D, 0x557D, 0x555D,
  0x2353, 0x2333, 0x2333, 0x2333, 0x2333, 0x2333, 0x2333, 0x2333, 0x2333, 0x2333,
  0x2333, 0x2333, 0x2333, 0x2353, 0x12F2, 0x6CD7, 0xE75D, 0xC69B, 0xF81F, 0xF81F,
  0xF81F, 0xF81F, 0xCEBB, 0xDF3C, 0x961C, 0x4D5D, 0x557D, 0x557D, 0x557D, 0x557D,
  0x557D, 0x557D, 0x557D, 0x557D, 0x557D, 0x557D, 0x557D, 0x557D, 0x557D, 0x555D,
  0x2353, 0x2333, 0x2333, 0x2333, 0x2333, 0x2333, 0x2333, 0x2333, 0x2333, 0x2333,
  0x2333, 0x2333, 0x2333, 0x2333, 0x1B12, 0x7D17, 0xE75D, 0xCEBB, 0xF81F, 0xF81F,
  0xF81F, 0xF81F, 0xCEBB, 0xDF1C, 0xA65C, 0x555D, 0x557D, 0x557D, 0x557D, 0x557D,
  0x557D, 0x557D, 0x557D, 0x557D, 0x557D, 0x557D, 0x557D, 0x557D, 0x557D, 0x555D,
  0x2353, 0x2333, 0x2333, 0x2333, 0x2333, 0x2333, 0x2333, 0x2333, 0x2333, 0x2333,
  0x2333, 0x2333, 0x2333, 0x2333, 0x1B13, 0x9598, 0xDF3D, 0xC69B, 0xF81F, 0xF81F,
  0xF81F, 0xF81F, 0xCEBB, 0xDF3D, 0xB67B, 0x557D, 0x557D, 0x557D, 0x557D, 0x557D,
  0x557D, 0x557D, 0x557D, 0x557D, 0x557D, 0x557D, 0x557D, 0x557D, 0x557D, 0x555D,
  0x2353, 0x2333, 0x2333, 0x2333, 0x2333, 0x2333, 0x2333, 0x2333, 0x2333, 0x2333,
  0x2333, 0x2333, 0x2333, 0x2333, 0x2353, 0xAE1A, 0xDF3D, 0xCEBB, 0xF81F, 0xF81F,
  0xF81F, 0xF81F, 0xC67B, 0xD6FC, 0xCEBB, 0x659D, 0x555D, 0x557D, 0x557D, 0x557D,
  0x557D, 0x557D, 0x557D, 0x557D, 0x557D, 0x557D, 0x557D, 0x557D, 0x557D, 0x555D,
  0x2353, 0x2333, 0x2333, 0x2333, 0x2333, 0x2333, 0x2333, 0x2333, 0x2333, 0x2333,
  0x2333, 0x2333, 0x2333, 0x1B33, 0x3394, 0xC69B, 0xD6FC, 0xCE7B, 0xF81F, 0xF81F,
  0xF81F, 0xF81F, 0xF81F, 0xCEBB, 0xD6FC, 0x7DDD, 0x4D5D, 0x557D, 0x557D, 0x557D,
  0x557D, 0x557D, 0x557D, 0x557D, 0x557D, 0x557D, 0x557D, 0x557D, 0x557D, 0x555D,
  0x2353, 0x2333, 0x2333, 0x2333, 0x2333, 0x2333, 0x2333, 0x2333, 0x2333, 0x2333,
  0x2333, 0x2333, 0x2333, 0x1AF2, 0x5C76, 0xD6FC, 0xCEBB, 0xF81F, 0xF81F, 0xF81F,
  0xF81F, 0xF81F, 0xF81F, 0xCEBB, 0xE73D, 0x9E3C, 0x4D5D, 0x557D, 0x557D, 0x557D,
  0x557D, 0x557D, 0x557D, 0x557D, 0x557D, 0x557D, 0x557D, 0x557D, 0x557D, 0x555D,
  0x2353, 0x2333, 0x2333, 0x2333, 0x2333, 0x2333, 0x2333, 0x2333, 0x2333, 0x2333,
  0x2333, 0x2333, 0x2333, 0x1B12, 0x8D58, 0xE75D, 0xCE9B, 0xF81F, 0xF81F, 0xF81F,
  0xF81F, 0xF81F, 0xF81F, 0xCEBB, 0xDF1C, 0xBE9B, 0x5D7D, 0x555D, 0x557D, 0x557D,
  0x557D, 0x557D, 0x557D, 0x557D, 0x557D, 0x557D, 0x557D, 0x557D, 0x557D, 0x555D,
  0x2353, 0x2333, 0x2333, 0x2333, 0x2333, 0x2333, 0x2333, 0x2333, 0x2333, 0x2333,
  0x2333, 0x2333, 0x1B33, 0x2B73, 0xBE5A, 0xDF1D, 0xCEBB, 0xF81F, 0xF81F, 0xF81F,
  0xF81F, 0xF81F, 0xF81F, 0xF81F, 0xCEBB, 0xD6DB, 0x7DDC, 0x4D5D, 0x557D, 0x557D,
  0x557D, 0x557D, 0x557D, 0x557D, 0x557D, 0x557D, 0x557D, 0x557D, 0x557D, 0x555D,
  0x2353, 0x2333, 0x2333, 0x2333, 0x2333, 0x2333, 0x2333, 0x2333, 0x2333, 0x2333,
  0x2333, 0x2353, 0x1B12, 0x5C55, 0xD6FC, 0xCEBB, 0xF81F, 0xF81F, 0xF81F, 0xF81F,
  0xF81F, 0xF81F, 0xF81F, 0xF81F, 0xCE9B, 0xDF3D, 0xAE5C, 0x555D, 0x557D, 0x557D,
  0x557D, 0x557D, 0x557D, 0x557D, 0x557D, 0x557D, 0x557D, 0x557D, 0x557D, 0x555D,
  0x2353, 0x2333, 0x2333, 0x2333, 0x2333, 0x2333, 0x2333, 0x2333, 0x2333, 0x2333,
  0x2333, 0x2333, 0x1B33, 0xA5D9, 0xE75D, 0xCE9B, 0xF81F, 0xF81F, 0xF81F, 0xF81F,
  0xF81F, 0xF81F, 0xF81F, 0xF81F, 0xCEBB, 0xCEDC, 0xD6DB, 0x7DDD, 0x4D5D, 0x557D,
  0x557D, 0x557D, 0x557D, 0x557D, 0x557D, 0x557D, 0x557D, 0x557D, 0x557D, 0x555D,
  0x2353, 0x2333, 0x2333, 0x2333, 0x2333, 0x2333, 0x2333, 0x2333, 0x2333, 0x2333,
  0x2353, 0x1AF2, 0x5C55, 0xD6DC, 0xCEDB, 0xCEBB, 0xF81F, 0xF81F, 0xF81F, 0xF81F,
  0xF81F, 0xF81F, 0xF81F, 0xF81F, 0xF81F, 0xCE9B, 0xDF1D, 0xBE7B, 0x5D7D, 0x555D,
  0x557D, 0x557D, 0x557D, 0x557D, 0x557D, 0x557D, 0x557D, 0x557D, 0x557D, 0x555D,
  0x2353, 0x2333, 0x2333, 0x2333, 0x2333, 0x2333, 0x2333, 0x2333, 0x2333, 0x2333,
  0x2333, 0x2353, 0xB61A, 0xDF3D, 0xCE9B, 0xF81F, 0xF81F, 0xF81F, 0xF81F, 0xF81F,
  0xF81F, 0xF81F, 0xF81F, 0xF81F, 0xF81F, 0xCEBC, 0xCEDC, 0xD6DB, 0x961C, 0x4D5D,
  0x557D, 0x557D, 0x557D, 0x557D, 0x557D, 0x557D, 0x557D, 0x557D, 0x557D, 0x555D,
  0x2353, 0x2333, 0x2333, 0x2333, 0x2333, 0x2333, 0x2333, 0x2333, 0x2333, 0x2353,
  0x12F2, 0x8517, 0xDF1C, 0xCEBB, 0xCEBC, 0xF81F, 0xF81F, 0xF81F, 0xF81F, 0xF81F,
  0xF81F, 0xF81F, 0xF81F, 0xF81F, 0xF81F, 0xF81F, 0xCEBB, 0xDF1D, 0xCEBB, 0x7DDD,
  0x4D5D, 0x557D, 0x557D, 0x557D, 0x557D, 0x557D, 0x557D, 0x557D, 0x557D, 0x555D,
  0x2353, 0x2333, 0x2333, 0x2333, 0x2333, 0x2333, 0x2333, 0x2333, 0x2353, 0x12F2,
  0x5C76, 0xD6DB, 0xD71D, 0xCEBB, 0xF81F, 0xF81F, 0xF81F, 0xF81F, 0xF81F, 0xF81F,
  0xF81F, 0xF81F, 0xF81F, 0xF81F, 0xF81F, 0xF81F, 0xF81F, 0xCEBB, 0xDF3D, 0xCEBB,
  0x75BD, 0x4D5D, 0x557D, 0x557D, 0x557D, 0x557D, 0x557D, 0x557D, 0x557D, 0x555D,
  0x2353, 0x2333, 0x2333, 0x2333, 0x2333, 0x2333, 0x2333, 0x2353, 0x1AF2, 0x4C15,
  0xC69B, 0xDF3D, 0xCEBB, 0xF81F, 0xF81F, 0xF81F, 0xF81F, 0xF81F, 0xF81F, 0xF81F,
  0xF81F, 0xF81F, 0xF81F, 0xF81F, 0xF81F, 0xF81F, 0xF81F, 0xF81F, 0xCEDC, 0xDF1C,
  0xCEBB, 0x75BD, 0x4D5D, 0x557D, 0x557D, 0x557D, 0x557D, 0x557D, 0x557D, 0x555D,
  0x2353, 0x2333, 0x2333, 0x2333, 0x2333, 0x2333, 0x2333, 0x12F2, 0x4C15, 0xC69B,
  0xDF1D, 0xCEDB, 0xF81F, 0xF81F, 0xF81F, 0xF81F, 0xF81F, 0xF81F, 0xF81F, 0xF81F,
  0xF81F, 0xF81F, 0xF81F, 0xF81F, 0xF81F, 0xF81F, 0xF81F, 0xF81F, 0xCEBB, 0xCEDC,
  0xDF1C, 0xCEBB, 0x7DDD, 0x4D5D, 0x555D, 0x557D, 0x557D, 0x557D, 0x557D, 0x555D,
  0x2353, 0x2333, 0x2333, 0x2333, 0x2353, 0x2333, 0x1B12, 0x5C76, 0xC69B, 0xDF1D,
  0xCEDC, 0xD6BB, 0xF81F, 0xF81F, 0xF81F, 0xF81F, 0xF81F, 0xF81F, 0xF81F, 0xF81F,
  0xF81F, 0xF81F, 0xF81F, 0xF81F, 0xF81F, 0xF81F, 0xF81F, 0xF81F, 0xF81F, 0xC67A,
  0xCEDC, 0xDF3D, 0xD6BB, 0x961C, 0x5D7D, 0x4D5D, 0x557D, 0x557D, 0x557D, 0x555D,
  0x2353, 0x2333, 0x2333, 0x2333, 0x1B12, 0x2353, 0x8537, 0xD6DB, 0xDF3D, 0xCEDC,
  0xC67B, 0xF81F, 0xF81F, 0xF81F, 0xF81F, 0xF81F, 0xF81F, 0xF81F, 0xF81F, 0xF81F,
  0xF81F, 0xF81F, 0xF81F, 0xF81F, 0xF81F, 0xF81F, 0xF81F, 0xF81F, 0xF81F, 0xF81F,
  0xF81F, 0xCEBB, 0xDF1D, 0xD6DB, 0xBE7B, 0x7DDD, 0x555D, 0x4D5D, 0x557D, 0x555D,
  0x2353, 0x2333, 0x1B12, 0x1B12, 0x5455, 0xB61A, 0xD6FC, 0xDF1D, 0xCEBB, 0xF81F,
  0xF81F, 0xF81F, 0xF81F, 0xF81F, 0xF81F, 0xF81F, 0xF81F, 0xF81F, 0xF81F, 0xF81F,
  0xF81F, 0xF81F, 0xF81F, 0xF81F, 0xF81F, 0xF81F, 0xF81F, 0xF81F, 0xF81F, 0xF81F,
  0xF81F, 0xF81F, 0xCEBB, 0xCEDC, 0xDF1D, 0xCEBB, 0xAE5C, 0x75DD, 0x557D, 0x4D3D,
  0x1B33, 0x2333, 0x5435, 0x9DD9, 0xD6DB, 0xDF3D, 0xCEDC, 0xCEBB, 0xF81F, 0xF81F,
  0xF81F, 0xF81F, 0xF81F, 0xF81F, 0xF81F, 0xF81F, 0xF81F, 0xF81F, 0xF81F, 0xF81F,
  0xF81F, 0xF81F, 0xF81F, 0xF81F, 0xF81F, 0xF81F, 0xF81F, 0xF81F, 0xF81F, 0xF81F,
  0xF81F, 0xF81F, 0xF81F, 0xCEBA, 0xCEDC, 0xD6FC, 0xDF3D, 0xD6DB, 0xB67C, 0x85DC,
  0x6CD7, 0xA5F9, 0xD6DC, 0xE73D, 0xD6DC, 0xCEDB, 0xCEBA, 0xF81F, 0xF81F, 0xF81F,
  0xF81F, 0xF81F, 0xF81F, 0xF81F, 0xF81F, 0xF81F, 0xF81F, 0xF81F, 0xF81F, 0xF81F,
  0xF81F, 0xF81F, 0xF81F, 0xF81F, 0xF81F, 0xF81F, 0xF81F, 0xF81F, 0xF81F, 0xF81F,
  0xF81F, 0xF81F, 0xF81F, 0xF81F, 0xF81F, 0xCE9B, 0xCEDC, 0xCEDC, 0xDF1C, 0xD6DB,
  0xD6FC, 0xDF3D, 0xCEDC, 0xCEDC, 0xCE9B, 0xF81F, 0xF81F, 0xF81F, 0xF81F, 0xF81F,
  0xF81F, 0xF81F, 0xF81F, 0xF81F, 0xF81F, 0xF81F, 0xF81F, 0xF81F, 0xF81F, 0xF81F,
  0xF81F, 0xF81F, 0xF81F, 0xF81F, 0xF81F, 0xF81F, 0xF81F, 0xF81F, 0xF81F, 0xF81F,
  0xF81F, 0xF81F, 0xF81F, 0xF81F, 0xF81F, 0xF81F, 0xF81F, 0xCEBB, 0xCEBB, 0xCEBB,
  0xCEBB, 0xCE9B, 0xCEBB, 0xF81F, 0xF81F, 0xF81F, 0xF81F, 0xF81F, 0xF81F, 0xF81F,
  0xF81F, 0xF81F, 0xF81F, 0xF81F, 0xF81F, 0xF81F, 0xF81F, 0xF81F, 0xF81F, 0xF81F
};

static const uint16_t kEmoji_zap[1600] PROGMEM = {
  0xF81F, 0xF81F, 0xF81F, 0xF81F, 0xF81F, 0xF81F, 0xF81F, 0xF81F, 0xF81F, 0xF81F,
  0xF81F, 0xF81F, 0xF81F, 0xF81F, 0xF81F, 0xF81F, 0xF81F, 0xF81F, 0xF81F, 0xF81F,
  0xF81F, 0xF81F, 0xF81F, 0xF81F, 0xF81F, 0xF81F, 0xF81F, 0xFD66, 0xFD86, 0xFD66,
  0xF81F, 0xF81F, 0xF81F, 0xF81F, 0xF81F, 0xF81F, 0xF81F, 0xF81F, 0xF81F, 0xF81F,
  0xF81F, 0xF81F, 0xF81F, 0xF81F, 0xF81F, 0xF81F, 0xF81F, 0xF81F, 0xF81F, 0xF81F,
  0xF81F, 0xF81F, 0xF81F, 0xF81F, 0xF81F, 0xF81F, 0xF81F, 0xF81F, 0xF81F, 0xF81F,
  0xF81F, 0xF81F, 0xF81F, 0xF81F, 0xF81F, 0xF81F, 0xFD46, 0xFD66, 0xFD86, 0xFD46,
  0xF81F, 0xF81F, 0xF81F, 0xF81F, 0xF81F, 0xF81F, 0xF81F, 0xF81F, 0xF81F, 0xF81F,
  0xF81F, 0xF81F, 0xF81F, 0xF81F, 0xF81F, 0xF81F, 0xF81F, 0xF81F, 0xF81F, 0xF81F,
  0xF81F, 0xF81F, 0xF81F, 0xF81F, 0xF81F, 0xF81F, 0xF81F, 0xF81F, 0xF81F, 0xF81F,
  0xF81F, 0xF81F, 0xF81F, 0xF81F, 0xF81F, 0xFD66, 0xFDA6, 0xFD66, 0xFDA6, 0xFD66,
  0xF81F, 0xF81F, 0xF81F, 0xF81F, 0xF81F, 0xF81F, 0xF81F, 0xF81F, 0xF81F, 0xF81F,
  0xF81F, 0xF81F, 0xF81F, 0xF81F, 0xF81F, 0xF81F, 0xF81F, 0xF81F, 0xF81F, 0xF81F,
  0xF81F, 0xF81F, 0xF81F, 0xF81F, 0xF81F, 0xF81F, 0xF81F, 0xF81F, 0xF81F, 0xF81F,
  0xF81F, 0xF81F, 0xF81F, 0xF81F, 0xFD66, 0xFDA6, 0xFD46, 0xFD66, 0xFD46, 0xF81F,
  0xF81F, 0xF81F, 0xF81F, 0xF81F, 0xF81F, 0xF81F, 0xF81F, 0xF81F, 0xF81F, 0xF81F,
  0xF81F, 0xF81F, 0xF81F, 0xF81F, 0xF81F, 0xF81F, 0xF81F, 0xF81F, 0xF81F, 0xF81F,
  0xF81F, 0xF81F, 0xF81F, 0xF81F, 0xF81F, 0xF81F, 0xF81F, 0xF81F, 0xF81F, 0xF81F,
  0xF81F, 0xF81F, 0xF81F, 0xFD66, 0xFDA6, 0xFD66, 0xFD46, 0xFDC6, 0xFD66, 0xF81F,
  0xF81F, 0xF81F, 0xF81F, 0xF81F, 0xF81F, 0xF81F, 0xF81F, 0xF81F, 0xF81F, 0xF81F,
  0xF81F, 0xF81F, 0xF81F, 0xF81F, 0xF81F, 0xF81F, 0xF81F, 0xF81F, 0xF81F, 0xF81F,
  0xF81F, 0xF81F, 0xF81F, 0xF81F, 0xF81F, 0xF81F, 0xF81F, 0xF81F, 0xF81F, 0xF81F,
  0xF81F, 0xFD26, 0xFD86, 0xFDA6, 0xFD46, 0xFD66, 0xFD66, 0xFD66, 0xF81F, 0xF81F,
  0xF81F, 0xF81F, 0xF81F, 0xF81F, 0xF81F, 0xF81F, 0xF81F, 0xF81F, 0xF81F, 0xF81F,
  0xF81F, 0xF81F, 0xF81F, 0xF81F, 0xF81F, 0xF81F, 0xF81F, 0xF81F, 0xF81F, 0xF81F,
  0xF81F, 0xF81F, 0xF81F, 0xF81F, 0xF81F, 0xF81F, 0xF81F, 0xF81F, 0xF81F, 0xF81F,
  0xFD66, 0xFD66, 0xFD86, 0xFD46, 0xFD66, 0xFD66, 0xFDA6, 0xFD46, 0xF81F, 0xF81F,
  0xF81F, 0xF81F, 0xF81F, 0xF81F, 0xF81F, 0xF81F, 0xF81F, 0xF81F, 0xF81F, 0xF81F,
  0xF81F, 0xF81F, 0xF81F, 0xF81F, 0xF81F, 0xF81F, 0xF81F, 0xF81F, 0xF81F, 0xF81F,
  0xF81F, 0xF81F, 0xF81F, 0xF81F, 0xF81F, 0xF81F, 0xF81F, 0xF81F, 0xF81F, 0xFD46,
  0xFD66, 0xFD86, 0xFD66, 0xFD66, 0xFD66, 0xFD86, 0xFD66, 0xF81F, 0xF81F, 0xF81F,
  0xF81F, 0xF81F, 0xF81F, 0xF81F, 0xF81F, 0xF81F, 0xF81F, 0xF81F, 0xF81F, 0xF81F,
  0xF81F, 0xF81F, 0xF81F, 0xF81F, 0xF81F, 0xF81F, 0xF81F, 0xF81F, 0xF81F, 0xF81F,
  0xF81F, 0xF81F, 0xF81F, 0xF81F, 0xF81F, 0xF81F, 0xF81F, 0xF81F, 0xFD66, 0xFD86,
  0xFD66, 0xFD46, 0xFD66, 0xFD66, 0xFD46, 0xFDA6, 0xFD66, 0xF81F, 0xF81F, 0xF81F,
  0xF81F, 0xF81F, 0xF81F, 0xF81F, 0xF81F, 0xF81F, 0xF81F, 0xF81F, 0xF81F, 0xF81F,
  0xF81F, 0xF81F, 0xF81F, 0xF81F, 0xF81F, 0xF81F, 0xF81F, 0xF81F, 0xF81F, 0xF81F,
  0xF81F, 0xF81F, 0xF81F, 0xF81F, 0xF81F, 0xF81F, 0xF81F, 0xFD66, 0xFDA6, 0xFD66,
  0xFD46, 0xFD66, 0xFD66, 0xFD66, 0xFD86, 0xFD46, 0xF81F, 0xF81F, 0xF81F, 0xF81F,
  0xF81F, 0xF81F, 0xF81F, 0xF81F, 0xF81F, 0xF81F, 0xF81F, 0xF81F, 0xF81F, 0xF81F,
  0xF81F, 0xF81F, 0xF81F, 0xF81F, 0xF81F, 0xF81F, 0xF81F, 0xF81F, 0xF81F, 0xF81F,
  0xF81F, 0xF81F, 0xF81F, 0xF81F, 0xF81F, 0xF81F, 0xFD66, 0xFDA6, 0xFD66, 0xFD66,
  0xFD66, 0xFD66, 0xFD66, 0xFD46, 0xFDA6, 0xFD46, 0xF81F, 0xF81F, 0xF81F, 0xF81F,
  0xF81F, 0xF81F, 0xF81F, 0xF81F, 0xF81F, 0xF81F, 0xF81F, 0xF81F, 0xF81F, 0xF81F,
  0xF81F, 0xF81F, 0xF81F, 0xF81F, 0xF81F, 0xF81F, 0xF81F, 0xF81F, 0xF81F, 0xF81F,
  0xF81F, 0xF81F, 0xF81F, 0xF81F, 0xFD26, 0xFD86, 0xFDA6, 0xFD46, 0xFD66, 0xFD66,
  0xFD66, 0xFD66, 0xFD66, 0xFD86, 0xFD46, 0xF81F, 0xF81F, 0xF81F, 0xF81F, 0xF81F,
  0xF81F, 0xF81F, 0xF81F, 0xF81F, 0xF81F, 0xF81F, 0xF81F, 0xF81F, 0xF81F, 0xF81F,
  0xF81F, 0xF81F, 0xF81F, 0xF81F, 0xF81F, 0xF81F, 0xF81F, 0xF81F, 0xF81F, 0xF81F,
  0xF81F, 0xF81F, 0xF81F, 0xFD26, 0xFD66, 0xFD86, 0xFD46, 0xFD66, 0xFD66, 0xFD66,
  0xFD66, 0xFD66, 0xFD66, 0xFDA6, 0xFD46, 0xF81F, 0xF81F, 0xF81F, 0xF81F, 0xF81F,
  0xF81F, 0xF81F, 0xF81F, 0xF81F, 0xF81F, 0xF81F, 0xF81F, 0xF81F, 0xF81F, 0xF81F,
  0xF81F, 0xF81F, 0xF81F, 0xF81F, 0xF81F, 0xF81F, 0xF81F, 0xF81F, 0xF81F, 0xF81F,
  0xF81F, 0xF81F, 0xFD46, 0xFD86, 0xFD86, 0xFD46, 0xFD66, 0xFD66, 0xFD66, 0xFD66,
  0xFD66, 0xFD66, 0xFD86, 0xFD46, 0xF81F, 0xF81F, 0xF81F, 0xF81F, 0xF81F, 0xF81F,
  0xF81F, 0xF81F, 0xF81F, 0xF81F, 0xF81F, 0xF81F, 0xF81F, 0xF81F, 0xF81F, 0xF81F,
  0xF81F, 0xF81F, 0xF81F, 0xF81F, 0xF81F, 0xF81F, 0xF81F, 0xF81F, 0xF81F, 0xF81F,
  0xF81F, 0xFD66, 0xFD86, 0xFD66, 0xFD46, 0xFD66, 0xFD66, 0xFD66, 0xFD66, 0xFD66,
  0xFD66, 0xFD46, 0xFDC6, 0xFD66, 0xF81F, 0xF81F, 0xF81F, 0xF81F, 0xF81F, 0xF81F,
  0xF81F, 0xF81F, 0xF81F, 0xF81F, 0xF81F, 0xF81F, 0xF81F, 0xF81F, 0xF81F, 0xF81F,
  0xF81F, 0xF81F, 0xF81F, 0xF81F, 0xF81F, 0xF81F, 0xF81F, 0xF81F, 0xF81F, 0xF81F,
  0xFD66, 0xFDA6, 0xFD66, 0xFD46, 0xFD66, 0xFD66, 0xFD66, 0xFD66, 0xFD66, 0xFD66,
  0xFD66, 0xFD86, 0xFD46, 0xF81F, 0xF81F, 0xF81F, 0xF81F, 0xF81F, 0xF81F, 0xF81F,
  0xF81F, 0xF81F, 0xF81F, 0xF81F, 0xF81F, 0xF81F, 0xF81F, 0xF81F, 0xF81F, 0xF81F,
  0xF81F, 0xF81F, 0xF81F, 0xF81F, 0xF81F, 0xF81F, 0xF81F, 0xF81F, 0xF81F, 0xFD66,
  0xFDA6, 0xFD66, 0xFD46, 0xFD66, 0xFD66, 0xFD66, 0xFD66, 0xFD66, 0xFD66, 0xFD66,
  0xFD66, 0xFD86, 0xFD46, 0xFD46, 0xFD46, 0xFD66, 0xFD46, 0xFD46, 0xFD46, 0xFD46,
  0xFD46, 0xFD46, 0xFD46, 0xFD46, 0xFD66, 0xFD86, 0xF81F, 0xF81F, 0xF81F, 0xF81F,
  0xF81F, 0xF81F, 0xF81F, 0xF81F, 0xF81F, 0xF81F, 0xF81F, 0xFD66, 0xFD66, 0xFDA6,
  0xFD66, 0xFD66, 0xFD66, 0xFD66, 0xFD66, 0xFD66, 0xFD66, 0xFD66, 0xFD66, 0xFD66,
  0xFD66, 0xFD46, 0xFDA6, 0xFDC6, 0xFDC6, 0xFDC6, 0xFDC6, 0xFDC6, 0xFDC6, 0xFDC6,
  0xFDC6, 0xFDC6, 0xFDC6, 0xFDC6, 0xFDA6, 0xFE27, 0xFD46, 0xF81F, 0xF81F, 0xF81F,
  0xF81F, 0xF81F, 0xF81F, 0xF81F, 0xF81F, 0xF81F, 0xFD46, 0xFD66, 0xFDA6, 0xFD46,
  0xFD66, 0xFD66, 0xFD66, 0xFD66, 0xFD66, 0xFD66, 0xFD66, 0xFD66, 0xFD66, 0xFD66,
  0xFD66, 0xFD66, 0xFD46, 0xFD46, 0xFD46, 0xFD46, 0xFD46, 0xFD46, 0xFD46, 0xFD46,
  0xFD46, 0xFD46, 0xFD46, 0xFD46, 0xFD66, 0xFDA6, 0xFD46, 0xF81F, 0xF81F, 0xF81F,
  0xF81F, 0xF81F, 0xF81F, 0xF81F, 0xF81F, 0xFD26, 0xFD86, 0xFD86, 0xFD66, 0xFD66,
  0xFD66, 0xFD66, 0xFD66, 0xFD66, 0xFD66, 0xFD66, 0xFD66, 0xFD66, 0xFD66, 0xFD66,
  0xFD66, 0xFD66, 0xFD66, 0xFD66, 0xFD66, 0xFD66, 0xFD66, 0xFD66, 0xFD66, 0xFD66,
  0xFD66, 0xFD66, 0xFD66, 0xFD66, 0xFD66, 0xFD66, 0xF81F, 0xF81F, 0xF81F, 0xF81F,
  0xF81F, 0xF81F, 0xF81F, 0xF81F, 0xFD66, 0xFD66, 0xFD66, 0xFD66, 0xFD66, 0xFD66,
  0xFD66, 0xFD66, 0xFD66, 0xFD66, 0xFD66, 0xFD66, 0xFD66, 0xFD66, 0xFD66, 0xFD66,
  0xFD66, 0xFD66, 0xFD66, 0xFD66, 0xFD66, 0xFD66, 0xFD66, 0xFD66, 0xFD66, 0xFD66,
  0xFD66, 0xFD66, 0xFD86, 0xFD86, 0xFD26, 0xF81F, 0xF81F, 0xF81F, 0xF81F, 0xF81F,
  0xF81F, 0xF81F, 0xF81F, 0xFD46, 0xFDA6, 0xFD66, 0xFD46, 0xFD46, 0xFD46, 0xFD46,
  0xFD46, 0xFD46, 0xFD46, 0xFD46, 0xFD46, 0xFD46, 0xFD46, 0xFD46, 0xFD66, 0xFD66,
  0xFD66, 0xFD66, 0xFD66, 0xFD66, 0xFD66, 0xFD66, 0xFD66, 0xFD66, 0xFD66, 0xFD66,
  0xFD46, 0xFDA6, 0xFD66, 0xFD46, 0xF81F, 0xF81F, 0xF81F, 0xF81F, 0xF81F, 0xF81F,
  0xF81F, 0xF81F, 0xF81F, 0xFD46, 0xFE27, 0xFDA6, 0xFDC6, 0xFDC6, 0xFDC6, 0xFDC6,
  0xFDC6, 0xFDC6, 0xFDC6, 0xFDC6, 0xFDC6, 0xFDC6, 0xFDC6, 0xFDA6, 0xFD46, 0xFD66,
  0xFD66, 0xFD66, 0xFD66, 0xFD66, 0xFD66, 0xFD66, 0xFD66, 0xFD66, 0xFD66, 0xFD66,
  0xFDA6, 0xFD66, 0xFD66, 0xF81F, 0xF81F, 0xF81F, 0xF81F, 0xF81F, 0xF81F, 0xF81F,
  0xF81F, 0xF81F, 0xF81F, 0xF81F, 0xFD86, 0xFD66, 0xFD46, 0xFD46, 0xFD46, 0xFD46,
  0xFD46, 0xFD46, 0xFD46, 0xFD46, 0xFD66, 0xFD46, 0xFD46, 0xFD46, 0xFD86, 0xFD66,
  0xFD66, 0xFD66, 0xFD66, 0xFD66, 0xFD66, 0xFD66, 0xFD66, 0xFD46, 0xFD66, 0xFDA6,
  0xFD66, 0xF81F, 0xF81F, 0xF81F, 0xF81F, 0xF81F, 0xF81F, 0xF81F, 0xF81F, 0xF81F,
  0xF81F, 0xF81F, 0xF81F, 0xF81F, 0xF81F, 0xF81F, 0xF81F, 0xF81F, 0xF81F, 0xF81F,
  0xF81F, 0xF81F, 0xF81F, 0xF81F, 0xF81F, 0xF81F, 0xF81F, 0xFD46, 0xFD86, 0xFD66,
  0xFD66, 0xFD66, 0xFD66, 0xFD66, 0xFD66, 0xFD66, 0xFD46, 0xFD66, 0xFDA6, 0xFD66,
  0xF81F, 0xF81F, 0xF81F, 0xF81F, 0xF81F, 0xF81F, 0xF81F, 0xF81F, 0xF81F, 0xF81F,
  0xF81F, 0xF81F, 0xF81F, 0xF81F, 0xF81F, 0xF81F, 0xF81F, 0xF81F, 0xF81F, 0xF81F,
  0xF81F, 0xF81F, 0xF81F, 0xF81F, 0xF81F, 0xF81F, 0xFD66, 0xFDC6, 0xFD46, 0xFD66,
  0xFD66, 0xFD66, 0xFD66, 0xFD66, 0xFD66, 0xFD46, 0xFD66, 0xFD86, 0xFD66, 0xF81F,
  0xF81F, 0xF81F, 0xF81F, 0xF81F, 0xF81F, 0xF81F, 0xF81F, 0xF81F, 0xF81F, 0xF81F,
  0xF81F, 0xF81F, 0xF81F, 0xF81F, 0xF81F, 0xF81F, 0xF81F, 0xF81F, 0xF81F, 0xF81F,
  0xF81F, 0xF81F, 0xF81F, 0xF81F, 0xF81F, 0xF81F, 0xFD46, 0xFD86, 0xFD66, 0xFD66,
  0xFD66, 0xFD66, 0xFD66, 0xFD66, 0xFD46, 0xFD86, 0xFD86, 0xFD46, 0xF81F, 0xF81F,
  0xF81F, 0xF81F, 0xF81F, 0xF81F, 0xF81F, 0xF81F, 0xF81F, 0xF81F, 0xF81F, 0xF81F,
  0xF81F, 0xF81F, 0xF81F, 0xF81F, 0xF81F, 0xF81F, 0xF81F, 0xF81F, 0xF81F, 0xF81F,
  0xF81F, 0xF81F, 0xF81F, 0xF81F, 0xF81F, 0xFD46, 0xFDA6, 0xFD66, 0xFD66, 0xFD66,
  0xFD66, 0xFD66, 0xFD66, 0xFD46, 0xFD86, 0xFD66, 0xFD26, 0xF81F, 0xF81F, 0xF81F,
  0xF81F, 0xF81F, 0xF81F, 0xF81F, 0xF81F, 0xF81F, 0xF81F, 0xF81F, 0xF81F, 0xF81F,
  0xF81F, 0xF81F, 0xF81F, 0xF81F, 0xF81F, 0xF81F, 0xF81F, 0xF81F, 0xF81F, 0xF81F,
  0xF81F, 0xF81F, 0xF81F, 0xF81F, 0xF81F, 0xFD46, 0xFD86, 0xFD66, 0xFD66, 0xFD66,
  0xFD66, 0xFD66, 0xFD46, 0xFDA6, 0xFD86, 0xFD26, 0xF81F, 0xF81F, 0xF81F, 0xF81F,
  0xF81F, 0xF81F, 0xF81F, 0xF81F, 0xF81F, 0xF81F, 0xF81F, 0xF81F, 0xF81F, 0xF81F,
  0xF81F, 0xF81F, 0xF81F, 0xF81F, 0xF81F, 0xF81F, 0xF81F, 0xF81F, 0xF81F, 0xF81F,
  0xF81F, 0xF81F, 0xF81F, 0xF81F, 0xFD46, 0xFDA6, 0xFD46, 0xFD66, 0xFD66, 0xFD66,
  0xFD66, 0xFD66, 0xFDA6, 0xFD66, 0xF81F, 0xF81F, 0xF81F, 0xF81F, 0xF81F, 0xF81F,
  0xF81F, 0xF81F, 0xF81F, 0xF81F, 0xF81F, 0xF81F, 0xF81F, 0xF81F, 0xF81F, 0xF81F,
  0xF81F, 0xF81F, 0xF81F, 0xF81F, 0xF81F, 0xF81F, 0xF81F, 0xF81F, 0xF81F, 0xF81F,
  0xF81F, 0xF81F, 0xF81F, 0xF81F, 0xFD46, 0xFD86, 0xFD66, 0xFD66, 0xFD66, 0xFD46,
  0xFD66, 0xFDA6, 0xFD66, 0xF81F, 0xF81F, 0xF81F, 0xF81F, 0xF81F, 0xF81F, 0xF81F,
  0xF81F, 0xF81F, 0xF81F, 0xF81F, 0xF81F, 0xF81F, 0xF81F, 0xF81F, 0xF81F, 0xF81F,
  0xF81F, 0xF81F, 0xF81F, 0xF81F, 0xF81F, 0xF81F, 0xF81F, 0xF81F, 0xF81F, 0xF81F,
  0xF81F, 0xF81F, 0xF81F, 0xFD66, 0xFDA6, 0xFD46, 0xFD66, 0xFD66, 0xFD46, 0xFD66,
  0xFD86, 0xFD66, 0xF81F, 0xF81F, 0xF81F, 0xF81F, 0xF81F, 0xF81F, 0xF81F, 0xF81F,
  0xF81F, 0xF81F, 0xF81F, 0xF81F, 0xF81F, 0xF81F, 0xF81F, 0xF81F, 0xF81F, 0xF81F,
  0xF81F, 0xF81F, 0xF81F, 0xF81F, 0xF81F, 0xF81F, 0xF81F, 0xF81F, 0xF81F, 0xF81F,
  0xF81F, 0xF81F, 0xF81F, 0xFD66, 0xFD86, 0xFD66, 0xFD66, 0xFD66, 0xFD86, 0xFD66,
  0xFD46, 0xF81F, 0xF81F, 0xF81F, 0xF81F, 0xF81F, 0xF81F, 0xF81F, 0xF81F, 0xF81F,
  0xF81F, 0xF81F, 0xF81F, 0xF81F, 0xF81F, 0xF81F, 0xF81F, 0xF81F, 0xF81F, 0xF81F,
  0xF81F, 0xF81F, 0xF81F, 0xF81F, 0xF81F, 0xF81F, 0xF81F, 0xF81F, 0xF81F, 0xF81F,
  0xF81F, 0xF81F, 0xFD46, 0xFDA6, 0xFD66, 0xFD66, 0xFD46, 0xFD86, 0xFD66, 0xFD66,
  0xF81F, 0xF81F, 0xF81F, 0xF81F, 0xF81F, 0xF81F, 0xF81F, 0xF81F, 0xF81F, 0xF81F,
  0xF81F, 0xF81F, 0xF81F, 0xF81F, 0xF81F, 0xF81F, 0xF81F, 0xF81F, 0xF81F, 0xF81F,
  0xF81F, 0xF81F, 0xF81F, 0xF81F, 0xF81F, 0xF81F, 0xF81F, 0xF81F, 0xF81F, 0xF81F,
  0xF81F, 0xF81F, 0xFD66, 0xFD66, 0xFD66, 0xFD46, 0xFDA6, 0xFD86, 0xFD26, 0xF81F,
  0xF81F, 0xF81F, 0xF81F, 0xF81F, 0xF81F, 0xF81F, 0xF81F, 0xF81F, 0xF81F, 0xF81F,
  0xF81F, 0xF81F, 0xF81F, 0xF81F, 0xF81F, 0xF81F, 0xF81F, 0xF81F, 0xF81F, 0xF81F,
  0xF81F, 0xF81F, 0xF81F, 0xF81F, 0xF81F, 0xF81F, 0xF81F, 0xF81F, 0xF81F, 0xF81F,
  0xF81F, 0xFD66, 0xFDC6, 0xFD46, 0xFD66, 0xFDA6, 0xFD66, 0xF81F, 0xF81F, 0xF81F,
  0xF81F, 0xF81F, 0xF81F, 0xF81F, 0xF81F, 0xF81F, 0xF81F, 0xF81F, 0xF81F, 0xF81F,
  0xF81F, 0xF81F, 0xF81F, 0xF81F, 0xF81F, 0xF81F, 0xF81F, 0xF81F, 0xF81F, 0xF81F,
  0xF81F, 0xF81F, 0xF81F, 0xF81F, 0xF81F, 0xF81F, 0xF81F, 0xF81F, 0xF81F, 0xF81F,
  0xF81F, 0xFD46, 0xFD66, 0xFD46, 0xFDA6, 0xFD66, 0xF81F, 0xF81F, 0xF81F, 0xF81F,
  0xF81F, 0xF81F, 0xF81F, 0xF81F, 0xF81F, 0xF81F, 0xF81F, 0xF81F, 0xF81F, 0xF81F,
  0xF81F, 0xF81F, 0xF81F, 0xF81F, 0xF81F, 0xF81F, 0xF81F, 0xF81F, 0xF81F, 0xF81F,
  0xF81F, 0xF81F, 0xF81F, 0xF81F, 0xF81F, 0xF81F, 0xF81F, 0xF81F, 0xF81F, 0xF81F,
  0xFD66, 0xFDA6, 0xFD66, 0xFDA6, 0xFD66, 0xF81F, 0xF81F, 0xF81F, 0xF81F, 0xF81F,
  0xF81F, 0xF81F, 0xF81F, 0xF81F, 0xF81F, 0xF81F, 0xF81F, 0xF81F, 0xF81F, 0xF81F,
  0xF81F, 0xF81F, 0xF81F, 0xF81F, 0xF81F, 0xF81F, 0xF81F, 0xF81F, 0xF81F, 0xF81F,
  0xF81F, 0xF81F, 0xF81F, 0xF81F, 0xF81F, 0xF81F, 0xF81F, 0xF81F, 0xF81F, 0xF81F,
  0xFD46, 0xFD86, 0xFD66, 0xFD46, 0xF81F, 0xF81F, 0xF81F, 0xF81F, 0xF81F, 0xF81F,
  0xF81F, 0xF81F, 0xF81F, 0xF81F, 0xF81F, 0xF81F, 0xF81F, 0xF81F, 0xF81F, 0xF81F,
  0xF81F, 0xF81F, 0xF81F, 0xF81F, 0xF81F, 0xF81F, 0xF81F, 0xF81F, 0xF81F, 0xF81F,
  0xF81F, 0xF81F, 0xF81F, 0xF81F, 0xF81F, 0xF81F, 0xF81F, 0xF81F, 0xF81F, 0xF81F,
  0xFD66, 0xFD86, 0xFD66, 0xF81F, 0xF81F, 0xF81F, 0xF81F, 0xF81F, 0xF81F, 0xF81F,
  0xF81F, 0xF81F, 0xF81F, 0xF81F, 0xF81F, 0xF81F, 0xF81F, 0xF81F, 0xF81F, 0xF81F,
  0xF81F, 0xF81F, 0xF81F, 0xF81F, 0xF81F, 0xF81F, 0xF81F, 0xF81F, 0xF81F, 0xF81F
};

static const uint16_t kEmoji_hourglass[1600] PROGMEM = {
  0xF81F, 0xF81F, 0xF81F, 0xF81F, 0xF81F, 0xF81F, 0xF81F, 0x3C38, 0x3C58, 0x3C58,
  0x3C58, 0x3C58, 0x3C58, 0x3C58, 0x3C58, 0x3C58, 0x3C58, 0x3C58, 0x3C58, 0x3C58,
  0x3C58, 0x3C58, 0x3C58, 0x3C58, 0x3C58, 0x3C58, 0x3C58, 0x3C58, 0x3C58, 0x3C58,
  0x3C58, 0x3C58, 0x3C38, 0xF81F, 0xF81F, 0xF81F, 0xF81F, 0xF81F, 0xF81F, 0xF81F,
  0xF81F, 0xF81F, 0xF81F, 0xF81F, 0xF81F, 0xF81F, 0x3C58, 0x3C99, 0x3C58, 0x3C58,
  0x3C58, 0x3C58, 0x3C58, 0x3C58, 0x3C58, 0x3C58, 0x3C58, 0x3C58, 0x3C58, 0x3C58,
  0x3C58, 0x3C58, 0x3C58, 0x3C58, 0x3C58, 0x3C58, 0x3C58, 0x3C58, 0x3C58, 0x3C58,
  0x3C58, 0x3C58, 0x3C99, 0x3C58, 0xF81F, 0xF81F, 0xF81F, 0xF81F, 0xF81F, 0xF81F,
  0xF81F, 0xF81F, 0xF81F, 0xF81F, 0xF81F, 0xF81F, 0x3C38, 0x44BA, 0x3C58, 0x3C58,
  0x3C58, 0x3C58, 0x3C58, 0x3C58, 0x3C58, 0x3C58, 0x3C58, 0x3C58, 0x3C58, 0x3C58,
  0x3C58, 0x3C58, 0x3C58, 0x3C58, 0x3C58, 0x3C58, 0x3C58, 0x3C58, 0x3C58, 0x3C58,
  0x3C58, 0x3C58, 0x44BA, 0x3C38, 0xF81F, 0xF81F, 0xF81F, 0xF81F, 0xF81F, 0xF81F,
  0xF81F, 0xF81F, 0xF81F, 0xF81F, 0xF81F, 0xF81F, 0xF81F, 0x3C58, 0x3C9A, 0x2BF8,
  0x2C18, 0x2C39, 0x2C3A, 0x2C39, 0x2C39, 0x2C39, 0x2C39, 0x2C39, 0x2C39, 0x2C39,
  0x2C39, 0x2C39, 0x2C39, 0x2C39, 0x2C39, 0x2C39, 0x2C39, 0x2C3A, 0x2C39, 0x2C18,
  0x2BF8, 0x3C9A, 0x3C58, 0xF81F, 0xF81F, 0xF81F, 0xF81F, 0xF81F, 0xF81F, 0xF81F,
  0xF81F, 0xF81F, 0xF81F, 0xF81F, 0xF81F, 0xF81F, 0xF81F, 0x3C58, 0x54B8, 0xADF7,
  0xADF7, 0xAD0F, 0xACCE, 0xACEE, 0xACEE, 0xACEE, 0xACEE, 0xACEE, 0xACEE, 0xACEE,
  0xACEE, 0xACEE, 0xACEE, 0xACEE, 0xACEE, 0xACEE, 0xACEE, 0xACCE, 0xAD0F, 0xADF7,
  0xADF7, 0x54B8, 0x3C58, 0xF81F, 0xF81F, 0xF81F, 0xF81F, 0xF81F, 0xF81F, 0xF81F,
  0xF81F, 0xF81F, 0xF81F, 0xF81F, 0xF81F, 0xF81F, 0xF81F, 0xF81F, 0xF81F, 0xFF96,
  0xFFB7, 0xFDE9, 0xFD64, 0xFD85, 0xFD64, 0xFD64, 0xFD64, 0xFD64, 0xFD64, 0xFD64,
  0xFD64, 0xFD64, 0xFD64, 0xFD64, 0xFD64, 0xFD64, 0xFD85, 0xFD64, 0xFDE9, 0xFFB7,
  0xFF76, 0xF81F, 0xF81F, 0xF81F, 0xF81F, 0xF81F, 0xF81F, 0xF81F, 0xF81F, 0xF81F,
  0xF81F, 0xF81F, 0xF81F, 0xF81F, 0xF81F, 0xF81F, 0xF81F, 0xF81F, 0xF81F, 0xFF36,
  0xFF78, 0xFE0C, 0xFD45, 0xFD66, 0xFD46, 0xFD46, 0xFD46, 0xFD46, 0xFD46, 0xFD46,
  0xFD46, 0xFD46, 0xFD46, 0xFD46, 0xFD46, 0xFD46, 0xFD66, 0xFD45, 0xFE0C, 0xFF78,
  0xFF36, 0xF81F, 0xF81F, 0xF81F, 0xF81F, 0xF81F, 0xF81F, 0xF81F, 0xF81F, 0xF81F,
  0xF81F, 0xF81F, 0xF81F, 0xF81F, 0xF81F, 0xF81F, 0xF81F, 0xF81F, 0xF81F, 0xFF36,
  0xFFB8, 0xFE6F, 0xFD45, 0xFD66, 0xFD66, 0xFD66, 0xFD66, 0xFD66, 0xFD66, 0xFD66,
  0xFD66, 0xFD66, 0xFD66, 0xFD66, 0xFD66, 0xFD66, 0xFD66, 0xFD45, 0xFE6F, 0xFFB8,
  0xFF36, 0xF81F, 0xF81F, 0xF81F, 0xF81F, 0xF81F, 0xF81F, 0xF81F, 0xF81F, 0xF81F,
  0xF81F, 0xF81F, 0xF81F, 0xF81F, 0xF81F, 0xF81F, 0xF81F, 0xF81F, 0xF81F, 0xFF36,
  0xFFF9, 0xFEB1, 0xFD45, 0xFD66, 0xFD66, 0xFD66, 0xFD66, 0xFD66, 0xFD66, 0xFD66,
  0xFD66, 0xFD66, 0xFD66, 0xFD66, 0xFD66, 0xFD66, 0xFD66, 0xFD45, 0xFEB1, 0xFFF9,
  0xFF36, 0xF81F, 0xF81F, 0xF81F, 0xF81F, 0xF81F, 0xF81F, 0xF81F, 0xF81F, 0xF81F,
  0xF81F, 0xF81F, 0xF81F, 0xF81F, 0xF81F, 0xF81F, 0xF81F, 0xF81F, 0xF81F, 0xFF36,
  0xFFB8, 0xFF14, 0xFD87, 0xFD46, 0xFD66, 0xFD66, 0xFD66, 0xFD66, 0xFD66, 0xFD66,
  0xFD66, 0xFD66, 0xFD66, 0xFD66, 0xFD66, 0xFD66, 0xFD46, 0xFD87, 0xFF14, 0xFFB8,
  0xFF36, 0xF81F, 0xF81F, 0xF81F, 0xF81F, 0xF81F, 0xF81F, 0xF81F, 0xF81F, 0xF81F,
  0xF81F, 0xF81F, 0xF81F, 0xF81F, 0xF81F, 0xF81F, 0xF81F, 0xF81F, 0xF81F, 0xFF16,
  0xFF36, 0xFF57, 0xFDEB, 0xFD45, 0xFD66, 0xFD66, 0xFD66, 0xFD66, 0xFD66, 0xFD66,
  0xFD66, 0xFD66, 0xFD66, 0xFD66, 0xFD66, 0xFD66, 0xFD45, 0xFDEB, 0xFF77, 0xFF36,
  0xFF16, 0xF81F, 0xF81F, 0xF81F, 0xF81F, 0xF81F, 0xF81F, 0xF81F, 0xF81F, 0xF81F,
  0xF81F, 0xF81F, 0xF81F, 0xF81F, 0xF81F, 0xF81F, 0xF81F, 0xF81F, 0xF81F, 0xF81F,
  0xFF36, 0xFF98, 0xFED3, 0xFD66, 0xFD66, 0xFD66, 0xFD66, 0xFD66, 0xFD66, 0xFD66,
  0xFD66, 0xFD66, 0xFD66, 0xFD66, 0xFD66, 0xFD66, 0xFD66, 0xFED3, 0xFF98, 0xFF36,
  0xF81F, 0xF81F, 0xF81F, 0xF81F, 0xF81F, 0xF81F, 0xF81F, 0xF81F, 0xF81F, 0xF81F,
  0xF81F, 0xF81F, 0xF81F, 0xF81F, 0xF81F, 0xF81F, 0xF81F, 0xF81F, 0xF81F, 0xF81F,
  0xFF36, 0xFFB8, 0xFF57, 0xFE6F, 0xFD45, 0xFD66, 0xFD66, 0xFD66, 0xFD66, 0xFD66,
  0xFD66, 0xFD66, 0xFD66, 0xFD66, 0xFD66, 0xFD45, 0xFE6F, 0xFF57, 0xFFB8, 0xFF36,
  0xF81F, 0xF81F, 0xF81F, 0xF81F, 0xF81F, 0xF81F, 0xF81F, 0xF81F, 0xF81F, 0xF81F,
  0xF81F, 0xF81F, 0xF81F, 0xF81F, 0xF81F, 0xF81F, 0xF81F, 0xF81F, 0xF81F, 0xF81F,
  0xF81F, 0xFF36, 0xFFB8, 0xFF57, 0xFE2D, 0xFD45, 0xFD66, 0xFD66, 0xFD66, 0xFD66,
  0xFD66, 0xFD66, 0xFD66, 0xFD66, 0xFD45, 0xFE2D, 0xFF57, 0xFFB8, 0xFF36, 0xF81F,
  0xF81F, 0xF81F, 0xF81F, 0xF81F, 0xF81F, 0xF81F, 0xF81F, 0xF81F, 0xF81F, 0xF81F,
  0xF81F, 0xF81F, 0xF81F, 0xF81F, 0xF81F, 0xF81F, 0xF81F, 0xF81F, 0xF81F, 0xF81F,
  0xF81F, 0xFF37, 0xFF77, 0xFF97, 0xFF57, 0xFE2D, 0xFD45, 0xFD66, 0xFD66, 0xFD66,
  0xFD66, 0xFD66, 0xFD66, 0xFD45, 0xFE2D, 0xFF57, 0xFF97, 0xFF77, 0xFF37, 0xF81F,
  0xF81F, 0xF81F, 0xF81F, 0xF81F, 0xF81F, 0xF81F, 0xF81F, 0xF81F, 0xF81F, 0xF81F,
  0xF81F, 0xF81F, 0xF81F, 0xF81F, 0xF81F, 0xF81F, 0xF81F, 0xF81F, 0xF81F, 0xF81F,
  0xF81F, 0xF81F, 0xFF16, 0xFF57, 0xFF97, 0xFF57, 0xFE6F, 0xFD45, 0xFD66, 0xFD66,
  0xFD66, 0xFD66, 0xFD45, 0xFE6F, 0xFF57, 0xFF97, 0xFF57, 0xFF16, 0xF81F, 0xF81F,
  0xF81F, 0xF81F, 0xF81F, 0xF81F, 0xF81F, 0xF81F, 0xF81F, 0xF81F, 0xF81F, 0xF81F,
  0xF81F, 0xF81F, 0xF81F, 0xF81F, 0xF81F, 0xF81F, 0xF81F, 0xF81F, 0xF81F, 0xF81F,
  0xF81F, 0xF81F, 0xF81F, 0xFEF6, 0xFF56, 0xFF97, 0xFF57, 0xFE2D, 0xFD45, 0xFD66,
  0xFD66, 0xFD45, 0xFE2D, 0xFF57, 0xFF97, 0xFF56, 0xFEF6, 0xF81F, 0xF81F, 0xF81F,
  0xF81F, 0xF81F, 0xF81F, 0xF81F, 0xF81F, 0xF81F, 0xF81F, 0xF81F, 0xF81F, 0xF81F,
  0xF81F, 0xF81F, 0xF81F, 0xF81F, 0xF81F, 0xF81F, 0xF81F, 0xF81F, 0xF81F, 0xF81F,
  0xF81F, 0xF81F, 0xF81F, 0xF81F, 0xF81F, 0xFF56, 0xFF97, 0xFF36, 0xFDA9, 0xFD45,
  0xFD45, 0xFDA9, 0xFF36, 0xFF97, 0xFF56, 0xF81F, 0xF81F, 0xF81F, 0xF81F, 0xF81F,
  0xF81F, 0xF81F, 0xF81F, 0xF81F, 0xF81F, 0xF81F, 0xF81F, 0xF81F, 0xF81F, 0xF81F,
  0xF81F, 0xF81F, 0xF81F, 0xF81F, 0xF81F, 0xF81F, 0xF81F, 0xF81F, 0xF81F, 0xF81F,
  0xF81F, 0xF81F, 0xF81F, 0xF81F, 0xF81F, 0xF81F, 0xFF56, 0xFF98, 0xFE6F, 0xFD45,
  0xFD45, 0xFE6F, 0xFF98, 0xFF56, 0xF81F, 0xF81F, 0xF81F, 0xF81F, 0xF81F, 0xF81F,
  0xF81F, 0xF81F, 0xF81F, 0xF81F, 0xF81F, 0xF81F, 0xF81F, 0xF81F, 0xF81F, 0xF81F,
  0xF81F, 0xF81F, 0xF81F, 0xF81F, 0xF81F, 0xF81F, 0xF81F, 0xF81F, 0xF81F, 0xF81F,
  0xF81F, 0xF81F, 0xF81F, 0xF81F, 0xF81F, 0xF81F, 0xFF36, 0xFFD8, 0xFED2, 0xFD46,
  0xFD46, 0xFED2, 0xFFD8, 0xFF36, 0xF81F, 0xF81F, 0xF81F, 0xF81F, 0xF81F, 0xF81F,
  0xF81F, 0xF81F, 0xF81F, 0xF81F, 0xF81F, 0xF81F, 0xF81F, 0xF81F, 0xF81F, 0xF81F,
  0xF81F, 0xF81F, 0xF81F, 0xF81F, 0xF81F, 0xF81F, 0xF81F, 0xF81F, 0xF81F, 0xF81F,
  0xF81F, 0xF81F, 0xF81F, 0xF81F, 0xF81F, 0xF81F, 0xFF36, 0xFFD8, 0xFF14, 0xFD46,
  0xFD46, 0xFEF3, 0xFFD8, 0xFF36, 0xF81F, 0xF81F, 0xF81F, 0xF81F, 0xF81F, 0xF81F,
  0xF81F, 0xF81F, 0xF81F, 0xF81F, 0xF81F, 0xF81F, 0xF81F, 0xF81F, 0xF81F, 0xF81F,
  0xF81F, 0xF81F, 0xF81F, 0xF81F, 0xF81F, 0xF81F, 0xF81F, 0xF81F, 0xF81F, 0xF81F,
  0xF81F, 0xF81F, 0xF81F, 0xF81F, 0xF81F, 0xF81F, 0xFF57, 0xFF77, 0xFEF4, 0xFD46,
  0xFD46, 0xFF14, 0xFF77, 0xFF57, 0xF81F, 0xF81F, 0xF81F, 0xF81F, 0xF81F, 0xF81F,
  0xF81F, 0xF81F, 0xF81F, 0xF81F, 0xF81F, 0xF81F, 0xF81F, 0xF81F, 0xF81F, 0xF81F,
  0xF81F, 0xF81F, 0xF81F, 0xF81F, 0xF81F, 0xF81F, 0xF81F, 0xF81F, 0xF81F, 0xF81F,
  0xF81F, 0xF81F, 0xF81F, 0xF81F, 0xF81F, 0xFF77, 0xFF97, 0xFF57, 0xFF14, 0xFD46,
  0xFD46, 0xFF14, 0xFF57, 0xFF97, 0xFF77, 0xF81F, 0xF81F, 0xF81F, 0xF81F, 0xF81F,
  0xF81F, 0xF81F, 0xF81F, 0xF81F, 0xF81F, 0xF81F, 0xF81F, 0xF81F, 0xF81F, 0xF81F,
  0xF81F, 0xF81F, 0xF81F, 0xF81F, 0xF81F, 0xF81F, 0xF81F, 0xF81F, 0xF81F, 0xF81F,
  0xF81F, 0xF81F, 0xF81F, 0xFEF5, 0xFF57, 0xFF97, 0xFF36, 0xFF57, 0xFF14, 0xFD46,
  0xFD46, 0xFF14, 0xFF57, 0xFF36, 0xFF97, 0xFF57, 0xFEF5, 0xF81F, 0xF81F, 0xF81F,
  0xF81F, 0xF81F, 0xF81F, 0xF81F, 0xF81F, 0xF81F, 0xF81F, 0xF81F, 0xF81F, 0xF81F,
  0xF81F, 0xF81F, 0xF81F, 0xF81F, 0xF81F, 0xF81F, 0xF81F, 0xF81F, 0xF81F, 0xF81F,
  0xF81F, 0xF81F, 0xFF16, 0xFF57, 0xFF97, 0xFF36, 0xFF56, 0xFF57, 0xFF14, 0xFD46,
  0xFD46, 0xFF14, 0xFF57, 0xFF56, 0xFF36, 0xFF97, 0xFF57, 0xFF16, 0xF81F, 0xF81F,
  0xF81F, 0xF81F, 0xF81F, 0xF81F, 0xF81F, 0xF81F, 0xF81F, 0xF81F, 0xF81F, 0xF81F,
  0xF81F, 0xF81F, 0xF81F, 0xF81F, 0xF81F, 0xF81F, 0xF81F, 0xF81F, 0xF81F, 0xF81F,
  0xF81F, 0xFF37, 0xFF77, 0xFF97, 0xFF36, 0xFF56, 0xFF56, 0xFF57, 0xFF14, 0xFD46,
  0xFD46, 0xFF14, 0xFF57, 0xFF56, 0xFF56, 0xFF36, 0xFF97, 0xFF77, 0xFF37, 0xF81F,
  0xF81F, 0xF81F, 0xF81F, 0xF81F, 0xF81F, 0xF81F, 0xF81F, 0xF81F, 0xF81F, 0xF81F,
  0xF81F, 0xF81F, 0xF81F, 0xF81F, 0xF81F, 0xF81F, 0xF81F, 0xF81F, 0xF81F, 0xF81F,
  0xF81F, 0xFF36, 0xFFB7, 0xFF36, 0xFF56, 0xFF56, 0xFF56, 0xFF57, 0xFF14, 0xFD46,
  0xFD46, 0xFF14, 0xFF57, 0xFF56, 0xFF56, 0xFF56, 0xFF36, 0xFFB8, 0xFF36, 0xF81F,
  0xF81F, 0xF81F, 0xF81F, 0xF81F, 0xF81F, 0xF81F, 0xF81F, 0xF81F, 0xF81F, 0xF81F,
  0xF81F, 0xF81F, 0xF81F, 0xF81F, 0xF81F, 0xF81F, 0xF81F, 0xF81F, 0xF81F, 0xF81F,
  0xFF36, 0xFFB8, 0xFF36, 0xFF56, 0xFF56, 0xFF56, 0xFF56, 0xFF57, 0xFF14, 0xFD46,
  0xFD46, 0xFF14, 0xFF57, 0xFF56, 0xFF56, 0xFF56, 0xFF56, 0xFF36, 0xFFB8, 0xFF36,
  0xF81F, 0xF81F, 0xF81F, 0xF81F, 0xF81F, 0xF81F, 0xF81F, 0xF81F, 0xF81F, 0xF81F,
  0xF81F, 0xF81F, 0xF81F, 0xF81F, 0xF81F, 0xF81F, 0xF81F, 0xF81F, 0xF81F, 0xF81F,
  0xFF36, 0xFF97, 0xFF36, 0xFF56, 0xFF56, 0xFF56, 0xFF56, 0xFF57, 0xFF14, 0xFD66,
  0xFD66, 0xFF14, 0xFF57, 0xFF56, 0xFF56, 0xFF56, 0xFF56, 0xFF36, 0xFF97, 0xFF36,
  0xF81F, 0xF81F, 0xF81F, 0xF81F, 0xF81F, 0xF81F, 0xF81F, 0xF81F, 0xF81F, 0xF81F,
  0xF81F, 0xF81F, 0xF81F, 0xF81F, 0xF81F, 0xF81F, 0xF81F, 0xF81F, 0xF81F, 0xFF16,
  0xFF56, 0xFF56, 0xFF56, 0xFF56, 0xFF56, 0xFF56, 0xFF56, 0xFF57, 0xFF35, 0xFD87,
  0xFD87, 0xFF35, 0xFF57, 0xFF56, 0xFF56, 0xFF56, 0xFF56, 0xFF56, 0xFF56, 0xFF56,
  0xFF16, 0xF81F, 0xF81F, 0xF81F, 0xF81F, 0xF81F, 0xF81F, 0xF81F, 0xF81F, 0xF81F,
  0xF81F, 0xF81F, 0xF81F, 0xF81F, 0xF81F, 0xF81F, 0xF81F, 0xF81F, 0xF81F, 0xFF36,
  0xFFB7, 0xFF56, 0xFF56, 0xFF56, 0xFF56, 0xFF56, 0xFF56, 0xFF57, 0xFF35, 0xFD87,
  0xFD87, 0xFF35, 0xFF57, 0xFF56, 0xFF56, 0xFF56, 0xFF56, 0xFF56, 0xFF56, 0xFFB7,
  0xFF36, 0xF81F, 0xF81F, 0xF81F, 0xF81F, 0xF81F, 0xF81F, 0xF81F, 0xF81F, 0xF81F,
  0xF81F, 0xF81F, 0xF81F, 0xF81F, 0xF81F, 0xF81F, 0xF81F, 0xF81F, 0xF81F, 0xFF36,
  0xFFD8, 0xFF36, 0xFF56, 0xFF56, 0xFF56, 0xFF56, 0xFF56, 0xFF56, 0xFF36, 0xFDA8,
  0xFDA8, 0xFF36, 0xFF56, 0xFF56, 0xFF56, 0xFF56, 0xFF56, 0xFF56, 0xFF36, 0xFFD8,
  0xFF36, 0xF81F, 0xF81F, 0xF81F, 0xF81F, 0xF81F, 0xF81F, 0xF81F, 0xF81F, 0xF81F,
  0xF81F, 0xF81F, 0xF81F, 0xF81F, 0xF81F, 0xF81F, 0xF81F, 0xF81F, 0xF81F, 0xFF56,
  0xFF97, 0xFF56, 0xFF56, 0xFF56, 0xFF56, 0xFF56, 0xFF56, 0xFF56, 0xFF57, 0xFDCA,
  0xFDCA, 0xFF57, 0xFF56, 0xFF56, 0xFF56, 0xFF56, 0xFF56, 0xFF56, 0xFF56, 0xFF97,
  0xFF56, 0xF81F, 0xF81F, 0xF81F, 0xF81F, 0xF81F, 0xF81F, 0xF81F, 0xF81F, 0xF81F,
  0xF81F, 0xF81F, 0xF81F, 0xF81F, 0xF81F, 0xF81F, 0xF81F, 0xF81F, 0xF81F, 0xFF36,
  0xFF77, 0xFF36, 0xFF36, 0xFF36, 0xFF36, 0xFF36, 0xFF36, 0xFF36, 0xFF78, 0xFDEB,
  0xFDEB, 0xFF78, 0xFF36, 0xFF36, 0xFF36, 0xFF36, 0xFF36, 0xFF36, 0xFF36, 0xFF77,
  0xFF36, 0xF81F, 0xF81F, 0xF81F, 0xF81F, 0xF81F, 0xF81F, 0xF81F, 0xF81F, 0xF81F,
  0xF81F, 0xF81F, 0xF81F, 0xF81F, 0xF81F, 0xF81F, 0xF81F, 0xF81F, 0xF81F, 0xFF96,
  0xFF97, 0xFF76, 0xFF96, 0xFF96, 0xFF96, 0xFF96, 0xFF96, 0xFF76, 0xFF97, 0xFF33,
  0xFF33, 0xFF97, 0xFF76, 0xFF96, 0xFF96, 0xFF96, 0xFF96, 0xFF96, 0xFF76, 0xFF97,
  0xFF76, 0xF81F, 0xF81F, 0xF81F, 0xF81F, 0xF81F, 0xF81F, 0xF81F, 0xF81F, 0xF81F,
  0xF81F, 0xF81F, 0xF81F, 0xF81F, 0xF81F, 0xF81F, 0xF81F, 0x3C58, 0x54B8, 0xADF7,
  0xADF7, 0xADF7, 0xADF7, 0xADF7, 0xADF7, 0xADF7, 0xADF7, 0xADF7, 0xADF7, 0xAE18,
  0xAE18, 0xADF7, 0xADF7, 0xADF7, 0xADF7, 0xADF7, 0xADF7, 0xADF7, 0xADF7, 0xADF7,
  0xADF7, 0x54B8, 0x3C58, 0xF81F, 0xF81F, 0xF81F, 0xF81F, 0xF81F, 0xF81F, 0xF81F,
  0xF81F, 0xF81F, 0xF81F, 0xF81F, 0xF81F, 0xF81F, 0xF81F, 0x3C58, 0x3C9A, 0x2BF8,
  0x2C18, 0x2C18, 0x2C18, 0x2C18, 0x2C18, 0x2C18, 0x2C18, 0x2C18, 0x2C18, 0x2BF8,
  0x2BF8, 0x2C18, 0x2C18, 0x2C18, 0x2C18, 0x2C18, 0x2C18, 0x2C18, 0x2C18, 0x2C18,
  0x2BF8, 0x3C9A, 0x3C58, 0xF81F, 0xF81F, 0xF81F, 0xF81F, 0xF81F, 0xF81F, 0xF81F,
  0xF81F, 0xF81F, 0xF81F, 0xF81F, 0xF81F, 0xF81F, 0x3C38, 0x44BA, 0x3C58, 0x3C58,
  0x3C58, 0x3C58, 0x3C58, 0x3C58, 0x3C58, 0x3C58, 0x3C58, 0x3C58, 0x3C58, 0x3C58,
  0x3C58, 0x3C58, 0x3C58, 0x3C58, 0x3C58, 0x3C58, 0x3C58, 0x3C58, 0x3C58, 0x3C58,
  0x3C58, 0x3C58, 0x44BA, 0x3C38, 0xF81F, 0xF81F, 0xF81F, 0xF81F, 0xF81F, 0xF81F,
  0xF81F, 0xF81F, 0xF81F, 0xF81F, 0xF81F, 0xF81F, 0x3C58, 0x3C99, 0x3C58, 0x3C58,
  0x3C58, 0x3C58, 0x3C58, 0x3C58, 0x3C58, 0x3C58, 0x3C58, 0x3C58, 0x3C58, 0x3C58,
  0x3C58, 0x3C58, 0x3C58, 0x3C58, 0x3C58, 0x3C58, 0x3C58, 0x3C58, 0x3C58, 0x3C58,
  0x3C58, 0x3C58, 0x3C99, 0x3C58, 0xF81F, 0xF81F, 0xF81F, 0xF81F, 0xF81F, 0xF81F,
  0xF81F, 0xF81F, 0xF81F, 0xF81F, 0xF81F, 0xF81F, 0xF81F, 0x3C38, 0x3C58, 0x3C58,
  0x3C58, 0x3C58, 0x3C58, 0x3C58, 0x3C58, 0x3C58, 0x3C58, 0x3C58, 0x3C58, 0x3C58,
  0x3C58, 0x3C58, 0x3C58, 0x3C58, 0x3C58, 0x3C58, 0x3C58, 0x3C58, 0x3C58, 0x3C58,
  0x3C58, 0x3C58, 0x3C38, 0xF81F, 0xF81F, 0xF81F, 0xF81F, 0xF81F, 0xF81F, 0xF81F
};

static const uint16_t kEmoji_stop[1600] PROGMEM = {
  0xF81F, 0xF81F, 0xF81F, 0xF81F, 0xF81F, 0xF81F, 0xF81F, 0xF81F, 0xF81F, 0xF81F,
  0xF81F, 0xF81F, 0xF81F, 0xF81F, 0xF81F, 0xF81F, 0xF81F, 0xF81F, 0xF81F, 0xF81F,
  0xF81F, 0xF81F, 0xF81F, 0xF81F, 0xF81F, 0xF81F, 0xF81F, 0xF81F, 0xF81F, 0xF81F,
  0xF81F, 0xF81F, 0xF81F, 0xF81F, 0xF81F, 0xF81F, 0xF81F, 0xF81F, 0xF81F, 0xF81F,
  0xF81F, 0xF81F, 0xF81F, 0xF81F, 0xF81F, 0xF81F, 0xF81F, 0xF81F, 0xF81F, 0xF81F,
  0xF81F, 0xCEBB, 0xD6FC, 0xCEBB, 0xCE9B, 0xCE9B, 0xCE9B, 0xCE9B, 0xCE9B, 0xCE9B,
  0xCE9B, 0xCE9B, 0xCE9B, 0xCE9B, 0xCE9B, 0xCE9B, 0xCEBB, 0xD6FC, 0xCEBB, 0xF81F,
  0xF81F, 0xF81F, 0xF81F, 0xF81F, 0xF81F, 0xF81F, 0xF81F, 0xF81F, 0xF81F, 0xF81F,
  0xF81F, 0xF81F, 0xF81F, 0xF81F, 0xF81F, 0xF81F, 0xF81F, 0xF81F, 0xF81F, 0xF81F,
  0xCEBB, 0xCEDC, 0xDF3D, 0xD75D, 0xD75E, 0xD75E, 0xD75E, 0xD75E, 0xD75E, 0xD75E,
  0xD75E, 0xD75E, 0xD75E, 0xD75E, 0xD75E, 0xD75E, 0xD75D, 0xDF3D, 0xCEDC, 0xCEBB,
  0xF81F, 0xF81F, 0xF81F, 0xF81F, 0xF81F, 0xF81F, 0xF81F, 0xF81F, 0xF81F, 0xF81F,
  0xF81F, 0xF81F, 0xF81F, 0xF81F, 0xF81F, 0xF81F, 0xF81F, 0xF81F, 0xF81F, 0xCEBB,
  0xCEBB, 0xD71D, 0xCE9A, 0xD390, 0xDB0E, 0xD32E, 0xD32E, 0xD32E, 0xD32E, 0xD32E,
  0xD32E, 0xD32E, 0xD32E, 0xD32E, 0xD32E, 0xDB0E, 0xD390, 0xCE9A, 0xD71D, 0xCEBB,
  0xCEBB, 0xF81F, 0xF81F, 0xF81F, 0xF81F, 0xF81F, 0xF81F, 0xF81F, 0xF81F, 0xF81F,
  0xF81F, 0xF81F, 0xF81F, 0xF81F, 0xF81F, 0xF81F, 0xF81F, 0xF81F, 0xC69A, 0xD6DB,
  0xD71C, 0xCE9B, 0xDB0E, 0xD8E6, 0xD927, 0xD907, 0xD907, 0xD907, 0xD907, 0xD907,
  0xD907, 0xD907, 0xD907, 0xD907, 0xD907, 0xD927, 0xD8E6, 0xDB0E, 0xCE9B, 0xD71C,
  0xD6DB, 0xC69A, 0xF81F, 0xF81F, 0xF81F, 0xF81F, 0xF81F, 0xF81F, 0xF81F, 0xF81F,
  0xF81F, 0xF81F, 0xF81F, 0xF81F, 0xF81F, 0xF81F, 0xF81F, 0xC6BA, 0xD6DC, 0xD71D,
  0xCE9B, 0xDAEE, 0xD907, 0xD989, 0xD988, 0xD988, 0xD988, 0xD988, 0xD988, 0xD988,
  0xD988, 0xD988, 0xD988, 0xD988, 0xD988, 0xD988, 0xD989, 0xD907, 0xDAEE, 0xCE9B,
  0xD71D, 0xD6DC, 0xC6BA, 0xF81F, 0xF81F, 0xF81F, 0xF81F, 0xF81F, 0xF81F, 0xF81F,
  0xF81F, 0xF81F, 0xF81F, 0xF81F, 0xF81F, 0xF81F, 0xCE9B, 0xD6DC, 0xD71D, 0xCE9B,
  0xDAEE, 0xD907, 0xD988, 0xD968, 0xD968, 0xD968, 0xD968, 0xD968, 0xD968, 0xD968,
  0xD968, 0xD968, 0xD968, 0xD968, 0xD968, 0xD968, 0xD968, 0xD988, 0xD907, 0xDAEE,
  0xCE9B, 0xD71D, 0xD6DC, 0xCE9B, 0xF81F, 0xF81F, 0xF81F, 0xF81F, 0xF81F, 0xF81F,
  0xF81F, 0xF81F, 0xF81F, 0xF81F, 0xF81F, 0xCEBB, 0xD6DC, 0xD71D, 0xCE9B, 0xDAEE,
  0xD907, 0xD988, 0xD968, 0xD968, 0xD968, 0xD968, 0xD968, 0xD968, 0xD968, 0xD968,
  0xD968, 0xD968, 0xD968, 0xD968, 0xD968, 0xD968, 0xD968, 0xD968, 0xD988, 0xD907,
  0xDAEE, 0xCE9B, 0xD71D, 0xD6DC, 0xCEBB, 0xF81F, 0xF81F, 0xF81F, 0xF81F, 0xF81F,
  0xF81F, 0xF81F, 0xF81F, 0xF81F, 0xCEBB, 0xCEBB, 0xD71D, 0xCE9B, 0xDAEE, 0xD907,
  0xD988, 0xD968, 0xD968, 0xD968, 0xD968, 0xD968, 0xD968, 0xD968, 0xD968, 0xD968,
  0xD968, 0xD968, 0xD968, 0xD968, 0xD968, 0xD968, 0xD968, 0xD968, 0xD968, 0xD988,
  0xD907, 0xDAEE, 0xCE9B, 0xD71D, 0xCEBB, 0xCEBB, 0xF81F, 0xF81F, 0xF81F, 0xF81F,
  0xF81F, 0xF81F, 0xF81F, 0xC69A, 0xD6DB, 0xD71C, 0xCE9B, 0xDAEE, 0xD907, 0xD988,
  0xD968, 0xD968, 0xD968, 0xD968, 0xD968, 0xD968, 0xD968, 0xD968, 0xD968, 0xD968,
  0xD968, 0xD968, 0xD968, 0xD968, 0xD968, 0xD968, 0xD968, 0xD968, 0xD968, 0xD968,
  0xD988, 0xD907, 0xDAEE, 0xCE9B, 0xD71C, 0xD6DB, 0xC69A, 0xF81F, 0xF81F, 0xF81F,
  0xF81F, 0xF81F, 0xC6BB, 0xD6DC, 0xD71D, 0xCE9B, 0xDAEE, 0xD907, 0xD988, 0xD968,
  0xD968, 0xD968, 0xD968, 0xD968, 0xD968, 0xD968, 0xD968, 0xD968, 0xD968, 0xD968,
  0xD968, 0xD968, 0xD968, 0xD968, 0xD968, 0xD968, 0xD968, 0xD968, 0xD968, 0xD968,
  0xD968, 0xD988, 0xD907, 0xDAEE, 0xCE9B, 0xD71D, 0xD6DC, 0xC6BB, 0xF81F, 0xF81F,
  0xF81F, 0xCEBB, 0xD6DC, 0xD71D, 0xCE9B, 0xDAEE, 0xD907, 0xD988, 0xD968, 0xD968,
  0xD968, 0xD968, 0xD968, 0xD968, 0xD968, 0xD968, 0xD968, 0xD968, 0xD968, 0xD968,
  0xD968, 0xD968, 0xD968, 0xD968, 0xD968, 0xD968, 0xD968, 0xD968, 0xD968, 0xD968,
  0xD968, 0xD968, 0xD988, 0xD907, 0xDAEE, 0xCE9B, 0xD71D, 0xD6DC, 0xCEBB, 0xF81F,
  0xF81F, 0xCEBB, 0xDF3D, 0xCE9A, 0xDB0E, 0xD907, 0xD988, 0xD968, 0xD968, 0xD968,
  0xD968, 0xD968, 0xD968, 0xD968, 0xD968, 0xD968, 0xD968, 0xD968, 0xD968, 0xD968,
  0xD968, 0xD968, 0xD968, 0xD968, 0xD968, 0xD968, 0xD968, 0xD968, 0xD968, 0xD968,
  0xD968, 0xD968, 0xD968, 0xD988, 0xD907, 0xDB0E, 0xCE9A, 0xDF3D, 0xCEBB, 0xF81F,
  0xF81F, 0xCE9B, 0xD75D, 0xD3B0, 0xD8E6, 0xD988, 0xD968, 0xD968, 0xD968, 0xD968,
  0xD968, 0xD968, 0xD968, 0xD968, 0xD968, 0xD968, 0xD968, 0xD968, 0xD968, 0xD968,
  0xD968, 0xD968, 0xD968, 0xD968, 0xD968, 0xD968, 0xD968, 0xD968, 0xD968, 0xD968,
  0xD968, 0xD968, 0xD968, 0xD968, 0xD988, 0xD8E6, 0xD3B0, 0xD75D, 0xCE9B, 0xF81F,
  0xF81F, 0xCE9B, 0xD75E, 0xD30E, 0xD927, 0xD988, 0xD968, 0xD968, 0xD968, 0xD968,
  0xD968, 0xD968, 0xD968, 0xD968, 0xD968, 0xD968, 0xD968, 0xD968, 0xD968, 0xD968,
  0xD968, 0xD968, 0xD968, 0xD968, 0xD968, 0xD968, 0xD968, 0xD968, 0xD968, 0xD968,
  0xD968, 0xD968, 0xD968, 0xD968, 0xD988, 0xD927, 0xD30E, 0xD75E, 0xCE9B, 0xF81F,
  0xF81F, 0xCE9B, 0xD75E, 0xD32E, 0xD907, 0xD988, 0xD968, 0xD968, 0xD968, 0xD968,
  0xD968, 0xD968, 0xD968, 0xD968, 0xD968, 0xD968, 0xD968, 0xD968, 0xD968, 0xD968,
  0xD968, 0xD968, 0xD968, 0xD968, 0xD968, 0xD968, 0xD968, 0xD968, 0xD968, 0xD968,
  0xD968, 0xD968, 0xD968, 0xD968, 0xD988, 0xD907, 0xD32E, 0xD75E, 0xCE9B, 0xF81F,
  0xF81F, 0xCE9B, 0xD75E, 0xD32E, 0xD907, 0xD988, 0xD968, 0xD968, 0xD968, 0xD968,
  0xD968, 0xD968, 0xD968, 0xD968, 0xD968, 0xD968, 0xD968, 0xD968, 0xD968, 0xD968,
  0xD968, 0xD968, 0xD968, 0xD968, 0xD968, 0xD968, 0xD968, 0xD968, 0xD968, 0xD968,
  0xD968, 0xD968, 0xD968, 0xD968, 0xD988, 0xD907, 0xD32E, 0xD75E, 0xCE9B, 0xF81F,
  0xF81F, 0xCE9B, 0xD75E, 0xD32E, 0xD907, 0xD988, 0xD968, 0xD968, 0xD968, 0xD968,
  0xD968, 0xD968, 0xD968, 0xD968, 0xD968, 0xD968, 0xD968, 0xD968, 0xD968, 0xD968,
  0xD968, 0xD968, 0xD968, 0xD968, 0xD968, 0xD968, 0xD968, 0xD968, 0xD968, 0xD968,
  0xD968, 0xD968, 0xD968, 0xD968, 0xD988, 0xD907, 0xD32E, 0xD75E, 0xCE9B, 0xF81F,
  0xF81F, 0xCE9B, 0xD75E, 0xD32E, 0xD907, 0xD988, 0xD968, 0xD968, 0xD968, 0xD968,
  0xD968, 0xD968, 0xD968, 0xD968, 0xD968, 0xD968, 0xD968, 0xD968, 0xD968, 0xD968,
  0xD968, 0xD968, 0xD968, 0xD968, 0xD968, 0xD968, 0xD968, 0xD968, 0xD968, 0xD968,
  0xD968, 0xD968, 0xD968, 0xD968, 0xD988, 0xD907, 0xD32E, 0xD75E, 0xCE9B, 0xF81F,
  0xF81F, 0xCE9B, 0xD75E, 0xD32E, 0xD907, 0xD988, 0xD968, 0xD968, 0xD968, 0xD968,
  0xD968, 0xD968, 0xD968, 0xD968, 0xD968, 0xD968, 0xD968, 0xD968, 0xD968, 0xD968,
  0xD968, 0xD968, 0xD968, 0xD968, 0xD968, 0xD968, 0xD968, 0xD968, 0xD968, 0xD968,
  0xD968, 0xD968, 0xD968, 0xD968, 0xD988, 0xD907, 0xD32E, 0xD75E, 0xCE9B, 0xF81F,
  0xF81F, 0xCE9B, 0xD75E, 0xD32E, 0xD907, 0xD988, 0xD968, 0xD968, 0xD968, 0xD968,
  0xD968, 0xD968, 0xD968, 0xD968, 0xD968, 0xD968, 0xD968, 0xD968, 0xD968, 0xD968,
  0xD968, 0xD968, 0xD968, 0xD968, 0xD968, 0xD968, 0xD968, 0xD968, 0xD968, 0xD968,
  0xD968, 0xD968, 0xD968, 0xD968, 0xD988, 0xD907, 0xD32E, 0xD75E, 0xCE9B, 0xF81F,
  0xF81F, 0xCE9B, 0xD75E, 0xD32E, 0xD907, 0xD988, 0xD968, 0xD968, 0xD968, 0xD968,
  0xD968, 0xD968, 0xD968, 0xD968, 0xD968, 0xD968, 0xD968, 0xD968, 0xD968, 0xD968,
  0xD968, 0xD968, 0xD968, 0xD968, 0xD968, 0xD968, 0xD968, 0xD968, 0xD968, 0xD968,
  0xD968, 0xD968, 0xD968, 0xD968, 0xD988, 0xD907, 0xD32E, 0xD75E, 0xCE9B, 0xF81F,
  0xF81F, 0xCE9B, 0xD75E, 0xD32E, 0xD907, 0xD988, 0xD968, 0xD968, 0xD968, 0xD968,
  0xD968, 0xD968, 0xD968, 0xD968, 0xD968, 0xD968, 0xD968, 0xD968, 0xD968, 0xD968,
  0xD968, 0xD968, 0xD968, 0xD968, 0xD968, 0xD968, 0xD968, 0xD968, 0xD968, 0xD968,
  0xD968, 0xD968, 0xD968, 0xD968, 0xD988, 0xD907, 0xD32E, 0xD75E, 0xCE9B, 0xF81F,
  0xF81F, 0xCE9B, 0xD75E, 0xD32E, 0xD907, 0xD988, 0xD968, 0xD968, 0xD968, 0xD968,
  0xD968, 0xD968, 0xD968, 0xD968, 0xD968, 0xD968, 0xD968, 0xD968, 0xD968, 0xD968,
  0xD968, 0xD968, 0xD968, 0xD968, 0xD968, 0xD968, 0xD968, 0xD968, 0xD968, 0xD968,
  0xD968, 0xD968, 0xD968, 0xD968, 0xD988, 0xD907, 0xD32E, 0xD75E, 0xCE9B, 0xF81F,
  0xF81F, 0xCE9B, 0xD75E, 0xD32E, 0xD907, 0xD988, 0xD968, 0xD968, 0xD968, 0xD968,
  0xD968, 0xD968, 0xD968, 0xD968, 0xD968, 0xD968, 0xD968, 0xD968, 0xD968, 0xD968,
  0xD968, 0xD968, 0xD968, 0xD968, 0xD968, 0xD968, 0xD968, 0xD968, 0xD968, 0xD968,
  0xD968, 0xD968, 0xD968, 0xD968, 0xD988, 0xD907, 0xD32E, 0xD75E, 0xCE9B, 0xF81F,
  0xF81F, 0xCE9B, 0xD75E, 0xD30E, 0xD927, 0xD988, 0xD968, 0xD968, 0xD968, 0xD968,
  0xD968, 0xD968, 0xD968, 0xD968, 0xD968, 0xD968, 0xD968, 0xD968, 0xD968, 0xD968,
  0xD968, 0xD968, 0xD968, 0xD968, 0xD968, 0xD968, 0xD968, 0xD968, 0xD968, 0xD968,
  0xD968, 0xD968, 0xD968, 0xD968, 0xD988, 0xD927, 0xD30E, 0xD75E, 0xCE9B, 0xF81F,
  0xF81F, 0xCE9B, 0xD75D, 0xD3B0, 0xD8E6, 0xD988, 0xD968, 0xD968, 0xD968, 0xD968,
  0xD968, 0xD968, 0xD968, 0xD968, 0xD968, 0xD968, 0xD968, 0xD968, 0xD968, 0xD968,
  0xD968, 0xD968, 0xD968, 0xD968, 0xD968, 0xD968, 0xD968, 0xD968, 0xD968, 0xD968,
  0xD968, 0xD968, 0xD968, 0xD968, 0xD988, 0xD8E6, 0xD3B0, 0xD75D, 0xCE9B, 0xF81F,
  0xF81F, 0xCEBB, 0xDF3D, 0xCE9A, 0xDB0E, 0xD907, 0xD988, 0xD968, 0xD968, 0xD968,
  0xD968, 0xD968, 0xD968, 0xD968, 0xD968, 0xD968, 0xD968, 0xD968, 0xD968, 0xD968,
  0xD968, 0xD968, 0xD968, 0xD968, 0xD968, 0xD968, 0xD968, 0xD968, 0xD968, 0xD968,
  0xD968, 0xD968, 0xD968, 0xD988, 0xD907, 0xDB0E, 0xCE9A, 0xDF3D, 0xCEBB, 0xF81F,
  0xF81F, 0xCEBB, 0xD6DC, 0xD71D, 0xCE9B, 0xDAEE, 0xD907, 0xD988, 0xD968, 0xD968,
  0xD968, 0xD968, 0xD968, 0xD968, 0xD968, 0xD968, 0xD968, 0xD968, 0xD968, 0xD968,
  0xD968, 0xD968, 0xD968, 0xD968, 0xD968, 0xD968, 0xD968, 0xD968, 0xD968, 0xD968,
  0xD968, 0xD968, 0xD988, 0xD907, 0xDAEE, 0xCE9B, 0xD71D, 0xD6DC, 0xCEBB, 0xF81F,
  0xF81F, 0xF81F, 0xC6BB, 0xD6DC, 0xD71D, 0xCE9B, 0xDAEE, 0xD907, 0xD988, 0xD968,
  0xD968, 0xD968, 0xD968, 0xD968, 0xD968, 0xD968, 0xD968, 0xD968, 0xD968, 0xD968,
  0xD968, 0xD968, 0xD968, 0xD968, 0xD968, 0xD968, 0xD968, 0xD968, 0xD968, 0xD968,
  0xD968, 0xD988, 0xD907, 0xDAEE, 0xCE9B, 0xD71D, 0xD6DC, 0xC6BB, 0xF81F, 0xF81F,
  0xF81F, 0xF81F, 0xF81F, 0xC69A, 0xD6DB, 0xD71C, 0xCE9B, 0xDAEE, 0xD907, 0xD988,
  0xD968, 0xD968, 0xD968, 0xD968, 0xD968, 0xD968, 0xD968, 0xD968, 0xD968, 0xD968,
  0xD968, 0xD968, 0xD968, 0xD968, 0xD968, 0xD968, 0xD968, 0xD968, 0xD968, 0xD968,
  0xD988, 0xD907, 0xDAEE, 0xCE9B, 0xD71C, 0xD6DB, 0xC69A, 0xF81F, 0xF81F, 0xF81F,
  0xF81F, 0xF81F, 0xF81F, 0xF81F, 0xCEBB, 0xCEBB, 0xD71D, 0xCE9B, 0xDAEE, 0xD907,
  0xD988, 0xD968, 0xD968, 0xD968, 0xD968, 0xD968, 0xD968, 0xD968, 0xD968, 0xD968,
  0xD968, 0xD968, 0xD968, 0xD968, 0xD968, 0xD968, 0xD968, 0xD968, 0xD968, 0xD988,
  0xD907, 0xDAEE, 0xCE9B, 0xD71D, 0xCEBB, 0xCEBB, 0xF81F, 0xF81F, 0xF81F, 0xF81F,
  0xF81F, 0xF81F, 0xF81F, 0xF81F, 0xF81F, 0xCEBB, 0xD6DC, 0xD71D, 0xCE9B, 0xDAEE,
  0xD907, 0xD988, 0xD968, 0xD968, 0xD968, 0xD968, 0xD968, 0xD968, 0xD968, 0xD968,
  0xD968, 0xD968, 0xD968, 0xD968, 0xD968, 0xD968, 0xD968, 0xD968, 0xD988, 0xD907,
  0xDAEE, 0xCE9B, 0xD71D, 0xD6DC, 0xCEBB, 0xF81F, 0xF81F, 0xF81F, 0xF81F, 0xF81F,
  0xF81F, 0xF81F, 0xF81F, 0xF81F, 0xF81F, 0xF81F, 0xCE9B, 0xD6DC, 0xD71D, 0xCE9B,
  0xDAEE, 0xD907, 0xD988, 0xD968, 0xD968, 0xD968, 0xD968, 0xD968, 0xD968, 0xD968,
  0xD968, 0xD968, 0xD968, 0xD968, 0xD968, 0xD968, 0xD968, 0xD988, 0xD907, 0xDAEE,
  0xCE9B, 0xD71D, 0xD6DC, 0xCE9B, 0xF81F, 0xF81F, 0xF81F, 0xF81F, 0xF81F, 0xF81F,
  0xF81F, 0xF81F, 0xF81F, 0xF81F, 0xF81F, 0xF81F, 0xF81F, 0xC6BA, 0xD6DC, 0xD71D,
  0xCE9B, 0xDAEE, 0xD907, 0xD989, 0xD988, 0xD988, 0xD988, 0xD988, 0xD988, 0xD988,
  0xD988, 0xD988, 0xD988, 0xD988, 0xD988, 0xD988, 0xD989, 0xD907, 0xDAEE, 0xCE9B,
  0xD71D, 0xD6DC, 0xC6BA, 0xF81F, 0xF81F, 0xF81F, 0xF81F, 0xF81F, 0xF81F, 0xF81F,
  0xF81F, 0xF81F, 0xF81F, 0xF81F, 0xF81F, 0xF81F, 0xF81F, 0xF81F, 0xC69A, 0xD6DB,
  0xD71C, 0xCE9B, 0xDB0E, 0xD8E6, 0xD927, 0xD907, 0xD907, 0xD907, 0xD907, 0xD907,
  0xD907, 0xD907, 0xD907, 0xD907, 0xD907, 0xD927, 0xD8E6, 0xDB0E, 0xCE9B, 0xD71C,
  0xD6DB, 0xC69A, 0xF81F, 0xF81F, 0xF81F, 0xF81F, 0xF81F, 0xF81F, 0xF81F, 0xF81F,
  0xF81F, 0xF81F, 0xF81F, 0xF81F, 0xF81F, 0xF81F, 0xF81F, 0xF81F, 0xF81F, 0xCEBB,
  0xCEBB, 0xD71D, 0xCE9A, 0xD390, 0xDB0E, 0xD32E, 0xD32E, 0xD32E, 0xD32E, 0xD32E,
  0xD32E, 0xD32E, 0xD32E, 0xD32E, 0xD32E, 0xDB0E, 0xD390, 0xCE9A, 0xD71D, 0xCEBB,
  0xCEBB, 0xF81F, 0xF81F, 0xF81F, 0xF81F, 0xF81F, 0xF81F, 0xF81F, 0xF81F, 0xF81F,
  0xF81F, 0xF81F, 0xF81F, 0xF81F, 0xF81F, 0xF81F, 0xF81F, 0xF81F, 0xF81F, 0xF81F,
  0xCEBB, 0xCEDC, 0xDF3D, 0xD75D, 0xD75E, 0xD75E, 0xD75E, 0xD75E, 0xD75E, 0xD75E,
  0xD75E, 0xD75E, 0xD75E, 0xD75E, 0xD75E, 0xD75E, 0xD75D, 0xDF3D, 0xCEDC, 0xCEBB,
  0xF81F, 0xF81F, 0xF81F, 0xF81F, 0xF81F, 0xF81F, 0xF81F, 0xF81F, 0xF81F, 0xF81F,
  0xF81F, 0xF81F, 0xF81F, 0xF81F, 0xF81F, 0xF81F, 0xF81F, 0xF81F, 0xF81F, 0xF81F,
  0xF81F, 0xCEBB, 0xD6FC, 0xCEBB, 0xCE9B, 0xCE9B, 0xCE9B, 0xCE9B, 0xCE9B, 0xCE9B,
  0xCE9B, 0xCE9B, 0xCE9B, 0xCE9B, 0xCE9B, 0xCE9B, 0xCEBB, 0xD6FC, 0xCEBB, 0xF81F,
  0xF81F, 0xF81F, 0xF81F, 0xF81F, 0xF81F, 0xF81F, 0xF81F, 0xF81F, 0xF81F, 0xF81F,
  0xF81F, 0xF81F, 0xF81F, 0xF81F, 0xF81F, 0xF81F, 0xF81F, 0xF81F, 0xF81F, 0xF81F,
  0xF81F, 0xF81F, 0xF81F, 0xF81F, 0xF81F, 0xF81F, 0xF81F, 0xF81F, 0xF81F, 0xF81F,
  0xF81F, 0xF81F, 0xF81F, 0xF81F, 0xF81F, 0xF81F, 0xF81F, 0xF81F, 0xF81F, 0xF81F,
  0xF81F, 0xF81F, 0xF81F, 0xF81F, 0xF81F, 0xF81F, 0xF81F, 0xF81F, 0xF81F, 0xF81F
};

static const uint16_t kEmoji_recycle[1600] PROGMEM = {
  0xF81F, 0xF81F, 0xF81F, 0xF81F, 0xF81F, 0xF81F, 0xF81F, 0xF81F, 0xF81F, 0xF81F,
  0xF81F, 0xF81F, 0xF81F, 0xF81F, 0xF81F, 0x756A, 0x7DCA, 0x758A, 0x758A, 0x758A,
  0x758A, 0x758A, 0x758A, 0x758A, 0x758A, 0xF81F, 0xF81F, 0xF81F, 0xF81F, 0xF81F,
  0xF81F, 0xF81F, 0xF81F, 0xF81F, 0xF81F, 0xF81F, 0xF81F, 0xF81F, 0xF81F, 0xF81F,
  0xF81F, 0xF81F, 0xF81F, 0xF81F, 0xF81F, 0xF81F, 0xF81F, 0xF81F, 0xF81F, 0xF81F,
  0xF81F, 0xF81F, 0xF81F, 0xF81F, 0x7DCB, 0x7DCB, 0x7DEB, 0x7DEB, 0x7DEB, 0x7DEB,
  0x7DEB, 0x7DEB, 0x7DEB, 0x7DEB, 0x862B, 0x758A, 0xF81F, 0xF81F, 0xF81F, 0xF81F,
  0xF81F, 0xF81F, 0xF81F, 0xF81F, 0xF81F, 0xF81F, 0xF81F, 0xF81F, 0xF81F, 0xF81F,
  0xF81F, 0xF81F, 0xF81F, 0xF81F, 0xF81F, 0xF81F, 0xF81F, 0xF81F, 0xF81F, 0xF81F,
  0xF81F, 0xF81F, 0xF81F, 0x5446, 0x5466, 0x5C86, 0x758A, 0x758A, 0x758A, 0x758A,
  0x758A, 0x758A, 0x758A, 0x758A, 0x7DAA, 0x7D8A, 0x758A, 0xF81F, 0xF81F, 0xF81F,
  0xF81F, 0xF81F, 0xF81F, 0xF81F, 0xF81F, 0xF81F, 0xF81F, 0xF81F, 0xF81F, 0xF81F,
  0xF81F, 0xF81F, 0xF81F, 0xF81F, 0xF81F, 0xF81F, 0xF81F, 0xF81F, 0xF81F, 0xF81F,
  0xF81F, 0xF81F, 0xF81F, 0x3B83, 0x3BA3, 0x3342, 0x5CA7, 0x7DAB, 0x758A, 0x758A,
  0x758A, 0x758A, 0x758A, 0x758A, 0x758A, 0x7DEB, 0x756A, 0xF81F, 0xF81F, 0xF81F,
  0xF81F, 0xF81F, 0xF81F, 0xF81F, 0xF81F, 0xF81F, 0xF81F, 0xF81F, 0xF81F, 0xF81F,
  0xF81F, 0xF81F, 0xF81F, 0xF81F, 0xF81F, 0xF81F, 0xF81F, 0xF81F, 0xF81F, 0xF81F,
  0xF81F, 0xF81F, 0x3B83, 0x43C3, 0x3B83, 0x3B83, 0x43C4, 0x756A, 0x7D8A, 0x758A,
  0x758A, 0x758A, 0x758A, 0x758A, 0x758A, 0x758A, 0x7DAA, 0x7D8A, 0xF81F, 0xF81F,
  0xF81F, 0xF81F, 0xF81F, 0xF81F, 0xF81F, 0xF81F, 0xF81F, 0xF81F, 0xF81F, 0xF81F,
  0xF81F, 0xF81F, 0xF81F, 0xF81F, 0xF81F, 0xF81F, 0xF81F, 0xF81F, 0xF81F, 0xF81F,
  0xF81F, 0xF81F, 0x3B83, 0x3BA3, 0x3B83, 0x3B83, 0x3B63, 0x5CA7, 0x7DAB, 0x758A,
  0x758A, 0x758A, 0x758A, 0x758A, 0x758A, 0x758A, 0x7DEB, 0x758A, 0xF81F, 0xF81F,
  0xF81F, 0xF81F, 0xF81F, 0xF81F, 0xF81F, 0xF81F, 0xF81F, 0xF81F, 0xF81F, 0xF81F,
  0xF81F, 0xF81F, 0xF81F, 0xF81F, 0xF81F, 0xF81F, 0xF81F, 0xF81F, 0xF81F, 0xF81F,
  0xF81F, 0x3B83, 0x43C3, 0x3B83, 0x3B83, 0x3B83, 0x3B83, 0x43C4, 0x756A, 0x7D8A,
  0x758A, 0x758A, 0x758A, 0x758A, 0x758A, 0x758A, 0x758A, 0x7DAA, 0x7DAB, 0xF81F,
  0xF81F, 0xF81F, 0xF81F, 0xF81F, 0xF81F, 0xF81F, 0xF81F, 0xF81F, 0xF81F, 0xF81F,
  0xF81F, 0xF81F, 0xF81F, 0xF81F, 0xF81F, 0xF81F, 0xF81F, 0xF81F, 0xF81F, 0xF81F,
  0x3B83, 0x3BA3, 0x3B83, 0x3B83, 0x3B83, 0x3B83, 0x3B83, 0x3B63, 0x5CA7, 0x7DAB,
  0x758A, 0x758A, 0x758A, 0x758A, 0x758A, 0x758A, 0x758A, 0x7DEB, 0x758A, 0xF81F,
  0xF81F, 0xF81F, 0xF81F, 0xF81F, 0xF81F, 0xF81F, 0xF81F, 0xF81F, 0xF81F, 0xF81F,
  0xF81F, 0xF81F, 0xF81F, 0xF81F, 0xF81F, 0xF81F, 0xF81F, 0xF81F, 0xF81F, 0xF81F,
  0x3B83, 0x43E4, 0x3B83, 0x3B83, 0x3B83, 0x3B83, 0x3B83, 0x3B83, 0x43C4, 0x756A,
  0x7D8A, 0x758A, 0x758A, 0x758A, 0x758A, 0x758A, 0x758A, 0x7D8A, 0x758A, 0x758A,
  0x758A, 0x7DCB, 0x758A, 0xF81F, 0xF81F, 0xF81F, 0xF81F, 0xF81F, 0xF81F, 0xF81F,
  0xF81F, 0xF81F, 0xF81F, 0xF81F, 0xF81F, 0xF81F, 0xF81F, 0xF81F, 0xF81F, 0xF81F,
  0x3B64, 0x3BA3, 0x43C3, 0x3B83, 0x3B83, 0x3B83, 0x3B83, 0x3B83, 0x3B63, 0x5C86,
  0x7DAB, 0x758A, 0x758A, 0x758A, 0x758A, 0x758A, 0x758A, 0x758A, 0x758A, 0x7DAA,
  0x7DCB, 0x7DCB, 0x758A, 0xF81F, 0xF81F, 0xF81F, 0xF81F, 0xF81F, 0xF81F, 0xF81F,
  0xF81F, 0xF81F, 0xF81F, 0xF81F, 0xF81F, 0xF81F, 0xF81F, 0xF81F, 0xF81F, 0xF81F,
  0xF81F, 0xF81F, 0x3BA3, 0x3BA3, 0x43C3, 0x3B83, 0x3B83, 0x3B83, 0x3BA3, 0x43C4,
  0x7DAA, 0x7DCB, 0x758A, 0x758A, 0x758A, 0x758A, 0x758A, 0x758A, 0x758A, 0x758A,
  0x758A, 0x7DCB, 0x758A, 0xF81F, 0xF81F, 0xF81F, 0xF81F, 0xF81F, 0xF81F, 0xF81F,
  0xF81F, 0xF81F, 0xF81F, 0xF81F, 0xF81F, 0xF81F, 0xF81F, 0xF81F, 0xF81F, 0xF81F,
  0xF81F, 0xF81F, 0xF81F, 0x3B84, 0x3B83, 0x43A3, 0x3BA3, 0x43C3, 0x3B83, 0xF81F,
  0x7DAA, 0x7DEB, 0x758A, 0x758A, 0x758A, 0x758A, 0x758A, 0x758A, 0x758A, 0x758A,
  0x758A, 0x7DCB, 0x7D8A, 0xF81F, 0xF81F, 0xF81F, 0xF81F, 0xF81F, 0xF81F, 0xF81F,
  0xF81F, 0xF81F, 0xF81F, 0xF81F, 0xF81F, 0xF81F, 0xF81F, 0xF81F, 0xF81F, 0xF81F,
  0xF81F, 0xF81F, 0xF81F, 0xF81F, 0xF81F, 0x3B83, 0x3B83, 0x3B83, 0x3BA3, 0xF81F,
  0xF81F, 0x758A, 0x7DAA, 0x758A, 0x758A, 0x758A, 0x758A, 0x758A, 0x758A, 0x758A,
  0x7DAA, 0x758A, 0xF81F, 0xF81F, 0xF81F, 0xF81F, 0xF81F, 0xF81F, 0xF81F, 0xF81F,
  0xF81F, 0xF81F, 0xF81F, 0xF81F, 0xF81F, 0xF81F, 0xF81F, 0xF81F, 0xF81F, 0xF81F,
  0x7D8B, 0x7D8A, 0x758A, 0x758A, 0xF81F, 0xF81F, 0xF81F, 0xF81F, 0xF81F, 0xF81F,
  0x7D8A, 0x7DAA, 0x7DAA, 0x758A, 0x758A, 0x758A, 0x758A, 0x758A, 0x758A, 0x758A,
  0x7DEB, 0x758A, 0xF81F, 0xF81F, 0xF81F, 0xF81F, 0xF81F, 0xF81F, 0xF81F, 0xF81F,
  0xF81F, 0xF81F, 0xF81F, 0xF81F, 0xF81F, 0xF81F, 0x7DAA, 0x7D8A, 0x758A, 0x758A,
  0x758A, 0x7DCB, 0x860B, 0x758A, 0xF81F, 0xF81F, 0xF81F, 0xF81F, 0xF81F, 0x7D8A,
  0x7DEB, 0x7D8A, 0x758A, 0x758A, 0x758A, 0x758A, 0x758A, 0x758A, 0x758A, 0x758A,
  0x7DCB, 0x758A, 0xF81F, 0xF81F, 0xF81F, 0xF81F, 0xF81F, 0xF81F, 0xF81F, 0xF81F,
  0xF81F, 0xF81F, 0xF81F, 0x756A, 0x7D8A, 0x758A, 0x758A, 0x7DCB, 0x7DEB, 0x7DCB,
  0x758A, 0x758A, 0x758A, 0x7DAA, 0x7D6A, 0xF81F, 0xF81F, 0xF81F, 0x758A, 0x7D8A,
  0x7DCB, 0x7DCB, 0x758A, 0x758A, 0x758A, 0x758A, 0x758A, 0x758A, 0x758A, 0x7DAA,
  0x758A, 0xF81F, 0xF81F, 0xF81F, 0xF81F, 0xF81F, 0xF81F, 0xF81F, 0xF81F, 0xF81F,
  0xF81F, 0xF81F, 0x758A, 0x864B, 0x7DCB, 0x7DAA, 0x7D8A, 0x758A, 0x758A, 0x758A,
  0x758A, 0x758A, 0x758A, 0x860B, 0x7D8A, 0xF81F, 0xF81F, 0xF81F, 0xF81F, 0x754A,
  0x7D8A, 0x7D8A, 0x7DAA, 0x7DEB, 0x7DCB, 0x758A, 0x758A, 0x758A, 0x758A, 0x7DEB,
  0x758A, 0xF81F, 0xF81F, 0xF81F, 0xF81F, 0xF81F, 0xF81F, 0xF81F, 0xF81F, 0xF81F,
  0xF81F, 0xF81F, 0x7DAA, 0x7DCB, 0x7DCB, 0x758A, 0x758A, 0x758A, 0x758A, 0x758A,
  0x758A, 0x758A, 0x758A, 0x7DCB, 0x758A, 0xF81F, 0xF81F, 0xF81F, 0xF81F, 0xF81F,
  0xF81F, 0xF81F, 0x7DAA, 0x7D8A, 0x758A, 0x758A, 0x7DEB, 0x7DCB, 0x758A, 0x7DEB,
  0x7D8A, 0xF81F, 0xF81F, 0xF81F, 0xF81F, 0xF81F, 0xF81F, 0xF81F, 0xF81F, 0xF81F,
  0xF81F, 0xF81F, 0xF81F, 0x756A, 0x7DAB, 0x7DAA, 0x758A, 0x758A, 0x758A, 0x758A,
  0x758A, 0x758A, 0x758A, 0x7DAA, 0x758A, 0xF81F, 0xF81F, 0xF81F, 0xF81F, 0xF81F,
  0xF81F, 0xF81F, 0xF81F, 0xF81F, 0xF81F, 0x7D8A, 0x75AA, 0x758A, 0x7DAA, 0x758A,
  0xF81F, 0xF81F, 0xF81F, 0xF81F, 0xF81F, 0xF81F, 0xF81F, 0xF81F, 0xF81F, 0xF81F,
  0xF81F, 0xF81F, 0xF81F, 0xF81F, 0x758A, 0x7DCB, 0x758A, 0x758A, 0x758A, 0x758A,
  0x758A, 0x758A, 0x758A, 0x758A, 0x7D8A, 0x756A, 0xF81F, 0xF81F, 0xF81F, 0xF81F,
  0xF81F, 0xF81F, 0xF81F, 0xF81F, 0xF81F, 0xF81F, 0xF81F, 0xF81F, 0x756A, 0x756A,
  0xF81F, 0xF81F, 0x3B83, 0x3B83, 0x3BA3, 0x3B83, 0xF81F, 0xF81F, 0xF81F, 0xF81F,
  0xF81F, 0xF81F, 0xF81F, 0x7D8A, 0x7DAA, 0x7DAA, 0x758A, 0x758A, 0x758A, 0x758A,
  0x758A, 0x758A, 0x758A, 0x758A, 0x7DEB, 0x758A, 0xF81F, 0xF81F, 0xF81F, 0xF81F,
  0xF81F, 0xF81F, 0xF81F, 0xF81F, 0xF81F, 0xF81F, 0xF81F, 0xF81F, 0xF81F, 0xF81F,
  0x3BA3, 0x3BA3, 0x43C3, 0x3BA3, 0x43A3, 0x3B83, 0xF81F, 0xF81F, 0xF81F, 0xF81F,
  0xF81F, 0xF81F, 0xF81F, 0x758A, 0x7DCB, 0x758A, 0x758A, 0x758A, 0x758A, 0x758A,
  0x758A, 0x758A, 0x758A, 0x758A, 0x7DEB, 0x758A, 0xF81F, 0xF81F, 0xF81F, 0xF81F,
  0xF81F, 0xF81F, 0xF81F, 0xF81F, 0xF81F, 0xF81F, 0xF81F, 0xF81F, 0xF81F, 0x3BA3,
  0x3B83, 0x43A3, 0x3B83, 0x3B83, 0x3B83, 0x43C3, 0x3B83, 0xF81F, 0xF81F, 0xF81F,
  0xF81F, 0xF81F, 0x758A, 0x7DCB, 0x758A, 0x758A, 0x758A, 0x758A, 0x758A, 0x758A,
  0x758A, 0x758A, 0x7DAA, 0x758A, 0x7DAA, 0x758A, 0xF81F, 0xF81F, 0xF81F, 0xF81F,
  0xF81F, 0xF81F, 0xF81F, 0xF81F, 0xF81F, 0xF81F, 0xF81F, 0x3B83, 0x3B83, 0x43C3,
  0x3B83, 0x3B83, 0x3B83, 0x3B83, 0x3B83, 0x3B83, 0x3BA3, 0x3B83, 0xF81F, 0xF81F,
  0xF81F, 0xF81F, 0x7DAA, 0x7DAA, 0x758A, 0x758A, 0x758A, 0x758A, 0x758A, 0x758A,
  0x758A, 0x7DAA, 0x758A, 0x758A, 0x7DEB, 0x7DEB, 0x7D6A, 0xF81F, 0xF81F, 0xF81F,
  0xF81F, 0xF81F, 0xF81F, 0x758A, 0x85EB, 0x758A, 0xF81F, 0x3B83, 0x43E3, 0x3B83,
  0x3B83, 0x3B83, 0x3B83, 0x3B83, 0x3B83, 0x3B83, 0x43C3, 0x3B83, 0xF81F, 0xF81F,
  0xF81F, 0x756A, 0x7DEB, 0x758A, 0x758A, 0x758A, 0x758A, 0x758A, 0x758A, 0x758A,
  0x7DAA, 0x75AA, 0x752A, 0x756A, 0x7DAB, 0x758A, 0xF81F, 0xF81F, 0xF81F, 0xF81F,
  0xF81F, 0xF81F, 0x756A, 0x7DAA, 0x8E6C, 0x758A, 0xF81F, 0x4BE5, 0x43A3, 0x43A3,
  0x3B83, 0x3B83, 0x3B83, 0x3B83, 0x3B83, 0x3B83, 0x3B83, 0x43C3, 0x4C05, 0xF81F,
  0x758A, 0x7DAA, 0x7DAA, 0x758A, 0x758A, 0x758A, 0x758A, 0x758A, 0x758A, 0x758A,
  0x7DCB, 0x85CB, 0xF81F, 0xF81F, 0xF81F, 0xF81F, 0xF81F, 0xF81F, 0xF81F, 0xF81F,
  0xF81F, 0x758A, 0x7DAA, 0x758A, 0x860B, 0x758A, 0xF81F, 0xF81F, 0x3322, 0x3B83,
  0x3B63, 0x3B63, 0x3B63, 0x3B63, 0x3B63, 0x3B63, 0x3B63, 0x3BA3, 0x64E8, 0xF81F,
  0x758A, 0x7DCB, 0x758A, 0x758A, 0x758A, 0x758A, 0x758A, 0x758A, 0x758A, 0x7DAB,
  0x6D49, 0x3BA3, 0x3B83, 0x43C4, 0x3B83, 0xF81F, 0xF81F, 0xF81F, 0xF81F, 0xF81F,
  0x758A, 0x7DAA, 0x7D8A, 0x758A, 0x7DEB, 0x758A, 0x758A, 0x7DAA, 0x7549, 0x5446,
  0x5446, 0x5425, 0x5425, 0x5425, 0x5425, 0x5425, 0x5446, 0x64C8, 0x758A, 0x7D8A,
  0x758A, 0x7DAA, 0x758A, 0x758A, 0x758A, 0x758A, 0x758A, 0x758A, 0x758A, 0x758A,
  0x4C05, 0x3BA3, 0x43C4, 0x43E4, 0x3B83, 0xF81F, 0xF81F, 0xF81F, 0xF81F, 0x756A,
  0x7DAA, 0x7D8A, 0x758A, 0x758A, 0x758A, 0x7DCB, 0x85EB, 0x85EB, 0x85EB, 0x7DAB,
  0x7DAB, 0x7DAB, 0x7DAB, 0x7DAB, 0x7DAB, 0x7DAB, 0x7DAB, 0x7DAB, 0x758A, 0x758A,
  0x7D8A, 0x7DAA, 0x758A, 0x758A, 0x758A, 0x758A, 0x758A, 0x758A, 0x7DAB, 0x64C7,
  0x3B63, 0x3B83, 0x3B83, 0x3B83, 0x3B83, 0xF81F, 0xF81F, 0xF81F, 0x758A, 0x7DAA,
  0x7D8A, 0x758A, 0x758A, 0x758A, 0x758A, 0x758A, 0x758A, 0x758A, 0x758A, 0x758A,
  0x758A, 0x758A, 0x758A, 0x758A, 0x758A, 0x758A, 0x758A, 0x7DCB, 0x758A, 0xF81F,
  0xF81F, 0x758A, 0x7DEB, 0x758A, 0x758A, 0x758A, 0x758A, 0x7D8A, 0x756A, 0x43C4,
  0x3B83, 0x3B83, 0x3B83, 0x3BA3, 0x3B83, 0xF81F, 0xF81F, 0x756A, 0x7DAA, 0x7D8A,
  0x758A, 0x758A, 0x758A, 0x758A, 0x758A, 0x758A, 0x758A, 0x758A, 0x758A, 0x758A,
  0x758A, 0x758A, 0x758A, 0x758A, 0x758A, 0x758A, 0x758A, 0x7DCB, 0x75AA, 0xF81F,
  0xF81F, 0xF81F, 0x758A, 0x7DAA, 0x758A, 0x758A, 0x758A, 0x7DAB, 0x5466, 0x3B63,
  0x3B83, 0x3B83, 0x3B83, 0x3BA3, 0x3B83, 0xF81F, 0x7DAA, 0x7DCB, 0x758A, 0x758A,
  0x758A, 0x758A, 0x758A, 0x758A, 0x758A, 0x758A, 0x758A, 0x758A, 0x758A, 0x758A,
  0x758A, 0x758A, 0x758A, 0x758A, 0x758A, 0x758A, 0x7DCB, 0x758A, 0xF81F, 0xF81F,
  0xF81F, 0xF81F, 0x758A, 0x7DCB, 0x758A, 0x758A, 0x7DAB, 0x6D08, 0x3B83, 0x3B83,
  0x3B83, 0x3B83, 0x3B83, 0x3BA3, 0x3B83, 0xF81F, 0x7DCA, 0x860B, 0x758A, 0x758A,
  0x758A, 0x758A, 0x758A, 0x758A, 0x758A, 0x758A, 0x758A, 0x758A, 0x758A, 0x758A,
  0x758A, 0x758A, 0x758A, 0x758A, 0x758A, 0x758A, 0x7DCB, 0x758A, 0xF81F, 0xF81F,
  0xF81F, 0xF81F, 0xF81F, 0x758A, 0x7DCB, 0x758A, 0x758A, 0x4C05, 0x3B63, 0x3B83,
  0x3B83, 0x3B83, 0x3B83, 0x3BA3, 0x3B83, 0xF81F, 0xF81F, 0x756A, 0x7DEB, 0x758A,
  0x758A, 0x758A, 0x758A, 0x758A, 0x758A, 0x758A, 0x758A, 0x758A, 0x758A, 0x758A,
  0x758A, 0x758A, 0x758A, 0x758A, 0x758A, 0x7DCB, 0x758A, 0xF81F, 0xF81F, 0xF81F,
  0xF81F, 0xF81F, 0xF81F, 0x7DAA, 0x75AA, 0x7DCB, 0x64C7, 0x3B63, 0x3B83, 0x3B83,
  0x3B83, 0x3B83, 0x3B83, 0x3BA3, 0x3B83, 0xF81F, 0xF81F, 0xF81F, 0x758A, 0x7DEB,
  0x758A, 0x758A, 0x758A, 0x758A, 0x758A, 0x758A, 0x758A, 0x758A, 0x758A, 0x758A,
  0x758A, 0x758A, 0x758A, 0x758A, 0x758A, 0x7DAB, 0x7D8A, 0xF81F, 0xF81F, 0xF81F,
  0xF81F, 0xF81F, 0xF81F, 0xF81F, 0x756A, 0x7DEB, 0x6D49, 0x43E4, 0x43C3, 0x43C3,
  0x43C3, 0x43C3, 0x43C3, 0x43E4, 0x3B83, 0xF81F, 0xF81F, 0xF81F, 0xF81F, 0x758A,
  0x7DEB, 0x758A, 0x758A, 0x758A, 0x758A, 0x7DCB, 0x860B, 0x860B, 0x860B, 0x860B,
  0x860B, 0x860B, 0x860B, 0x7DEB, 0x864C, 0x758A, 0xF81F, 0xF81F, 0xF81F, 0xF81F,
  0xF81F, 0xF81F, 0xF81F, 0xF81F, 0xF81F, 0x7D8A, 0x7DAA, 0x5446, 0x3B63, 0x3B83,
  0x3B83, 0x3B83, 0x3B83, 0x43C3, 0x3BA3, 0xF81F, 0xF81F, 0xF81F, 0xF81F, 0xF81F,
  0x758A, 0x7DEB, 0x758A, 0x758A, 0x7DCB, 0x758A, 0x758A, 0x758A, 0x758A, 0x758A,
  0x758A, 0x758A, 0x758A, 0x758A, 0x7DAA, 0x758A, 0xF81F, 0xF81F, 0xF81F, 0xF81F,
  0xF81F, 0xF81F, 0xF81F, 0xF81F, 0xF81F, 0xF81F, 0xF81F, 0xF81F, 0xF81F, 0xF81F,
  0xF81F, 0xF81F, 0xF81F, 0xF81F, 0xF81F, 0xF81F, 0xF81F, 0xF81F, 0xF81F, 0xF81F,
  0xF81F, 0x758A, 0x7DEB, 0x758A, 0x860B, 0x758A, 0xF81F, 0xF81F, 0xF81F, 0xF81F,
  0xF81F, 0xF81F, 0xF81F, 0xF81F, 0xF81F, 0xF81F, 0xF81F, 0xF81F, 0xF81F, 0xF81F,
  0xF81F, 0xF81F, 0xF81F, 0xF81F, 0xF81F, 0xF81F, 0xF81F, 0xF81F, 0xF81F, 0xF81F,
  0xF81F, 0xF81F, 0xF81F, 0xF81F, 0xF81F, 0xF81F, 0xF81F, 0xF81F, 0xF81F, 0xF81F,
  0xF81F, 0xF81F, 0x758A, 0x7DCB, 0x862B, 0x758A, 0xF81F, 0xF81F, 0xF81F, 0xF81F,
  0xF81F, 0xF81F, 0xF81F, 0xF81F, 0xF81F, 0xF81F, 0xF81F, 0xF81F, 0xF81F, 0xF81F,
  0xF81F, 0xF81F, 0xF81F, 0xF81F, 0xF81F, 0xF81F, 0xF81F, 0xF81F, 0xF81F, 0xF81F,
  0xF81F, 0xF81F, 0xF81F, 0xF81F, 0xF81F, 0xF81F, 0xF81F, 0xF81F, 0xF81F, 0xF81F,
  0xF81F, 0xF81F, 0xF81F, 0x758A, 0x85EB, 0x758A, 0xF81F, 0xF81F, 0xF81F, 0xF81F,
  0xF81F, 0xF81F, 0xF81F, 0xF81F, 0xF81F, 0xF81F, 0xF81F, 0xF81F, 0xF81F, 0xF81F,
  0xF81F, 0xF81F, 0xF81F, 0xF81F, 0xF81F, 0xF81F, 0xF81F, 0xF81F, 0xF81F, 0xF81F,
  0xF81F, 0xF81F, 0xF81F, 0xF81F, 0xF81F, 0xF81F, 0xF81F, 0xF81F, 0xF81F, 0xF81F,
  0xF81F, 0xF81F, 0xF81F, 0xF81F, 0xF81F, 0xF81F, 0xF81F, 0xF81F, 0xF81F, 0xF81F,
  0xF81F, 0xF81F, 0xF81F, 0xF81F, 0xF81F, 0xF81F, 0xF81F, 0xF81F, 0xF81F, 0xF81F
};

static const uint16_t kEmoji_memo[1600] PROGMEM = {
  0xF81F, 0xF81F, 0xF81F, 0xCEBB, 0xCEBB, 0xCEBB, 0xCEBB, 0xCEBB, 0xCEBB, 0xCEBB,
  0xCEBB, 0xCEBB, 0xCEBB, 0xCEBB, 0xCEBB, 0xCEBB, 0xCEBB, 0xCEBB, 0xCEBB, 0xCEBB,
  0xCEBB, 0xCEBB, 0xCEBB, 0xCEBB, 0xCEBB, 0xCEBB, 0xCEBB, 0xCEBB, 0xCEBB, 0xCEBB,
  0xCEDC, 0xCEBB, 0xE3B1, 0xEAAD, 0xEAEE, 0xF81F, 0xF81F, 0xF81F, 0xF81F, 0xF81F,
  0xF81F, 0xF81F, 0xCEBB, 0xDF3D, 0xCEBB, 0xCEBB, 0xCEBB, 0xCEBB, 0xCEBB, 0xCEBB,
  0xCEBB, 0xCEBB, 0xCEBB, 0xCEBB, 0xCEBB, 0xCEBB, 0xCEBB, 0xCEBB, 0xCEBB, 0xCEBB,
  0xCEBB, 0xCEBB, 0xCEBB, 0xCEBB, 0xCEBB, 0xCEBB, 0xCEBB, 0xCEBB, 0xCEBB, 0xCEBB,
  0xCE9B, 0xE473, 0xF2EE, 0xFAEE, 0xEACE, 0xEACD, 0xF81F, 0xF81F, 0xF81F, 0xF81F,
  0xF81F, 0xCEBB, 0xDF5E, 0xCEBB, 0xCEBB, 0xCEBB, 0xCEBB, 0xCEBB, 0xCEBB, 0xCEBB,
  0xCEBB, 0xCEBB, 0xCEBB, 0xCEBB, 0xCEBB, 0xCEBB, 0xCEBB, 0xCEBB, 0xCEBB, 0xCEBB,
  0xCEBB, 0xCEBB, 0xCEBB, 0xCEBB, 0xCEBB, 0xCEBB, 0xCEBB, 0xCEBB, 0xCEBB, 0xCEDB,
  0xCE9B, 0xE390, 0xEA6C, 0xEACE, 0xEACD, 0xF2EE, 0xE2AD, 0xF81F, 0xF81F, 0xF81F,
  0xF81F, 0xCEBB, 0xD6FC, 0xCEBB, 0xCEBB, 0xCEBB, 0xCEBB, 0xCEBB, 0xCEBB, 0xCEBB,
  0xCEBB, 0xCEBB, 0xCEBB, 0xCEBB, 0xCEBB, 0xCEBB, 0xCEBB, 0xCEBB, 0xCEBB, 0xCEBB,
  0xCEBB, 0xCEBB, 0xCEBB, 0xCEBB, 0xCEBB, 0xCEBB, 0xCEBB, 0xCEBB, 0xCEBB, 0xADD8,
  0xB619, 0xD6BB, 0xE3B1, 0xEA8C, 0xEACD, 0xEACD, 0xF2EE, 0xE2CD, 0xF81F, 0xF81F,
  0xF81F, 0xCEBB, 0xD6FC, 0xCEBB, 0xCEBB, 0xCEBB, 0xCEBB, 0xCEBB, 0xCEBB, 0xCEBB,
  0xCEBB, 0xCEBB, 0xCEBB, 0xCEBB, 0xCEBB, 0xCEBB, 0xCEBB, 0xCEBB, 0xCEBB, 0xCEBB,
  0xCEBB, 0xCEBB, 0xCEBB, 0xCEBB, 0xCEBB, 0xCEBB, 0xCEBB, 0xCEBB, 0xCEBB, 0xADF8,
  0x9515, 0xB639, 0xD6BB, 0xE3B1, 0xEA8D, 0xEACD, 0xEACD, 0xF2EE, 0xEACD, 0xF81F,
  0xF81F, 0xCEBB, 0xD6FC, 0xCEBB, 0xCEBB, 0xCEBB, 0xCEBB, 0xCEBB, 0xCEBB, 0xCEBB,
  0xCEBB, 0xCEBB, 0xCEBB, 0xCEBB, 0xCEBB, 0xCEBB, 0xCEBB, 0xCEBB, 0xCEBB, 0xCEBB,
  0xCEBB, 0xCEBB, 0xCEBB, 0xCEBB, 0xCEBB, 0xCEBB, 0xCEDC, 0xB5F8, 0xA597, 0xCEBB,
  0xB619, 0x9515, 0xB619, 0xCEBB, 0xE3B1, 0xEA8C, 0xEACD, 0xEACD, 0xEACE, 0xEAAD,
  0xF81F, 0xCEBB, 0xD6FC, 0xCEBB, 0xCEBB, 0xCEBB, 0xCEDB, 0xCEDB, 0xCEDB, 0xCEDB,
  0xCEDB, 0xCEDB, 0xCEDB, 0xCEDB, 0xCEDB, 0xCEDB, 0xCEDB, 0xCEDB, 0xCEDB, 0xCEDB,
  0xCEDB, 0xCEDB, 0xCEDB, 0xCEDB, 0xCEDC, 0xCEBB, 0xD6B9, 0xC67B, 0x9D76, 0xA597,
  0xCEBB, 0xB5F9, 0x9515, 0xB639, 0xD6BB, 0xE3B1, 0xEA8C, 0xEACD, 0xFAEE, 0xEAAD,
  0xF81F, 0xCEBB, 0xD6FC, 0xCEBB, 0xCEBB, 0xCEBB, 0xC67A, 0xC67A, 0xC67A, 0xC67A,
  0xC67A, 0xC67A, 0xC67A, 0xC67A, 0xC67A, 0xC67A, 0xC67A, 0xC67A, 0xC67A, 0xC67A,
  0xC67A, 0xC67A, 0xC67A, 0xBE7A, 0xC67B, 0xEE90, 0xFE6A, 0xDEB8, 0xC69C, 0x9D76,
  0xA597, 0xCEBB, 0xB5F9, 0x9515, 0xB619, 0xD6BB, 0xE3B1, 0xEA8C, 0xFB0E, 0xEACD,
  0xF81F, 0xCEBB, 0xD6FC, 0xCEBB, 0xD6DC, 0xB639, 0x9536, 0x9556, 0x9536, 0x9536,
  0x9536, 0x9536, 0x9536, 0x9536, 0x9536, 0x9536, 0x9536, 0x9536, 0x9536, 0x9536,
  0x9536, 0x9536, 0x9536, 0x9536, 0xD5EE, 0xFE68, 0xFE69, 0xFE6A, 0xDEB7, 0xC69C,
  0x9D56, 0xA597, 0xCEBB, 0xB5F9, 0x9515, 0xB619, 0xD6BB, 0xF412, 0xEA8D, 0xF81F,
  0xF81F, 0xCEBB, 0xD6FC, 0xCEBB, 0xCEDB, 0xBE5A, 0x9D56, 0x9D77, 0x9D76, 0x9D76,
  0x9D76, 0x9D76, 0x9D76, 0x9D76, 0x9D76, 0x9D76, 0x9D76, 0x9D76, 0x9D76, 0x9D77,
  0x9D76, 0x9D77, 0x9D77, 0xDDEE, 0xFE68, 0xFE69, 0xFE69, 0xFE69, 0xFE6A, 0xDEB7,
  0xC69C, 0x9D76, 0xA597, 0xCEBB, 0xB5F9, 0x9515, 0xBE9B, 0xCE9B, 0xF81F, 0xF81F,
  0xF81F, 0xCEBB, 0xD6FC, 0xCEBB, 0xCEBB, 0xCEBB, 0xCEBB, 0xCE9B, 0xCE9B, 0xCE9B,
  0xCE9B, 0xCE9B, 0xCE9B, 0xCE9B, 0xCE9B, 0xCE9B, 0xCE9B, 0xCE9B, 0xCE9B, 0xCE9B,
  0xCEBB, 0xCEBB, 0xEE70, 0xFE68, 0xFE69, 0xFE69, 0xFE69, 0xFE69, 0xFE69, 0xFE6A,
  0xDEB7, 0xC69C, 0x9D76, 0xA597, 0xCEBB, 0xBE7A, 0x9536, 0xF81F, 0xF81F, 0xF81F,
  0xF81F, 0xCEBB, 0xD6FC, 0xCEBB, 0xCEBB, 0xCEBB, 0xD6DC, 0xCEDC, 0xCEDC, 0xCEDC,
  0xCEDC, 0xCEDC, 0xCEDC, 0xCEDC, 0xCEDC, 0xCEDC, 0xCEDC, 0xCEDC, 0xD6DB, 0xCEDC,
  0xCEBC, 0xEE90, 0xFE68, 0xFE69, 0xFE69, 0xFE69, 0xFE69, 0xFE69, 0xFE69, 0xFE69,
  0xFE4A, 0xDEB7, 0xC69C, 0x9D56, 0xADF9, 0xCEBB, 0xF81F, 0xF81F, 0xF81F, 0xF81F,
  0xF81F, 0xCEBB, 0xD6FC, 0xCEBB, 0xCEDB, 0xC67A, 0xA5B7, 0xA5B7, 0xA5B7, 0xA5B7,
  0xA5B7, 0xA5B7, 0xA5B7, 0xA5B7, 0xA5B7, 0xA5B7, 0xA5B7, 0xA5B7, 0xA597, 0xA598,
  0xE62F, 0xFE68, 0xFE69, 0xFE69, 0xFE69, 0xFE69, 0xFE69, 0xFE69, 0xFE69, 0xFE69,
  0xFE69, 0xFE6A, 0xDEB7, 0xCEDD, 0x9D56, 0xF81F, 0xF81F, 0xF81F, 0xF81F, 0xF81F,
  0xF81F, 0xCEBB, 0xD6FC, 0xCEBB, 0xD6DC, 0xB619, 0x8D15, 0x9536, 0x9536, 0x9536,
  0x9536, 0x9536, 0x9536, 0x9536, 0x9536, 0x9536, 0x9535, 0x9536, 0x9536, 0xD5EE,
  0xFE68, 0xFE69, 0xFE69, 0xFE69, 0xFE69, 0xFE69, 0xFE69, 0xFE69, 0xFE69, 0xFE69,
  0xFE69, 0xFE49, 0xFEAA, 0xB5D6, 0x63D1, 0xF81F, 0xF81F, 0xF81F, 0xF81F, 0xF81F,
  0xF81F, 0xCEBB, 0xD6FC, 0xCEBB, 0xCEBB, 0xC69B, 0xB619, 0xB619, 0xB619, 0xB619,
  0xB619, 0xB619, 0xB619, 0xB619, 0xB619, 0xB619, 0xB619, 0xB619, 0xDE0F, 0xFE68,
  0xFE69, 0xFE69, 0xFE69, 0xFE69, 0xFE69, 0xFE69, 0xFE69, 0xFE69, 0xFE69, 0xFE69,
  0xFE49, 0xFE89, 0xC56B, 0x6BF0, 0x638F, 0xF81F, 0xF81F, 0xF81F, 0xF81F, 0xF81F,
  0xF81F, 0xCEBB, 0xD6FC, 0xCEBB, 0xCEBB, 0xCEBB, 0xD6FC, 0xD6FC, 0xD6FC, 0xD6FC,
  0xD6FC, 0xD6FC, 0xD6FC, 0xD6FC, 0xD6FC, 0xD6FC, 0xCEDC, 0xF6B0, 0xFE68, 0xFE69,
  0xFE69, 0xFE69, 0xFE69, 0xFE69, 0xFE69, 0xFE69, 0xFE69, 0xFE69, 0xFE69, 0xFE49,
  0xFE89, 0xC54B, 0x6390, 0x6BF1, 0x63AF, 0xF81F, 0xF81F, 0xF81F, 0xF81F, 0xF81F,
  0xF81F, 0xCEBB, 0xD6FC, 0xCEBB, 0xCEBB, 0xCE9B, 0xBE5A, 0xBE39, 0xBE39, 0xBE39,
  0xBE39, 0xBE39, 0xBE3A, 0xBE39, 0xBE3A, 0xBE3A, 0xEE70, 0xFE48, 0xFE69, 0xFE69,
  0xFE69, 0xFE69, 0xFE69, 0xFE69, 0xFE69, 0xFE69, 0xFE69, 0xFE69, 0xFE49, 0xFE89,
  0xC54C, 0x6390, 0x63AF, 0x7411, 0x63AF, 0xF81F, 0xF81F, 0xF81F, 0xF81F, 0xF81F,
  0xF81F, 0xCEBB, 0xD6FC, 0xCEBB, 0xD6DC, 0xB619, 0x9515, 0x9536, 0x9536, 0x9536,
  0x9536, 0x9536, 0x9536, 0x9536, 0x9536, 0xD5EE, 0xFE68, 0xFE69, 0xFE69, 0xFE69,
  0xFE69, 0xFE69, 0xFE69, 0xFE69, 0xFE69, 0xFE69, 0xFE69, 0xFE49, 0xFE89, 0xC54C,
  0x6390, 0x63B0, 0x63AF, 0x7411, 0x63AF, 0xF81F, 0xF81F, 0xF81F, 0xF81F, 0xF81F,
  0xF81F, 0xCEBB, 0xD6FC, 0xCEBB, 0xCEDB, 0xBE5A, 0x9D77, 0xA597, 0xA597, 0xA597,
  0xA597, 0xA597, 0xA597, 0x9D97, 0xDE0E, 0xFE68, 0xFE69, 0xFE69, 0xFE69, 0xFE69,
  0xFE69, 0xFE69, 0xFE69, 0xFE69, 0xFE69, 0xFE69, 0xFE49, 0xFE89, 0xC54B, 0x6390,
  0x63B0, 0x63AF, 0x63AF, 0x6BF0, 0x6BD0, 0xF81F, 0xF81F, 0xF81F, 0xF81F, 0xF81F,
  0xF81F, 0xCEBB, 0xD6FC, 0xCEBB, 0xCEBB, 0xCEBB, 0xCEBB, 0xCEBB, 0xCEBB, 0xCEBB,
  0xCEBB, 0xCEBB, 0xCEBB, 0xEE90, 0xFE68, 0xFE69, 0xFE69, 0xFE69, 0xFE69, 0xFE69,
  0xFE69, 0xFE69, 0xFE69, 0xFE69, 0xFE69, 0xFE49, 0xFE89, 0xC56B, 0x6390, 0x63AF,
  0x6BB0, 0x63AF, 0x5B6E, 0x9D76, 0xC67A, 0xF81F, 0xF81F, 0xF81F, 0xF81F, 0xF81F,
  0xF81F, 0xCEBB, 0xD6FC, 0xCEBB, 0xCEBB, 0xCEBB, 0xCEBB, 0xCEBB, 0xCEBB, 0xCEBB,
  0xCEBB, 0xCEDC, 0xD5F7, 0xE54D, 0xFE6A, 0xFE69, 0xFE69, 0xFE69, 0xFE69, 0xFE69,
  0xFE69, 0xFE69, 0xFE69, 0xFE69, 0xFE49, 0xFE89, 0xC54C, 0x6390, 0x63AF, 0x6BB0,
  0x638F, 0x638F, 0x9D56, 0xE77E, 0xCEDB, 0xF81F, 0xF81F, 0xF81F, 0xF81F, 0xF81F,
  0xF81F, 0xCEBB, 0xD6FC, 0xCEBB, 0xCEDB, 0xBE5A, 0x9D77, 0xA597, 0xA597, 0xA597,
  0xA597, 0xA597, 0xD511, 0xDCD0, 0xE54E, 0xFE49, 0xFE69, 0xFE69, 0xFE69, 0xFE69,
  0xFE69, 0xFE69, 0xFE69, 0xFE49, 0xFE89, 0xC54C, 0x6390, 0x63AF, 0x6BB0, 0x638F,
  0x6BD0, 0xADD8, 0xD6FC, 0xDF3D, 0xCEBB, 0xF81F, 0xF81F, 0xF81F, 0xF81F, 0xF81F,
  0xF81F, 0xCEBB, 0xD6FC, 0xCEBB, 0xD6DC, 0xB619, 0x9515, 0x9536, 0x9536, 0x9536,
  0x9536, 0xAD34, 0xDCF0, 0xDCF0, 0xD4D0, 0xE56E, 0xFE49, 0xFE69, 0xFE49, 0xFE69,
  0xFE69, 0xFE69, 0xFE49, 0xFE89, 0xC54C, 0x6390, 0x63B0, 0x6BB0, 0x636F, 0x6BF1,
  0xBE39, 0xD6FC, 0xCEBB, 0xDF5E, 0xCEBB, 0xF81F, 0xF81F, 0xF81F, 0xF81F, 0xF81F,
  0xF81F, 0xCEBB, 0xD6FC, 0xCEBB, 0xCEBB, 0xCE9B, 0xBE5A, 0xBE39, 0xBE39, 0xBE39,
  0xBE5A, 0xCD73, 0xDCEF, 0xDCF0, 0xDCF0, 0xD4D0, 0xE56E, 0xFE49, 0xFE69, 0xFE69,
  0xFE69, 0xFE49, 0xFE89, 0xC54B, 0x6390, 0x63B0, 0x63AF, 0x5B6F, 0x8493, 0xBE5A,
  0xCEDC, 0xCEBB, 0xCEBB, 0xDF5E, 0xCEBB, 0xF81F, 0xF81F, 0xF81F, 0xF81F, 0xF81F,
  0xF81F, 0xCEBB, 0xD6FC, 0xCEBB, 0xCEBB, 0xCEBB, 0xD6FC, 0xD6FC, 0xD6FC, 0xD6FC,
  0xD6DB, 0xDD31, 0xDCF0, 0xDCF0, 0xDCF0, 0xDCF0, 0xD4D0, 0xE54E, 0xFE49, 0xFE69,
  0xFE49, 0xFE89, 0xC56B, 0x6390, 0x63B0, 0x63AF, 0x63AF, 0x9D36, 0xD6DC, 0xD6FC,
  0xCEBB, 0xCEBB, 0xCEBB, 0xDF5E, 0xCEBB, 0xF81F, 0xF81F, 0xF81F, 0xF81F, 0xF81F,
  0xF81F, 0xCEBB, 0xD6FC, 0xCEBB, 0xCEBB, 0xC69B, 0xB619, 0xB619, 0xB619, 0xB639,
  0xC5B6, 0xDCF0, 0xDCF0, 0xDCF0, 0xDCF0, 0xDCF0, 0xDCF0, 0xD4D0, 0xE54E, 0xFE49,
  0xFE89, 0xC54C, 0x6390, 0x63B0, 0x63AF, 0x63AF, 0x9515, 0xBE5A, 0xB619, 0xBE5A,
  0xCEBB, 0xCEBB, 0xCEBB, 0xDF5E, 0xCEBB, 0xF81F, 0xF81F, 0xF81F, 0xF81F, 0xF81F,
  0xF81F, 0xCEBB, 0xD6FC, 0xCEBB, 0xD6DC, 0xB619, 0x8D15, 0x9536, 0x9535, 0x8D36,
  0xC533, 0xE510, 0xDCF0, 0xDCF0, 0xDCF0, 0xDCF0, 0xDCF0, 0xDCF0, 0xDCF0, 0xED8E,
  0xC54C, 0x63B0, 0x63B0, 0x638F, 0x6BD0, 0x8CF5, 0x9D56, 0x9515, 0x9515, 0x9D56,
  0xCEBB, 0xCEBB, 0xCEBB, 0xDF5E, 0xCEBB, 0xF81F, 0xF81F, 0xF81F, 0xF81F, 0xF81F,
  0xF81F, 0xCEBB, 0xD6FC, 0xCEBB, 0xCEDB, 0xC67A, 0xA5B7, 0xA5B7, 0xA5B8, 0xA597,
  0x732B, 0xA3ED, 0xDD10, 0xD4F0, 0xDCF0, 0xDCF0, 0xDD10, 0xDD10, 0xCCD0, 0x9430,
  0x63B0, 0x63B0, 0x638F, 0x7C52, 0xA597, 0xA5B8, 0xA597, 0xA5B7, 0xA597, 0xADF8,
  0xCEBB, 0xCEBB, 0xCEBB, 0xDF5E, 0xCEBB, 0xF81F, 0xF81F, 0xF81F, 0xF81F, 0xF81F,
  0xF81F, 0xCEBB, 0xD6FC, 0xCEBB, 0xCEBB, 0xCEBB, 0xD6DC, 0xCEBB, 0xDF1D, 0x9D15,
  0x1925, 0x2146, 0xA3ED, 0xED30, 0xDCF0, 0xCCD0, 0xAC70, 0x8C10, 0x6BAF, 0x63B0,
  0x63AF, 0x638F, 0x8CF4, 0xCEBB, 0xD6DC, 0xCEBB, 0xCEDB, 0xCEDB, 0xCEDB, 0xCEDB,
  0xCEBB, 0xCEBB, 0xCEBB, 0xDF5E, 0xCEBB, 0xF81F, 0xF81F, 0xF81F, 0xF81F, 0xF81F,
  0xF81F, 0xCEBB, 0xD6FC, 0xCEBB, 0xCEBB, 0xCEBB, 0xCEBB, 0xC69A, 0xD71D, 0x6BAF,
  0x18E4, 0x2166, 0x62CA, 0xAC90, 0x8C10, 0x6BD0, 0x63B0, 0x638F, 0x63AF, 0x638F,
  0x63AF, 0x9D76, 0xD6DC, 0xCEBB, 0xCEBB, 0xCEBB, 0xCEBB, 0xCEBB, 0xCEBB, 0xCEBB,
  0xCEBB, 0xCEBB, 0xCEBB, 0xDF5E, 0xCEBB, 0xF81F, 0xF81F, 0xF81F, 0xF81F, 0xF81F,
  0xF81F, 0xCEBB, 0xD6FC, 0xCEBB, 0xCEDB, 0xBE5A, 0x9D56, 0x9D76, 0xA5B7, 0x6BD0,
  0x3A49, 0x5B0D, 0x638F, 0x5B6F, 0x5B6F, 0x5B6F, 0x638F, 0x638F, 0x6BB0, 0x7C52,
  0xB5F8, 0xD6FC, 0xCEBB, 0xCEBB, 0xCEBB, 0xCEBB, 0xCEBB, 0xCEBB, 0xCEBB, 0xCEBB,
  0xCEBB, 0xCEBB, 0xCEBB, 0xDF5E, 0xCEBB, 0xF81F, 0xF81F, 0xF81F, 0xF81F, 0xF81F,
  0xF81F, 0xCEBB, 0xD6FC, 0xCEBB, 0xD6DC, 0xB639, 0x9536, 0x9536, 0x9D56, 0x7C73,
  0x638F, 0x63B0, 0x7431, 0x8472, 0x8493, 0x94F4, 0x9D35, 0xADB8, 0xBE5A, 0xCEBB,
  0xD6DC, 0xCEBB, 0xCEBB, 0xCEBB, 0xCEBB, 0xCEBB, 0xCEBB, 0xCEBB, 0xCEBB, 0xCEBB,
  0xCEBB, 0xCEBB, 0xCEBB, 0xDF5E, 0xCEBB, 0xF81F, 0xF81F, 0xF81F, 0xF81F, 0xF81F,
  0xF81F, 0xCEBB, 0xD6FC, 0xCEBB, 0xCEBB, 0xCEBB, 0xC67A, 0xC67A, 0xC67A, 0xBE39,
  0xB5F8, 0xB619, 0xC69A, 0xCEBB, 0xD6FC, 0xD6FC, 0xD6FC, 0xD6DC, 0xCEDC, 0xCEBB,
  0xCEBB, 0xCEBB, 0xCEBB, 0xCEBB, 0xCEBB, 0xCEBB, 0xCEBB, 0xCEBB, 0xCEBB, 0xCEBB,
  0xCEBB, 0xCEBB, 0xCEBB, 0xDF5E, 0xCEBB, 0xF81F, 0xF81F, 0xF81F, 0xF81F, 0xF81F,
  0xF81F, 0xCEBB, 0xD6FC, 0xCEBB, 0xCEBB, 0xCEBB, 0xCEDB, 0xCEDB, 0xCEDB, 0xD6DC,
  0xD6DC, 0xD6DC, 0xCEBB, 0xCEBB, 0xCEBB, 0xCEBB, 0xCEBB, 0xCEBB, 0xCEBB, 0xCEBB,
  0xCEBB, 0xCEBB, 0xCEBB, 0xCEBB, 0xCEBB, 0xCEBB, 0xCEBB, 0xCEBB, 0xCEBB, 0xCEBB,
  0xCEBB, 0xCEBB, 0xCEBB, 0xDF5E, 0xCEBB, 0xF81F, 0xF81F, 0xF81F, 0xF81F, 0xF81F,
  0xF81F, 0xCEBB, 0xD6FC, 0xCEBB, 0xCEBB, 0xCEBB, 0xCEBB, 0xCEBB, 0xCEBB, 0xCEBB,
  0xCEBB, 0xCEBB, 0xCEBB, 0xCEBB, 0xCEBB, 0xCEBB, 0xCEBB, 0xCEBB, 0xCEBB, 0xCEBB,
  0xCEBB, 0xCEBB, 0xCEBB, 0xCEBB, 0xCEBB, 0xCEBB, 0xCEBB, 0xCEBB, 0xCEBB, 0xCEBB,
  0xCEBB, 0xCEBB, 0xCEBB, 0xDF5E, 0xCEBB, 0xF81F, 0xF81F, 0xF81F, 0xF81F, 0xF81F,
  0xF81F, 0xCEBB, 0xD6FC, 0xCEBB, 0xCEBB, 0xCEBB, 0xCEBB, 0xCEBB, 0xCEBB, 0xCEBB,
  0xCEBB, 0xCEBB, 0xCEBB, 0xCEBB, 0xCEBB, 0xCEBB, 0xCEBB, 0xCEBB, 0xCEBB, 0xCEBB,
  0xCEBB, 0xCEBB, 0xCEBB, 0xCEBB, 0xCEBB, 0xCEBB, 0xCEBB, 0xCEBB, 0xCEBB, 0xCEBB,
  0xCEBB, 0xCEBB, 0xCEBB, 0xDF5E, 0xCEBB, 0xF81F, 0xF81F, 0xF81F, 0xF81F, 0xF81F,
  0xF81F, 0xCEBB, 0xD6FC, 0xCEBB, 0xCEBB, 0xCEBB, 0xCEBB, 0xCEBB, 0xCEBB, 0xCEBB,
  0xCEBB, 0xCEBB, 0xCEBB, 0xCEBB, 0xCEBB, 0xCEBB, 0xCEBB, 0xCEBB, 0xCEBB, 0xCEBB,
  0xCEBB, 0xCEBB, 0xCEBB, 0xCEBB, 0xCEBB, 0xCEBB, 0xCEBB, 0xCEBB, 0xCEBB, 0xCEBB,
  0xCEBB, 0xCEBB, 0xCEBB, 0xDF3D, 0xCEBB, 0xF81F, 0xF81F, 0xF81F, 0xF81F, 0xF81F,
  0xF81F, 0xCEBB, 0xDF5E, 0xCEBB, 0xCEBB, 0xCEBB, 0xCEBB, 0xCEBB, 0xCEBB, 0xCEBB,
  0xCEBB, 0xCEBB, 0xCEBB, 0xCEBB, 0xCEBB, 0xCEBB, 0xCEBB, 0xCEBB, 0xCEBB, 0xCEBB,
  0xCEBB, 0xCEBB, 0xCEBB, 0xCEBB, 0xCEBB, 0xCEBB, 0xCEBB, 0xCEBB, 0xCEBB, 0xCEBB,
  0xCEBB, 0xCEBB, 0xD6DC, 0xCEBB, 0xD6BB, 0xF81F, 0xF81F, 0xF81F, 0xF81F, 0xF81F,
  0xF81F, 0xF81F, 0xCEBB, 0xDF3D, 0xCEBB, 0xCEBB, 0xCEBB, 0xCEBB, 0xCEBB, 0xCEBB,
  0xCEBB, 0xCEBB, 0xCEBB, 0xCEBB, 0xCEBB, 0xCEBB, 0xCEBB, 0xCEBB, 0xCEBB, 0xCEBB,
  0xCEBB, 0xCEBB, 0xCEBB, 0xCEBB, 0xCEBB, 0xCEBB, 0xCEBB, 0xCEBB, 0xCEBB, 0xCEBB,
  0xCEBB, 0xD6DC, 0xD71C, 0xCEBB, 0xF81F, 0xF81F, 0xF81F, 0xF81F, 0xF81F, 0xF81F,
  0xF81F, 0xF81F, 0xF81F, 0xCEBB, 0xCEBB, 0xCEBB, 0xCEBB, 0xCEBB, 0xCEBB, 0xCEBB,
  0xCEBB, 0xCEBB, 0xCEBB, 0xCEBB, 0xCEBB, 0xCEBB, 0xCEBB, 0xCEBB, 0xCEBB, 0xCEBB,
  0xCEBB, 0xCEBB, 0xCEBB, 0xCEBB, 0xCEBB, 0xCEBB, 0xCEBB, 0xCEBB, 0xCEBB, 0xCEBB,
  0xCEDB, 0xD6DC, 0xCEBB, 0xF81F, 0xF81F, 0xF81F, 0xF81F, 0xF81F, 0xF81F, 0xF81F
};

static const uint16_t kEmoji_link[1600] PROGMEM = {
  0xF81F, 0xF81F, 0xF81F, 0xF81F, 0xF81F, 0xF81F, 0xF81F, 0xF81F, 0xF81F, 0xF81F,
  0xF81F, 0xF81F, 0xF81F, 0xF81F, 0xF81F, 0xF81F, 0xF81F, 0xF81F, 0xF81F, 0xF81F,
  0xF81F, 0xF81F, 0xF81F, 0xF81F, 0xF81F, 0xF81F, 0xF81F, 0x8CD4, 0x8CD4, 0x8CD4,
  0x8CD4, 0x8CD4, 0x84B4, 0xF81F, 0xF81F, 0xF81F, 0xF81F, 0xF81F, 0xF81F, 0xF81F,
  0xF81F, 0xF81F, 0xF81F, 0xF81F, 0xF81F, 0xF81F, 0xF81F, 0xF81F, 0xF81F, 0xF81F,
  0xF81F, 0xF81F, 0xF81F, 0xF81F, 0xF81F, 0xF81F, 0xF81F, 0xF81F, 0xF81F, 0xF81F,
  0xF81F, 0xF81F, 0xF81F, 0xF81F, 0xF81F, 0x84D4, 0x8CD4, 0x8CD4, 0x9516, 0x8CF5,
  0x8CF5, 0x9515, 0x8CF5, 0x8CD4, 0x84B4, 0xF81F, 0xF81F, 0xF81F, 0xF81F, 0xF81F,
  0xF81F, 0xF81F, 0xF81F, 0xF81F, 0xF81F, 0xF81F, 0xF81F, 0xF81F, 0xF81F, 0xF81F,
  0xF81F, 0xF81F, 0xF81F, 0xF81F, 0xF81F, 0xF81F, 0xF81F, 0xF81F, 0xF81F, 0xF81F,
  0xF81F, 0xF81F, 0xF81F, 0xF81F, 0x8CF5, 0x8D15, 0x8CF5, 0x8CD4, 0x8CD4, 0x8CD4,
  0x8CD4, 0x84D4, 0x8CD4, 0x8CF5, 0x9536, 0x8CD5, 0xF81F, 0xF81F, 0xF81F, 0xF81F,
  0xF81F, 0xF81F, 0xF81F, 0xF81F, 0xF81F, 0xF81F, 0xF81F, 0xF81F, 0xF81F, 0xF81F,
  0xF81F, 0xF81F, 0xF81F, 0xF81F, 0xF81F, 0xF81F, 0xF81F, 0xF81F, 0xF81F, 0xF81F,
  0xF81F, 0xF81F, 0xF81F, 0x8CD5, 0x9516, 0x84D4, 0x8CD4, 0x84D4, 0x84D4, 0x84D4,
  0x8CD4, 0x84D4, 0x84D4, 0x84D4, 0x8CD4, 0x9516, 0x8CD5, 0xF81F, 0xF81F, 0xF81F,
  0xF81F, 0xF81F, 0xF81F, 0xF81F, 0xF81F, 0xF81F, 0xF81F, 0xF81F, 0xF81F, 0xF81F,
  0xF81F, 0xF81F, 0xF81F, 0xF81F, 0xF81F, 0xF81F, 0xF81F, 0xF81F, 0xF81F, 0xF81F,
  0xF81F, 0xF81F, 0x8CD4, 0x8D15, 0x84D4, 0x8CD4, 0x8CD4, 0x8CD4, 0x9516, 0x8CF5,
  0x8CF5, 0x9516, 0x8CD5, 0x8CD4, 0x8CD4, 0x84D4, 0x9516, 0x8CD4, 0xF81F, 0xF81F,
  0xF81F, 0xF81F, 0xF81F, 0xF81F, 0xF81F, 0xF81F, 0xF81F, 0xF81F, 0xF81F, 0xF81F,
  0xF81F, 0xF81F, 0xF81F, 0xF81F, 0xF81F, 0xF81F, 0xF81F, 0xF81F, 0xF81F, 0xF81F,
  0xF81F, 0x8CD4, 0x8D15, 0x8CD4, 0x8CD4, 0x84D4, 0x8CF5, 0x8CD4, 0x8CD4, 0x84D4,
  0x84D4, 0x84D4, 0x8CD4, 0x8CF5, 0x8CD4, 0x8CD4, 0x84D4, 0x9536, 0x8CB4, 0xF81F,
  0xF81F, 0xF81F, 0xF81F, 0xF81F, 0xF81F, 0xF81F, 0xF81F, 0xF81F, 0xF81F, 0xF81F,
  0xF81F, 0xF81F, 0xF81F, 0xF81F, 0xF81F, 0xF81F, 0xF81F, 0xF81F, 0xF81F, 0xF81F,
  0x8CD5, 0x8D15, 0x84D4, 0x8CD4, 0x84D4, 0x8D15, 0x84D4, 0x84B4, 0xF81F, 0xF81F,
  0xF81F, 0xF81F, 0x84D4, 0x8CD4, 0x8CF5, 0x8CD4, 0x8CD4, 0x8CF5, 0x84D4, 0xF81F,
  0xF81F, 0xF81F, 0xF81F, 0xF81F, 0xF81F, 0xF81F, 0xF81F, 0xF81F, 0xF81F, 0xF81F,
  0xF81F, 0xF81F, 0xF81F, 0xF81F, 0xF81F, 0xF81F, 0xF81F, 0xF81F, 0xF81F, 0x8CD5,
  0x8D15, 0x8CD4, 0x8CD4, 0x84D4, 0x8D15, 0x8CD5, 0xF81F, 0xF81F, 0xF81F, 0xF81F,
  0xF81F, 0xF81F, 0xF81F, 0x8CB4, 0x8CD5, 0x8CD5, 0x84D4, 0x8CD4, 0x8D15, 0x84D4,
  0xF81F, 0xF81F, 0xF81F, 0xF81F, 0xF81F, 0xF81F, 0xF81F, 0xF81F, 0xF81F, 0xF81F,
  0xF81F, 0xF81F, 0xF81F, 0xF81F, 0xF81F, 0xF81F, 0xF81F, 0xF81F, 0x8CD4, 0x9516,
  0x84D4, 0x8CD4, 0x84D4, 0x8D15, 0x8CD5, 0xF81F, 0xF81F, 0xF81F, 0xF81F, 0xF81F,
  0xF81F, 0xF81F, 0xF81F, 0xF81F, 0x84D4, 0x9516, 0x8CD4, 0x84D4, 0x8D15, 0x84D4,
  0xF81F, 0xF81F, 0xF81F, 0xF81F, 0xF81F, 0xF81F, 0xF81F, 0xF81F, 0xF81F, 0xF81F,
  0xF81F, 0xF81F, 0xF81F, 0xF81F, 0xF81F, 0xF81F, 0x84B4, 0x8CD4, 0x8CF5, 0x84D4,
  0x8CD4, 0x8D15, 0x9536, 0x8CD4, 0xF81F, 0xF81F, 0xF81F, 0xF81F, 0xF81F, 0xF81F,
  0xF81F, 0xF81F, 0xF81F, 0xF81F, 0x8CD4, 0x8CF5, 0x8CD4, 0x8CD4, 0x8CF5, 0x8CD4,
  0xF81F, 0xF81F, 0xF81F, 0xF81F, 0xF81F, 0xF81F, 0xF81F, 0xF81F, 0xF81F, 0xF81F,
  0xF81F, 0xF81F, 0xF81F, 0xF81F, 0xF81F, 0xF81F, 0x84B4, 0x84D4, 0xF81F, 0xF81F,
  0xF81F, 0x8CD4, 0x8CD5, 0xF81F, 0xF81F, 0xF81F, 0xF81F, 0xF81F, 0xF81F, 0xF81F,
  0xF81F, 0xF81F, 0xF81F, 0xF81F, 0x8CD4, 0x8CF5, 0x8CD4, 0x8CD4, 0x8CF5, 0x8CD4,
  0xF81F, 0xF81F, 0xF81F, 0xF81F, 0xF81F, 0xF81F, 0xF81F, 0xF81F, 0xF81F, 0xF81F,
  0xF81F, 0xF81F, 0xF81F, 0xF81F, 0xF81F, 0xF81F, 0x84D4, 0x8CD5, 0x8CD4, 0x8CB4,
  0x8CD5, 0x8CD4, 0xF81F, 0xF81F, 0xF81F, 0xF81F, 0xF81F, 0xF81F, 0xF81F, 0xF81F,
  0xF81F, 0xF81F, 0xF81F, 0xF81F, 0x84B4, 0x9516, 0x8CD4, 0x84D4, 0x9515, 0x8CD4,
  0xF81F, 0xF81F, 0xF81F, 0xF81F, 0xF81F, 0xF81F, 0xF81F, 0xF81F, 0xF81F, 0xF81F,
  0xF81F, 0xF81F, 0xF81F, 0xF81F, 0x8CD4, 0x8CD4, 0x8CF5, 0x9536, 0x9515, 0x9515,
  0x9536, 0x8CF5, 0x8CD4, 0x84B4, 0xF81F, 0xF81F, 0xF81F, 0xF81F, 0xF81F, 0xF81F,
  0xF81F, 0xF81F, 0xF81F, 0x8494, 0x8CD5, 0x8CD4, 0x84D4, 0x8CD4, 0x8CD4, 0x8CD4,
  0xF81F, 0xF81F, 0xF81F, 0xF81F, 0xF81F, 0xF81F, 0xF81F, 0xF81F, 0xF81F, 0xF81F,
  0xF81F, 0xF81F, 0x8C94, 0x8CD5, 0x9515, 0x8CF5, 0x84D4, 0x8CD4, 0x84D4, 0x84D4,
  0x8CD4, 0x8CD4, 0x8D15, 0x8CF5, 0x84D4, 0xF81F, 0xF81F, 0xF81F, 0xF81F, 0xF81F,
  0xF81F, 0xF81F, 0x8CD4, 0x8CD5, 0x8CF5, 0x8CD4, 0x8CD4, 0x8CF5, 0x8CD4, 0xF81F,
  0xF81F, 0xF81F, 0xF81F, 0xF81F, 0xF81F, 0xF81F, 0xF81F, 0xF81F, 0xF81F, 0xF81F,
  0xF81F, 0x8493, 0x8CF5, 0x8D15, 0x8CD4, 0x8CD4, 0x8CD4, 0x84D4, 0x8CD4, 0x8CD4,
  0x8CD4, 0x8CD4, 0x84D4, 0x8CD4, 0x9516, 0x8CD4, 0xF81F, 0xF81F, 0xF81F, 0xF81F,
  0xF81F, 0xF81F, 0x8CD4, 0x8D15, 0x84D4, 0x8CD4, 0x8CD4, 0x9516, 0x8CD4, 0xF81F,
  0xF81F, 0xF81F, 0xF81F, 0xF81F, 0xF81F, 0xF81F, 0xF81F, 0xF81F, 0xF81F, 0xF81F,
  0x84B4, 0x8CF5, 0x8CF5, 0x8CD4, 0x8CD4, 0x84D4, 0x8CF5, 0x9515, 0x8CF5, 0x8D15,
  0x8D15, 0x84D4, 0x8CD4, 0x84D4, 0x8CD4, 0x9536, 0x84B4, 0xF81F, 0xF81F, 0xF81F,
  0x84B3, 0x8CD5, 0x8CF5, 0x84D4, 0x8CD4, 0x84D4, 0x9536, 0x84D4, 0xF81F, 0xF81F,
  0xF81F, 0xF81F, 0xF81F, 0xF81F, 0xF81F, 0xF81F, 0xF81F, 0xF81F, 0xF81F, 0x84B4,
  0x8CF5, 0x8CF5, 0x84D4, 0x8CD4, 0x84D4, 0x8D15, 0x8CD5, 0x8CD4, 0x84D4, 0x8CD4,
  0x8CD4, 0x8D15, 0x8CD4, 0x8CD4, 0x84D4, 0x8CF5, 0x8CF5, 0x84B5, 0xF81F, 0xF81F,
  0x8CD4, 0x8D15, 0x84D4, 0x8CD4, 0x84D4, 0x8D15, 0x8CD4, 0xF81F, 0xF81F, 0xF81F,
  0xF81F, 0xF81F, 0xF81F, 0xF81F, 0xF81F, 0xF81F, 0xF81F, 0xF81F, 0x84B4, 0x8CD5,
  0x8CF5, 0x84D4, 0x8CD4, 0x84D4, 0x9516, 0x8CD5, 0xF81F, 0xF81F, 0xF81F, 0xF81F,
  0xF81F, 0x8CD4, 0x8CF5, 0x8CD4, 0x84D4, 0x8CD4, 0x9536, 0x8CB4, 0xF81F, 0x8CF5,
  0x8CF5, 0x84D4, 0x8CD4, 0x84D4, 0x8D15, 0x8CD5, 0xF81F, 0xF81F, 0xF81F, 0xF81F,
  0xF81F, 0xF81F, 0xF81F, 0xF81F, 0xF81F, 0xF81F, 0xF81F, 0x84B4, 0x8CF5, 0x8CF5,
  0x84D4, 0x8CD4, 0x8CD4, 0x9536, 0x8CD4, 0xF81F, 0xF81F, 0xF81F, 0xF81F, 0xF81F,
  0xF81F, 0xF81F, 0x8CD4, 0x8CF5, 0x8CD4, 0x9516, 0x84B4, 0xF81F, 0x8CD5, 0x8D15,
  0x84B4, 0x8CD4, 0x84D4, 0x8D15, 0x8CD5, 0xF81F, 0xF81F, 0xF81F, 0xF81F, 0xF81F,
  0xF81F, 0xF81F, 0xF81F, 0xF81F, 0xF81F, 0xF81F, 0x8493, 0x8CF5, 0x8CF5, 0x84D4,
  0x8CD4, 0x84D4, 0x9536, 0x8CD4, 0xF81F, 0x8CD4, 0x8CB4, 0xF81F, 0xF81F, 0xF81F,
  0xF81F, 0xF81F, 0xF81F, 0x8CD4, 0x9556, 0x84D4, 0xF81F, 0x8CF5, 0x8CF5, 0x8CD4,
  0x8CD4, 0x8CD4, 0x8D15, 0x8CD4, 0xF81F, 0xF81F, 0xF81F, 0xF81F, 0xF81F, 0xF81F,
  0xF81F, 0xF81F, 0xF81F, 0xF81F, 0xF81F, 0x84B4, 0x8CF5, 0x8CF5, 0x84D4, 0x8CD4,
  0x84D4, 0x9536, 0x8CD4, 0xF81F, 0x84D4, 0x9D57, 0x84B4, 0xF81F, 0xF81F, 0xF81F,
  0xF81F, 0xF81F, 0xF81F, 0x84D4, 0x8CD4, 0xF81F, 0x8CF5, 0x8D15, 0x84D4, 0x8CD4,
  0x84D4, 0x8D15, 0x8CD4, 0xF81F, 0xF81F, 0xF81F, 0xF81F, 0xF81F, 0xF81F, 0xF81F,
  0xF81F, 0xF81F, 0xF81F, 0xF81F, 0x84B4, 0x8CF5, 0x8CF5, 0x84D4, 0x8CD4, 0x8CD4,
  0x9516, 0x8CD5, 0xF81F, 0x84D4, 0x9516, 0x8CD4, 0x8CF5, 0x84D4, 0xF81F, 0xF81F,
  0xF81F, 0xF81F, 0xF81F, 0xF81F, 0xF81F, 0x8CF5, 0x8CF5, 0x84D4, 0x8CD4, 0x84D4,
  0x8D15, 0x8CD5, 0xF81F, 0xF81F, 0xF81F, 0xF81F, 0xF81F, 0xF81F, 0xF81F, 0xF81F,
  0xF81F, 0xF81F, 0xF81F, 0x84B4, 0x8CD5, 0x8CF5, 0x84D4, 0x8CD4, 0x84D4, 0x9516,
  0x8CD4, 0xF81F, 0x84D4, 0x9536, 0x8CD4, 0x8CD4, 0x8CD5, 0x8CD4, 0x84D4, 0xF81F,
  0xF81F, 0xF81F, 0xF81F, 0x84B4, 0x8CD5, 0x8D15, 0x84B4, 0x8CD4, 0x84D4, 0x8D15,
  0x8CD5, 0xF81F, 0xF81F, 0xF81F, 0xF81F, 0xF81F, 0xF81F, 0xF81F, 0xF81F, 0xF81F,
  0xF81F, 0xF81F, 0x84F4, 0x8CF5, 0x8CF5, 0x84D4, 0x8CD4, 0x8CD4, 0x9516, 0x8CD4,
  0xF81F, 0xF81F, 0x8CD4, 0x8CF5, 0x8CD4, 0x8CD4, 0x84D4, 0x8CD5, 0x8CF5, 0x8CD4,
  0x8CD4, 0x84D4, 0x84D4, 0x8CD5, 0x8CF5, 0x84D4, 0x8CD4, 0x84D4, 0x8D15, 0x8CD5,
  0xF81F, 0xF81F, 0xF81F, 0xF81F, 0xF81F, 0xF81F, 0xF81F, 0xF81F, 0xF81F, 0xF81F,
  0xF81F, 0xF81F, 0x8CD4, 0x8D15, 0x84B4, 0x8CD4, 0x84D4, 0x9516, 0x8CD4, 0xF81F,
  0xF81F, 0xF81F, 0xF81F, 0x84B4, 0x9536, 0x84D4, 0x8CD4, 0x84D4, 0x8CD4, 0x8D15,
  0x8D15, 0x8CF5, 0x9515, 0x8CD5, 0x8CD4, 0x8CD4, 0x8CD4, 0x8D15, 0x8CD4, 0xF81F,
  0xF81F, 0xF81F, 0xF81F, 0xF81F, 0xF81F, 0xF81F, 0xF81F, 0xF81F, 0xF81F, 0xF81F,
  0xF81F, 0x8CD4, 0x9536, 0x84D4, 0x8CD4, 0x8CD4, 0x9516, 0x8CD4, 0xF81F, 0xF81F,
  0xF81F, 0xF81F, 0xF81F, 0xF81F, 0x84D4, 0x9536, 0x8CD4, 0x84D4, 0x8CD4, 0x84D4,
  0x8CD4, 0x8CD4, 0x84D4, 0x8CD4, 0x84D4, 0x8CD4, 0x9536, 0x8CD4, 0xF81F, 0xF81F,
  0xF81F, 0xF81F, 0xF81F, 0xF81F, 0xF81F, 0xF81F, 0xF81F, 0xF81F, 0xF81F, 0xF81F,
  0x84B4, 0x8CD4, 0x8CF5, 0x8CD4, 0x84D4, 0x8D15, 0x8CD5, 0xF81F, 0xF81F, 0xF81F,
  0xF81F, 0xF81F, 0xF81F, 0xF81F, 0xF81F, 0x8CD4, 0x8CF5, 0x8D15, 0x8CD4, 0x8CD4,
  0x84D4, 0x84D4, 0x8CD4, 0x8CD4, 0x8D15, 0x8CF5, 0x8CD5, 0xF81F, 0xF81F, 0xF81F,
  0xF81F, 0xF81F, 0xF81F, 0xF81F, 0xF81F, 0xF81F, 0xF81F, 0xF81F, 0xF81F, 0xF81F,
  0x84D4, 0x8D15, 0x84D4, 0x8CD4, 0x8CF5, 0x8CD4, 0xF81F, 0xF81F, 0xF81F, 0xF81F,
  0xF81F, 0xF81F, 0xF81F, 0xF81F, 0xF81F, 0xF81F, 0x84B4, 0x8CD5, 0x8CF5, 0x9536,
  0x8D15, 0x9516, 0x9536, 0x8CD4, 0x8CD4, 0x8CB4, 0xF81F, 0xF81F, 0xF81F, 0xF81F,
  0xF81F, 0xF81F, 0xF81F, 0xF81F, 0xF81F, 0xF81F, 0xF81F, 0xF81F, 0xF81F, 0xF81F,
  0x8CD4, 0x8CF5, 0x8CD4, 0x8CD4, 0x8D15, 0x84B4, 0xF81F, 0xF81F, 0xF81F, 0xF81F,
  0xF81F, 0xF81F, 0xF81F, 0xF81F, 0xF81F, 0xF81F, 0xF81F, 0xF81F, 0x84D4, 0x84D5,
  0x8CD4, 0x84D4, 0x8CD4, 0x84B4, 0xF81F, 0xF81F, 0xF81F, 0xF81F, 0xF81F, 0xF81F,
  0xF81F, 0xF81F, 0xF81F, 0xF81F, 0xF81F, 0xF81F, 0xF81F, 0xF81F, 0xF81F, 0xF81F,
  0x8CD4, 0x8CF5, 0x8CD4, 0x8CD4, 0x84D4, 0x84D5, 0xF81F, 0xF81F, 0xF81F, 0xF81F,
  0xF81F, 0xF81F, 0xF81F, 0xF81F, 0xF81F, 0xF81F, 0x84B4, 0x8CF5, 0x8CD4, 0xF81F,
  0xF81F, 0xF81F, 0x84B4, 0x8CD4, 0xF81F, 0xF81F, 0xF81F, 0xF81F, 0xF81F, 0xF81F,
  0xF81F, 0xF81F, 0xF81F, 0xF81F, 0xF81F, 0xF81F, 0xF81F, 0xF81F, 0xF81F, 0xF81F,
  0x8CD4, 0x8CF5, 0x8CD4, 0x8CD4, 0x84B4, 0x8CD5, 0xF81F, 0xF81F, 0xF81F, 0xF81F,
  0xF81F, 0xF81F, 0xF81F, 0xF81F, 0xF81F, 0x84B4, 0x8CF5, 0x9536, 0x8CF5, 0x8CD4,
  0x8CD4, 0x8CF5, 0x84D4, 0xF81F, 0xF81F, 0xF81F, 0xF81F, 0xF81F, 0xF81F, 0xF81F,
  0xF81F, 0xF81F, 0xF81F, 0xF81F, 0xF81F, 0xF81F, 0xF81F, 0xF81F, 0xF81F, 0xF81F,
  0x84D4, 0x8CF5, 0x8CD4, 0x8CD4, 0x8CF5, 0x84D5, 0xF81F, 0xF81F, 0xF81F, 0xF81F,
  0xF81F, 0xF81F, 0xF81F, 0xF81F, 0x84B4, 0x8CF5, 0x8CF5, 0x84B4, 0x84D4, 0x8CD4,
  0x9536, 0x8CD4, 0xF81F, 0xF81F, 0xF81F, 0xF81F, 0xF81F, 0xF81F, 0xF81F, 0xF81F,
  0xF81F, 0xF81F, 0xF81F, 0xF81F, 0xF81F, 0xF81F, 0xF81F, 0xF81F, 0xF81F, 0xF81F,
  0x84D4, 0x8D15, 0x84D4, 0x8CD4, 0x8CF5, 0x8CD4, 0xF81F, 0xF81F, 0xF81F, 0xF81F,
  0xF81F, 0xF81F, 0xF81F, 0x8CD4, 0x8CD5, 0x8CF5, 0x84D4, 0x8CD4, 0x84D4, 0x9516,
  0x8CD4, 0xF81F, 0xF81F, 0xF81F, 0xF81F, 0xF81F, 0xF81F, 0xF81F, 0xF81F, 0xF81F,
  0xF81F, 0xF81F, 0xF81F, 0xF81F, 0xF81F, 0xF81F, 0xF81F, 0xF81F, 0xF81F, 0xF81F,
  0x8CD4, 0x8CD4, 0x8CD4, 0x8CD4, 0x84D4, 0x8CF5, 0x8CD4, 0xF81F, 0xF81F, 0xF81F,
  0xF81F, 0xF81F, 0x84D5, 0x8CD5, 0x8CF5, 0x84D4, 0x8CD4, 0x8CD4, 0x9516, 0x8CD4,
  0xF81F, 0xF81F, 0xF81F, 0xF81F, 0xF81F, 0xF81F, 0xF81F, 0xF81F, 0xF81F, 0xF81F,
  0xF81F, 0xF81F, 0xF81F, 0xF81F, 0xF81F, 0xF81F, 0xF81F, 0xF81F, 0xF81F, 0xF81F,
  0xF81F, 0x84D4, 0x9516, 0x84D4, 0x8CD4, 0x8CD4, 0x8D15, 0x8CD5, 0x8CD4, 0x84B4,
  0x84D4, 0x84D4, 0x8CD5, 0x8CF5, 0x84D4, 0x8CD4, 0x84D4, 0x9516, 0x8CD4, 0xF81F,
  0xF81F, 0xF81F, 0xF81F, 0xF81F, 0xF81F, 0xF81F, 0xF81F, 0xF81F, 0xF81F, 0xF81F,
  0xF81F, 0xF81F, 0xF81F, 0xF81F, 0xF81F, 0xF81F, 0xF81F, 0xF81F, 0xF81F, 0xF81F,
  0xF81F, 0xF81F, 0x8CD4, 0x8CF5, 0x8CD4, 0x8CD4, 0x84D4, 0x8CF5, 0x9516, 0x8CD4,
  0x8CF5, 0x9516, 0x8CD4, 0x84D4, 0x8CD4, 0x84D4, 0x9516, 0x8CD4, 0xF81F, 0xF81F,
  0xF81F, 0xF81F, 0xF81F, 0xF81F, 0xF81F, 0xF81F, 0xF81F, 0xF81F, 0xF81F, 0xF81F,
  0xF81F, 0xF81F, 0xF81F, 0xF81F, 0xF81F, 0xF81F, 0xF81F, 0xF81F, 0xF81F, 0xF81F,
  0xF81F, 0xF81F, 0x84B4, 0x8CF5, 0x8CF5, 0x84D4, 0x8CD4, 0x8CD4, 0x84D4, 0x8CD4,
  0x8CD4, 0x8CD4, 0x8CD4, 0x84D4, 0x8CD4, 0x9536, 0x8CD4, 0xF81F, 0xF81F, 0xF81F,
  0xF81F, 0xF81F, 0xF81F, 0xF81F, 0xF81F, 0xF81F, 0xF81F, 0xF81F, 0xF81F, 0xF81F,
  0xF81F, 0xF81F, 0xF81F, 0xF81F, 0xF81F, 0xF81F, 0xF81F, 0xF81F, 0xF81F, 0xF81F,
  0xF81F, 0xF81F, 0xF81F, 0x8494, 0x8CD5, 0x9516, 0x8CD5, 0x8CD4, 0x84D4, 0x8CD4,
  0x8CD4, 0x8CD4, 0x8CD4, 0x8D15, 0x8CF5, 0x8CD5, 0xF81F, 0xF81F, 0xF81F, 0xF81F,
  0xF81F, 0xF81F, 0xF81F, 0xF81F, 0xF81F, 0xF81F, 0xF81F, 0xF81F, 0xF81F, 0xF81F,
  0xF81F, 0xF81F, 0xF81F, 0xF81F, 0xF81F, 0xF81F, 0xF81F, 0xF81F, 0xF81F, 0xF81F,
  0xF81F, 0xF81F, 0xF81F, 0xF81F, 0xF81F, 0x8CD4, 0x8CF5, 0x9515, 0x8D15, 0x8CF5,
  0x8CF5, 0x9516, 0x8CF5, 0x8CD5, 0x84B4, 0xF81F, 0xF81F, 0xF81F, 0xF81F, 0xF81F,
  0xF81F, 0xF81F, 0xF81F, 0xF81F, 0xF81F, 0xF81F, 0xF81F, 0xF81F, 0xF81F, 0xF81F,
  0xF81F, 0xF81F, 0xF81F, 0xF81F, 0xF81F, 0xF81F, 0xF81F, 0xF81F, 0xF81F, 0xF81F,
  0xF81F, 0xF81F, 0xF81F, 0xF81F, 0xF81F, 0xF81F, 0x8CF5, 0x84B4, 0x8CD4, 0x84D4,
  0x84D4, 0x8CD4, 0x8CD5, 0xF81F, 0xF81F, 0xF81F, 0xF81F, 0xF81F, 0xF81F, 0xF81F,
  0xF81F, 0xF81F, 0xF81F, 0xF81F, 0xF81F, 0xF81F, 0xF81F, 0xF81F, 0xF81F, 0xF81F,
  0xF81F, 0xF81F, 0xF81F, 0xF81F, 0xF81F, 0xF81F, 0xF81F, 0xF81F, 0xF81F, 0xF81F
};

static const uint16_t kEmoji_save[1600] PROGMEM = {
  0xF81F, 0x31A7, 0x31C7, 0x31A7, 0x31A7, 0x31A7, 0x31A7, 0x31A7, 0x31A7, 0x31A7,
  0x31A7, 0x31C7, 0x31C7, 0x31C7, 0x31C7, 0x31C7, 0x31C7, 0x31C7, 0x31C7, 0x31C7,
  0x31C7, 0x31C7, 0x31C7, 0x31C7, 0x31C7, 0x31C7, 0x31C7, 0x31C7, 0x31C7, 0x31C7,
  0x31C7, 0x31C7, 0x31C7, 0x31C7, 0x31A7, 0x29A7, 0xF81F, 0xF81F, 0xF81F, 0xF81F,
  0x29A8, 0x31C7, 0x31C8, 0x31A7, 0x31A7, 0x31A7, 0x31A7, 0x31A7, 0x31A7, 0x31A7,
  0x31A7, 0x2966, 0x2966, 0x2966, 0x2966, 0x2966, 0x2966, 0x2966, 0x2966, 0x2966,
  0x2966, 0x2966, 0x2966, 0x2966, 0x2166, 0x2146, 0x2146, 0x2146, 0x2146, 0x2146,
  0x2966, 0x2966, 0x2166, 0x29A7, 0x31C8, 0x31A7, 0x29A7, 0xF81F, 0xF81F, 0xF81F,
  0x31A7, 0x31C8, 0x31A7, 0x31A7, 0x31A7, 0x31A7, 0x31A7, 0x31A7, 0x31A7, 0x31C7,
  0x2987, 0x94D3, 0xC659, 0xBE18, 0xBE18, 0xBE18, 0xBE18, 0xBE18, 0xBE18, 0xBE18,
  0xBE18, 0xBE18, 0xBE18, 0xBE18, 0xC659, 0xCE9A, 0xCE7A, 0xCE7A, 0xCE7A, 0xC67A,
  0xBE18, 0xBE18, 0xBE18, 0x52CB, 0x2986, 0x31C8, 0x31C7, 0x3187, 0xF81F, 0xF81F,
  0x31A7, 0x31A7, 0x31A7, 0x31A7, 0x31A7, 0x31A7, 0x31A7, 0x31A7, 0x31A7, 0x31A7,
  0x29A7, 0xD6DB, 0xF7BF, 0xEF9E, 0xEF9E, 0xEF9E, 0xEF9E, 0xEF9E, 0xEF9E, 0xEF9E,
  0xEF9E, 0xEF9E, 0xEF7E, 0xF7DF, 0xAD76, 0x6B8E, 0x73F0, 0x73D0, 0x73CF, 0x7C10,
  0xE75E, 0xEF9E, 0xFFFF, 0x73AF, 0x2146, 0x31C7, 0x31C8, 0x31A7, 0x29A7, 0xF81F,
  0x31A7, 0x31A7, 0x31A7, 0x31A7, 0x31A7, 0x31A7, 0x31A7, 0x31A7, 0x31A7, 0x31A7,
  0x29A7, 0xCE7A, 0xE77E, 0xDF3D, 0xDF3D, 0xDF3D, 0xDF3D, 0xDF3D, 0xDF3D, 0xDF3D,
  0xDF3D, 0xDF3D, 0xDF1D, 0xEFBF, 0x73F0, 0x10C4, 0x2166, 0x2146, 0x2125, 0x2987,
  0xD6FC, 0xDF3D, 0xEF9F, 0x6B8E, 0x2146, 0x31C8, 0x31A7, 0x31C7, 0x31A7, 0x29C7,
  0x31A7, 0x31A7, 0x31A7, 0x31A7, 0x31A7, 0x31A7, 0x31A7, 0x31A7, 0x31A7, 0x31A7,
  0x29A7, 0xCE9A, 0xE77E, 0xE73D, 0xE75D, 0xE75D, 0xE75D, 0xE75D, 0xE75D, 0xE75D,
  0xE75D, 0xE75D, 0xDF3D, 0xF7BF, 0x8431, 0x2166, 0x31E8, 0x31C8, 0x31A7, 0x3A09,
  0xDEFC, 0xE75D, 0xEFBF, 0x6B8E, 0x2146, 0x31C8, 0x31A7, 0x31A7, 0x31C8, 0x31A7,
  0x31A7, 0x31A7, 0x31A7, 0x31A7, 0x31A7, 0x31A7, 0x31A7, 0x31A7, 0x31A7, 0x31A7,
  0x29A7, 0xCE9A, 0xE77E, 0xE73D, 0xE75D, 0xE75D, 0xE75D, 0xE75D, 0xE75D, 0xE75D,
  0xE75D, 0xE75D, 0xDF3D, 0xF7BF, 0x7C31, 0x2145, 0x31C8, 0x31C7, 0x29A7, 0x3A08,
  0xDEFC, 0xE75D, 0xEFBF, 0x6B8E, 0x2146, 0x31C8, 0x31A7, 0x31A7, 0x31A7, 0x31C7,
  0x31A7, 0x31A7, 0x31A7, 0x31A7, 0x31A7, 0x31A7, 0x31A7, 0x31A7, 0x31A7, 0x31A7,
  0x29A7, 0xCE9A, 0xE77E, 0xE73D, 0xE75D, 0xE75D, 0xE75D, 0xE75D, 0xE75D, 0xE75D,
  0xE75D, 0xE75D, 0xDF3D, 0xF7BF, 0x7C31, 0x2145, 0x31C8, 0x31C7, 0x29A7, 0x3A08,
  0xDEFC, 0xE75D, 0xEFBF, 0x6B8E, 0x2146, 0x31C8, 0x31A7, 0x31A7, 0x31A7, 0x31A7,
  0x31A7, 0x31A7, 0x31A7, 0x31A7, 0x31A7, 0x31A7, 0x31A7, 0x31A7, 0x31A7, 0x31A7,
  0x29A7, 0xCE9A, 0xE77E, 0xE73D, 0xE75D, 0xE75D, 0xE75D, 0xE75D, 0xE75D, 0xE75D,
  0xE75D, 0xE75D, 0xDF3D, 0xF7BF, 0x7C31, 0x2145, 0x31C8, 0x31C7, 0x29A7, 0x3A08,
  0xDEFC, 0xE75D, 0xEFBF, 0x6B8E, 0x2146, 0x31C8, 0x31A7, 0x31A7, 0x31A7, 0x31A7,
  0x31A7, 0x31A7, 0x31A7, 0x31A7, 0x31A7, 0x31A7, 0x31A7, 0x31A7, 0x31A7, 0x31A7,
  0x29A7, 0xCE9A, 0xE77E, 0xE73D, 0xE75D, 0xE75D, 0xE75D, 0xE75D, 0xE75D, 0xE75D,
  0xE75D, 0xE75D, 0xDF3D, 0xF7BF, 0x7C31, 0x2145, 0x31C8, 0x31C7, 0x29A7, 0x3A08,
  0xDEFC, 0xE75D, 0xEFBF, 0x6B8E, 0x2146, 0x31C8, 0x31A7, 0x31A7, 0x31A7, 0x31A7,
  0x31A7, 0x31A7, 0x31A7, 0x31A7, 0x31A7, 0x31A7, 0x31A7, 0x31A7, 0x31A7, 0x31A7,
  0x29A7, 0xCE9A, 0xE77E, 0xE73D, 0xE75D, 0xE75D, 0xE75D, 0xE75D, 0xE75D, 0xE75D,
  0xE75D, 0xE75D, 0xDF3D, 0xF7BF, 0x7C31, 0x2145, 0x31C8, 0x31C7, 0x29A7, 0x3A08,
  0xDEFC, 0xE75D, 0xEFBF, 0x6B8E, 0x2146, 0x31C8, 0x31A7, 0x31A7, 0x31A7, 0x31A7,
  0x31A7, 0x31A7, 0x31A7, 0x31A7, 0x31A7, 0x31A7, 0x31A7, 0x31A7, 0x31A7, 0x31A7,
  0x29A7, 0xCE9A, 0xE77E, 0xE73D, 0xE75D, 0xE75D, 0xE75D, 0xE75D, 0xE75D, 0xE75D,
  0xE75D, 0xE75D, 0xDF3D, 0xF7BF, 0x7C31, 0x2145, 0x31C8, 0x31C7, 0x29A7, 0x3A08,
  0xDEFC, 0xE75D, 0xEFBF, 0x6B8E, 0x2146, 0x31C8, 0x31A7, 0x31A7, 0x31A7, 0x31A7,
  0x31A7, 0x31A7, 0x31A7, 0x31A7, 0x31A7, 0x31A7, 0x31A7, 0x31A7, 0x31A7, 0x31A7,
  0x29A7, 0xCE9A, 0xE77E, 0xE73D, 0xE75D, 0xE75D, 0xE75D, 0xE75D, 0xE75D, 0xE75D,
  0xE75D, 0xE75D, 0xDF3D, 0xF7BF, 0x8431, 0x2166, 0x31E8, 0x31C8, 0x31A7, 0x3A09,
  0xDEFC, 0xE75D, 0xEFBF, 0x6B8E, 0x2146, 0x31C8, 0x31A7, 0x31A7, 0x31A7, 0x31A7,
  0x31A7, 0x31A7, 0x31A7, 0x31A7, 0x31A7, 0x31A7, 0x31A7, 0x31A7, 0x31A7, 0x31A7,
  0x29A7, 0xCE9A, 0xE75E, 0xDF3D, 0xDF3D, 0xDF3D, 0xDF3D, 0xDF3D, 0xDF3D, 0xDF3D,
  0xDF3D, 0xDF3D, 0xDF1C, 0xEFBF, 0x73D0, 0x10A3, 0x2145, 0x2125, 0x1905, 0x2966,
  0xD6DC, 0xDF3D, 0xEF9E, 0x6B8E, 0x2146, 0x31C8, 0x31A7, 0x31A7, 0x31A7, 0x31A7,
  0x31A7, 0x31A7, 0x31A7, 0x31A7, 0x31A7, 0x31A7, 0x31A7, 0x31A7, 0x31A7, 0x31A7,
  0x29A7, 0xD6DB, 0xF7FF, 0xEFBF, 0xEFBF, 0xEFBF, 0xEFBF, 0xEFBF, 0xEFBF, 0xEFBF,
  0xEFBF, 0xEFBF, 0xEFBF, 0xF7FF, 0xC65A, 0x9D14, 0xA555, 0xA555, 0xA535, 0xA576,
  0xEF9E, 0xEFBF, 0xFFFF, 0x6B8F, 0x2146, 0x31C8, 0x31A7, 0x31A7, 0x31A7, 0x31A7,
  0x31A7, 0x31A7, 0x31A7, 0x31A7, 0x31A7, 0x31A7, 0x31C7, 0x31C7, 0x31C7, 0x31C8,
  0x29A7, 0x73D0, 0x9D14, 0x94D4, 0x94D4, 0x94D4, 0x94D4, 0x94D4, 0x94D4, 0x94D4,
  0x94D4, 0x94D4, 0x94D4, 0x94D4, 0x9D15, 0xA556, 0xA555, 0xA555, 0xA556, 0xA555,
  0x94D4, 0x94F4, 0x8CB3, 0x4249, 0x2987, 0x31C7, 0x31A7, 0x31A7, 0x31A7, 0x31A7,
  0x31A7, 0x31A7, 0x31A7, 0x31A7, 0x31A7, 0x31C7, 0x31A7, 0x2986, 0x2986, 0x2986,
  0x3186, 0x2125, 0x2104, 0x2104, 0x2104, 0x2104, 0x2104, 0x2104, 0x2104, 0x2104,
  0x2104, 0x2104, 0x2104, 0x2104, 0x1904, 0x18E4, 0x18E4, 0x18E4, 0x18E4, 0x18E4,
  0x2104, 0x2104, 0x2125, 0x29A7, 0x31A7, 0x31A7, 0x31A7, 0x31A7, 0x31A7, 0x31A7,
  0x31A7, 0x31A7, 0x31A7, 0x31A7, 0x31C7, 0x31A7, 0x3209, 0x3A8C, 0x3A8C, 0x3A8C,
  0x3A8C, 0x3A8C, 0x3AAD, 0x3AAD, 0x3AAD, 0x3AAD, 0x3AAD, 0x3AAD, 0x3AAD, 0x3AAD,
  0x3AAD, 0x3AAD, 0x3AAD, 0x3AAD, 0x3AAD, 0x3AAD, 0x3AAD, 0x3AAD, 0x3AAD, 0x3AAD,
  0x3AAC, 0x3AAD, 0x3209, 0x31A7, 0x31A7, 0x31A7, 0x31A7, 0x31A7, 0x31A7, 0x31A7,
  0x31A7, 0x31A7, 0x31A7, 0x31C7, 0x31A7, 0x322A, 0x54DA, 0x55BF, 0x559E, 0x559E,
  0x559E, 0x559E, 0x559E, 0x559E, 0x559E, 0x559E, 0x559E, 0x559E, 0x559E, 0x559E,
  0x559E, 0x559E, 0x559E, 0x559E, 0x559E, 0x559E, 0x559E, 0x559E, 0x559E, 0x559E,
  0x559E, 0x5DBF, 0x4C98, 0x31E9, 0x31A7, 0x31C7, 0x31A7, 0x31A7, 0x31A7, 0x31A7,
  0x31A7, 0x31A7, 0x31A7, 0x31C8, 0x2965, 0x4351, 0x5DBF, 0x555D, 0x555D, 0x555D,
  0x555D, 0x555D, 0x555D, 0x555D, 0x555D, 0x555D, 0x555D, 0x555D, 0x555D, 0x555D,
  0x555D, 0x555D, 0x555D, 0x555D, 0x555D, 0x555D, 0x555D, 0x555D, 0x555D, 0x555D,
  0x555D, 0x555D, 0x5DBF, 0x3AEF, 0x2966, 0x31C8, 0x31A7, 0x31A7, 0x31A7, 0x31A7,
  0x31A7, 0x31A7, 0x31A7, 0x31C8, 0x2965, 0x4351, 0x55BF, 0x555D, 0x555D, 0x555D,
  0x555D, 0x555D, 0x555D, 0x555D, 0x555D, 0x555D, 0x555D, 0x555D, 0x555D, 0x555D,
  0x555D, 0x555D, 0x555D, 0x555D, 0x555D, 0x555D, 0x555D, 0x555D, 0x555D, 0x555D,
  0x555D, 0x555D, 0x55BF, 0x3AEF, 0x2966, 0x31C8, 0x31A7, 0x31A7, 0x31A7, 0x31A7,
  0x31A7, 0x31A7, 0x31A7, 0x31C8, 0x2145, 0x7411, 0xDF7F, 0xCEFD, 0xCF1D, 0xCF1D,
  0xCF1D, 0xCF1D, 0xCF1D, 0xCF1D, 0xCF1D, 0xCF1D, 0xCF1D, 0xCF1D, 0xCF1D, 0xCF1D,
  0xCF1D, 0xCF1D, 0xCF1D, 0xCF1D, 0xCF1D, 0xCF1D, 0xCF1D, 0xCF1D, 0xCF1D, 0xCF1D,
  0xCF1D, 0xCEFD, 0xDF7F, 0x636E, 0x2166, 0x31C8, 0x31A7, 0x31A7, 0x31A7, 0x31A7,
  0x31A7, 0x31A7, 0x31A7, 0x31C8, 0x2145, 0x8431, 0xF7DF, 0xE73D, 0xE75D, 0xE75D,
  0xE75D, 0xE75D, 0xE75D, 0xE75D, 0xE75D, 0xE75D, 0xE75D, 0xE75D, 0xE75D, 0xE75D,
  0xE75D, 0xE75D, 0xE75D, 0xE75D, 0xE75D, 0xE75D, 0xE75D, 0xE75D, 0xE75D, 0xE75D,
  0xE75D, 0xE73D, 0xF7BF, 0x6B8E, 0x2146, 0x31C8, 0x31A7, 0x31A7, 0x31A7, 0x31A7,
  0x31A7, 0x31A7, 0x31A7, 0x31C8, 0x2145, 0x7C31, 0xEFBF, 0xDF3D, 0xE75D, 0xE75D,
  0xE75D, 0xE75D, 0xE75D, 0xE75D, 0xE75D, 0xE75D, 0xE75D, 0xE75D, 0xE75D, 0xE75D,
  0xE75D, 0xE75D, 0xE75D, 0xE75D, 0xE75D, 0xE75D, 0xE75D, 0xE75D, 0xE75D, 0xE75D,
  0xE75D, 0xDF3D, 0xEFBF, 0x6B8E, 0x2146, 0x31C8, 0x31A7, 0x31A7, 0x31A7, 0x31A7,
  0x31A7, 0x31A7, 0x31A7, 0x31C8, 0x2145, 0x7C31, 0xF7BF, 0xDF3D, 0xE75D, 0xE75D,
  0xE75D, 0xE75D, 0xE75D, 0xE75D, 0xE75D, 0xE75D, 0xE75D, 0xE75D, 0xE75D, 0xE75D,
  0xE75D, 0xE75D, 0xE75D, 0xE75D, 0xE75D, 0xE75D, 0xE75D, 0xE75D, 0xE75D, 0xE75D,
  0xE75D, 0xDF3D, 0xEFBF, 0x6B8E, 0x2146, 0x31C8, 0x31A7, 0x31A7, 0x31A7, 0x31A7,
  0x31A7, 0x31A7, 0x31A7, 0x31C8, 0x2145, 0x7C31, 0xF7BF, 0xDF3D, 0xE75D, 0xE75D,
  0xE75D, 0xE75D, 0xE75D, 0xE75D, 0xE75D, 0xE75D, 0xE75D, 0xE75D, 0xE75D, 0xE75D,
  0xE75D, 0xE75D, 0xE75D, 0xE75D, 0xE75D, 0xE75D, 0xE75D, 0xE75D, 0xE75D, 0xE75D,
  0xE75D, 0xDF3D, 0xEFBF, 0x6B8E, 0x2146, 0x31C8, 0x31A7, 0x31A7, 0x31A7, 0x31A7,
  0x31A7, 0x31A7, 0x31A7, 0x31C8, 0x2145, 0x7C31, 0xF7BF, 0xDF3D, 0xE75D, 0xE75D,
  0xE75D, 0xE75D, 0xE75D, 0xE75D, 0xE75D, 0xE75D, 0xE75D, 0xE75D, 0xE75D, 0xE75D,
  0xE75D, 0xE75D, 0xE75D, 0xE75D, 0xE75D, 0xE75D, 0xE75D, 0xE75D, 0xE75D, 0xE75D,
  0xE75D, 0xDF3D, 0xEFBF, 0x6B8E, 0x2146, 0x31C8, 0x31A7, 0x31A7, 0x31A7, 0x31A7,
  0x31A7, 0x31A7, 0x31A7, 0x31C8, 0x2145, 0x7C31, 0xF7BF, 0xDF3D, 0xE75D, 0xE75D,
  0xE75D, 0xE75D, 0xE75D, 0xE75D, 0xE75D, 0xE75D, 0xE75D, 0xE75D, 0xE75D, 0xE75D,
  0xE75D, 0xE75D, 0xE75D, 0xE75D, 0xE75D, 0xE75D, 0xE75D, 0xE75D, 0xE75D, 0xE75D,
  0xE75D, 0xDF3D, 0xEFBF, 0x6B8E, 0x2146, 0x31C8, 0x31A7, 0x31A7, 0x31A7, 0x31A7,
  0x31A7, 0x31A7, 0x31A7, 0x31C8, 0x2145, 0x7C31, 0xF7BF, 0xDF3D, 0xE75D, 0xE75D,
  0xE75D, 0xE75D, 0xE75D, 0xE75D, 0xE75D, 0xE75D, 0xE75D, 0xE75D, 0xE75D, 0xE75D,
  0xE75D, 0xE75D, 0xE75D, 0xE75D, 0xE75D, 0xE75D, 0xE75D, 0xE75D, 0xE75D, 0xE75D,
  0xE75D, 0xDF3D, 0xEFBF, 0x6B8E, 0x2146, 0x31C8, 0x31A7, 0x31A7, 0x31A7, 0x31A7,
  0x31A7, 0x31A7, 0x31A7, 0x31C8, 0x2145, 0x7C31, 0xF7BF, 0xDF3D, 0xE75D, 0xE75D,
  0xE75D, 0xE75D, 0xE75D, 0xE75D, 0xE75D, 0xE75D, 0xE75D, 0xE75D, 0xE75D, 0xE75D,
  0xE75D, 0xE75D, 0xE75D, 0xE75D, 0xE75D, 0xE75D, 0xE75D, 0xE75D, 0xE75D, 0xE75D,
  0xE75D, 0xDF3D, 0xEFBF, 0x6B8E, 0x2146, 0x31C8, 0x31A7, 0x31A7, 0x31A7, 0x31A7,
  0x31A7, 0x31A7, 0x31A7, 0x31C8, 0x2145, 0x7C31, 0xF7BF, 0xDF3D, 0xE75D, 0xE75D,
  0xE75D, 0xE75D, 0xE75D, 0xE75D, 0xE75D, 0xE75D, 0xE75D, 0xE75D, 0xE75D, 0xE75D,
  0xE75D, 0xE75D, 0xE75D, 0xE75D, 0xE75D, 0xE75D, 0xE75D, 0xE75D, 0xE75D, 0xE75D,
  0xE75D, 0xDF3D, 0xEFBF, 0x6B8E, 0x2146, 0x31C8, 0x31A7, 0x31A7, 0x31A7, 0x31A7,
  0x31A7, 0x31A7, 0x31A7, 0x31C8, 0x2145, 0x7C31, 0xF7BF, 0xDF3D, 0xE75D, 0xE75D,
  0xE75D, 0xE75D, 0xE75D, 0xE75D, 0xE75D, 0xE75D, 0xE75D, 0xE75D, 0xE75D, 0xE75D,
  0xE75D, 0xE75D, 0xE75D, 0xE75D, 0xE75D, 0xE75D, 0xE75D, 0xE75D, 0xE75D, 0xE75D,
  0xE75D, 0xDF3D, 0xEFBF, 0x6B8E, 0x2146, 0x31C8, 0x31A7, 0x31A7, 0x31A7, 0x31A7,
  0x31A7, 0x31A7, 0x31A7, 0x31C8, 0x2145, 0x7C31, 0xF7BF, 0xDF3D, 0xE75D, 0xE75D,
  0xE75D, 0xE75D, 0xE75D, 0xE75D, 0xE75D, 0xE75D, 0xE75D, 0xE75D, 0xE75D, 0xE75D,
  0xE75D, 0xE75D, 0xE75D, 0xE75D, 0xE75D, 0xE75D, 0xE75D, 0xE75D, 0xE75D, 0xE75D,
  0xE75D, 0xDF3D, 0xEFBF, 0x6B8E, 0x2146, 0x31C8, 0x31A7, 0x31A7, 0x31A7, 0x31A7,
  0x31A7, 0x31A7, 0x31A7, 0x31C8, 0x2145, 0x7C31, 0xF7BF, 0xDF3D, 0xE75D, 0xE75D,
  0xE75D, 0xE75D, 0xE75D, 0xE75D, 0xE75D, 0xE75D, 0xE75D, 0xE75D, 0xE75D, 0xE75D,
  0xE75D, 0xE75D, 0xE75D, 0xE75D, 0xE75D, 0xE75D, 0xE75D, 0xE75D, 0xE75D, 0xE75D,
  0xE75D, 0xDF3D, 0xEFBF, 0x6B8E, 0x2146, 0x31C8, 0x31A7, 0x31A7, 0x31A7, 0x31A7,
  0x31A7, 0x31A7, 0x31A7, 0x31C8, 0x2145, 0x7C31, 0xF7BF, 0xDF3D, 0xE75D, 0xE75D,
  0xE75D, 0xE75D, 0xE75D, 0xE75D, 0xE75D, 0xE75D, 0xE75D, 0xE75D, 0xE75D, 0xE75D,
  0xE75D, 0xE75D, 0xE75D, 0xE75D, 0xE75D, 0xE75D, 0xE75D, 0xE75D, 0xE75D, 0xE75D,
  0xE75D, 0xDF3D, 0xEFBF, 0x6B8E, 0x2146, 0x31C8, 0x31A7, 0x31A7, 0x31A7, 0x31A7,
  0x31A7, 0x31A7, 0x31A7, 0x31C8, 0x2145, 0x8431, 0xEFBF, 0xDF1D, 0xDF3D, 0xDF3D,
  0xDF3D, 0xDF3D, 0xDF3D, 0xDF3D, 0xDF3D, 0xDF3D, 0xDF3D, 0xDF3D, 0xDF3D, 0xDF3D,
  0xDF3D, 0xDF3D, 0xDF3D, 0xDF3D, 0xDF3D, 0xDF3D, 0xDF3D, 0xDF3D, 0xDF3D, 0xDF3D,
  0xDF3D, 0xDF1D, 0xEFBF, 0x6B8F, 0x2146, 0x31C8, 0x31A7, 0x31A7, 0x31A7, 0x31A7,
  0x31A7, 0x31A7, 0x31A7, 0x31C7, 0x2166, 0x6B8F, 0xEFBF, 0xEF9E, 0xEF9E, 0xEF9E,
  0xEF9E, 0xEF9E, 0xEF9E, 0xEF9E, 0xEF9E, 0xEF9E, 0xEF9E, 0xEF9E, 0xEF9E, 0xEF9E,
  0xEF9E, 0xEF9E, 0xEF9E, 0xEF9E, 0xEF9E, 0xEF9E, 0xEF9E, 0xEF9E, 0xEF9E, 0xEF9E,
  0xEF9E, 0xEF9E, 0xEF7E, 0x5B0C, 0x2966, 0x31C7, 0x31A7, 0x31A7, 0x31A7, 0x31A7,
  0x31A7, 0x31C8, 0x31A7, 0x31A7, 0x31A7, 0x31A7, 0x8C92, 0xBE39, 0xBE18, 0xBE18,
  0xBE18, 0xBE18, 0xBE18, 0xBE18, 0xBE18, 0xBE18, 0xBE18, 0xBE18, 0xBE18, 0xBE18,
  0xBE18, 0xBE18, 0xBE18, 0xBE18, 0xBE18, 0xBE18, 0xBE18, 0xBE18, 0xBE18, 0xBE18,
  0xBE18, 0xBE39, 0x7C31, 0x2987, 0x31C7, 0x31A7, 0x31A7, 0x31A7, 0x31C8, 0x31A7,
  0x31A7, 0x31C7, 0x31C8, 0x31A7, 0x31A7, 0x31A7, 0x2966, 0x2966, 0x2966, 0x2966,
  0x2966, 0x2966, 0x2966, 0x2966, 0x2966, 0x2966, 0x2966, 0x2966, 0x2966, 0x2966,
  0x2966, 0x2966, 0x2966, 0x2966, 0x2966, 0x2966, 0x2966, 0x2966, 0x2966, 0x2966,
  0x2966, 0x2966, 0x2986, 0x31A7, 0x31A7, 0x31A7, 0x31A7, 0x31C8, 0x31C7, 0x29A8,
  0xF81F, 0x31A7, 0x31C7, 0x31A7, 0x31A7, 0x31A7, 0x31C7, 0x31C7, 0x31C7, 0x31C7,
  0x31C7, 0x31C7, 0x31C7, 0x31C7, 0x31C7, 0x31C7, 0x31C7, 0x31C7, 0x31C7, 0x31C7,
  0x31C7, 0x31C7, 0x31C7, 0x31C7, 0x31C7, 0x31C7, 0x31C7, 0x31C7, 0x31C7, 0x31C7,
  0x31C7, 0x31C7, 0x31C7, 0x31A7, 0x31A7, 0x31A7, 0x31A7, 0x31C7, 0x31A7, 0xF81F
};

static const uint16_t kEmoji_robot[1600] PROGMEM = {
  0xF81F, 0xF81F, 0xF81F, 0xF81F, 0xF81F, 0xF81F, 0xF81F, 0xF81F, 0xF81F, 0xF81F,
  0xF81F, 0xF81F, 0xF81F, 0xFE48, 0xFE69, 0xFE8A, 0xFE8A, 0xFE6A, 0xFE69, 0xFE69,
  0xFE69, 0xFE69, 0xFE6A, 0xFE8A, 0xFE8A, 0xFE69, 0xFE48, 0xF81F, 0xF81F, 0xF81F,
  0xF81F, 0xF81F, 0xF81F, 0xF81F, 0xF81F, 0xF81F, 0xF81F, 0xF81F, 0xF81F, 0xF81F,
  0xF81F, 0xF81F, 0xF81F, 0xF81F, 0xF81F, 0xF81F, 0xF81F, 0xF81F, 0xF81F, 0xF81F,
  0xF81F, 0xEE0A, 0xFE8A, 0xFE8A, 0xFE8A, 0xFE48, 0xFDA6, 0xF545, 0xF504, 0xF504,
  0xF504, 0xF504, 0xF545, 0xFDA6, 0xFE48, 0xFE8A, 0xFE8A, 0xFE8A, 0xEE0A, 0xF81F,
  0xF81F, 0xF81F, 0xF81F, 0xF81F, 0xF81F, 0xF81F, 0xF81F, 0xF81F, 0xF81F, 0xF81F,
  0xF81F, 0xF81F, 0xF81F, 0xF81F, 0xF81F, 0xF81F, 0xF81F, 0xF81F, 0xF81F, 0xF81F,
  0xFEE7, 0xFEC9, 0xFF09, 0xFDE5, 0xFCE1, 0xFC80, 0xFC60, 0xFC60, 0xFC80, 0xFC80,
  0xFC80, 0xFC80, 0xFC60, 0xFC60, 0xFC80, 0xFCE1, 0xFDE5, 0xFF09, 0xFEC9, 0xFEE7,
  0xF81F, 0xF81F, 0xF81F, 0xF81F, 0xF81F, 0xF81F, 0xF81F, 0xF81F, 0xF81F, 0xF81F,
  0xF81F, 0xF81F, 0xF81F, 0xF81F, 0xF81F, 0xF81F, 0xF81F, 0xF81F, 0x2353, 0x3392,
  0x7470, 0x6C50, 0x6C0F, 0x638D, 0x638D, 0x63AD, 0x63AD, 0x63AD, 0x63AD, 0x63AD,
  0x63AD, 0x63AD, 0x63AD, 0x63AD, 0x63AD, 0x638D, 0x638D, 0x6C0F, 0x6C50, 0x7470,
  0x3392, 0x2353, 0xF81F, 0xF81F, 0xF81F, 0xF81F, 0xF81F, 0xF81F, 0xF81F, 0xF81F,
  0xF81F, 0xF81F, 0xF81F, 0xF81F, 0xF81F, 0xF81F, 0xF81F, 0x2333, 0x2395, 0x2354,
  0x12F4, 0x12F3, 0x1314, 0x1334, 0x1334, 0x1334, 0x1334, 0x1334, 0x1334, 0x1334,
  0x1334, 0x1334, 0x1334, 0x1334, 0x1334, 0x1334, 0x1334, 0x1314, 0x12F3, 0x12F4,
  0x2354, 0x2395, 0x2333, 0xF81F, 0xF81F, 0xF81F, 0xF81F, 0xF81F, 0xF81F, 0xF81F,
  0xF81F, 0xF81F, 0xF81F, 0xF81F, 0xF81F, 0xF81F, 0x1290, 0x2354, 0x1B12, 0x1B12,
  0x2312, 0x2312, 0x2312, 0x2312, 0x2312, 0x2312, 0x2312, 0x2312, 0x2312, 0x2312,
  0x2312, 0x2312, 0x2312, 0x2312, 0x2312, 0x2312, 0x2312, 0x2312, 0x2312, 0x2312,
  0x1B12, 0x1B12, 0x2354, 0x1290, 0xF81F, 0xF81F, 0xF81F, 0xF81F, 0xF81F, 0xF81F,
  0xF81F, 0xF81F, 0xF81F, 0xF81F, 0xF81F, 0x553C, 0x4499, 0x3417, 0x33F6, 0x33F6,
  0x33F6, 0x33F6, 0x33F6, 0x33F6, 0x33F6, 0x33F6, 0x33F6, 0x33F6, 0x33F6, 0x33F6,
  0x33F6, 0x33F6, 0x33F6, 0x33F6, 0x33F6, 0x33F6, 0x33F6, 0x33F6, 0x33F6, 0x33F6,
  0x33F6, 0x33F6, 0x3417, 0x4499, 0x553C, 0xF81F, 0xF81F, 0xF81F, 0xF81F, 0xF81F,
  0xF81F, 0xF81F, 0xF81F, 0xF81F, 0x5D9E, 0x557E, 0x5DDF, 0x5D9E, 0x5D9E, 0x5D9E,
  0x5D9E, 0x5D9E, 0x5D9E, 0x5D9E, 0x5D9E, 0x5D9E, 0x5D9E, 0x5D9E, 0x5D9E, 0x5D9E,
  0x5D9E, 0x5D9E, 0x5D9E, 0x5D9E, 0x5D9E, 0x5D9E, 0x5D9E, 0x5D9E, 0x5D9E, 0x5D9E,
  0x5D9E, 0x5D9E, 0x5D9E, 0x5DDF, 0x557E, 0x557E, 0xF81F, 0xF81F, 0xF81F, 0xF81F,
  0xF81F, 0xF81F, 0xF81F, 0xF81F, 0x555D, 0x5DDF, 0x555D, 0x555D, 0x555D, 0x555D,
  0x555D, 0x555D, 0x555D, 0x555D, 0x555D, 0x555D, 0x555D, 0x555D, 0x555D, 0x555D,
  0x555D, 0x555D, 0x555D, 0x555D, 0x555D, 0x555D, 0x555D, 0x555D, 0x555D, 0x555D,
  0x555D, 0x555D, 0x555D, 0x555D, 0x5DFF, 0x557E, 0xF81F, 0xF81F, 0xF81F, 0xF81F,
  0xF81F, 0xF81F, 0xF81F, 0xF81F, 0x5D7C, 0x5DDF, 0x555D, 0x557D, 0x557D, 0x557D,
  0x557D, 0x557D, 0x557D, 0x557D, 0x557D, 0x557D, 0x557D, 0x557D, 0x557D, 0x557D,
  0x557D, 0x557D, 0x557D, 0x557D, 0x557D, 0x557D, 0x557D, 0x557D, 0x557D, 0x557D,
  0x557D, 0x557D, 0x557D, 0x557D, 0x5DDF, 0x5D5D, 0xF81F, 0xF81F, 0xF81F, 0xF81F,
  0xF81F, 0xF81F, 0xFD47, 0xFDA4, 0x9D73, 0x4D7F, 0x5D7D, 0x557D, 0x557D, 0x555D,
  0x4D5D, 0x555D, 0x555D, 0x555D, 0x4D5D, 0x4D5D, 0x557D, 0x557D, 0x557D, 0x557D,
  0x557D, 0x557D, 0x557D, 0x557D, 0x4D5D, 0x4D5D, 0x555D, 0x555D, 0x555D, 0x4D5D,
  0x555D, 0x557D, 0x557D, 0x5D7D, 0x4D7F, 0x9D73, 0xFDA4, 0xFD47, 0xF81F, 0xF81F,
  0xF81F, 0xF81F, 0xFD46, 0xFDC4, 0x9D53, 0x457F, 0x5D7D, 0x557D, 0x555D, 0x557D,
  0x9E7E, 0xDF7F, 0xEFDF, 0xEFBF, 0xC6FE, 0x7DFE, 0x4D5D, 0x557D, 0x557D, 0x557D,
  0x557D, 0x557D, 0x557D, 0x4D5D, 0x7DFE, 0xC6FE, 0xEFBF, 0xEFDF, 0xDF7F, 0x9E7E,
  0x557D, 0x555D, 0x557D, 0x5D7D, 0x457F, 0x9D73, 0xFDC4, 0xFD46, 0xF81F, 0xF81F,
  0xF81F, 0xF461, 0xFD45, 0xFD64, 0x9D53, 0x457F, 0x5D7D, 0x555D, 0x5D7D, 0xCF3F,
  0xFFFF, 0xFFFF, 0xFF9E, 0xFFDF, 0xFFFF, 0xFFFF, 0x8E5E, 0x4D5D, 0x557D, 0x557D,
  0x557D, 0x557D, 0x4D5D, 0x8E5E, 0xFFFF, 0xFFFF, 0xFFDF, 0xFF9E, 0xFFFF, 0xFFFF,
  0xCF3F, 0x5D7D, 0x555D, 0x5D7D, 0x457F, 0x9D53, 0xFD64, 0xFD45, 0xF461, 0xF81F,
  0xF481, 0xFCA1, 0xFD45, 0xFD64, 0xA573, 0x457F, 0x5D7D, 0x4D3D, 0xB6DE, 0xFFFF,
  0xF71C, 0xE36F, 0xE24B, 0xE26C, 0xECF5, 0xFFFF, 0xFFFF, 0x75DE, 0x4D5D, 0x557D,
  0x557D, 0x4D5D, 0x75DE, 0xFFFF, 0xFFFF, 0xECF5, 0xE26C, 0xE24B, 0xE36F, 0xF71C,
  0xFFFF, 0xB6DE, 0x4D3D, 0x5D7D, 0x457F, 0xA573, 0xFD64, 0xFD45, 0xFCA1, 0xF481,
  0xF481, 0xFC81, 0xFD25, 0xFD64, 0xA573, 0x4D7F, 0x555D, 0x6DBE, 0xF7DF, 0xFFBE,
  0xE2AC, 0xD8E6, 0xD948, 0xD927, 0xD8E6, 0xED36, 0xFFFF, 0xBEFE, 0x4D5D, 0x557D,
  0x557D, 0x4D5D, 0xBEFE, 0xFFFF, 0xED36, 0xD8E6, 0xD927, 0xD948, 0xD8E6, 0xE2AC,
  0xFFBE, 0xF7DF, 0x6DBE, 0x555D, 0x4D7F, 0xA573, 0xFD64, 0xFD25, 0xFC81, 0xF481,
  0xF481, 0xF461, 0xFD25, 0xFD64, 0xA573, 0x4D7F, 0x4D5D, 0x7DFE, 0xFFFF, 0xF639,
  0xD948, 0xD988, 0xD988, 0xD989, 0xD927, 0xE2ED, 0xFFFF, 0xDF7F, 0x4D3D, 0x557D,
  0x557D, 0x4D3D, 0xDF7F, 0xFFFF, 0xE2ED, 0xD927, 0xD989, 0xD988, 0xD988, 0xD948,
  0xF639, 0xFFFF, 0x7DFE, 0x4D5D, 0x4D7F, 0xA573, 0xFD64, 0xFD25, 0xF461, 0xF481,
  0xF481, 0xF461, 0xFD25, 0xFD64, 0xA573, 0x4D7F, 0x4D5D, 0x7DFE, 0xFFFF, 0xF5F8,
  0xD948, 0xD988, 0xD968, 0xD988, 0xD927, 0xE2CD, 0xFFFF, 0xDF7F, 0x4D3D, 0x557D,
  0x557D, 0x4D3D, 0xDF7F, 0xFFFF, 0xE2CD, 0xD927, 0xD988, 0xD968, 0xD988, 0xD948,
  0xF5F8, 0xFFFF, 0x7DFE, 0x4D5D, 0x4D7F, 0xA573, 0xFD64, 0xFD25, 0xF461, 0xF481,
  0xF481, 0xF481, 0xFD25, 0xFD64, 0xA573, 0x4D7F, 0x555D, 0x75DE, 0xFFFF, 0xFF7D,
  0xD9EA, 0xD907, 0xD968, 0xD968, 0xD8C6, 0xEC73, 0xFFFF, 0xC71E, 0x4D5D, 0x557D,
  0x557D, 0x4D5D, 0xC71E, 0xFFFF, 0xEC73, 0xD8C6, 0xD968, 0xD968, 0xD907, 0xD9EA,
  0xFF7D, 0xFFFF, 0x75DE, 0x555D, 0x4D7F, 0xA573, 0xFD64, 0xFD25, 0xF481, 0xF481,
  0xF481, 0xFCC1, 0xFD25, 0xFD64, 0xA573, 0x457F, 0x5D7D, 0x555D, 0xCF3F, 0xFFFF,
  0xF639, 0xE22B, 0xD989, 0xD989, 0xE3B0, 0xFF9E, 0xFFFF, 0x861E, 0x4D5D, 0x557D,
  0x557D, 0x4D5D, 0x861E, 0xFFFF, 0xFF9E, 0xE3B0, 0xD989, 0xD989, 0xE22B, 0xF639,
  0xFFFF, 0xCF3F, 0x555D, 0x5D7D, 0x457F, 0xA573, 0xFD64, 0xFD25, 0xFCC1, 0xF481,
  0xF81F, 0xF460, 0xFD45, 0xFD64, 0xA553, 0x457F, 0x5D7D, 0x555D, 0x6DBE, 0xE79F,
  0xFFFF, 0xFFBE, 0xF69A, 0xFEFC, 0xFFFF, 0xFFFF, 0xAEBE, 0x555D, 0x557D, 0x557D,
  0x557D, 0x557D, 0x555D, 0xAEBE, 0xFFFF, 0xFFFF, 0xFEFC, 0xF69A, 0xFFBE, 0xFFFF,
  0xE79F, 0x6DBE, 0x555D, 0x5D7D, 0x457F, 0xA553, 0xFD64, 0xFD45, 0xF460, 0xF81F,
  0xF81F, 0xF81F, 0xFD46, 0xFDA4, 0x9D53, 0x457F, 0x5D7D, 0x557D, 0x4D5D, 0x65BE,
  0xC6FE, 0xF7FF, 0xFFFF, 0xFFFF, 0xE77F, 0x9E7E, 0x555D, 0x557D, 0x557D, 0x557D,
  0x557D, 0x557D, 0x557D, 0x555D, 0x9E7E, 0xE77F, 0xFFFF, 0xFFFF, 0xF7FF, 0xC6FE,
  0x65BE, 0x4D5D, 0x557D, 0x5D7D, 0x457F, 0x9D53, 0xFDA4, 0xFD46, 0xF81F, 0xF81F,
  0xF81F, 0xF81F, 0xFD47, 0xFDE5, 0xA573, 0x455F, 0x5D7D, 0x557D, 0x557D, 0x555D,
  0x4D5D, 0x659D, 0x6DBD, 0x6DBD, 0x5D7D, 0x4D3D, 0x557D, 0x557D, 0x557D, 0x557D,
  0x557D, 0x557D, 0x557D, 0x557D, 0x4D3D, 0x5D7D, 0x6DBD, 0x6DBD, 0x659D, 0x4D5D,
  0x555D, 0x557D, 0x557D, 0x5D7D, 0x455F, 0xA573, 0xFDE5, 0xFD47, 0xF81F, 0xF81F,
  0xF81F, 0xF81F, 0xF81F, 0xFDA4, 0x6D7A, 0x55BF, 0x557D, 0x557D, 0x557D, 0x557D,
  0x557D, 0x555D, 0x4D5D, 0x4D5D, 0x555D, 0x557D, 0x557D, 0x557D, 0x557D, 0x557D,
  0x557D, 0x557D, 0x557D, 0x557D, 0x557D, 0x555D, 0x4D5D, 0x4D5D, 0x555D, 0x557D,
  0x557D, 0x557D, 0x557D, 0x557D, 0x55BF, 0x6D7A, 0xFDA4, 0xF81F, 0xF81F, 0xF81F,
  0xF81F, 0xF81F, 0xF81F, 0xF81F, 0x4D7E, 0x5DDF, 0x557D, 0x557D, 0x557D, 0x557D,
  0x5D7D, 0x5D7D, 0x5D7D, 0x5D7D, 0x5D7D, 0x5D7D, 0x5D7D, 0x5D7D, 0x5D7D, 0x557D,
  0x557D, 0x5D7D, 0x5D7D, 0x5D7D, 0x5D7D, 0x5D7D, 0x5D7D, 0x5D7D, 0x5D7D, 0x5D7D,
  0x557D, 0x557D, 0x557D, 0x557D, 0x5DDF, 0x4D7E, 0xF81F, 0xF81F, 0xF81F, 0xF81F,
  0xF81F, 0xF81F, 0xF81F, 0xF81F, 0x557D, 0x5DDF, 0x557D, 0x557D, 0x557D, 0x4D5D,
  0x4D3D, 0x4D3D, 0x4D3D, 0x4D5D, 0x4D5E, 0x4D3D, 0x4D3D, 0x4D3D, 0x4D3D, 0x4D5D,
  0x4D5D, 0x4D3D, 0x4D3D, 0x4D3D, 0x4D3D, 0x4D5E, 0x4D5D, 0x4D3D, 0x4D3D, 0x4D3D,
  0x4D5D, 0x557D, 0x557D, 0x557D, 0x5DDF, 0x557D, 0xF81F, 0xF81F, 0xF81F, 0xF81F,
  0xF81F, 0xF81F, 0xF81F, 0xF81F, 0x557D, 0x5DDF, 0x557D, 0x557D, 0x557D, 0x7DDD,
  0x9E7E, 0x9E7E, 0x9E7E, 0x963D, 0x85FC, 0x963D, 0x9E7E, 0x9E7E, 0x9E7E, 0x8DFC,
  0x8DFC, 0x9E7E, 0x9E7E, 0x9E7E, 0x963D, 0x85FC, 0x963D, 0x9E7E, 0x9E7E, 0x9E7E,
  0x7DDD, 0x557D, 0x557D, 0x557D, 0x5DDF, 0x557D, 0xF81F, 0xF81F, 0xF81F, 0xF81F,
  0xF81F, 0xF81F, 0xF81F, 0xF81F, 0x557D, 0x5DDF, 0x557D, 0x555D, 0x9E3C, 0xD6DB,
  0xFFFF, 0xFFFF, 0xFFFF, 0xE73C, 0xD6BA, 0xEF5D, 0xFFFF, 0xFFFF, 0xFFDE, 0xD6DB,
  0xD6DB, 0xFFDE, 0xFFFF, 0xFFFF, 0xEF5D, 0xD6BA, 0xE73C, 0xFFFF, 0xFFFF, 0xFFFF,
  0xD6DB, 0x9E3C, 0x557D, 0x557D, 0x5DDF, 0x557D, 0xF81F, 0xF81F, 0xF81F, 0xF81F,
  0xF81F, 0xF81F, 0xF81F, 0xF81F, 0x557D, 0x5DDF, 0x4D5D, 0x6DBD, 0xCEBB, 0xCEBB,
  0xEFBF, 0xF7BF, 0xF7DF, 0xD71C, 0xC69B, 0xDF3D, 0xF7DF, 0xF7BF, 0xEF9E, 0xCEBB,
  0xCEBB, 0xEF9E, 0xF7BF, 0xF7DF, 0xDF3D, 0xC69B, 0xD71C, 0xF7DF, 0xF7BF, 0xEFBF,
  0xCEBB, 0xCEBB, 0x6DBD, 0x4D5D, 0x5DDF, 0x557D, 0xF81F, 0xF81F, 0xF81F, 0xF81F,
  0xF81F, 0xF81F, 0xF81F, 0xF81F, 0x557D, 0x5DDF, 0x4D5D, 0x75DD, 0xD6DB, 0xCEBB,
  0xF7BF, 0xF7DF, 0xFFDF, 0xDF1C, 0xC69B, 0xDF3D, 0xFFDF, 0xF7DF, 0xF7BE, 0xCEBB,
  0xCEBB, 0xF7BE, 0xF7DF, 0xFFDF, 0xDF3D, 0xC69B, 0xDF1C, 0xFFDF, 0xF7DF, 0xF7BF,
  0xCEBB, 0xD6DB, 0x75BD, 0x4D5D, 0x5DDF, 0x557D, 0xF81F, 0xF81F, 0xF81F, 0xF81F,
  0xF81F, 0xF81F, 0xF81F, 0xF81F, 0x557D, 0x5DDF, 0x555D, 0x659D, 0xC6BB, 0xD6DB,
  0xF7BF, 0xF7DF, 0xFFDF, 0xDF1C, 0xC69B, 0xDF3D, 0xFFDF, 0xF7DF, 0xF7BE, 0xCEBB,
  0xCEBB, 0xF7BE, 0xF7DF, 0xFFDF, 0xDF3D, 0xC69B, 0xDF1C, 0xFFDF, 0xF7DF, 0xF7BF,
  0xD6DB, 0xC6BB, 0x659D, 0x555D, 0x5DDF, 0x557D, 0xF81F, 0xF81F, 0xF81F, 0xF81F,
  0xF81F, 0xF81F, 0xF81F, 0xF81F, 0x557D, 0x5DDF, 0x557D, 0x555D, 0x7DDD, 0xC6BC,
  0xF7DF, 0xF7DF, 0xFFDF, 0xDF1C, 0xC69B, 0xE73D, 0xFFFF, 0xFFDF, 0xF7BE, 0xCEBB,
  0xCEBB, 0xF7BE, 0xFFDF, 0xFFFF, 0xE73D, 0xC69B, 0xDF1C, 0xFFDF, 0xF7DF, 0xF7DF,
  0xC6BC, 0x7DDD, 0x555D, 0x557D, 0x5DDF, 0x557D, 0xF81F, 0xF81F, 0xF81F, 0xF81F,
  0xF81F, 0xF81F, 0xF81F, 0xF81F, 0x555D, 0x5DDF, 0x555D, 0x557D, 0x4D5D, 0x5D7D,
  0x6DBD, 0x6DBD, 0x6DBD, 0x659D, 0x659D, 0x659D, 0x6DBE, 0x6DBE, 0x6DBD, 0x659D,
  0x659D, 0x6DBD, 0x6DBE, 0x6DBE, 0x659D, 0x659D, 0x659D, 0x6DBD, 0x6DBD, 0x6DBD,
  0x5D7D, 0x4D5D, 0x557D, 0x555D, 0x5DDF, 0x555D, 0xF81F, 0xF81F, 0xF81F, 0xF81F,
  0xF81F, 0xF81F, 0xF81F, 0xF81F, 0x559E, 0x5DFF, 0x557E, 0x557E, 0x5D7E, 0x557E,
  0x557E, 0x557E, 0x557E, 0x557E, 0x557E, 0x557E, 0x555D, 0x555D, 0x555D, 0x555D,
  0x555D, 0x555D, 0x555D, 0x555D, 0x557E, 0x557E, 0x557E, 0x557E, 0x557E, 0x557E,
  0x557E, 0x5D7E, 0x557E, 0x557E, 0x5DFF, 0x559E, 0xF81F, 0xF81F, 0xF81F, 0xF81F,
  0xF81F, 0xF81F, 0x3C58, 0x3C58, 0x4479, 0x44DA, 0x44BA, 0x44BA, 0x44BA, 0x44BA,
  0x44BA, 0x44BA, 0x44BA, 0x44BA, 0x44BA, 0x44BA, 0x555D, 0x557E, 0x557D, 0x557D,
  0x557D, 0x557D, 0x557E, 0x555D, 0x44BA, 0x44BA, 0x44BA, 0x44BA, 0x44BA, 0x44BA,
  0x44BA, 0x44BA, 0x44BA, 0x44BA, 0x44DA, 0x4479, 0x3C58, 0x3C58, 0xF81F, 0xF81F,
  0xF81F, 0x3C58, 0x44BB, 0x3C99, 0x3C58, 0x3C37, 0x3C38, 0x3C38, 0x3C38, 0x3C38,
  0x3C38, 0x3C38, 0x3C38, 0x3C38, 0x3C38, 0x3C37, 0x4499, 0x555D, 0x557D, 0x557D,
  0x557D, 0x557D, 0x555D, 0x4499, 0x3C37, 0x3C38, 0x3C38, 0x3C38, 0x3C38, 0x3C38,
  0x3C38, 0x3C38, 0x3C38, 0x3C38, 0x3C37, 0x3C58, 0x3C99, 0x44BB, 0x3C58, 0xF81F,
  0xF81F, 0x3C38, 0x3C59, 0x3C58, 0x3C58, 0x3C58, 0x3C58, 0x3C58, 0x3C58, 0x3C58,
  0x3C58, 0x3C58, 0x3C58, 0x3C58, 0x3C58, 0x3C58, 0x3C38, 0x4499, 0x555D, 0x557D,
  0x557D, 0x555D, 0x4499, 0x3C38, 0x3C58, 0x3C58, 0x3C58, 0x3C58, 0x3C58, 0x3C58,
  0x3C58, 0x3C58, 0x3C58, 0x3C58, 0x3C58, 0x3C58, 0x3C58, 0x3C79, 0x3C58, 0xF81F,
  0xF81F, 0x3C38, 0x3C79, 0x3C38, 0x3C58, 0x3C58, 0x3C58, 0x3C58, 0x3C58, 0x3C58,
  0x3C58, 0x3C58, 0x3C58, 0x3C58, 0x3C58, 0x3C58, 0x3C58, 0x3C38, 0x4499, 0x557D,
  0x557D, 0x4499, 0x3C38, 0x3C58, 0x3C58, 0x3C58, 0x3C58, 0x3C58, 0x3C58, 0x3C58,
  0x3C58, 0x3C58, 0x3C58, 0x3C58, 0x3C58, 0x3C58, 0x3C58, 0x3C79, 0x3C58, 0xF81F,
  0xF81F, 0x3C58, 0x3C9A, 0x3C79, 0x3C79, 0x3C79, 0x3C79, 0x3C79, 0x3C79, 0x3C79,
  0x3C79, 0x3C79, 0x3C79, 0x3C79, 0x3C79, 0x3C79, 0x3C79, 0x3C79, 0x3C59, 0x44BA,
  0x44BA, 0x3C59, 0x3C79, 0x3C79, 0x3C79, 0x3C79, 0x3C79, 0x3C79, 0x3C79, 0x3C79,
  0x3C79, 0x3C79, 0x3C79, 0x3C79, 0x3C79, 0x3C79, 0x3C79, 0x3C9A, 0x3C58, 0xF81F,
  0xF81F, 0x3C58, 0x3C79, 0x3C58, 0x3C58, 0x3C58, 0x3C58, 0x3C58, 0x3C58, 0x3C58,
  0x3C58, 0x3C58, 0x3C58, 0x3C58, 0x3C58, 0x3C58, 0x3C58, 0x3C58, 0x3C58, 0x3C38,
  0x3C38, 0x3C58, 0x3C58, 0x3C58, 0x3C58, 0x3C58, 0x3C58, 0x3C58, 0x3C58, 0x3C58,
  0x3C58, 0x3C58, 0x3C58, 0x3C58, 0x3C58, 0x3C58, 0x3C58, 0x3C79, 0x3C58, 0xF81F,
  0xF81F, 0xF81F, 0xF81F, 0xF81F, 0xF81F, 0xF81F, 0xF81F, 0xF81F, 0xF81F, 0xF81F,
  0xF81F, 0xF81F, 0xF81F, 0xF81F, 0xF81F, 0xF81F, 0xF81F, 0xF81F, 0xF81F, 0xF81F,
  0xF81F, 0xF81F, 0xF81F, 0xF81F, 0xF81F, 0xF81F, 0xF81F, 0xF81F, 0xF81F, 0xF81F,
  0xF81F, 0xF81F, 0xF81F, 0xF81F, 0xF81F, 0xF81F, 0xF81F, 0xF81F, 0xF81F, 0xF81F
};

static const uint16_t kEmoji_chartup[1600] PROGMEM = {
  0xF81F, 0xF81F, 0xF81F, 0xF81F, 0xF81F, 0xF81F, 0xF81F, 0xF81F, 0xF81F, 0xF81F,
  0xF81F, 0xF81F, 0xF81F, 0xF81F, 0xF81F, 0xF81F, 0xF81F, 0xF81F, 0xF81F, 0xF81F,
  0xF81F, 0xF81F, 0xF81F, 0xF81F, 0xF81F, 0xF81F, 0xF81F, 0xF81F, 0xF81F, 0xF81F,
  0xF81F, 0xF81F, 0xF81F, 0xF81F, 0xF81F, 0xF81F, 0xF81F, 0xF81F, 0xF81F, 0xF81F,
  0xF81F, 0xF81F, 0xF81F, 0xE73D, 0xE75D, 0xE75D, 0xE73D, 0xE73D, 0xE73D, 0xE73D,
  0xE73D, 0xE73D, 0xE73D, 0xE73D, 0xE73D, 0xE73D, 0xE73D, 0xE73D, 0xE73D, 0xE73D,
  0xE73D, 0xE73D, 0xE73D, 0xE73D, 0xE73D, 0xE73D, 0xE73D, 0xE73D, 0xE73D, 0xE73D,
  0xE73D, 0xE73D, 0xE73D, 0xE73D, 0xE73D, 0xE73D, 0xE73D, 0xF81F, 0xF81F, 0xF81F,
  0xF81F, 0xF81F, 0xE75D, 0xF7FF, 0xEF9E, 0xEF9E, 0xEF9E, 0xEF9E, 0xEF9E, 0xEF9E,
  0xEF9E, 0xEF9E, 0xEF9E, 0xEF9E, 0xEF9E, 0xEF9E, 0xEF9E, 0xEF9E, 0xEF9E, 0xEF9E,
  0xEF9E, 0xEF9E, 0xEF9E, 0xEF9E, 0xEF9E, 0xEF9E, 0xEF9E, 0xEF9E, 0xEF9E, 0xEF9E,
  0xEF9E, 0xEF9E, 0xEF9F, 0xEFFF, 0xEFDF, 0xEFDF, 0xF7FF, 0xE75D, 0xF81F, 0xF81F,
  0xF81F, 0xE73D, 0xF7FF, 0xE75D, 0xDF1C, 0xD6FC, 0xD6DC, 0xD6DC, 0xD6DC, 0xD6FC,
  0xE73D, 0xE75D, 0xD6FC, 0xD6DC, 0xD6DC, 0xD6DC, 0xD6DC, 0xD6DC, 0xD6FC, 0xE73D,
  0xE73D, 0xD6FC, 0xD6DC, 0xD6DC, 0xD6DC, 0xD6DC, 0xD6DC, 0xD6FC, 0xE75D, 0xE73D,
  0xD6DC, 0xD6FC, 0xD6BB, 0xDC12, 0xDAED, 0xDC73, 0xE73D, 0xF7FF, 0xE73D, 0xF81F,
  0xF81F, 0xE73D, 0xEF9E, 0xDF1D, 0xCEBB, 0xCEBB, 0xCEBB, 0xCEBB, 0xCEBB, 0xCEBB,
  0xE73D, 0xE75D, 0xD6DB, 0xCEBB, 0xCEBB, 0xCEBB, 0xCEBB, 0xCEBB, 0xCEBB, 0xE75D,
  0xE75D, 0xCEBB, 0xCEBB, 0xCEBB, 0xCEBB, 0xCEBB, 0xCEBB, 0xD6DB, 0xE75D, 0xE73D,
  0xCEBB, 0xCEFC, 0xD3B0, 0xD8C6, 0xD927, 0xD8E6, 0xDC93, 0xEFFF, 0xE73D, 0xF81F,
  0xF81F, 0xE73D, 0xEF9E, 0xD6FC, 0xCEBB, 0xCEBB, 0xCEBB, 0xCEBB, 0xCEBB, 0xCEBB,
  0xE73D, 0xE75D, 0xD6DC, 0xCEBB, 0xCEBB, 0xCEBB, 0xCEBB, 0xCEBB, 0xCEDB, 0xE75D,
  0xE75D, 0xCEDB, 0xCEBB, 0xCEBB, 0xCEBB, 0xCEBB, 0xCEBB, 0xD6DC, 0xE75D, 0xE73D,
  0xCEFC, 0xCDB7, 0xD968, 0xD968, 0xD9A9, 0xD907, 0xDB0E, 0xEFFF, 0xDF3D, 0xF81F,
  0xF81F, 0xE73D, 0xEF9E, 0xD6DC, 0xCEBB, 0xCEBB, 0xCEBB, 0xCEBB, 0xCEBB, 0xCEBB,
  0xE73D, 0xE75D, 0xD6DC, 0xCEBB, 0xCEBB, 0xCEBB, 0xCEBB, 0xCEBB, 0xCEDB, 0xE75D,
  0xE75D, 0xCEDB, 0xCEBB, 0xCEBB, 0xCEBB, 0xCEBB, 0xCEBB, 0xD6DC, 0xE75D, 0xE73D,
  0xCEFC, 0xD32F, 0xD927, 0xD988, 0xD988, 0xD907, 0xDC11, 0xEFFF, 0xE73D, 0xF81F,
  0xF81F, 0xE73D, 0xEF9E, 0xD6DC, 0xCEBB, 0xCEBB, 0xCEBB, 0xCEBB, 0xCEBB, 0xCEBB,
  0xE73D, 0xE75D, 0xD6DC, 0xCEBB, 0xCEBB, 0xCEBB, 0xCEBB, 0xCEBB, 0xCEDB, 0xE75D,
  0xE75D, 0xCEDB, 0xCEBB, 0xCEBB, 0xCEBB, 0xCEBB, 0xCEBB, 0xD6DC, 0xE75D, 0xDF7E,
  0xD5B7, 0xD968, 0xD968, 0xD968, 0xD968, 0xD9A9, 0xD65A, 0xEFBF, 0xE73D, 0xF81F,
  0xF81F, 0xE73D, 0xEF9E, 0xD6DC, 0xCEBB, 0xCEBB, 0xCEBB, 0xCEBB, 0xCEBB, 0xCEBB,
  0xE73D, 0xE75D, 0xD6DC, 0xCEBB, 0xCEBB, 0xCEBB, 0xCEBB, 0xCEBB, 0xCEDB, 0xE75D,
  0xE75D, 0xCEDB, 0xCEBB, 0xCEBB, 0xCEBB, 0xCEBB, 0xCEBB, 0xD6DC, 0xE75D, 0xE77E,
  0xDB0E, 0xD927, 0xD988, 0xD988, 0xD907, 0xD3F1, 0xD73D, 0xEF9E, 0xE73D, 0xF81F,
  0xF81F, 0xE73D, 0xEF9E, 0xD6FC, 0xCEBB, 0xCEBB, 0xCEBB, 0xCEBB, 0xCEBB, 0xCEDB,
  0xE73D, 0xE75D, 0xD6DC, 0xCEBB, 0xCEBB, 0xCEBB, 0xCEBB, 0xCEBB, 0xD6DC, 0xE75D,
  0xE75D, 0xD6DC, 0xCEBB, 0xCEBB, 0xCEBB, 0xCEBB, 0xCEBB, 0xD6DB, 0xE79E, 0xE5D8,
  0xD948, 0xD968, 0xD968, 0xD948, 0xD9EA, 0xCE5A, 0xD6FC, 0xEF9E, 0xE73D, 0xF81F,
  0xF81F, 0xE73D, 0xEF9E, 0xDF3D, 0xE73D, 0xE73D, 0xE73D, 0xE73D, 0xE73D, 0xE73D,
  0xE75D, 0xE75D, 0xE73D, 0xE73D, 0xE73D, 0xE73D, 0xE73D, 0xE73D, 0xE73D, 0xE75D,
  0xE75D, 0xE73D, 0xE73D, 0xE73D, 0xE73D, 0xE73D, 0xE73D, 0xE73D, 0xE77E, 0xDB0E,
  0xD927, 0xD988, 0xD988, 0xD907, 0xDC73, 0xE79E, 0xDF3D, 0xEF9E, 0xE73D, 0xF81F,
  0xF81F, 0xE73D, 0xEF9E, 0xE75D, 0xE75D, 0xE75D, 0xE75D, 0xE75D, 0xE75D, 0xE75D,
  0xE75D, 0xE75D, 0xE75D, 0xE75D, 0xE75D, 0xE75D, 0xE75D, 0xE75D, 0xE75D, 0xE75D,
  0xE75D, 0xE75D, 0xE75D, 0xE75D, 0xE75D, 0xE75D, 0xE73D, 0xE79E, 0xE576, 0xD927,
  0xD968, 0xD968, 0xD948, 0xDA2B, 0xE6FC, 0xE77E, 0xE73D, 0xEF9E, 0xE73D, 0xF81F,
  0xF81F, 0xE73D, 0xEF9E, 0xD6FC, 0xD6DC, 0xD6DC, 0xD6DC, 0xD6DC, 0xD6DC, 0xD6DC,
  0xE73D, 0xE75D, 0xD6FC, 0xD6DC, 0xD6DC, 0xD6DC, 0xD6DC, 0xD6DC, 0xD6DC, 0xE75D,
  0xE75D, 0xD6DC, 0xD6DC, 0xD6DC, 0xD6DC, 0xD6DC, 0xD6DC, 0xD6FC, 0xDACD, 0xD927,
  0xD988, 0xD988, 0xD927, 0xD493, 0xD73D, 0xD6BB, 0xD6FC, 0xEF9E, 0xE73D, 0xF81F,
  0xF81F, 0xE73D, 0xEF9E, 0xD6DC, 0xCEBB, 0xCEBB, 0xCEBB, 0xCEBB, 0xCEBB, 0xCEBB,
  0xE73D, 0xE75D, 0xD6DB, 0xCEBB, 0xCEBB, 0xCEBB, 0xCEBB, 0xCEBB, 0xCEBB, 0xE75D,
  0xE75D, 0xCEBB, 0xCEBB, 0xCEBB, 0xCEBB, 0xCE9B, 0xCEFC, 0xD4F5, 0xD947, 0xD968,
  0xD988, 0xD947, 0xDA2B, 0xCE9B, 0xCEBB, 0xCE9B, 0xD6DC, 0xEF9E, 0xE73D, 0xF81F,
  0xF81F, 0xE73D, 0xEF9E, 0xD6DC, 0xCEBB, 0xCEBB, 0xCEBB, 0xCEBB, 0xCEBB, 0xCEBB,
  0xE73D, 0xE75D, 0xD6DC, 0xCEBB, 0xCEBB, 0xCEBB, 0xCEBB, 0xCEBB, 0xCEDB, 0xE75D,
  0xE75D, 0xCEDB, 0xCEBB, 0xCEBB, 0xCEBB, 0xCEBB, 0xCE9B, 0xDA4B, 0xD947, 0xD988,
  0xD988, 0xD927, 0xD4B4, 0xCF1C, 0xCEBB, 0xCEBB, 0xD6DC, 0xEF9E, 0xE73D, 0xF81F,
  0xF81F, 0xE73D, 0xEF9E, 0xD6DC, 0xCEBB, 0xCEBB, 0xCEBB, 0xCEBB, 0xCEBB, 0xCEBB,
  0xE73D, 0xE75D, 0xD6DB, 0xCE9B, 0xCEBB, 0xCEBB, 0xCEBB, 0xCEBB, 0xCEDB, 0xE75D,
  0xE75D, 0xCEDB, 0xCEBB, 0xCEBB, 0xCE9B, 0xCF1C, 0xD4B4, 0xD927, 0xD988, 0xD988,
  0xD927, 0xDA8C, 0xCEBB, 0xCEBB, 0xCEBB, 0xCEBB, 0xD6DC, 0xEF9E, 0xE73D, 0xF81F,
  0xF81F, 0xE73D, 0xEF9E, 0xD6DC, 0xCEBB, 0xCEBB, 0xCEBB, 0xCEBB, 0xCEBB, 0xCEBB,
  0xE73D, 0xE75D, 0xD71C, 0xCEFC, 0xCEDC, 0xCEBB, 0xCEBB, 0xCEBB, 0xCEDB, 0xE75D,
  0xE75D, 0xCEDB, 0xCEBB, 0xCEBB, 0xCEDB, 0xCE9B, 0xDA4B, 0xD947, 0xD968, 0xD968,
  0xD927, 0xD4F5, 0xCF1C, 0xCEBB, 0xCEBB, 0xCEBB, 0xD6DC, 0xEF9E, 0xE73D, 0xF81F,
  0xF81F, 0xE73D, 0xEF9E, 0xD6DC, 0xCEBB, 0xCEBB, 0xCEBB, 0xCEBB, 0xCEBB, 0xCEBB,
  0xE73D, 0xE77E, 0xD619, 0xCD76, 0xCE5A, 0xCEFC, 0xCE9B, 0xCEBB, 0xCEBB, 0xE75D,
  0xE75D, 0xCEBB, 0xCEBB, 0xCEBB, 0xCF1C, 0xD453, 0xD927, 0xD988, 0xD988, 0xD927,
  0xDA8C, 0xCEBB, 0xCEBB, 0xCEBB, 0xCEBB, 0xCEBB, 0xD6DC, 0xEF9E, 0xE73D, 0xF81F,
  0xF81F, 0xE73D, 0xEF9E, 0xD6FC, 0xCEBB, 0xCEDB, 0xCEDB, 0xCEDB, 0xCEDB, 0xD6BB,
  0xE79E, 0xE515, 0xD968, 0xD907, 0xDA0A, 0xD5D8, 0xCF1C, 0xCEBB, 0xD6DC, 0xE75D,
  0xE75D, 0xD6DC, 0xCEBB, 0xCEDC, 0xCE9A, 0xDA0A, 0xD948, 0xD968, 0xD968, 0xD947,
  0xD556, 0xCF1D, 0xCEBB, 0xCEDB, 0xCEDB, 0xCEBB, 0xD6FC, 0xEF9E, 0xE73D, 0xF81F,
  0xF81F, 0xE73D, 0xEF9E, 0xE73D, 0xE75D, 0xE75D, 0xE75D, 0xE75D, 0xE73D, 0xE77E,
  0xE69B, 0xD9C9, 0xD948, 0xD989, 0xD927, 0xD9EA, 0xE639, 0xE79E, 0xE73D, 0xE75D,
  0xE75D, 0xE75D, 0xE73D, 0xE79E, 0xE493, 0xD927, 0xD988, 0xD988, 0xD927, 0xDAED,
  0xE77E, 0xE73D, 0xE75D, 0xE75D, 0xE75D, 0xE75D, 0xE73D, 0xEF9E, 0xE73D, 0xF81F,
  0xF81F, 0xE73D, 0xEF9E, 0xE73D, 0xE75D, 0xE75D, 0xE75D, 0xE75D, 0xE73D, 0xE79E,
  0xDC12, 0xD907, 0xD988, 0xD968, 0xD988, 0xD927, 0xD9CA, 0xE639, 0xE79E, 0xE73D,
  0xE75D, 0xE73D, 0xE77E, 0xE6BB, 0xD9EA, 0xD948, 0xD988, 0xD968, 0xD948, 0xE5D8,
  0xE79E, 0xE73D, 0xE75D, 0xE75D, 0xE75D, 0xE75D, 0xE73D, 0xEF9E, 0xE73D, 0xF81F,
  0xF81F, 0xE73D, 0xEF9E, 0xD6FC, 0xCEBB, 0xCEDB, 0xCEDB, 0xCEBB, 0xCEFC, 0xD5F8,
  0xD989, 0xD968, 0xD968, 0xD968, 0xD968, 0xD988, 0xD927, 0xD9C9, 0xD5F8, 0xE79E,
  0xE73D, 0xD6DB, 0xCF1D, 0xD412, 0xD907, 0xD988, 0xD988, 0xD927, 0xDB4F, 0xE77E,
  0xD6DB, 0xCEDB, 0xCEDB, 0xCEDB, 0xCEDB, 0xCEBB, 0xD6FC, 0xEF9E, 0xE73D, 0xF81F,
  0xF81F, 0xE73D, 0xEF9E, 0xD6DC, 0xCEBB, 0xCEBB, 0xCEBB, 0xCEBB, 0xCEFC, 0xD34F,
  0xD927, 0xD988, 0xD968, 0xD968, 0xD968, 0xD968, 0xD988, 0xD927, 0xD9C9, 0xE639,
  0xE79E, 0xCEDC, 0xCE19, 0xD9C9, 0xD968, 0xD968, 0xD968, 0xD968, 0xE5F8, 0xE77E,
  0xCEBB, 0xCEBB, 0xCEBB, 0xCEBB, 0xCEBB, 0xCEBB, 0xD6DC, 0xEF9E, 0xE73D, 0xF81F,
  0xF81F, 0xE73D, 0xEF9E, 0xD6DC, 0xCEBB, 0xCEBB, 0xCEBB, 0xCEFC, 0xD597, 0xD968,
  0xD968, 0xD968, 0xD968, 0xD968, 0xD968, 0xD968, 0xD968, 0xD988, 0xD947, 0xD9EA,
  0xE619, 0xCF7E, 0xD390, 0xD927, 0xD988, 0xD988, 0xD907, 0xDB6F, 0xE77E, 0xE73D,
  0xCEBB, 0xCEBB, 0xCEBB, 0xCEBB, 0xCEBB, 0xCEBB, 0xD6DC, 0xEF9E, 0xE73D, 0xF81F,
  0xF81F, 0xE73D, 0xEF9E, 0xD6DC, 0xCEBB, 0xCEBB, 0xCEBB, 0xCEDC, 0xDB0E, 0xD927,
  0xD988, 0xD988, 0xD907, 0xD3F1, 0xD4B4, 0xD927, 0xD968, 0xD968, 0xD988, 0xD927,
  0xDA0A, 0xD4F5, 0xD9C9, 0xD948, 0xD968, 0xD968, 0xD988, 0xD5F8, 0xE77E, 0xE73D,
  0xCEBB, 0xCEBB, 0xCEBB, 0xCEBB, 0xCEBB, 0xCEBB, 0xD6DC, 0xEF9E, 0xE73D, 0xF81F,
  0xF81F, 0xE73D, 0xEF9E, 0xD6DC, 0xCEBB, 0xCEBB, 0xCEFC, 0xD556, 0xD947, 0xD968,
  0xD968, 0xD948, 0xD9C9, 0xCE3A, 0xCF3D, 0xD453, 0xD927, 0xD968, 0xD968, 0xD988,
  0xD948, 0xD948, 0xD968, 0xD968, 0xD988, 0xD907, 0xD36F, 0xD71D, 0xE73D, 0xE73D,
  0xCEBB, 0xCEBB, 0xCEBB, 0xCEBB, 0xCEBB, 0xCEBB, 0xD6DC, 0xEF9E, 0xE73D, 0xF81F,
  0xF81F, 0xE73D, 0xEF9E, 0xD6DC, 0xCE9B, 0xCEBB, 0xCEBB, 0xDAAC, 0xD927, 0xD988,
  0xD988, 0xD927, 0xD452, 0xCEFC, 0xCE9B, 0xCEFC, 0xD473, 0xD927, 0xD968, 0xD968,
  0xD968, 0xD968, 0xD968, 0xD968, 0xD968, 0xD9A9, 0xCDD8, 0xCEFC, 0xE75D, 0xE73D,
  0xCEBB, 0xCEBB, 0xCEBB, 0xCEBB, 0xCEBB, 0xCEBB, 0xD6DC, 0xEF9E, 0xE73D, 0xF81F,
  0xF81F, 0xE73D, 0xEF9E, 0xD6FC, 0xD6BB, 0xD73D, 0xD4F5, 0xD927, 0xD988, 0xD988,
  0xD948, 0xDA2B, 0xD69B, 0xD6FC, 0xD6DB, 0xD6DB, 0xCF3D, 0xDC93, 0xD927, 0xD968,
  0xD968, 0xD968, 0xD968, 0xD988, 0xD927, 0xDBF1, 0xCF3D, 0xD6DC, 0xE75D, 0xE73D,
  0xD6DC, 0xD6DC, 0xD6DC, 0xD6DC, 0xD6DC, 0xD6DC, 0xD6FC, 0xEF9E, 0xE73D, 0xF81F,
  0xF81F, 0xE73D, 0xEF9E, 0xE75D, 0xE75E, 0xE73D, 0xDA6C, 0xD947, 0xD968, 0xD988,
  0xD927, 0xE4F5, 0xE7BF, 0xE73D, 0xE75D, 0xE75D, 0xE75D, 0xE79E, 0xE4B4, 0xD927,
  0xD968, 0xD968, 0xD968, 0xD968, 0xD9A9, 0xE69B, 0xE77E, 0xE75D, 0xE75D, 0xE75D,
  0xE75D, 0xE75D, 0xE75D, 0xE75D, 0xE75D, 0xE75D, 0xE75D, 0xEF9E, 0xE73D, 0xF81F,
  0xF81F, 0xE73D, 0xEF9E, 0xDF3D, 0xE79E, 0xDCD4, 0xD907, 0xD988, 0xD988, 0xD927,
  0xDA8C, 0xE73D, 0xE75D, 0xE73D, 0xE73D, 0xE73D, 0xE73D, 0xE73D, 0xE79E, 0xDCB4,
  0xD927, 0xD968, 0xD988, 0xD8E6, 0xDC52, 0xE79E, 0xE73D, 0xE73D, 0xE75D, 0xE75D,
  0xE73D, 0xE73D, 0xE73D, 0xE73D, 0xE73D, 0xE73D, 0xDF3D, 0xEF9E, 0xE73D, 0xF81F,
  0xF81F, 0xE73D, 0xEF9E, 0xD6FC, 0xCE5A, 0xDA0A, 0xD948, 0xD968, 0xD988, 0xD927,
  0xE576, 0xE79E, 0xD6DB, 0xCEBB, 0xCEBB, 0xCEBB, 0xCEBB, 0xCEBB, 0xD6BB, 0xE79E,
  0xDCD4, 0xD989, 0xD948, 0xDACD, 0xCE9A, 0xCEDC, 0xCEBB, 0xD6DC, 0xE75D, 0xE73D,
  0xCEDB, 0xCEBB, 0xCEBB, 0xCEBB, 0xCEBB, 0xCEBB, 0xD6FC, 0xEF9E, 0xE73D, 0xF81F,
  0xF81F, 0xE73D, 0xEF9E, 0xD73D, 0xD412, 0xD927, 0xD988, 0xD988, 0xD927, 0xDACD,
  0xE75D, 0xE75D, 0xD6DC, 0xCEBB, 0xCEBB, 0xCEBB, 0xCEBB, 0xCEBB, 0xCEBB, 0xE73D,
  0xE77E, 0xD65A, 0xCDF8, 0xCEBB, 0xCEDB, 0xCEBB, 0xCEBB, 0xD6DC, 0xE75D, 0xE73D,
  0xCEBB, 0xCEBB, 0xCEBB, 0xCEBB, 0xCEBB, 0xCEBB, 0xD6DC, 0xEF9E, 0xE73D, 0xF81F,
  0xF81F, 0xE73D, 0xEFBF, 0xD65A, 0xD9C9, 0xD968, 0xD968, 0xD968, 0xD947, 0xD576,
  0xDF9E, 0xE73D, 0xD6DC, 0xCEBB, 0xCEBB, 0xCEBB, 0xCEBB, 0xCEBB, 0xCEDB, 0xE75D,
  0xE73D, 0xCEFC, 0xCEDC, 0xCEBB, 0xCEBB, 0xCEBB, 0xCEBB, 0xD6DC, 0xE75D, 0xE73D,
  0xCEBB, 0xCEBB, 0xCEBB, 0xCEBB, 0xCEBB, 0xCEBB, 0xD6DC, 0xEF9E, 0xE73D, 0xF81F,
  0xF81F, 0xE73D, 0xEFFF, 0xDC12, 0xD907, 0xD988, 0xD988, 0xD927, 0xD32E, 0xCEFC,
  0xE73D, 0xE75D, 0xD6DC, 0xCEBB, 0xCEBB, 0xCEBB, 0xCEBB, 0xCEBB, 0xCEDB, 0xE75D,
  0xE75D, 0xCEBB, 0xCEBB, 0xCEBB, 0xCEBB, 0xCEBB, 0xCEBB, 0xD6DC, 0xE75D, 0xE73D,
  0xCEBB, 0xCEBB, 0xCEBB, 0xCEBB, 0xCEBB, 0xCEBB, 0xD6DC, 0xEF9E, 0xE73D, 0xF81F,
  0xF81F, 0xDF1D, 0xEFFF, 0xDB0E, 0xD907, 0xD9A9, 0xD968, 0xD968, 0xCDB7, 0xCEFC,
  0xE73D, 0xE75D, 0xD6DC, 0xCEBB, 0xCEBB, 0xCEBB, 0xCEBB, 0xCEBB, 0xCEDB, 0xE75D,
  0xE75D, 0xCEDB, 0xCEBB, 0xCEBB, 0xCEBB, 0xCEBB, 0xCEBB, 0xD6DC, 0xE75D, 0xE73D,
  0xCEBB, 0xCEBB, 0xCEBB, 0xCEBB, 0xCEBB, 0xCEBB, 0xD6FC, 0xEF9E, 0xDF3D, 0xF81F,
  0xF81F, 0xE73D, 0xEFFF, 0xDC73, 0xD8E6, 0xD927, 0xD8C6, 0xD390, 0xCEFC, 0xCEBB,
  0xE73D, 0xE75D, 0xD6DB, 0xCEBB, 0xCEBB, 0xCEBB, 0xCEBB, 0xCEBB, 0xCEBB, 0xE75D,
  0xE75D, 0xCEBB, 0xCEBB, 0xCEBB, 0xCEBB, 0xCEBB, 0xCEBB, 0xD6DB, 0xE75D, 0xE73D,
  0xCEBB, 0xCEBB, 0xCEBB, 0xCEBB, 0xCEBB, 0xCEBB, 0xDF1D, 0xEF9E, 0xE73D, 0xF81F,
  0xF81F, 0xE73D, 0xF7FF, 0xE73D, 0xDC73, 0xDB0E, 0xDC12, 0xD6BB, 0xD6FC, 0xD6DC,
  0xE73D, 0xE75D, 0xD6FC, 0xD6DC, 0xD6DC, 0xD6DC, 0xD6DC, 0xD6DC, 0xD6FC, 0xE73D,
  0xE73D, 0xD6FC, 0xD6DC, 0xD6DC, 0xD6DC, 0xD6DC, 0xD6DC, 0xD6FC, 0xE75D, 0xE73D,
  0xD6FC, 0xD6DC, 0xD6DC, 0xD6DC, 0xD6FC, 0xDF1C, 0xE75D, 0xF7FF, 0xE73D, 0xF81F,
  0xF81F, 0xF81F, 0xE75D, 0xF7FF, 0xEFDF, 0xEFFF, 0xEFFF, 0xEF9F, 0xEF9E, 0xEF9E,
  0xEF9E, 0xEF9E, 0xEF9E, 0xEF9E, 0xEF9E, 0xEF9E, 0xEF9E, 0xEF9E, 0xEF9E, 0xEF9E,
  0xEF9E, 0xEF9E, 0xEF9E, 0xEF9E, 0xEF9E, 0xEF9E, 0xEF9E, 0xEF9E, 0xEF9E, 0xEF9E,
  0xEF9E, 0xEF9E, 0xEF9E, 0xEF9E, 0xEF9E, 0xEF9E, 0xF7FF, 0xE75D, 0xF81F, 0xF81F,
  0xF81F, 0xF81F, 0xF81F, 0xE73D, 0xE73D, 0xE73D, 0xE73D, 0xE73D, 0xE73D, 0xE73D,
  0xE73D, 0xE73D, 0xE73D, 0xE73D, 0xE73D, 0xE73D, 0xE73D, 0xE73D, 0xE73D, 0xE73D,
  0xE73D, 0xE73D, 0xE73D, 0xE73D, 0xE73D, 0xE73D, 0xE73D, 0xE73D, 0xE73D, 0xE73D,
  0xE73D, 0xE73D, 0xE73D, 0xE73D, 0xE75D, 0xE75D, 0xE73D, 0xF81F, 0xF81F, 0xF81F,
  0xF81F, 0xF81F, 0xF81F, 0xF81F, 0xF81F, 0xF81F, 0xF81F, 0xF81F, 0xF81F, 0xF81F,
  0xF81F, 0xF81F, 0xF81F, 0xF81F, 0xF81F, 0xF81F, 0xF81F, 0xF81F, 0xF81F, 0xF81F,
  0xF81F, 0xF81F, 0xF81F, 0xF81F, 0xF81F, 0xF81F, 0xF81F, 0xF81F, 0xF81F, 0xF81F,
  0xF81F, 0xF81F, 0xF81F, 0xF81F, 0xF81F, 0xF81F, 0xF81F, 0xF81F, 0xF81F, 0xF81F
};

static const uint16_t kEmoji_chartdown[1600] PROGMEM = {
  0xF81F, 0xF81F, 0xF81F, 0xF81F, 0xF81F, 0xF81F, 0xF81F, 0xF81F, 0xF81F, 0xF81F,
  0xF81F, 0xF81F, 0xF81F, 0xF81F, 0xF81F, 0xF81F, 0xF81F, 0xF81F, 0xF81F, 0xF81F,
  0xF81F, 0xF81F, 0xF81F, 0xF81F, 0xF81F, 0xF81F, 0xF81F, 0xF81F, 0xF81F, 0xF81F,
  0xF81F, 0xF81F, 0xF81F, 0xF81F, 0xF81F, 0xF81F, 0xF81F, 0xF81F, 0xF81F, 0xF81F,
  0xF81F, 0xF81F, 0xF81F, 0xE73D, 0xDF3D, 0xDF3D, 0xDF3D, 0xE73D, 0xE73D, 0xE73D,
  0xE73D, 0xE73D, 0xE73D, 0xE73D, 0xE73D, 0xE73D, 0xE73D, 0xE73D, 0xE73D, 0xE73D,
  0xE73D, 0xE73D, 0xE73D, 0xE73D, 0xE73D, 0xE73D, 0xE73D, 0xE73D, 0xE73D, 0xE73D,
  0xE73D, 0xE73D, 0xE73D, 0xE73D, 0xE75D, 0xE75D, 0xE73D, 0xF81F, 0xF81F, 0xF81F,
  0xF81F, 0xF81F, 0xE75D, 0xF7FF, 0xF7BE, 0xF7BE, 0xF7BE, 0xEF9E, 0xEF9E, 0xEF9E,
  0xEF9E, 0xEF9E, 0xEF9E, 0xEF9E, 0xEF9E, 0xEF9E, 0xEF9E, 0xEF9E, 0xEF9E, 0xEF9E,
  0xEF9E, 0xEF9E, 0xEF9E, 0xEF9E, 0xEF9E, 0xEF9E, 0xEF9E, 0xEF9E, 0xEF9E, 0xEF9E,
  0xEF9E, 0xEF9E, 0xEF9E, 0xEF9E, 0xEF9E, 0xEF9E, 0xF7FF, 0xE75D, 0xF81F, 0xF81F,
  0xF81F, 0xE73D, 0xF7FF, 0xE73D, 0x961C, 0x6D7B, 0x85DC, 0xCEDC, 0xD6FC, 0xD6FC,
  0xE73D, 0xE75D, 0xD6FC, 0xD6DC, 0xD6DC, 0xD6DC, 0xD6DC, 0xD6DC, 0xD6FC, 0xE73D,
  0xE73D, 0xD6FC, 0xD6DC, 0xD6DC, 0xD6DC, 0xD6DC, 0xD6DC, 0xD6FC, 0xE75D, 0xE73D,
  0xD6FC, 0xD6DC, 0xD6DC, 0xD6DC, 0xD6FC, 0xDF1C, 0xE75D, 0xF7FF, 0xE73D, 0xF81F,
  0xF81F, 0xDF3D, 0xF7BE, 0x961C, 0x2C7A, 0x349B, 0x2C7B, 0x757B, 0xD6DB, 0xCEBB,
  0xE73D, 0xE75D, 0xD6DB, 0xCEBB, 0xCEBB, 0xCEBB, 0xCEBB, 0xCEBB, 0xCEBB, 0xE75D,
  0xE75D, 0xCEBB, 0xCEBB, 0xCEBB, 0xCEBB, 0xCEBB, 0xCEBB, 0xD6DB, 0xE75D, 0xE73D,
  0xCEBB, 0xCEBB, 0xCEBB, 0xCEBB, 0xCEBB, 0xCEBB, 0xDF1D, 0xEF9E, 0xE73D, 0xF81F,
  0xF81F, 0xDF3D, 0xF7BE, 0x6D7B, 0x347B, 0x44BB, 0x3CBB, 0x3CBB, 0xB65B, 0xD6DB,
  0xDF3D, 0xE75D, 0xD6DC, 0xCEBB, 0xCEBB, 0xCEBB, 0xCEBB, 0xCEBB, 0xCEDB, 0xE75D,
  0xE75D, 0xCEDB, 0xCEBB, 0xCEBB, 0xCEBB, 0xCEBB, 0xCEBB, 0xD6DC, 0xE75D, 0xE73D,
  0xCEBB, 0xCEBB, 0xCEBB, 0xCEBB, 0xCEBB, 0xCEBB, 0xD6FC, 0xEF9E, 0xDF3D, 0xF81F,
  0xF81F, 0xDF3D, 0xF7BE, 0x85DC, 0x347B, 0x3CBB, 0x3CBB, 0x349B, 0x6D5B, 0xD6DB,
  0xDF3D, 0xE75D, 0xD6DC, 0xCEBB, 0xCEBB, 0xCEBB, 0xCEBB, 0xCEBB, 0xCEDB, 0xE75D,
  0xE75D, 0xCEDB, 0xCEBB, 0xCEBB, 0xCEBB, 0xCEBB, 0xCEBB, 0xD6DC, 0xE75D, 0xE73D,
  0xCEBB, 0xCEBB, 0xCEBB, 0xCEBB, 0xCEBB, 0xCEBB, 0xD6DC, 0xEF9E, 0xE73D, 0xF81F,
  0xF81F, 0xDF3D, 0xEF9E, 0xC6BC, 0x44BB, 0x3CBB, 0x3CBB, 0x3CBB, 0x349B, 0xAE3B,
  0xE75D, 0xE75D, 0xD6DC, 0xCEBB, 0xCEBB, 0xCEBB, 0xCEBB, 0xCEBB, 0xCEDB, 0xE75D,
  0xE73D, 0xD6DB, 0xD6BB, 0xCEBB, 0xCEBB, 0xCEBB, 0xCEBB, 0xD6DC, 0xE75D, 0xE73D,
  0xCEBB, 0xCEBB, 0xCEBB, 0xCEBB, 0xCEBB, 0xCEBB, 0xD6DC, 0xEF9E, 0xE73D, 0xF81F,
  0xF81F, 0xE73D, 0xEF9E, 0xDEFC, 0x85BB, 0x349B, 0x3CBB, 0x3CBB, 0x349B, 0x653B,
  0xE75D, 0xE75D, 0xD6DC, 0xCEBB, 0xCEBB, 0xCEBB, 0xCEBB, 0xCEBB, 0xCEDB, 0xE75D,
  0xE75D, 0xBE9B, 0xB65B, 0xCEBB, 0xCEBB, 0xCEBB, 0xCEBB, 0xD6DC, 0xE75D, 0xE73D,
  0xCEBB, 0xCEBB, 0xCEBB, 0xCEBB, 0xCEBB, 0xCEBB, 0xD6DC, 0xEF9E, 0xE73D, 0xF81F,
  0xF81F, 0xE73D, 0xEF9E, 0xD6FC, 0xC69B, 0x4CDB, 0x349B, 0x3CBB, 0x3CBB, 0x349B,
  0xAE7C, 0xEF7D, 0xCEDC, 0xCEBB, 0xCEBB, 0xCEBB, 0xCEBB, 0xCEBB, 0xCEDC, 0xEF7D,
  0x9E3C, 0x3CBB, 0x349B, 0x653B, 0xC6BB, 0xCEDB, 0xCEBB, 0xD6DC, 0xE75D, 0xE73D,
  0xCEDB, 0xCEBB, 0xCEBB, 0xCEBB, 0xCEBB, 0xCEBB, 0xD6FC, 0xEF9E, 0xE73D, 0xF81F,
  0xF81F, 0xE73D, 0xEF9E, 0xDF3D, 0xEF7D, 0x9E3C, 0x347A, 0x3CBB, 0x3CBB, 0x349B,
  0x5D3B, 0xDF3D, 0xE75D, 0xDF3D, 0xE73D, 0xE73D, 0xDF3D, 0xDF3D, 0xEF7D, 0x9E1C,
  0x349B, 0x3C9B, 0x3CBB, 0x2C7B, 0x8DFC, 0xEF7D, 0xDF3D, 0xE73D, 0xE75D, 0xE75D,
  0xE73D, 0xE73D, 0xE73D, 0xE73D, 0xE73D, 0xE73D, 0xDF3D, 0xEF9E, 0xE73D, 0xF81F,
  0xF81F, 0xE73D, 0xEF9E, 0xE75D, 0xE75D, 0xDF3D, 0x5D3B, 0x349B, 0x3CBB, 0x3CBB,
  0x347B, 0xA63C, 0xEF7D, 0xE75D, 0xE75D, 0xE75D, 0xE75D, 0xEF7D, 0x9E3C, 0x349B,
  0x3CBB, 0x3CBB, 0x3CBB, 0x3C9B, 0x44DB, 0xCEFD, 0xE75D, 0xE75D, 0xE75D, 0xE75D,
  0xE75D, 0xE75D, 0xE75D, 0xE75D, 0xE75D, 0xE75D, 0xE75D, 0xEF9E, 0xE73D, 0xF81F,
  0xF81F, 0xE73D, 0xEF9E, 0xD6FC, 0xCEDC, 0xDEFC, 0x9E1B, 0x349B, 0x3CBB, 0x3CBB,
  0x349B, 0x551B, 0xCEDC, 0xD6DC, 0xCEDC, 0xCEDC, 0xDEFC, 0x95FB, 0x349B, 0x3CBB,
  0x3CBB, 0x3CBB, 0x3CBB, 0x3CBB, 0x349B, 0x7DBB, 0xDEFC, 0xD6FC, 0xE75D, 0xE73D,
  0xD6DC, 0xD6DC, 0xD6DC, 0xD6DC, 0xD6DC, 0xD6DC, 0xD6FC, 0xEF9E, 0xE73D, 0xF81F,
  0xF81F, 0xE73D, 0xEF9E, 0xD6DC, 0xCEBB, 0xCEBB, 0xCEBB, 0x5D1B, 0x349B, 0x3CBB,
  0x3CBB, 0x349B, 0x8DBB, 0xD6DB, 0xCEBB, 0xD6DB, 0x8DDB, 0x349B, 0x3CBB, 0x3CBB,
  0x3CBB, 0x3CBB, 0x3CBB, 0x3CBB, 0x3C9B, 0x44BB, 0xB65B, 0xD6DC, 0xE75D, 0xE73D,
  0xCEBB, 0xCEBB, 0xCEBB, 0xCEBB, 0xCEBB, 0xCEBB, 0xD6DC, 0xEF9E, 0xE73D, 0xF81F,
  0xF81F, 0xE73D, 0xEF9E, 0xD6DC, 0xCEBB, 0xCEBB, 0xD6DB, 0xA63B, 0x349B, 0x3CBB,
  0x3CBB, 0x3C9B, 0x44DB, 0xC69B, 0xDEFB, 0x8DDB, 0x349B, 0x3CBB, 0x3CBB, 0x3CBB,
  0x3C9B, 0x3C9B, 0x3CBB, 0x3CBB, 0x3CBB, 0x349B, 0x757B, 0xDEFC, 0xE75D, 0xE73D,
  0xCEBB, 0xCEBB, 0xCEBB, 0xCEBB, 0xCEBB, 0xCEBB, 0xD6DC, 0xEF9E, 0xE73D, 0xF81F,
  0xF81F, 0xE73D, 0xEF9E, 0xD6DC, 0xCEBB, 0xCEBB, 0xCEBB, 0xD6DB, 0x655B, 0x349B,
  0x3CBB, 0x3CBB, 0x349B, 0x85BB, 0x95FB, 0x349B, 0x3CBB, 0x3CBB, 0x3CBB, 0x349B,
  0x4CFB, 0x9E1B, 0x44DB, 0x3C9B, 0x3CBB, 0x3CBB, 0x3CBB, 0xBE7C, 0xEF7D, 0xDF3D,
  0xCEBB, 0xCEBB, 0xCEBB, 0xCEBB, 0xCEBB, 0xCEBB, 0xD6DC, 0xEF9E, 0xE73D, 0xF81F,
  0xF81F, 0xE73D, 0xEF9E, 0xD6DC, 0xCEBB, 0xCEBB, 0xCEBB, 0xD6DB, 0xAE5B, 0x3C9B,
  0x3CBB, 0x3CBB, 0x3CBB, 0x3CBB, 0x3C9B, 0x3C9B, 0x3CBB, 0x3CBB, 0x349B, 0x44DB,
  0xC6DD, 0xE71C, 0x757B, 0x349B, 0x3CBB, 0x3CBB, 0x347B, 0x757B, 0xEF7D, 0xDF3D,
  0xCEBB, 0xCEBB, 0xCEBB, 0xCEBB, 0xCEBB, 0xCEBB, 0xD6DC, 0xEF9E, 0xE73D, 0xF81F,
  0xF81F, 0xE73D, 0xEF9E, 0xD6DC, 0xCEBB, 0xCEBB, 0xCEBB, 0xCEBB, 0xD6DB, 0x6D7B,
  0x349B, 0x3CBB, 0x3CBB, 0x3CBB, 0x3CBB, 0x3CBB, 0x3CBB, 0x349B, 0x44DB, 0xC6DD,
  0xEF7D, 0xCEDB, 0xBE7B, 0x44DB, 0x3C9B, 0x3CBB, 0x3CBB, 0x3C9B, 0xBEBD, 0xE75D,
  0xCEBB, 0xCEBB, 0xCEBB, 0xCEBB, 0xCEBB, 0xCEBB, 0xD6DC, 0xEF9E, 0xE73D, 0xF81F,
  0xF81F, 0xE73D, 0xEF9E, 0xD6FC, 0xCEBB, 0xCEDB, 0xCEDB, 0xCEDB, 0xD6DB, 0xB67B,
  0x3CBB, 0x3C9B, 0x3CBB, 0x3CBB, 0x3CBB, 0x3CBB, 0x349B, 0x44DB, 0xB67C, 0xEF7D,
  0xDF3D, 0xCEDC, 0xDEFB, 0x85BB, 0x349B, 0x3CBB, 0x3CBB, 0x347B, 0x757C, 0xE75D,
  0xCEDC, 0xCEDB, 0xCEDB, 0xCEDB, 0xCEDB, 0xCEBB, 0xD6FC, 0xEF9E, 0xE73D, 0xF81F,
  0xF81F, 0xE73D, 0xEF9E, 0xE73D, 0xE75D, 0xE75D, 0xE75D, 0xE75D, 0xDF3D, 0xEF7D,
  0x85DC, 0x347B, 0x3CBB, 0x3CBB, 0x3CBB, 0x349B, 0x44DB, 0xC6DD, 0xEF7D, 0xDF3D,
  0xE75D, 0xE75D, 0xE75D, 0xD71D, 0x44DB, 0x3C9B, 0x3CBB, 0x3CBB, 0x3C9B, 0xB69D,
  0xEF7D, 0xDF5D, 0xE75D, 0xE75D, 0xE75D, 0xE75D, 0xE73D, 0xEF9E, 0xE73D, 0xF81F,
  0xF81F, 0xE73D, 0xEF9E, 0xE73D, 0xE75D, 0xE75D, 0xE75D, 0xE75D, 0xE75D, 0xE75D,
  0xCEFD, 0x44DB, 0x349B, 0x3CBB, 0x349B, 0x4CDB, 0xC6DD, 0xEF7D, 0xDF3D, 0xE75D,
  0xE75D, 0xE75D, 0xDF3D, 0xEF7D, 0x961C, 0x349B, 0x3CBB, 0x3CBB, 0x349B, 0x655B,
  0xE75D, 0xE75D, 0xE75D, 0xE75D, 0xE75D, 0xE75D, 0xE73D, 0xEF9E, 0xE73D, 0xF81F,
  0xF81F, 0xE73D, 0xEF9E, 0xD6FC, 0xCEBB, 0xCEDB, 0xCEDB, 0xCEDB, 0xCEDB, 0xCEDC,
  0xEF5D, 0xA65C, 0x3C9B, 0x349B, 0x4CDB, 0xB65B, 0xD6FC, 0xCEBB, 0xD6DC, 0xE75D,
  0xE75D, 0xD6DC, 0xCEBB, 0xD6DB, 0xC6BB, 0x4CFB, 0x3C9B, 0x3CBB, 0x3CBB, 0x349B,
  0xA63B, 0xD6FB, 0xCEBB, 0xCEDB, 0xCEDB, 0xCEBB, 0xD6FC, 0xEF9E, 0xE73D, 0xF81F,
  0xF81F, 0xE73D, 0xEF9E, 0xD6DC, 0xCEBB, 0xCEBB, 0xCEBB, 0xCEBB, 0xCEBB, 0xCEBB,
  0xE73D, 0xE75D, 0xBE7B, 0xA61B, 0xC69B, 0xD6DB, 0xCEBB, 0xCEBB, 0xCEBB, 0xE75D,
  0xE75D, 0xCEBB, 0xCEBB, 0xCEBB, 0xD6DB, 0x8DDB, 0x349B, 0x3CBB, 0x3CBB, 0x349B,
  0x5D1B, 0xCEBB, 0xCEBB, 0xCEBB, 0xCEBB, 0xCEBB, 0xD6DC, 0xEF9E, 0xE73D, 0xF81F,
  0xF81F, 0xE73D, 0xEF9E, 0xD6DC, 0xCEBB, 0xCEBB, 0xCEBB, 0xCEBB, 0xCEBB, 0xCEBB,
  0xE73D, 0xE75D, 0xD6FC, 0xD6DB, 0xCEBB, 0xCEBB, 0xCEBB, 0xCEBB, 0xCEDB, 0xE75D,
  0xE75D, 0xCEDB, 0xCEBB, 0xCEBB, 0xCEBB, 0xC6BB, 0x54FB, 0x349B, 0x3CBB, 0x3CBB,
  0x349B, 0x9E1B, 0xD6DB, 0xCEBB, 0xCEBB, 0xCEBB, 0xD6DC, 0xEF9E, 0xE73D, 0xF81F,
  0xF81F, 0xE73D, 0xEF9E, 0xD6DC, 0xCEBB, 0xCEBB, 0xCEBB, 0xCEBB, 0xCEBB, 0xCEBB,
  0xE73D, 0xE75D, 0xD6DC, 0xCEBB, 0xCEBB, 0xCEBB, 0xCEBB, 0xCEBB, 0xCEDB, 0xE75D,
  0xE75D, 0xCEDB, 0xCEBB, 0xCEBB, 0xCEBB, 0xD6DB, 0x95FB, 0x349B, 0x3CBB, 0x3CBB,
  0x349B, 0x5D1B, 0xCEBB, 0xCEBB, 0xCEBB, 0xCEBB, 0xD6DC, 0xEF9E, 0xE73D, 0xF81F,
  0xF81F, 0xE73D, 0xEF9E, 0xD6DC, 0xCEBB, 0xCEBB, 0xCEBB, 0xCEBB, 0xCEBB, 0xCEBB,
  0xE73D, 0xE75D, 0xD6DC, 0xCEBB, 0xCEBB, 0xCEBB, 0xCEBB, 0xCEBB, 0xCEDB, 0xE75D,
  0xE75D, 0xCEDB, 0xCEBB, 0xCEBB, 0xCEBB, 0xCEBB, 0xCEBB, 0x54FB, 0x349B, 0x3CBB,
  0x3CBB, 0x349B, 0x95FB, 0xD6DB, 0xCEBB, 0xCEBB, 0xD6DC, 0xEF9E, 0xE73D, 0xF81F,
  0xF81F, 0xE73D, 0xEF9E, 0xD6DC, 0xCEBB, 0xCEBB, 0xCEBB, 0xCEBB, 0xCEBB, 0xCEBB,
  0xE73D, 0xE75D, 0xD6DB, 0xCEBB, 0xCEBB, 0xCEBB, 0xCEBB, 0xCEBB, 0xCEBB, 0xE75D,
  0xE75D, 0xCEBB, 0xCEBB, 0xCEBB, 0xCEBB, 0xCEBB, 0xD6DB, 0x9E1B, 0x349B, 0x3CBB,
  0x3CBB, 0x349B, 0x54FB, 0xC6BB, 0xCEBB, 0xCEBB, 0xD6DC, 0xEF9E, 0xE73D, 0xF81F,
  0xF81F, 0xE73D, 0xEF9E, 0xD6FC, 0xD6DC, 0xD6DC, 0xD6DC, 0xD6DC, 0xD6DC, 0xD6DC,
  0xE73D, 0xE75D, 0xD6FC, 0xD6DC, 0xD6DC, 0xD6DC, 0xD6DC, 0xD6DC, 0xD6DC, 0xE75D,
  0xE75D, 0xD6DC, 0xD6DC, 0xD6DC, 0xD6DC, 0xD6DC, 0xD6DC, 0xD6FC, 0x653B, 0x349B,
  0x3CBB, 0x3CBB, 0x349B, 0x95FB, 0xDEFC, 0xCEDC, 0xD6FC, 0xEF9E, 0xE73D, 0xF81F,
  0xF81F, 0xE73D, 0xEF9E, 0xE75D, 0xE75D, 0xE75D, 0xE75D, 0xE75D, 0xE75D, 0xE75D,
  0xE75D, 0xE75D, 0xE75D, 0xE75D, 0xE75D, 0xE75D, 0xE75D, 0xE75D, 0xE75D, 0xE75D,
  0xE75D, 0xE75D, 0xE75D, 0xE75D, 0xE75D, 0xE75D, 0xE75D, 0xEF7D, 0xAE7C, 0x349B,
  0x3CBB, 0x3CBB, 0x349B, 0x4CFB, 0xD71D, 0xE75D, 0xE75D, 0xEF9E, 0xE73D, 0xF81F,
  0xF81F, 0xE73D, 0xEF9E, 0xDF3D, 0xE73D, 0xE73D, 0xE73D, 0xE73D, 0xE73D, 0xE73D,
  0xE75D, 0xE75D, 0xE73D, 0xE73D, 0xE73D, 0xE73D, 0xE73D, 0xE73D, 0xE73D, 0xE75D,
  0xE75D, 0xE73D, 0xE73D, 0xE73D, 0xE73D, 0xE73D, 0xDF3D, 0xDF3D, 0xE75D, 0x6D5B,
  0x349B, 0x3CBB, 0x3CBB, 0x347B, 0x95FC, 0xEF7D, 0xDF3D, 0xEF9E, 0xE73D, 0xF81F,
  0xF81F, 0xE73D, 0xEF9E, 0xD6FC, 0xCEBB, 0xCEBB, 0xCEBB, 0xCEBB, 0xCEBB, 0xCEDB,
  0xE73D, 0xE75D, 0xD6DC, 0xCEBB, 0xCEBB, 0xCEBB, 0xCEBB, 0xCEBB, 0xD6DC, 0xE75D,
  0xE75D, 0xD6DC, 0xCEBB, 0xCEBB, 0xCEBB, 0xCEBB, 0xCEBB, 0xCEDC, 0xEF7D, 0xB69D,
  0x3C9B, 0x3CBB, 0x3CBB, 0x3C9B, 0x4CDB, 0xC69B, 0xD6FC, 0xEF9E, 0xE73D, 0xF81F,
  0xF81F, 0xE73D, 0xEF9E, 0xD6DC, 0xCEBB, 0xCEBB, 0xCEBB, 0xCEBB, 0xCEBB, 0xCEBB,
  0xE73D, 0xE75D, 0xD6DC, 0xCEBB, 0xCEBB, 0xCEBB, 0xCEBB, 0xCEBB, 0xCEDB, 0xE75D,
  0xE75D, 0xCEDB, 0xCEBB, 0xCEBB, 0xCEBB, 0xCEBB, 0xCEBB, 0xD6DC, 0xE75D, 0xE75D,
  0x655B, 0x349B, 0x3CBB, 0x3CBB, 0x349B, 0x7D9B, 0xDEFC, 0xEF9E, 0xE73D, 0xF81F,
  0xF81F, 0xE73D, 0xEF9E, 0xD6DC, 0xCEBB, 0xCEBB, 0xCEBB, 0xCEBB, 0xCEBB, 0xCEBB,
  0xE73D, 0xE75D, 0xD6DC, 0xCEBB, 0xCEBB, 0xCEBB, 0xCEBB, 0xCEBB, 0xCEDB, 0xE75D,
  0xE75D, 0xCEDB, 0xCEBB, 0xCEBB, 0xCEBB, 0xCEBB, 0xCEBB, 0xD6DC, 0xE75D, 0xE75D,
  0xAE5B, 0x3CBB, 0x3CBB, 0x3CBB, 0x3CBB, 0x44BB, 0xC6BC, 0xEF9E, 0xDF3D, 0xF81F,
  0xF81F, 0xE73D, 0xEF9E, 0xD6DC, 0xCEBB, 0xCEBB, 0xCEBB, 0xCEBB, 0xCEBB, 0xCEBB,
  0xE73D, 0xE75D, 0xD6DC, 0xCEBB, 0xCEBB, 0xCEBB, 0xCEBB, 0xCEBB, 0xCEDB, 0xE75D,
  0xE75D, 0xCEDB, 0xCEBB, 0xCEBB, 0xCEBB, 0xCEBB, 0xCEBB, 0xD6DC, 0xE75D, 0xDF3D,
  0xD6DB, 0x6D5B, 0x349B, 0x3CBB, 0x3CBB, 0x347B, 0x85DC, 0xF7BE, 0xDF3D, 0xF81F,
  0xF81F, 0xDF3D, 0xEF9E, 0xD6FC, 0xCEBB, 0xCEBB, 0xCEBB, 0xCEBB, 0xCEBB, 0xCEBB,
  0xE73D, 0xE75D, 0xD6DC, 0xCEBB, 0xCEBB, 0xCEBB, 0xCEBB, 0xCEBB, 0xCEDB, 0xE75D,
  0xE75D, 0xCEDB, 0xCEBB, 0xCEBB, 0xCEBB, 0xCEBB, 0xCEBB, 0xD6DC, 0xE75D, 0xDF3D,
  0xD6DB, 0xAE5B, 0x3CBB, 0x3CBB, 0x44BB, 0x347B, 0x6D7B, 0xF7BE, 0xDF3D, 0xF81F,
  0xF81F, 0xE73D, 0xEF9E, 0xDF1D, 0xCEBB, 0xCEBB, 0xCEBB, 0xCEBB, 0xCEBB, 0xCEBB,
  0xE73D, 0xE75D, 0xD6DB, 0xCEBB, 0xCEBB, 0xCEBB, 0xCEBB, 0xCEBB, 0xCEBB, 0xE75D,
  0xE75D, 0xCEBB, 0xCEBB, 0xCEBB, 0xCEBB, 0xCEBB, 0xCEBB, 0xD6DB, 0xE75D, 0xE73D,
  0xCEBB, 0xD6DB, 0x757B, 0x2C7B, 0x349B, 0x2C7A, 0x961C, 0xF7BE, 0xDF3D, 0xF81F,
  0xF81F, 0xE73D, 0xF7FF, 0xE75D, 0xDF1C, 0xD6FC, 0xD6DC, 0xD6DC, 0xD6DC, 0xD6FC,
  0xE73D, 0xE75D, 0xD6FC, 0xD6DC, 0xD6DC, 0xD6DC, 0xD6DC, 0xD6DC, 0xD6FC, 0xE73D,
  0xE73D, 0xD6FC, 0xD6DC, 0xD6DC, 0xD6DC, 0xD6DC, 0xD6DC, 0xD6FC, 0xE75D, 0xE73D,
  0xD6FC, 0xD6FC, 0xCEDC, 0x85DC, 0x6D7B, 0x961C, 0xE73D, 0xF7FF, 0xE73D, 0xF81F,
  0xF81F, 0xF81F, 0xE75D, 0xF7FF, 0xEF9E, 0xEF9E, 0xEF9E, 0xEF9E, 0xEF9E, 0xEF9E,
  0xEF9E, 0xEF9E, 0xEF9E, 0xEF9E, 0xEF9E, 0xEF9E, 0xEF9E, 0xEF9E, 0xEF9E, 0xEF9E,
  0xEF9E, 0xEF9E, 0xEF9E, 0xEF9E, 0xEF9E, 0xEF9E, 0xEF9E, 0xEF9E, 0xEF9E, 0xEF9E,
  0xEF9E, 0xEF9E, 0xEF9E, 0xF7BE, 0xF7BE, 0xF7BE, 0xF7FF, 0xE75D, 0xF81F, 0xF81F,
  0xF81F, 0xF81F, 0xF81F, 0xE73D, 0xE75D, 0xE75D, 0xE73D, 0xE73D, 0xE73D, 0xE73D,
  0xE73D, 0xE73D, 0xE73D, 0xE73D, 0xE73D, 0xE73D, 0xE73D, 0xE73D, 0xE73D, 0xE73D,
  0xE73D, 0xE73D, 0xE73D, 0xE73D, 0xE73D, 0xE73D, 0xE73D, 0xE73D, 0xE73D, 0xE73D,
  0xE73D, 0xE73D, 0xE73D, 0xDF3D, 0xDF3D, 0xDF3D, 0xE73D, 0xF81F, 0xF81F, 0xF81F,
  0xF81F, 0xF81F, 0xF81F, 0xF81F, 0xF81F, 0xF81F, 0xF81F, 0xF81F, 0xF81F, 0xF81F,
  0xF81F, 0xF81F, 0xF81F, 0xF81F, 0xF81F, 0xF81F, 0xF81F, 0xF81F, 0xF81F, 0xF81F,
  0xF81F, 0xF81F, 0xF81F, 0xF81F, 0xF81F, 0xF81F, 0xF81F, 0xF81F, 0xF81F, 0xF81F,
  0xF81F, 0xF81F, 0xF81F, 0xF81F, 0xF81F, 0xF81F, 0xF81F, 0xF81F, 0xF81F, 0xF81F
};

static const uint16_t kEmoji_target[1600] PROGMEM = {
  0xF81F, 0xF81F, 0xF81F, 0xF81F, 0xF81F, 0xF81F, 0xF81F, 0xF81F, 0xF81F, 0xF81F,
  0xF81F, 0xF81F, 0xF81F, 0xF81F, 0xD968, 0xD968, 0xD968, 0xD968, 0xD968, 0xD968,
  0xD968, 0xD968, 0xD968, 0xD968, 0xD968, 0xD968, 0xF81F, 0xF81F, 0xF81F, 0xF81F,
  0x555D, 0x555D, 0x559E, 0x555D, 0xF81F, 0xF81F, 0xF81F, 0xF81F, 0xF81F, 0xF81F,
  0xF81F, 0xF81F, 0xF81F, 0xF81F, 0xF81F, 0xF81F, 0xF81F, 0xF81F, 0xF81F, 0xF81F,
  0xF81F, 0xD948, 0xE168, 0xD968, 0xE168, 0xE989, 0xE168, 0xD968, 0xD968, 0xD968,
  0xD968, 0xD968, 0xD968, 0xE168, 0xE989, 0xE168, 0xD968, 0xE168, 0xD968, 0x557E,
  0x5DDF, 0x557D, 0x557E, 0x557D, 0x557E, 0xF81F, 0xF81F, 0xF81F, 0xF81F, 0xF81F,
  0xF81F, 0xF81F, 0xF81F, 0xF81F, 0xF81F, 0xF81F, 0xF81F, 0xF81F, 0xF81F, 0xD168,
  0xD968, 0xE168, 0xE989, 0xE168, 0xD968, 0xD968, 0xD968, 0xD968, 0xD968, 0xD968,
  0xD968, 0xD968, 0xD968, 0xD968, 0xD968, 0xD968, 0xE189, 0xF147, 0xA352, 0x4DBF,
  0x555D, 0x557D, 0x555D, 0x5DDF, 0x555D, 0xF81F, 0xF81F, 0xF81F, 0xF81F, 0xF81F,
  0xF81F, 0xF81F, 0xF81F, 0xF81F, 0xF81F, 0xF81F, 0xF81F, 0xF81F, 0xD968, 0xE168,
  0xE988, 0xD968, 0xD968, 0xD968, 0xD968, 0xD988, 0xD968, 0xD968, 0xD948, 0xD948,
  0xD948, 0xD948, 0xD968, 0xD968, 0xD988, 0xD988, 0xD948, 0xC9EA, 0x5D5C, 0x557E,
  0x555D, 0x557D, 0x555D, 0x5DBF, 0x557E, 0x3C58, 0x3C58, 0xF81F, 0xF81F, 0xF81F,
  0xF81F, 0xF81F, 0xF81F, 0xF81F, 0xF81F, 0xF81F, 0xF81F, 0xD968, 0xE989, 0xD968,
  0xD968, 0xD968, 0xD988, 0xD988, 0xD948, 0xD907, 0xD947, 0xD989, 0xD9C9, 0xD9C9,
  0xD9C9, 0xD9C9, 0xD989, 0xD947, 0xD907, 0xD948, 0xE147, 0x9B72, 0x4D9F, 0x5D5D,
  0x557D, 0x557D, 0x557D, 0x5D9E, 0x4CDB, 0x3C79, 0x3C38, 0xF81F, 0xF81F, 0xF81F,
  0xF81F, 0xF81F, 0xF81F, 0xF81F, 0xF81F, 0xF81F, 0xD968, 0xE989, 0xD968, 0xD968,
  0xD968, 0xD988, 0xD927, 0xD927, 0xE22B, 0xEC52, 0xF5B7, 0xFEDB, 0xFFBE, 0xFFBE,
  0xFFBE, 0xFFBE, 0xFEDB, 0xF5B7, 0xEC52, 0xE22B, 0xD927, 0x6C99, 0x4D9E, 0x555D,
  0x557D, 0x557D, 0x557D, 0x44BA, 0x3C38, 0x3C79, 0x553C, 0x557D, 0x557E, 0xF81F,
  0xF81F, 0xF81F, 0xF81F, 0xF81F, 0xF81F, 0xD968, 0xE989, 0xD968, 0xD968, 0xD988,
  0xD968, 0xD907, 0xE26C, 0xF576, 0xFF9E, 0xFFFF, 0xFFFF, 0xFFFF, 0xFFFF, 0xFFFF,
  0xFFFF, 0xFFFF, 0xFFFF, 0xFFFF, 0xFFFF, 0xFF9E, 0xDD98, 0x5D1C, 0x557E, 0x555D,
  0x557D, 0x557D, 0x4499, 0x3C17, 0x3C38, 0x4D1B, 0x5DBF, 0x5DDF, 0x557E, 0x555D,
  0xF81F, 0xF81F, 0xF81F, 0xF81F, 0xD968, 0xE989, 0xD968, 0xD968, 0xD988, 0xD948,
  0xD968, 0xEC93, 0xFF9E, 0xFFFF, 0xFFFF, 0xFFDF, 0xFFDF, 0xFFFF, 0xFFFF, 0xFFFF,
  0xFFFF, 0xFFFF, 0xFFFF, 0xFFDF, 0xFFDF, 0xFFFF, 0xC75F, 0x4D5D, 0x557D, 0x557E,
  0x555D, 0x4499, 0x3C38, 0x3C58, 0x4CFB, 0x557E, 0x555D, 0x557D, 0x557E, 0x559E,
  0xF81F, 0xF81F, 0xF81F, 0xD968, 0xE989, 0xD968, 0xD968, 0xD988, 0xD947, 0xD9A9,
  0xF618, 0xFFFF, 0xFFFF, 0xFFDF, 0xFFFF, 0xFFFF, 0xFFFF, 0xFFBE, 0xFF3D, 0xFF3C,
  0xFF3C, 0xFF3D, 0xFFBE, 0xFFFF, 0xFFFF, 0xFFFF, 0xAE9E, 0x4D3D, 0x5D9E, 0x553C,
  0x3C79, 0x3C38, 0x3C37, 0x4CFB, 0x559E, 0x555D, 0x557D, 0x557D, 0x557D, 0x557D,
  0xF81F, 0xF81F, 0xD988, 0xE168, 0xE168, 0xD968, 0xD968, 0xD948, 0xD9A9, 0xF65A,
  0xFFFF, 0xFFDF, 0xFFFF, 0xFFFF, 0xFFFF, 0xF639, 0xEBD1, 0xE26C, 0xD968, 0xD968,
  0xD968, 0xD968, 0xE26C, 0xEBD1, 0xF639, 0xFFFF, 0x9EBF, 0x4D5D, 0x553C, 0x3C58,
  0x3C38, 0x3C38, 0x44BA, 0x557D, 0x557D, 0x557D, 0x555D, 0x555D, 0x5DDF, 0x555D,
  0xF81F, 0xF81F, 0xD968, 0xE988, 0xD968, 0xD968, 0xD968, 0xD948, 0xF619, 0xFFFF,
  0xFFDF, 0xFFFF, 0xFFFF, 0xFEBB, 0xE32E, 0xD948, 0xD907, 0xD947, 0xD968, 0xD968,
  0xD968, 0xD968, 0xD947, 0xD907, 0xD948, 0xEB4E, 0x9D9B, 0x451C, 0x3C38, 0x3C38,
  0x3C38, 0x44BA, 0x557D, 0x557D, 0x555D, 0x555D, 0x557E, 0x55BF, 0x557E, 0xF81F,
  0xF81F, 0xD988, 0xE168, 0xD968, 0xD968, 0xD988, 0xD907, 0xEC93, 0xFFFF, 0xFFDF,
  0xFFFF, 0xFFFF, 0xF5B7, 0xD989, 0xD907, 0xD968, 0xD988, 0xD988, 0xD988, 0xD988,
  0xD988, 0xD988, 0xD988, 0xD989, 0xD968, 0xE106, 0x7B73, 0x3479, 0x3C37, 0x3C37,
  0x4499, 0x5D7D, 0x5D7D, 0x557E, 0x4D9E, 0x4D9F, 0x5D5C, 0xA352, 0xE105, 0xF81F,
  0xF81F, 0xD968, 0xE989, 0xD968, 0xD988, 0xD947, 0xE26C, 0xFFBE, 0xFFFF, 0xFFFF,
  0xFFFF, 0xF5B7, 0xD927, 0xD968, 0xD988, 0xD988, 0xD968, 0xD927, 0xD906, 0xD8E6,
  0xD8E6, 0xD906, 0xD927, 0xD948, 0xE168, 0x8B31, 0x3C58, 0x3C38, 0x3458, 0x3C79,
  0x4D3D, 0x4D3D, 0x4D5D, 0x5D1C, 0x6C99, 0x9B72, 0xC9EA, 0xF147, 0xD968, 0xF81F,
  0xF81F, 0xD968, 0xE168, 0xD968, 0xD988, 0xD907, 0xF597, 0xFFFF, 0xFFDF, 0xFFFF,
  0xFEDB, 0xD989, 0xD948, 0xD988, 0xD988, 0xD947, 0xD968, 0xE34F, 0xF556, 0xF5D8,
  0xF5D8, 0xED56, 0xEB4F, 0xE1A9, 0x7B32, 0x3479, 0x3C38, 0x3458, 0x4BF6, 0x957A,
  0x9E9F, 0xAE9E, 0xC73F, 0xDD98, 0xD927, 0xE127, 0xD947, 0xE189, 0xD968, 0xF81F,
  0xD968, 0xE168, 0xD968, 0xD968, 0xD947, 0xE22B, 0xFFBE, 0xFFFF, 0xFFFF, 0xFFFF,
  0xE32E, 0xD907, 0xD988, 0xD988, 0xD927, 0xE24B, 0xF659, 0xFFFF, 0xFFFF, 0xFFFF,
  0xFFFF, 0xFFFF, 0xF7FF, 0x6C98, 0x2C38, 0x3C38, 0x3C58, 0x4437, 0xB9CA, 0xF34E,
  0xFFFF, 0xFFFF, 0xFFFF, 0xFFBE, 0xE22B, 0xD948, 0xD988, 0xD968, 0xE168, 0xD968,
  0xD968, 0xE989, 0xD968, 0xD988, 0xD907, 0xEC52, 0xFFFF, 0xFFDF, 0xFFFF, 0xF659,
  0xD948, 0xD968, 0xD988, 0xD947, 0xE22B, 0xFF1C, 0xFFFF, 0xFFDF, 0xFFFF, 0xFFFF,
  0xFFFF, 0xEF7E, 0x64F9, 0x2C38, 0x3C38, 0x3C58, 0x3C58, 0xAA4D, 0xE147, 0xD948,
  0xF639, 0xFFFF, 0xFFDF, 0xFFFF, 0xEC52, 0xD907, 0xD988, 0xD968, 0xE989, 0xD968,
  0xD968, 0xE168, 0xD968, 0xD968, 0xD947, 0xF5B7, 0xFFFF, 0xFFDF, 0xFFFF, 0xEBD1,
  0xD907, 0xD988, 0xD968, 0xD948, 0xF65A, 0xFFFF, 0xFFDF, 0xFFFF, 0xFF1C, 0xFDB7,
  0xD619, 0x54D9, 0x3417, 0x3C58, 0x3C38, 0x3438, 0xA26E, 0xE147, 0xD989, 0xD907,
  0xEBD1, 0xFFFF, 0xFFDF, 0xFFFF, 0xF5B7, 0xD947, 0xD968, 0xD968, 0xE168, 0xD968,
  0xD968, 0xD968, 0xD968, 0xD968, 0xD989, 0xFEDB, 0xFFFF, 0xFFFF, 0xFFBE, 0xE26C,
  0xD947, 0xD988, 0xD927, 0xE34F, 0xFFFF, 0xFFDF, 0xFFFF, 0xF5D8, 0xD9C9, 0xD8E6,
  0x62F1, 0x2C58, 0x3C38, 0x3C38, 0x2BF7, 0xAE3C, 0xF34E, 0xD927, 0xD988, 0xD947,
  0xE26C, 0xFFBE, 0xFFFF, 0xFFFF, 0xFEDB, 0xD989, 0xD968, 0xD968, 0xD968, 0xD968,
  0xD968, 0xD968, 0xD968, 0xD948, 0xD9C9, 0xFFBE, 0xFFFF, 0xFFFF, 0xFF3D, 0xD968,
  0xD968, 0xD988, 0xD906, 0xF556, 0xFFFF, 0xFFFF, 0xFF1C, 0xD9C9, 0xD907, 0xD9C9,
  0x5416, 0x3439, 0x3C58, 0x2C18, 0x8DBB, 0xFFFF, 0xF556, 0xD8E6, 0xD988, 0xD968,
  0xD968, 0xFF3D, 0xFFFF, 0xFFFF, 0xFFBE, 0xD9C9, 0xD948, 0xD968, 0xD968, 0xD968,
  0xD968, 0xD968, 0xD968, 0xD948, 0xD9C9, 0xFFBE, 0xFFFF, 0xFFFF, 0xFF3C, 0xD968,
  0xD968, 0xD988, 0xD8E6, 0xF5F8, 0xFFFF, 0xFFFF, 0xF5D8, 0xD8E6, 0xD989, 0xFC06,
  0xB4EE, 0x3C78, 0x3BF7, 0x7D7A, 0xFFFF, 0xFFFF, 0xF619, 0xD907, 0xD988, 0xD968,
  0xD948, 0xFF1C, 0xFFFF, 0xFFFF, 0xFFBE, 0xD9C9, 0xD948, 0xD968, 0xD968, 0xD968,
  0xD968, 0xD968, 0xD968, 0xD948, 0xD9C9, 0xFFBE, 0xFFFF, 0xFFFF, 0xFF3C, 0xD968,
  0xD968, 0xD988, 0xD8E6, 0xF5F8, 0xFFFF, 0xFFFF, 0xF5D8, 0xD8E6, 0xD989, 0xF407,
  0xFD85, 0xDB8A, 0xC149, 0xF5F8, 0xFFFF, 0xFFFF, 0xF5F8, 0xD8E6, 0xD988, 0xD968,
  0xD968, 0xFF1C, 0xFFFF, 0xFFFF, 0xFFBE, 0xD9C9, 0xD948, 0xD968, 0xD968, 0xD968,
  0xD968, 0xD968, 0xD968, 0xD948, 0xD9C9, 0xFFBE, 0xFFFF, 0xFFFF, 0xFF3D, 0xD968,
  0xD968, 0xD988, 0xD906, 0xF556, 0xFFFF, 0xFFFF, 0xFF1C, 0xD9C9, 0xD927, 0xD9C8,
  0xB9E7, 0xC0E6, 0xE1A9, 0xFF1C, 0xFFFF, 0xFFFF, 0xF556, 0xD8E6, 0xD988, 0xD968,
  0xD968, 0xFF3D, 0xFFFF, 0xFFFF, 0xFFBE, 0xD9C9, 0xD948, 0xD968, 0xD968, 0xD968,
  0xD968, 0xD968, 0xD968, 0xD968, 0xD989, 0xFEDB, 0xFFFF, 0xFFFF, 0xFFBE, 0xE26C,
  0xD947, 0xD988, 0xD927, 0xE34F, 0xFFFF, 0xFFDF, 0xFFFF, 0xF5D8, 0xD9C9, 0xD8E6,
  0xB0A5, 0xA927, 0xCCF4, 0xFFFF, 0xFFFF, 0xFFFF, 0xE34F, 0xD927, 0xD988, 0xD947,
  0xE26C, 0xFFBE, 0xFFFF, 0xFFFF, 0xFEDB, 0xD989, 0xD968, 0xD968, 0xD968, 0xD968,
  0xD968, 0xE168, 0xD968, 0xD968, 0xD947, 0xF5B7, 0xFFFF, 0xFFDF, 0xFFFF, 0xEBD1,
  0xD907, 0xD988, 0xD968, 0xD948, 0xF65A, 0xFFFF, 0xFFDF, 0xFFFF, 0xFF1C, 0xF5D8,
  0xDD56, 0xC576, 0xCE9A, 0xD679, 0xFFFF, 0xFE7A, 0xD948, 0xD968, 0xD988, 0xD907,
  0xEBD1, 0xFFFF, 0xFFDF, 0xFFFF, 0xF5B7, 0xD947, 0xD968, 0xD968, 0xE168, 0xD968,
  0xD968, 0xE989, 0xD968, 0xD988, 0xD907, 0xEC52, 0xFFFF, 0xFFDF, 0xFFFF, 0xF659,
  0xD948, 0xD968, 0xD988, 0xD947, 0xE22B, 0xFF1C, 0xFFFF, 0xFFDF, 0xFFFF, 0xFFFF,
  0xF7FF, 0xCE99, 0xCE59, 0xCEBA, 0xCDF7, 0xD22A, 0xD948, 0xD988, 0xD968, 0xD948,
  0xF659, 0xFFFF, 0xFFDF, 0xFFFF, 0xEC52, 0xD907, 0xD988, 0xD968, 0xE989, 0xD968,
  0xD968, 0xE168, 0xD968, 0xD968, 0xD947, 0xE22B, 0xFFBE, 0xFFFF, 0xFFFF, 0xFFFF,
  0xE32E, 0xD907, 0xD988, 0xD988, 0xD927, 0xE24B, 0xF659, 0xFFFF, 0xFFFF, 0xFFFF,
  0xFFFF, 0xDF1B, 0xCE79, 0xC515, 0xB1C8, 0xB0E5, 0xD168, 0xE189, 0xD907, 0xE32E,
  0xFFFF, 0xFFFF, 0xFFFF, 0xFFBE, 0xE22B, 0xD947, 0xD968, 0xD968, 0xE168, 0xD968,
  0xF81F, 0xD968, 0xE168, 0xD968, 0xD988, 0xD907, 0xF597, 0xFFFF, 0xFFDF, 0xFFFF,
  0xFEDB, 0xD989, 0xD948, 0xD988, 0xD988, 0xD947, 0xD968, 0xE34F, 0xF556, 0xF5D8,
  0xF5D8, 0xE4D4, 0xB28B, 0xB106, 0xB106, 0xB127, 0xB126, 0xC947, 0xE1A9, 0xFEDB,
  0xFFFF, 0xFFDF, 0xFFFF, 0xF597, 0xD907, 0xD988, 0xD968, 0xE168, 0xD968, 0xF81F,
  0xF81F, 0xD968, 0xE989, 0xD968, 0xD988, 0xD947, 0xE26C, 0xFFBE, 0xFFFF, 0xFFFF,
  0xFFFF, 0xF5B7, 0xD927, 0xD968, 0xD988, 0xD988, 0xD968, 0xD927, 0xD906, 0xD8E6,
  0xD8E6, 0xD106, 0xB0E6, 0xB126, 0xB126, 0xB147, 0xB106, 0xA8C5, 0xDD35, 0xFFFF,
  0xFFFF, 0xFFFF, 0xFFBE, 0xE26C, 0xD947, 0xD988, 0xD968, 0xE989, 0xD968, 0xF81F,
  0xF81F, 0xD988, 0xE168, 0xD968, 0xD968, 0xD988, 0xD907, 0xEC93, 0xFFFF, 0xFFDF,
  0xFFFF, 0xFFFF, 0xF5B7, 0xD989, 0xD907, 0xD968, 0xD988, 0xD988, 0xD988, 0xD988,
  0xD988, 0xE189, 0xC147, 0xB147, 0xB126, 0xA8E5, 0xB147, 0xC492, 0xCEBA, 0xE71C,
  0xFFFF, 0xFFFF, 0xEC93, 0xD907, 0xD988, 0xD968, 0xD968, 0xE168, 0xD988, 0xF81F,
  0xF81F, 0xF81F, 0xD968, 0xE988, 0xD968, 0xD968, 0xD968, 0xD948, 0xF619, 0xFFFF,
  0xFFDF, 0xFFFF, 0xFFFF, 0xFEBB, 0xE32E, 0xD948, 0xD907, 0xD947, 0xD968, 0xD968,
  0xD968, 0xD968, 0xC927, 0xA8C5, 0xB106, 0xBAAC, 0xCDB6, 0xCEBA, 0xCE59, 0xCE38,
  0xE75D, 0xF619, 0xD948, 0xD968, 0xD968, 0xD968, 0xE988, 0xD968, 0xF81F, 0xF81F,
  0xF81F, 0xF81F, 0xD988, 0xE168, 0xE168, 0xD968, 0xD968, 0xD948, 0xD9A9, 0xF65A,
  0xFFFF, 0xFFDF, 0xFFFF, 0xFFFF, 0xFFFF, 0xF639, 0xEBD1, 0xE26C, 0xD968, 0xD968,
  0xD968, 0xD968, 0xDA6C, 0xC30D, 0xC514, 0xCE9A, 0xCE9A, 0xCE59, 0xCE59, 0xCEDA,
  0xC514, 0xB967, 0xD948, 0xD988, 0xD968, 0xE168, 0xE168, 0xD988, 0xF81F, 0xF81F,
  0xF81F, 0xF81F, 0xF81F, 0xD968, 0xE989, 0xD968, 0xD968, 0xD988, 0xD947, 0xD9A9,
  0xF618, 0xFFFF, 0xFFFF, 0xFFDF, 0xFFFF, 0xFFFF, 0xFFFF, 0xFFBE, 0xFF3D, 0xFF3C,
  0xFF3C, 0xFF3C, 0xFFBE, 0xE73C, 0xCE9A, 0xCE59, 0xCE59, 0xCE79, 0xCEBA, 0xC4F4,
  0xB167, 0xA906, 0xB947, 0xD968, 0xD968, 0xE989, 0xD968, 0xF81F, 0xF81F, 0xF81F,
  0xF81F, 0xF81F, 0xF81F, 0xF81F, 0xD968, 0xE989, 0xD968, 0xD968, 0xD988, 0xD948,
  0xD968, 0xEC93, 0xFF9E, 0xFFFF, 0xFFFF, 0xFFDF, 0xFFDF, 0xFFFF, 0xFFFF, 0xFFFF,
  0xFFFF, 0xFFFF, 0xFFFF, 0xEF5D, 0xCE38, 0xCE79, 0xCEBA, 0xCE59, 0xBB8F, 0xB106,
  0xB106, 0xB127, 0xA926, 0xB126, 0xE188, 0xD968, 0xF81F, 0xF81F, 0xF81F, 0xF81F,
  0xF81F, 0xF81F, 0xF81F, 0xF81F, 0xF81F, 0xD968, 0xE989, 0xD968, 0xD968, 0xD988,
  0xD968, 0xD907, 0xE26C, 0xF576, 0xFF9E, 0xFFFF, 0xFFFF, 0xFFFF, 0xFFFF, 0xFFFF,
  0xFFFF, 0xFFFF, 0xFFFF, 0xFFFF, 0xD6FB, 0xCDF8, 0xC471, 0xB1E9, 0xB0C5, 0xB126,
  0xB126, 0xB126, 0xB126, 0xB927, 0xB926, 0xF81F, 0xF81F, 0xF81F, 0xF81F, 0xF81F,
  0xF81F, 0xF81F, 0xF81F, 0xF81F, 0xF81F, 0xF81F, 0xD968, 0xE989, 0xD968, 0xD968,
  0xD968, 0xD988, 0xD927, 0xD927, 0xE22B, 0xEC52, 0xF5B7, 0xFEDB, 0xFFBE, 0xFFBE,
  0xFFBE, 0xFFBE, 0xFEDB, 0xF5B7, 0xCBB0, 0xB188, 0xB0E5, 0xB0E6, 0xB127, 0xB126,
  0xB126, 0xB126, 0xB927, 0xB126, 0xF81F, 0xF81F, 0xF81F, 0xF81F, 0xF81F, 0xF81F,
  0xF81F, 0xF81F, 0xF81F, 0xF81F, 0xF81F, 0xF81F, 0xF81F, 0xD968, 0xE989, 0xD968,
  0xD968, 0xD968, 0xD988, 0xD988, 0xD948, 0xD907, 0xD947, 0xD989, 0xD9C9, 0xD9C9,
  0xD9C9, 0xD9C9, 0xD989, 0xD947, 0xD106, 0xB106, 0xB127, 0xB126, 0xB126, 0xB126,
  0xB126, 0xB947, 0xB126, 0xF81F, 0xF81F, 0xF81F, 0xF81F, 0xF81F, 0xF81F, 0xF81F,
  0xF81F, 0xF81F, 0xF81F, 0xF81F, 0xF81F, 0xF81F, 0xF81F, 0xF81F, 0xD968, 0xE168,
  0xE988, 0xD968, 0xD968, 0xD968, 0xD968, 0xD988, 0xD968, 0xD968, 0xD948, 0xD948,
  0xD948, 0xD948, 0xD968, 0xD968, 0xD988, 0xB927, 0xA926, 0xB126, 0xB126, 0xB927,
  0xB126, 0xB127, 0xF81F, 0xF81F, 0xF81F, 0xF81F, 0xF81F, 0xF81F, 0xF81F, 0xF81F,
  0xF81F, 0xF81F, 0xF81F, 0xF81F, 0xF81F, 0xF81F, 0xF81F, 0xF81F, 0xF81F, 0xD168,
  0xD968, 0xE168, 0xE989, 0xE168, 0xD968, 0xD968, 0xD968, 0xD968, 0xD968, 0xD968,
  0xD968, 0xD968, 0xD968, 0xD968, 0xD968, 0xC147, 0xB126, 0xB927, 0xB126, 0xB126,
  0xB126, 0xF81F, 0xF81F, 0xF81F, 0xF81F, 0xF81F, 0xF81F, 0xF81F, 0xF81F, 0xF81F,
  0xF81F, 0xF81F, 0xF81F, 0xF81F, 0xF81F, 0xF81F, 0xF81F, 0xF81F, 0xF81F, 0xF81F,
  0xF81F, 0xD948, 0xE168, 0xD968, 0xE168, 0xE989, 0xE168, 0xD968, 0xD968, 0xD968,
  0xD968, 0xD968, 0xD968, 0xE168, 0xE989, 0xD968, 0xB126, 0xB126, 0xB927, 0xF81F,
  0xF81F, 0xF81F, 0xF81F, 0xF81F, 0xF81F, 0xF81F, 0xF81F, 0xF81F, 0xF81F, 0xF81F,
  0xF81F, 0xF81F, 0xF81F, 0xF81F, 0xF81F, 0xF81F, 0xF81F, 0xF81F, 0xF81F, 0xF81F,
  0xF81F, 0xF81F, 0xF81F, 0xF81F, 0xD968, 0xD968, 0xD968, 0xD968, 0xD968, 0xD968,
  0xD968, 0xD968, 0xD968, 0xD968, 0xD968, 0xD968, 0xF81F, 0xF81F, 0xF81F, 0xF81F,
  0xF81F, 0xF81F, 0xF81F, 0xF81F, 0xF81F, 0xF81F, 0xF81F, 0xF81F, 0xF81F, 0xF81F
};

static const uint16_t kEmoji_clipboard[1600] PROGMEM = {
  0xF81F, 0xF81F, 0xF81F, 0xF81F, 0xF81F, 0xF81F, 0xF81F, 0xF81F, 0xF81F, 0xF81F,
  0xF81F, 0xF81F, 0xF81F, 0xF81F, 0xF81F, 0xF81F, 0xF81F, 0xCEBB, 0xDF1D, 0xCEDB,
  0xCEDB, 0xDF1D, 0xCEBB, 0xF81F, 0xF81F, 0xF81F, 0xF81F, 0xF81F, 0xF81F, 0xF81F,
  0xF81F, 0xF81F, 0xF81F, 0xF81F, 0xF81F, 0xF81F, 0xF81F, 0xF81F, 0xF81F, 0xF81F,
  0xF81F, 0xF81F, 0xF81F, 0xF81F, 0xF81F, 0xF81F, 0xF81F, 0xF81F, 0xF81F, 0xF81F,
  0xF81F, 0xF81F, 0xF81F, 0xF81F, 0xF81F, 0xF81F, 0xF81F, 0xD6DC, 0x9D35, 0x3A29,
  0x3A29, 0x9D35, 0xD6DC, 0xF81F, 0xF81F, 0xF81F, 0xF81F, 0xF81F, 0xF81F, 0xF81F,
  0xF81F, 0xF81F, 0xF81F, 0xF81F, 0xF81F, 0xF81F, 0xF81F, 0xF81F, 0xF81F, 0xF81F,
  0xF81F, 0xF81F, 0xF81F, 0xF81F, 0xF81F, 0xF81F, 0xF81F, 0xF81F, 0xF81F, 0xF81F,
  0xF81F, 0xF81F, 0xF81F, 0xF81F, 0xF81F, 0xF81F, 0xE77E, 0xC67A, 0x2145, 0x2145,
  0x2145, 0x2145, 0xC67A, 0xE77E, 0xF81F, 0xF81F, 0xF81F, 0xF81F, 0xF81F, 0xF81F,
  0xF81F, 0xF81F, 0xF81F, 0xF81F, 0xF81F, 0xF81F, 0xF81F, 0xF81F, 0xF81F, 0xF81F,
  0xF81F, 0xF81F, 0xF81F, 0xF81F, 0xF81F, 0xF81F, 0xF81F, 0xF81F, 0xF81F, 0xF81F,
  0xF81F, 0xD6DC, 0xCEDC, 0xCEBB, 0xCEBB, 0xCE9B, 0xD71D, 0xAD97, 0x1904, 0x31A7,
  0x31A7, 0x1904, 0xAD97, 0xD71D, 0xCE9B, 0xCEBB, 0xCEBB, 0xCEDC, 0xD6DC, 0xF81F,
  0xF81F, 0xF81F, 0xF81F, 0xF81F, 0xF81F, 0xF81F, 0xF81F, 0xF81F, 0xF81F, 0xF81F,
  0xF81F, 0xF81F, 0xF81F, 0xF81F, 0xF81F, 0xF81F, 0xF81F, 0xF81F, 0xF81F, 0xF81F,
  0xCEBB, 0xE77E, 0xDF1D, 0xDF3D, 0xDF3D, 0xDF1D, 0xDF1D, 0xBE39, 0x3A29, 0x1904,
  0x1904, 0x3A29, 0xBE39, 0xDF1D, 0xDF1D, 0xDF3D, 0xDF3D, 0xDF1D, 0xE77E, 0xCEBB,
  0xF81F, 0xF81F, 0xF81F, 0xF81F, 0xF81F, 0xF81F, 0xF81F, 0xF81F, 0xF81F, 0xF81F,
  0xF81F, 0xF81F, 0xF81F, 0xF81F, 0xF81F, 0xBB29, 0xCB6A, 0xC34A, 0xC329, 0xC3CC,
  0xCE9B, 0xCEBB, 0xCEBB, 0xCEBB, 0xCEBB, 0xCEBB, 0xCE9B, 0xD6FC, 0xB5D8, 0x73CF,
  0x73CF, 0xB5D8, 0xD6FC, 0xCEBB, 0xCEBB, 0xCEBB, 0xCEBB, 0xCEBB, 0xCEBB, 0xCE9B,
  0xC3AB, 0xC329, 0xC34A, 0xCB6A, 0xBB29, 0xF81F, 0xF81F, 0xF81F, 0xF81F, 0xF81F,
  0xF81F, 0xF81F, 0xF81F, 0xF81F, 0xC34A, 0xC34A, 0xD38A, 0xD38A, 0xD38A, 0xD3CB,
  0xCE9A, 0xCEDB, 0xCEBB, 0xCEBB, 0xCEBB, 0xCEBB, 0xCEBB, 0xCEBB, 0xD6DC, 0xDF3D,
  0xDF3D, 0xD6DC, 0xCEBB, 0xCEBB, 0xCEBB, 0xCEBB, 0xCEBB, 0xCEBB, 0xCEDB, 0xCE9A,
  0xD3AB, 0xD38A, 0xD38A, 0xD38A, 0xC34A, 0xC34A, 0xF81F, 0xF81F, 0xF81F, 0xF81F,
  0xF81F, 0xF81F, 0xF81F, 0xF81F, 0xC349, 0xD38A, 0xC349, 0xC349, 0xBB09, 0xC34A,
  0xCE9A, 0xCEDB, 0xCEBB, 0xCEBB, 0xCEBB, 0xCEBB, 0xCEBB, 0xCEBB, 0xCEBB, 0xCE9B,
  0xCE9B, 0xCEBB, 0xCEBB, 0xCEBB, 0xCEBB, 0xCEBB, 0xCEBB, 0xCEBB, 0xCEDB, 0xCE9A,
  0xBB4A, 0xBB09, 0xC349, 0xC349, 0xD38A, 0xC349, 0xF81F, 0xF81F, 0xF81F, 0xF81F,
  0xF81F, 0xF81F, 0xF81F, 0xF81F, 0xC349, 0xD38A, 0xC349, 0xC349, 0xC3AB, 0xCC0D,
  0xCE9A, 0xCEDB, 0xCEBB, 0xCEBB, 0xCEBB, 0xCEBB, 0xCEBB, 0xCEBB, 0xCEBB, 0xCEBB,
  0xCEBB, 0xCEBB, 0xCEBB, 0xCEBB, 0xCEBB, 0xCEBB, 0xCEBB, 0xCEBB, 0xCEDB, 0xCE9A,
  0xCC0D, 0xC3AB, 0xC349, 0xC349, 0xD38A, 0xC349, 0xF81F, 0xF81F, 0xF81F, 0xF81F,
  0xF81F, 0xF81F, 0xF81F, 0xF81F, 0xC349, 0xD38A, 0xBB09, 0xCC0D, 0xFFBE, 0xFFFF,
  0xCEDB, 0xCEBB, 0xCEBB, 0xCEBB, 0xCEBB, 0xCEBB, 0xCEBB, 0xCEBB, 0xCEBB, 0xCEBB,
  0xCEBB, 0xCEBB, 0xCEBB, 0xCEBB, 0xCEBB, 0xCEBB, 0xCEBB, 0xCEBB, 0xCEBB, 0xCEDB,
  0xFFFF, 0xFFBE, 0xCC0D, 0xBB09, 0xD38A, 0xC349, 0xF81F, 0xF81F, 0xF81F, 0xF81F,
  0xF81F, 0xF81F, 0xF81F, 0xF81F, 0xC349, 0xD38A, 0xBB08, 0xD46F, 0xFFFF, 0xFFDF,
  0xCEDB, 0xCEBB, 0xCEBB, 0xCEBB, 0xCEBB, 0xCEBB, 0xCEBB, 0xCEBB, 0xCEBB, 0xCEBB,
  0xCEBB, 0xCEBB, 0xCEBB, 0xCEBB, 0xCEBB, 0xCEBB, 0xCEBB, 0xCEBB, 0xCEBB, 0xCEDB,
  0xFFDF, 0xFFFF, 0xD46F, 0xBB08, 0xD38A, 0xC349, 0xF81F, 0xF81F, 0xF81F, 0xF81F,
  0xF81F, 0xF81F, 0xF81F, 0xF81F, 0xC349, 0xD38A, 0xBB08, 0xCC4E, 0xFFFF, 0xFFFF,
  0xFFDF, 0xFFDF, 0xFFDF, 0xFFDF, 0xFFDF, 0xFFDF, 0xFFDF, 0xFFDF, 0xFFDF, 0xFFDF,
  0xFFDF, 0xFFDF, 0xFFDF, 0xFFDF, 0xFFDF, 0xFFDF, 0xFFDF, 0xFFDF, 0xFFDF, 0xFFDF,
  0xFFFF, 0xFFFF, 0xCC4E, 0xBB08, 0xD38A, 0xC349, 0xF81F, 0xF81F, 0xF81F, 0xF81F,
  0xF81F, 0xF81F, 0xF81F, 0xF81F, 0xC349, 0xD38A, 0xBB08, 0xCC4E, 0xFFFF, 0xFFFF,
  0xFFFF, 0xFFFF, 0xFFFF, 0xFFFF, 0xFFFF, 0xFFFF, 0xFFFF, 0xFFFF, 0xFFFF, 0xFFFF,
  0xFFFF, 0xFFFF, 0xFFFF, 0xFFFF, 0xFFFF, 0xFFFF, 0xFFFF, 0xFFFF, 0xFFFF, 0xFFFF,
  0xFFFF, 0xFFFF, 0xCC4E, 0xBB08, 0xD38A, 0xC349, 0xF81F, 0xF81F, 0xF81F, 0xF81F,
  0xF81F, 0xF81F, 0xF81F, 0xF81F, 0xC349, 0xD38A, 0xBB08, 0xCC4E, 0xFFFF, 0xFFFF,
  0xFFFF, 0xFFFF, 0xFFFF, 0xFFFF, 0xFFFF, 0xFFFF, 0xFFFF, 0xFFFF, 0xFFFF, 0xFFFF,
  0xFFFF, 0xFFFF, 0xFFFF, 0xFFFF, 0xFFFF, 0xFFFF, 0xFFFF, 0xFFFF, 0xFFFF, 0xFFFF,
  0xFFFF, 0xFFFF, 0xCC4E, 0xBB08, 0xD38A, 0xC349, 0xF81F, 0xF81F, 0xF81F, 0xF81F,
  0xF81F, 0xF81F, 0xF81F, 0xF81F, 0xC349, 0xD38A, 0xBB08, 0xCC4E, 0xFFFF, 0xFFFF,
  0xD6FC, 0xC67A, 0xCE9A, 0xCE9A, 0xCE9A, 0xCE9A, 0xCE9A, 0xCE9A, 0xCE9A, 0xCE9A,
  0xC69A, 0xCEBB, 0xFFDF, 0xFFFF, 0xFFFF, 0xFFFF, 0xFFFF, 0xFFFF, 0xFFFF, 0xFFFF,
  0xFFFF, 0xFFFF, 0xCC4E, 0xBB08, 0xD38A, 0xC349, 0xF81F, 0xF81F, 0xF81F, 0xF81F,
  0xF81F, 0xF81F, 0xF81F, 0xF81F, 0xC349, 0xD38A, 0xBB08, 0xCC4E, 0xFFFF, 0xFFDF,
  0x9536, 0x84F5, 0x8CF5, 0x8CF5, 0x8CF5, 0x8CF5, 0x8CF5, 0x8CF5, 0x8CF5, 0x8CF5,
  0x8CF5, 0x8CF5, 0xEF7D, 0xFFFF, 0xFFFF, 0xFFFF, 0xFFFF, 0xFFFF, 0xFFFF, 0xFFFF,
  0xFFFF, 0xFFFF, 0xCC4E, 0xBB08, 0xD38A, 0xC349, 0xF81F, 0xF81F, 0xF81F, 0xF81F,
  0xF81F, 0xF81F, 0xF81F, 0xF81F, 0xC349, 0xD38A, 0xBB08, 0xCC4E, 0xFFFF, 0xFFFF,
  0xCEBB, 0xBE39, 0xBE39, 0xBE39, 0xBE39, 0xBE39, 0xBE39, 0xBE39, 0xBE39, 0xBE39,
  0xBE39, 0xC67A, 0xF7DF, 0xFFFF, 0xFFFF, 0xFFFF, 0xFFFF, 0xFFFF, 0xFFFF, 0xFFFF,
  0xFFFF, 0xFFFF, 0xCC4E, 0xBB08, 0xD38A, 0xC349, 0xF81F, 0xF81F, 0xF81F, 0xF81F,
  0xF81F, 0xF81F, 0xF81F, 0xF81F, 0xC349, 0xD38A, 0xBB08, 0xCC4E, 0xFFFF, 0xFFFF,
  0xFFFF, 0xFFFF, 0xFFFF, 0xFFFF, 0xFFFF, 0xFFFF, 0xFFFF, 0xFFFF, 0xFFFF, 0xFFFF,
  0xFFFF, 0xFFFF, 0xFFFF, 0xFFFF, 0xFFFF, 0xFFFF, 0xFFFF, 0xFFFF, 0xFFFF, 0xFFFF,
  0xFFFF, 0xFFFF, 0xCC4E, 0xBB08, 0xD38A, 0xC349, 0xF81F, 0xF81F, 0xF81F, 0xF81F,
  0xF81F, 0xF81F, 0xF81F, 0xF81F, 0xC349, 0xD38A, 0xBB08, 0xCC4E, 0xFFFF, 0xFFFF,
  0xF7DF, 0xEF9E, 0xF79E, 0xF79E, 0xF79E, 0xF79E, 0xF79E, 0xF79E, 0xF79E, 0xF79E,
  0xF79E, 0xF79E, 0xF7BE, 0xF7BE, 0xF7BE, 0xF7BE, 0xF7BE, 0xF7BE, 0xF79E, 0xFFDF,
  0xFFFF, 0xFFFF, 0xCC4E, 0xBB08, 0xD38A, 0xC349, 0xF81F, 0xF81F, 0xF81F, 0xF81F,
  0xF81F, 0xF81F, 0xF81F, 0xF81F, 0xC349, 0xD38A, 0xBB08, 0xCC4E, 0xFFFF, 0xFFDF,
  0xA5B7, 0x9536, 0x9D56, 0x9D56, 0x9D56, 0x9D56, 0x9D56, 0x9D56, 0x9D56, 0x9D56,
  0x9D56, 0x9D56, 0x9D56, 0x9D56, 0x9D56, 0x9D56, 0x9D56, 0x9D56, 0x9536, 0xA5B7,
  0xFFDF, 0xFFFF, 0xCC4E, 0xBB08, 0xD38A, 0xC349, 0xF81F, 0xF81F, 0xF81F, 0xF81F,
  0xF81F, 0xF81F, 0xF81F, 0xF81F, 0xC349, 0xD38A, 0xBB08, 0xCC4E, 0xFFFF, 0xFFDF,
  0xA5B7, 0x9536, 0x9D56, 0x9D56, 0x9D56, 0x9D56, 0x9D56, 0x9D56, 0x9D56, 0x9D56,
  0x9D56, 0x9D56, 0x9D56, 0x9D56, 0x9D56, 0x9D56, 0x9D56, 0x9D56, 0x9536, 0xA5B7,
  0xFFDF, 0xFFFF, 0xCC4E, 0xBB08, 0xD38A, 0xC349, 0xF81F, 0xF81F, 0xF81F, 0xF81F,
  0xF81F, 0xF81F, 0xF81F, 0xF81F, 0xC349, 0xD38A, 0xBB08, 0xCC4E, 0xFFFF, 0xFFFF,
  0xF7DF, 0xEF9E, 0xF79E, 0xF79E, 0xF79E, 0xF79E, 0xF79E, 0xF79E, 0xF79E, 0xF79E,
  0xF79E, 0xF79E, 0xF79E, 0xF79E, 0xF79E, 0xF79E, 0xF79E, 0xF79E, 0xEF9E, 0xF7DF,
  0xFFFF, 0xFFFF, 0xCC4E, 0xBB08, 0xD38A, 0xC349, 0xF81F, 0xF81F, 0xF81F, 0xF81F,
  0xF81F, 0xF81F, 0xF81F, 0xF81F, 0xC349, 0xD38A, 0xBB08, 0xCC4E, 0xFFFF, 0xFFFF,
  0xFFFF, 0xFFFF, 0xFFFF, 0xFFFF, 0xFFFF, 0xFFFF, 0xFFFF, 0xFFFF, 0xFFFF, 0xFFFF,
  0xFFFF, 0xFFFF, 0xFFFF, 0xFFFF, 0xFFFF, 0xFFFF, 0xFFFF, 0xFFFF, 0xFFFF, 0xFFFF,
  0xFFFF, 0xFFFF, 0xCC4E, 0xBB08, 0xD38A, 0xC349, 0xF81F, 0xF81F, 0xF81F, 0xF81F,
  0xF81F, 0xF81F, 0xF81F, 0xF81F, 0xC349, 0xD38A, 0xBB08, 0xCC4E, 0xFFFF, 0xFFFF,
  0xCEBB, 0xBE39, 0xBE39, 0xBE39, 0xBE39, 0xBE39, 0xBE39, 0xBE39, 0xBE39, 0xBE39,
  0xBE39, 0xBE39, 0xBE39, 0xBE39, 0xBE39, 0xBE39, 0xBE39, 0xBE39, 0xBE39, 0xCEBB,
  0xFFFF, 0xFFFF, 0xCC4E, 0xBB08, 0xD38A, 0xC349, 0xF81F, 0xF81F, 0xF81F, 0xF81F,
  0xF81F, 0xF81F, 0xF81F, 0xF81F, 0xC349, 0xD38A, 0xBB08, 0xCC4E, 0xFFFF, 0xFFDF,
  0x9536, 0x84F5, 0x8CF5, 0x8CF5, 0x8CF5, 0x8CF5, 0x8CF5, 0x8CF5, 0x8CF5, 0x8CF5,
  0x8CF5, 0x8CF5, 0x8CF5, 0x8CF5, 0x8CF5, 0x8CF5, 0x8CF5, 0x8CF5, 0x84F5, 0x9536,
  0xFFDF, 0xFFFF, 0xCC4E, 0xBB08, 0xD38A, 0xC349, 0xF81F, 0xF81F, 0xF81F, 0xF81F,
  0xF81F, 0xF81F, 0xF81F, 0xF81F, 0xC349, 0xD38A, 0xBB08, 0xCC4E, 0xFFFF, 0xFFFF,
  0xD6FC, 0xC67A, 0xC69A, 0xC69A, 0xC69A, 0xC69A, 0xC69A, 0xC69A, 0xC69A, 0xC69A,
  0xC69A, 0xC69A, 0xC69A, 0xC69A, 0xC69A, 0xC69A, 0xC69A, 0xC69A, 0xC67A, 0xD6FC,
  0xFFFF, 0xFFFF, 0xCC4E, 0xBB08, 0xD38A, 0xC349, 0xF81F, 0xF81F, 0xF81F, 0xF81F,
  0xF81F, 0xF81F, 0xF81F, 0xF81F, 0xC349, 0xD38A, 0xBB08, 0xCC4E, 0xFFFF, 0xFFFF,
  0xFFFF, 0xFFFF, 0xFFFF, 0xFFFF, 0xFFFF, 0xFFFF, 0xFFFF, 0xFFFF, 0xFFFF, 0xFFFF,
  0xFFFF, 0xFFFF, 0xFFFF, 0xFFFF, 0xFFFF, 0xFFFF, 0xFFFF, 0xFFFF, 0xFFFF, 0xFFFF,
  0xFFFF, 0xFFFF, 0xCC4E, 0xBB08, 0xD38A, 0xC349, 0xF81F, 0xF81F, 0xF81F, 0xF81F,
  0xF81F, 0xF81F, 0xF81F, 0xF81F, 0xC349, 0xD38A, 0xBB08, 0xCC4E, 0xFFFF, 0xFFFF,
  0xF79E, 0xE75D, 0xE75D, 0xE75D, 0xE75D, 0xE75D, 0xE75D, 0xE75D, 0xE75D, 0xE75D,
  0xE75D, 0xE75D, 0xE75D, 0xE75D, 0xE75D, 0xE75D, 0xE75D, 0xE75D, 0xE75D, 0xF79E,
  0xFFFF, 0xFFFF, 0xCC4E, 0xBB08, 0xD38A, 0xC349, 0xF81F, 0xF81F, 0xF81F, 0xF81F,
  0xF81F, 0xF81F, 0xF81F, 0xF81F, 0xC349, 0xD38A, 0xBB08, 0xCC4E, 0xFFFF, 0xFFDF,
  0xA577, 0x8D15, 0x9536, 0x9536, 0x9536, 0x9536, 0x9536, 0x9536, 0x9536, 0x9536,
  0x9536, 0x9536, 0x9536, 0x9536, 0x9536, 0x9536, 0x9536, 0x9536, 0x8D15, 0xA577,
  0xFFDF, 0xFFFF, 0xCC4E, 0xBB08, 0xD38A, 0xC349, 0xF81F, 0xF81F, 0xF81F, 0xF81F,
  0xF81F, 0xF81F, 0xF81F, 0xF81F, 0xC349, 0xD38A, 0xBB08, 0xCC4E, 0xFFFF, 0xFFFF,
  0xADF8, 0x9D76, 0xA597, 0x9D77, 0x9D77, 0x9D77, 0x9D77, 0x9D77, 0x9D77, 0x9D77,
  0x9D77, 0x9D77, 0x9D77, 0x9D77, 0x9D77, 0x9D77, 0x9D77, 0xA597, 0x9D76, 0xADF8,
  0xFFFF, 0xFFFF, 0xCC4E, 0xBB08, 0xD38A, 0xC349, 0xF81F, 0xF81F, 0xF81F, 0xF81F,
  0xF81F, 0xF81F, 0xF81F, 0xF81F, 0xC349, 0xD38A, 0xBB08, 0xCC4E, 0xFFFF, 0xFFFF,
  0xFFFF, 0xFFDF, 0xFFDF, 0xFFDF, 0xFFDF, 0xFFDF, 0xFFDF, 0xFFDF, 0xFFDF, 0xFFDF,
  0xFFDF, 0xFFDF, 0xFFDF, 0xFFDF, 0xFFDF, 0xFFDF, 0xFFDF, 0xFFDF, 0xFFDF, 0xFFFF,
  0xFFFF, 0xFFFF, 0xCC4E, 0xBB08, 0xD38A, 0xC349, 0xF81F, 0xF81F, 0xF81F, 0xF81F,
  0xF81F, 0xF81F, 0xF81F, 0xF81F, 0xC349, 0xD38A, 0xBB08, 0xCC4E, 0xFFFF, 0xFFFF,
  0xFFFF, 0xFFFF, 0xFFFF, 0xFFFF, 0xFFFF, 0xFFFF, 0xFFFF, 0xFFFF, 0xFFFF, 0xFFFF,
  0xFFFF, 0xFFFF, 0xFFFF, 0xFFFF, 0xFFFF, 0xFFFF, 0xFFFF, 0xFFFF, 0xFFFF, 0xFFFF,
  0xFFFF, 0xFFFF, 0xCC4E, 0xBB08, 0xD38A, 0xC349, 0xF81F, 0xF81F, 0xF81F, 0xF81F,
  0xF81F, 0xF81F, 0xF81F, 0xF81F, 0xC349, 0xD38A, 0xBB08, 0xCC4E, 0xFFFF, 0xFFFF,
  0xFFFF, 0xFFFF, 0xFFFF, 0xFFFF, 0xFFFF, 0xFFFF, 0xFFFF, 0xF7BF, 0xB619, 0xB5F8,
  0xB5F8, 0xB5F8, 0xB5F8, 0xB5F8, 0xB5F8, 0xB5F8, 0xB5F8, 0xB5F8, 0xADF8, 0xC67A,
  0xFFFF, 0xFFFF, 0xCC4E, 0xBB08, 0xD38A, 0xC349, 0xF81F, 0xF81F, 0xF81F, 0xF81F,
  0xF81F, 0xF81F, 0xF81F, 0xF81F, 0xC349, 0xD38A, 0xBB08, 0xCC4E, 0xFFFF, 0xFFFF,
  0xFFFF, 0xFFFF, 0xFFFF, 0xFFFF, 0xFFFF, 0xFFFF, 0xFFFF, 0xEF7D, 0x8CF5, 0x8CF5,
  0x8CF5, 0x8CF5, 0x8CF5, 0x8CF5, 0x8CF5, 0x8CF5, 0x8CF5, 0x8CF5, 0x8CF5, 0x9556,
  0xFFDF, 0xFFFF, 0xCC4E, 0xBB08, 0xD38A, 0xC349, 0xF81F, 0xF81F, 0xF81F, 0xF81F,
  0xF81F, 0xF81F, 0xF81F, 0xF81F, 0xC349, 0xD38A, 0xBB08, 0xCC4E, 0xFFFF, 0xFFDF,
  0xFFFF, 0xFFFF, 0xFFFF, 0xFFFF, 0xFFFF, 0xFFFF, 0xFFFF, 0xFFDF, 0xDEFC, 0xD6BB,
  0xD6DB, 0xD6DB, 0xD6DB, 0xD6DB, 0xD6DB, 0xD6DB, 0xD6DB, 0xD6DB, 0xD6BB, 0xE73C,
  0xFFFF, 0xFFFF, 0xCC4E, 0xBB08, 0xD38A, 0xC349, 0xF81F, 0xF81F, 0xF81F, 0xF81F,
  0xF81F, 0xF81F, 0xF81F, 0xF81F, 0xC349, 0xD38A, 0xBB08, 0xCC4E, 0xFFFF, 0xFFFF,
  0xFFFF, 0xFFFF, 0xFFFF, 0xFFFF, 0xFFFF, 0xFFFF, 0xFFFF, 0xFFFF, 0xFFFF, 0xFFFF,
  0xFFFF, 0xFFFF, 0xFFFF, 0xFFFF, 0xFFFF, 0xFFFF, 0xFFFF, 0xFFFF, 0xFFFF, 0xFFFF,
  0xFFFF, 0xFFFF, 0xCC4E, 0xBB08, 0xD38A, 0xC349, 0xF81F, 0xF81F, 0xF81F, 0xF81F,
  0xF81F, 0xF81F, 0xF81F, 0xF81F, 0xC349, 0xD38A, 0xBB29, 0xC38B, 0xE617, 0xEE78,
  0xEE78, 0xEE78, 0xEE78, 0xEE78, 0xEE78, 0xEE78, 0xEE78, 0xEE78, 0xEE78, 0xEE78,
  0xEE78, 0xEE78, 0xEE78, 0xEE78, 0xEE78, 0xEE78, 0xEE78, 0xEE78, 0xEE78, 0xEE78,
  0xEE78, 0xE617, 0xC38B, 0xBB29, 0xD38A, 0xC349, 0xF81F, 0xF81F, 0xF81F, 0xF81F,
  0xF81F, 0xF81F, 0xF81F, 0xF81F, 0xC349, 0xD38A, 0xC349, 0xC329, 0xBAE8, 0xBAE8,
  0xBAE8, 0xBAE8, 0xBAE8, 0xBAE8, 0xBAE8, 0xBAE8, 0xBAE8, 0xBAE8, 0xBAE8, 0xBAE8,
  0xBAE8, 0xBAE8, 0xBAE8, 0xBAE8, 0xBAE8, 0xBAE8, 0xBAE8, 0xBAE8, 0xBAE8, 0xBAE8,
  0xBAE8, 0xBAE8, 0xC329, 0xC349, 0xD38A, 0xC349, 0xF81F, 0xF81F, 0xF81F, 0xF81F,
  0xF81F, 0xF81F, 0xF81F, 0xF81F, 0xC349, 0xD38A, 0xC349, 0xC349, 0xC34A, 0xC36A,
  0xC36A, 0xC36A, 0xC36A, 0xC36A, 0xC36A, 0xC36A, 0xC36A, 0xC36A, 0xC36A, 0xC36A,
  0xC36A, 0xC36A, 0xC36A, 0xC36A, 0xC36A, 0xC36A, 0xC36A, 0xC36A, 0xC36A, 0xC36A,
  0xC36A, 0xC34A, 0xC349, 0xC349, 0xD38A, 0xC349, 0xF81F, 0xF81F, 0xF81F, 0xF81F,
  0xF81F, 0xF81F, 0xF81F, 0xF81F, 0xF81F, 0xC349, 0xC34A, 0xC349, 0xC349, 0xC349,
  0xC349, 0xC349, 0xC349, 0xC349, 0xC349, 0xC349, 0xC349, 0xC349, 0xC349, 0xC349,
  0xC349, 0xC349, 0xC349, 0xC349, 0xC349, 0xC349, 0xC349, 0xC349, 0xC349, 0xC349,
  0xC349, 0xC349, 0xC349, 0xC34A, 0xC349, 0xF81F, 0xF81F, 0xF81F, 0xF81F, 0xF81F
};

static const uint16_t kEmoji_bell[1600] PROGMEM = {
  0xF81F, 0xF81F, 0xF81F, 0xF81F, 0xF81F, 0xF81F, 0xF81F, 0xF81F, 0xF81F, 0xF81F,
  0xF81F, 0xF81F, 0xF81F, 0xF81F, 0xF81F, 0xF81F, 0xF81F, 0xFD66, 0xFD66, 0xFD66,
  0xFD66, 0xFD66, 0xFD66, 0xF81F, 0xF81F, 0xF81F, 0xF81F, 0xF81F, 0xF81F, 0xF81F,
  0xF81F, 0xF81F, 0xF81F, 0xF81F, 0xF81F, 0xF81F, 0xF81F, 0xF81F, 0xF81F, 0xF81F,
  0xF81F, 0xF81F, 0xF81F, 0xF81F, 0xF81F, 0xF81F, 0xF81F, 0xF81F, 0xF81F, 0xF81F,
  0xF81F, 0xF81F, 0xF81F, 0xF81F, 0xF81F, 0xF81F, 0xF81F, 0xFD46, 0xFDA6, 0xFD46,
  0xFD46, 0xFDA6, 0xFD46, 0xF81F, 0xF81F, 0xF81F, 0xF81F, 0xF81F, 0xF81F, 0xF81F,
  0xF81F, 0xF81F, 0xF81F, 0xF81F, 0xF81F, 0xF81F, 0xF81F, 0xF81F, 0xF81F, 0xF81F,
  0xF81F, 0xF81F, 0xF81F, 0xF81F, 0xF81F, 0xF81F, 0xF81F, 0xF81F, 0xF81F, 0xF81F,
  0xF81F, 0xF81F, 0xF81F, 0xF81F, 0xF81F, 0xF81F, 0xFD66, 0xFDC6, 0xFD46, 0xFD66,
  0xFD66, 0xFD46, 0xFDC6, 0xFD66, 0xF81F, 0xF81F, 0xF81F, 0xF81F, 0xF81F, 0xF81F,
  0xF81F, 0xF81F, 0xF81F, 0xF81F, 0xF81F, 0xF81F, 0xF81F, 0xF81F, 0xF81F, 0xF81F,
  0xF81F, 0xF81F, 0xF81F, 0xF81F, 0xF81F, 0xF81F, 0xF81F, 0xF81F, 0xF81F, 0xF81F,
  0xF81F, 0xF81F, 0xF81F, 0xF81F, 0xF81F, 0xF81F, 0xFD66, 0xFDA6, 0xFD46, 0xFD66,
  0xFD66, 0xFD46, 0xFDA6, 0xFD46, 0xF81F, 0xF81F, 0xF81F, 0xF81F, 0xF81F, 0xF81F,
  0xF81F, 0xF81F, 0xF81F, 0xF81F, 0xF81F, 0xF81F, 0xF81F, 0xF81F, 0xF81F, 0xF81F,
  0xF81F, 0xF81F, 0xF81F, 0xF81F, 0xF81F, 0xF81F, 0xF81F, 0xF81F, 0xF81F, 0xF81F,
  0xF81F, 0xF81F, 0xF81F, 0xF81F, 0xFD66, 0xFD66, 0xFD66, 0xFD66, 0xFD66, 0xFD66,
  0xFD66, 0xFD66, 0xFD66, 0xFD66, 0xFD66, 0xFD66, 0xF81F, 0xF81F, 0xF81F, 0xF81F,
  0xF81F, 0xF81F, 0xF81F, 0xF81F, 0xF81F, 0xF81F, 0xF81F, 0xF81F, 0xF81F, 0xF81F,
  0xF81F, 0xF81F, 0xF81F, 0xF81F, 0xF81F, 0xF81F, 0xF81F, 0xF81F, 0xF81F, 0xF81F,
  0xF81F, 0xF81F, 0xF81F, 0xFD66, 0xFD86, 0xFDA6, 0xFD66, 0xFD66, 0xFD66, 0xFD66,
  0xFD66, 0xFD66, 0xFD66, 0xFD66, 0xFDA6, 0xFD86, 0xFD66, 0xF81F, 0xF81F, 0xF81F,
  0xF81F, 0xF81F, 0xF81F, 0xF81F, 0xF81F, 0xF81F, 0xF81F, 0xF81F, 0xF81F, 0xF81F,
  0xF81F, 0xF81F, 0xF81F, 0xF81F, 0xF81F, 0xF81F, 0xF81F, 0xF81F, 0xF81F, 0xF81F,
  0xF81F, 0xF81F, 0xFD86, 0xFDC6, 0xFD46, 0xFD66, 0xFD66, 0xFD66, 0xFD66, 0xFD66,
  0xFD66, 0xFD66, 0xFD66, 0xFD66, 0xFD66, 0xFD46, 0xFDC6, 0xFD86, 0xF81F, 0xF81F,
  0xF81F, 0xF81F, 0xF81F, 0xF81F, 0xF81F, 0xF81F, 0xF81F, 0xF81F, 0xF81F, 0xF81F,
  0xF81F, 0xF81F, 0xF81F, 0xF81F, 0xF81F, 0xF81F, 0xF81F, 0xF81F, 0xF81F, 0xF81F,
  0xF81F, 0xFD46, 0xFDC6, 0xFD46, 0xFD66, 0xFD66, 0xFD66, 0xFD66, 0xFD66, 0xFD66,
  0xFD66, 0xFD66, 0xFD66, 0xFD66, 0xFD66, 0xFD66, 0xFD46, 0xFDC6, 0xFD46, 0xF81F,
  0xF81F, 0xF81F, 0xF81F, 0xF81F, 0xF81F, 0xF81F, 0xF81F, 0xF81F, 0xF81F, 0xF81F,
  0xF81F, 0xF81F, 0xF81F, 0xF81F, 0xF81F, 0xF81F, 0xF81F, 0xF81F, 0xF81F, 0xF81F,
  0xFD66, 0xFDC6, 0xFD66, 0xFD66, 0xFD66, 0xFD66, 0xFD66, 0xFD66, 0xFD66, 0xFD66,
  0xFD66, 0xFD66, 0xFD66, 0xFD66, 0xFD66, 0xFD66, 0xFD66, 0xFD66, 0xFDC6, 0xFD66,
  0xF81F, 0xF81F, 0xF81F, 0xF81F, 0xF81F, 0xF81F, 0xF81F, 0xF81F, 0xF81F, 0xF81F,
  0xF81F, 0xF81F, 0xF81F, 0xF81F, 0xF81F, 0xF81F, 0xF81F, 0xF81F, 0xF81F, 0xF81F,
  0xFD46, 0xFD86, 0xFD66, 0xFD66, 0xFD66, 0xFD66, 0xFD66, 0xFD66, 0xFD66, 0xFD66,
  0xFD66, 0xFD66, 0xFD66, 0xFD66, 0xFD66, 0xFD66, 0xFD66, 0xFD66, 0xFD86, 0xFD46,
  0xF81F, 0xF81F, 0xF81F, 0xF81F, 0xF81F, 0xF81F, 0xF81F, 0xF81F, 0xF81F, 0xF81F,
  0xF81F, 0xF81F, 0xF81F, 0xF81F, 0xF81F, 0xF81F, 0xF81F, 0xF81F, 0xF81F, 0xFD46,
  0xFDA6, 0xFD66, 0xFD66, 0xFD66, 0xFD66, 0xFD66, 0xFD66, 0xFD66, 0xFD66, 0xFD66,
  0xFD66, 0xFD66, 0xFD66, 0xFD66, 0xFD66, 0xFD66, 0xFD66, 0xFD66, 0xFD66, 0xFDA6,
  0xFD46, 0xF81F, 0xF81F, 0xF81F, 0xF81F, 0xF81F, 0xF81F, 0xF81F, 0xF81F, 0xF81F,
  0xF81F, 0xF81F, 0xF81F, 0xF81F, 0xF81F, 0xF81F, 0xF81F, 0xF81F, 0xF81F, 0xFD46,
  0xFDA6, 0xFD66, 0xFD66, 0xFD66, 0xFD66, 0xFD66, 0xFD66, 0xFD66, 0xFD66, 0xFD66,
  0xFD66, 0xFD66, 0xFD66, 0xFD66, 0xFD66, 0xFD66, 0xFD66, 0xFD66, 0xFD66, 0xFDA6,
  0xFD46, 0xF81F, 0xF81F, 0xF81F, 0xF81F, 0xF81F, 0xF81F, 0xF81F, 0xF81F, 0xF81F,
  0xF81F, 0xF81F, 0xF81F, 0xF81F, 0xF81F, 0xF81F, 0xF81F, 0xF81F, 0xF81F, 0xFD66,
  0xFD66, 0xFD46, 0xFD66, 0xFD66, 0xFD66, 0xFD66, 0xFD66, 0xFD66, 0xFD66, 0xFD66,
  0xFD66, 0xFD66, 0xFD66, 0xFD66, 0xFD66, 0xFD66, 0xFD66, 0xFD66, 0xFD46, 0xFD66,
  0xFD66, 0xF81F, 0xF81F, 0xF81F, 0xF81F, 0xF81F, 0xF81F, 0xF81F, 0xF81F, 0xF81F,
  0xF81F, 0xF81F, 0xF81F, 0xF81F, 0xF81F, 0xF81F, 0xF81F, 0xF81F, 0xFD26, 0xFD66,
  0xFD66, 0xFD66, 0xFD66, 0xFD66, 0xFD66, 0xFD66, 0xFD66, 0xFD66, 0xFD66, 0xFD66,
  0xFD66, 0xFD66, 0xFD66, 0xFD66, 0xFD66, 0xFD66, 0xFD66, 0xFD66, 0xFD66, 0xFD66,
  0xFD66, 0xFD46, 0xF81F, 0xF81F, 0xF81F, 0xF81F, 0xF81F, 0xF81F, 0xF81F, 0xF81F,
  0xF81F, 0xF81F, 0xF81F, 0xF81F, 0xF81F, 0xF81F, 0xF81F, 0xF81F, 0xFD46, 0xFD66,
  0xFD46, 0xFD66, 0xFD66, 0xFD66, 0xFD66, 0xFD66, 0xFD66, 0xFD66, 0xFD66, 0xFD66,
  0xFD66, 0xFD66, 0xFD66, 0xFD66, 0xFD66, 0xFD66, 0xFD66, 0xFD66, 0xFD66, 0xFD46,
  0xFD66, 0xFD46, 0xF81F, 0xF81F, 0xF81F, 0xF81F, 0xF81F, 0xF81F, 0xF81F, 0xF81F,
  0xF81F, 0xF81F, 0xF81F, 0xF81F, 0xF81F, 0xF81F, 0xF81F, 0xF81F, 0xFD46, 0xFD86,
  0xFD46, 0xFD66, 0xFD66, 0xFD66, 0xFD66, 0xFD66, 0xFD66, 0xFD66, 0xFD66, 0xFD66,
  0xFD66, 0xFD66, 0xFD66, 0xFD66, 0xFD66, 0xFD66, 0xFD66, 0xFD66, 0xFD66, 0xFD46,
  0xFD86, 0xFD66, 0xF81F, 0xF81F, 0xF81F, 0xF81F, 0xF81F, 0xF81F, 0xF81F, 0xF81F,
  0xF81F, 0xF81F, 0xF81F, 0xF81F, 0xF81F, 0xF81F, 0xF81F, 0xF81F, 0xFD66, 0xFD86,
  0xFD46, 0xFD66, 0xFD66, 0xFD66, 0xFD66, 0xFD66, 0xFD66, 0xFD66, 0xFD66, 0xFD66,
  0xFD66, 0xFD66, 0xFD66, 0xFD66, 0xFD66, 0xFD66, 0xFD66, 0xFD66, 0xFD66, 0xFD46,
  0xFD86, 0xFD66, 0xF81F, 0xF81F, 0xF81F, 0xF81F, 0xF81F, 0xF81F, 0xF81F, 0xF81F,
  0xF81F, 0xF81F, 0xF81F, 0xF81F, 0xF81F, 0xF81F, 0xF81F, 0xF81F, 0xFD46, 0xFD86,
  0xFD66, 0xFD66, 0xFD66, 0xFD66, 0xFD66, 0xFD66, 0xFD66, 0xFD66, 0xFD66, 0xFD66,
  0xFD66, 0xFD66, 0xFD66, 0xFD66, 0xFD66, 0xFD66, 0xFD66, 0xFD66, 0xFD66, 0xFD66,
  0xFD86, 0xFD46, 0xF81F, 0xF81F, 0xF81F, 0xF81F, 0xF81F, 0xF81F, 0xF81F, 0xF81F,
  0xF81F, 0xF81F, 0xF81F, 0xF81F, 0xF81F, 0xF81F, 0xF81F, 0xF81F, 0xFD46, 0xFDA6,
  0xFD46, 0xFD66, 0xFD66, 0xFD66, 0xFD66, 0xFD66, 0xFD66, 0xFD66, 0xFD66, 0xFD66,
  0xFD66, 0xFD66, 0xFD66, 0xFD66, 0xFD66, 0xFD66, 0xFD66, 0xFD66, 0xFD66, 0xFD46,
  0xFDA6, 0xFD46, 0xF81F, 0xF81F, 0xF81F, 0xF81F, 0xF81F, 0xF81F, 0xF81F, 0xF81F,
  0xF81F, 0xF81F, 0xF81F, 0xF81F, 0xF81F, 0xF81F, 0xF81F, 0xF81F, 0xFD66, 0xFDA6,
  0xFD46, 0xFD66, 0xFD66, 0xFD66, 0xFD66, 0xFD66, 0xFD66, 0xFD66, 0xFD66, 0xFD66,
  0xFD66, 0xFD66, 0xFD66, 0xFD66, 0xFD66, 0xFD66, 0xFD66, 0xFD66, 0xFD66, 0xFD46,
  0xFDA6, 0xFD66, 0xF81F, 0xF81F, 0xF81F, 0xF81F, 0xF81F, 0xF81F, 0xF81F, 0xF81F,
  0xF81F, 0xF81F, 0xF81F, 0xF81F, 0xF81F, 0xF81F, 0xF81F, 0xF81F, 0xFD46, 0xFDA6,
  0xFD66, 0xFD66, 0xFD66, 0xFD66, 0xFD66, 0xFD66, 0xFD66, 0xFD66, 0xFD66, 0xFD66,
  0xFD66, 0xFD66, 0xFD66, 0xFD66, 0xFD66, 0xFD66, 0xFD66, 0xFD66, 0xFD66, 0xFD66,
  0xFDA6, 0xFD46, 0xF81F, 0xF81F, 0xF81F, 0xF81F, 0xF81F, 0xF81F, 0xF81F, 0xF81F,
  0xF81F, 0xF81F, 0xF81F, 0xF81F, 0xF81F, 0xF81F, 0xF81F, 0xFD66, 0xFD66, 0xFD66,
  0xFD46, 0xFD66, 0xFD66, 0xFD66, 0xFD66, 0xFD66, 0xFD66, 0xFD66, 0xFD66, 0xFD66,
  0xFD66, 0xFD66, 0xFD66, 0xFD66, 0xFD66, 0xFD66, 0xFD66, 0xFD66, 0xFD66, 0xFD46,
  0xFD66, 0xFD66, 0xFD66, 0xF81F, 0xF81F, 0xF81F, 0xF81F, 0xF81F, 0xF81F, 0xF81F,
  0xF81F, 0xF81F, 0xF81F, 0xF81F, 0xF81F, 0xF81F, 0xF81F, 0xFD66, 0xFDA6, 0xFD66,
  0xFD66, 0xFD66, 0xFD66, 0xFD66, 0xFD66, 0xFD66, 0xFD66, 0xFD66, 0xFD66, 0xFD66,
  0xFD66, 0xFD66, 0xFD66, 0xFD66, 0xFD66, 0xFD66, 0xFD66, 0xFD66, 0xFD66, 0xFD66,
  0xFD66, 0xFDA6, 0xFD66, 0xF81F, 0xF81F, 0xF81F, 0xF81F, 0xF81F, 0xF81F, 0xF81F,
  0xF81F, 0xF81F, 0xF81F, 0xF81F, 0xF81F, 0xF81F, 0xF81F, 0xFD46, 0xFD86, 0xFD66,
  0xFD66, 0xFD66, 0xFD66, 0xFD66, 0xFD66, 0xFD66, 0xFD66, 0xFD66, 0xFD66, 0xFD66,
  0xFD66, 0xFD66, 0xFD66, 0xFD66, 0xFD66, 0xFD66, 0xFD66, 0xFD66, 0xFD66, 0xFD66,
  0xFD66, 0xFD86, 0xFD46, 0xF81F, 0xF81F, 0xF81F, 0xF81F, 0xF81F, 0xF81F, 0xF81F,
  0xF81F, 0xF81F, 0xF81F, 0xF81F, 0xF81F, 0xF81F, 0xFD46, 0xFDA6, 0xFD66, 0xFD66,
  0xFD66, 0xFD66, 0xFD66, 0xFD66, 0xFD66, 0xFD66, 0xFD66, 0xFD66, 0xFD66, 0xFD66,
  0xFD66, 0xFD66, 0xFD66, 0xFD66, 0xFD66, 0xFD66, 0xFD66, 0xFD66, 0xFD66, 0xFD66,
  0xFD66, 0xFD66, 0xFDA6, 0xFD46, 0xF81F, 0xF81F, 0xF81F, 0xF81F, 0xF81F, 0xF81F,
  0xF81F, 0xF81F, 0xF81F, 0xF81F, 0xF81F, 0xFD86, 0xFD86, 0xFD66, 0xFD46, 0xFD66,
  0xFD66, 0xFD66, 0xFD66, 0xFD66, 0xFD66, 0xFD66, 0xFD66, 0xFD66, 0xFD66, 0xFD66,
  0xFD66, 0xFD66, 0xFD66, 0xFD66, 0xFD66, 0xFD66, 0xFD66, 0xFD66, 0xFD66, 0xFD66,
  0xFD66, 0xFD46, 0xFD66, 0xFD86, 0xFD86, 0xF81F, 0xF81F, 0xF81F, 0xF81F, 0xF81F,
  0xF81F, 0xF81F, 0xF81F, 0xF81F, 0xF81F, 0xFD66, 0xFD86, 0xFD66, 0xFD66, 0xFD66,
  0xFD66, 0xFD66, 0xFD66, 0xFD66, 0xFD66, 0xFD66, 0xFD66, 0xFD66, 0xFD66, 0xFD66,
  0xFD66, 0xFD66, 0xFD66, 0xFD66, 0xFD66, 0xFD66, 0xFD66, 0xFD66, 0xFD66, 0xFD66,
  0xFD66, 0xFD66, 0xFD66, 0xFD86, 0xFD66, 0xF81F, 0xF81F, 0xF81F, 0xF81F, 0xF81F,
  0xF81F, 0xF81F, 0xF81F, 0xF81F, 0xFD46, 0xFDA6, 0xFD46, 0xFD66, 0xFD66, 0xFD66,
  0xFD66, 0xFD66, 0xFD66, 0xFD66, 0xFD66, 0xFD66, 0xFD66, 0xFD66, 0xFD66, 0xFD66,
  0xFD66, 0xFD66, 0xFD66, 0xFD66, 0xFD66, 0xFD66, 0xFD66, 0xFD66, 0xFD66, 0xFD66,
  0xFD66, 0xFD66, 0xFD66, 0xFD46, 0xFDA6, 0xFD46, 0xF81F, 0xF81F, 0xF81F, 0xF81F,
  0xF81F, 0xF81F, 0xF81F, 0xFD46, 0xFD86, 0xFD66, 0xFD66, 0xFD66, 0xFD66, 0xFD66,
  0xFD66, 0xFD66, 0xFD66, 0xFD66, 0xFD66, 0xFD66, 0xFD66, 0xFD66, 0xFD66, 0xFD66,
  0xFD66, 0xFD66, 0xFD66, 0xFD66, 0xFD66, 0xFD66, 0xFD66, 0xFD66, 0xFD66, 0xFD66,
  0xFD66, 0xFD66, 0xFD66, 0xFD66, 0xFD66, 0xFD86, 0xFD46, 0xF81F, 0xF81F, 0xF81F,
  0xF81F, 0xF81F, 0xF81F, 0xFD46, 0xFDA6, 0xFD66, 0xFD66, 0xFD66, 0xFD66, 0xFD66,
  0xFD66, 0xFD66, 0xFD66, 0xFD66, 0xFD66, 0xFD66, 0xFD66, 0xFD66, 0xFD66, 0xFD66,
  0xFD66, 0xFD66, 0xFD66, 0xFD66, 0xFD66, 0xFD66, 0xFD66, 0xFD66, 0xFD66, 0xFD66,
  0xFD66, 0xFD66, 0xFD66, 0xFD66, 0xFD66, 0xFDA6, 0xFD46, 0xF81F, 0xF81F, 0xF81F,
  0xF81F, 0xF81F, 0xF81F, 0xFD66, 0xFDA6, 0xFD46, 0xFD66, 0xFD66, 0xFD66, 0xFD66,
  0xFD66, 0xFD66, 0xFD66, 0xFD66, 0xFD66, 0xFD66, 0xFD66, 0xFD66, 0xFD66, 0xFD66,
  0xFD66, 0xFD66, 0xFD66, 0xFD66, 0xFD66, 0xFD66, 0xFD66, 0xFD66, 0xFD66, 0xFD66,
  0xFD66, 0xFD66, 0xFD66, 0xFD66, 0xFD46, 0xFDA6, 0xFD66, 0xF81F, 0xF81F, 0xF81F,
  0xF81F, 0xF81F, 0xF81F, 0xFD66, 0xFDC6, 0xFD46, 0xFD46, 0xFD46, 0xFD46, 0xFD46,
  0xFD46, 0xFD46, 0xFD46, 0xFD46, 0xFD46, 0xFD46, 0xFD46, 0xFD46, 0xFD46, 0xFD46,
  0xFD46, 0xFD46, 0xFD46, 0xFD46, 0xFD46, 0xFD46, 0xFD46, 0xFD46, 0xFD46, 0xFD46,
  0xFD46, 0xFD46, 0xFD46, 0xFD46, 0xFD46, 0xFDC6, 0xFD66, 0xF81F, 0xF81F, 0xF81F,
  0xF81F, 0xF81F, 0xF81F, 0xFD46, 0xFD86, 0xFDC6, 0xFDC6, 0xFDC6, 0xFDC6, 0xFDC6,
  0xFDC6, 0xFDC6, 0xFDC6, 0xFDC6, 0xFDC6, 0xFDC6, 0xFDC6, 0xFDC6, 0xFDC6, 0xFDC6,
  0xFDC6, 0xFDC6, 0xFDC6, 0xFDC6, 0xFDC6, 0xFDC6, 0xFDC6, 0xFDC6, 0xFDC6, 0xFDC6,
  0xFDC6, 0xFDC6, 0xFDC6, 0xFDC6, 0xFDC6, 0xFD86, 0xFD46, 0xF81F, 0xF81F, 0xF81F,
  0xF81F, 0xF81F, 0xF81F, 0xF81F, 0xFD46, 0xFD86, 0xFD66, 0xFD46, 0xFD46, 0xFD46,
  0xFD46, 0xFD46, 0xFD46, 0xFD46, 0xFD46, 0xFD46, 0xFD66, 0xFD46, 0xFD46, 0xFD46,
  0xFD46, 0xFD46, 0xFD46, 0xFD66, 0xFD46, 0xFD46, 0xFD46, 0xFD46, 0xFD46, 0xFD46,
  0xFD46, 0xFD46, 0xFD46, 0xFD66, 0xFD86, 0xFD46, 0xF81F, 0xF81F, 0xF81F, 0xF81F,
  0xF81F, 0xF81F, 0xF81F, 0xF81F, 0xF81F, 0xF81F, 0xF81F, 0xF81F, 0xF81F, 0xF81F,
  0xF81F, 0xF81F, 0xF81F, 0xF81F, 0xF81F, 0xF81F, 0xF81F, 0xF81F, 0xF81F, 0xF81F,
  0xF81F, 0xF81F, 0xF81F, 0xF81F, 0xF81F, 0xF81F, 0xF81F, 0xF81F, 0xF81F, 0xF81F,
  0xF81F, 0xF81F, 0xF81F, 0xF81F, 0xF81F, 0xF81F, 0xF81F, 0xF81F, 0xF81F, 0xF81F,
  0xF81F, 0xF81F, 0xF81F, 0xF81F, 0xF81F, 0xF81F, 0xF81F, 0xF81F, 0xF81F, 0xF81F,
  0xF81F, 0xF81F, 0xF81F, 0xF81F, 0xF81F, 0xFD46, 0xFDC6, 0xFD66, 0xFD66, 0xFD66,
  0xFD66, 0xFD66, 0xFD66, 0xFDC6, 0xFD46, 0xF81F, 0xF81F, 0xF81F, 0xF81F, 0xF81F,
  0xF81F, 0xF81F, 0xF81F, 0xF81F, 0xF81F, 0xF81F, 0xF81F, 0xF81F, 0xF81F, 0xF81F,
  0xF81F, 0xF81F, 0xF81F, 0xF81F, 0xF81F, 0xF81F, 0xF81F, 0xF81F, 0xF81F, 0xF81F,
  0xF81F, 0xF81F, 0xF81F, 0xF81F, 0xF81F, 0xFD66, 0xFE47, 0xFDA6, 0xFDC6, 0xFDC6,
  0xFDC6, 0xFDC6, 0xFDA6, 0xFE47, 0xFD66, 0xF81F, 0xF81F, 0xF81F, 0xF81F, 0xF81F,
  0xF81F, 0xF81F, 0xF81F, 0xF81F, 0xF81F, 0xF81F, 0xF81F, 0xF81F, 0xF81F, 0xF81F,
  0xF81F, 0xF81F, 0xF81F, 0xF81F, 0xF81F, 0xF81F, 0xF81F, 0xF81F, 0xF81F, 0xF81F,
  0xF81F, 0xF81F, 0xF81F, 0xF81F, 0xF81F, 0xFD66, 0xFD66, 0xFD66, 0xFD46, 0xFD66,
  0xFD66, 0xFD46, 0xFD66, 0xFD66, 0xFD66, 0xF81F, 0xF81F, 0xF81F, 0xF81F, 0xF81F,
  0xF81F, 0xF81F, 0xF81F, 0xF81F, 0xF81F, 0xF81F, 0xF81F, 0xF81F, 0xF81F, 0xF81F,
  0xF81F, 0xF81F, 0xF81F, 0xF81F, 0xF81F, 0xF81F, 0xF81F, 0xF81F, 0xF81F, 0xF81F,
  0xF81F, 0xF81F, 0xF81F, 0xF81F, 0xF81F, 0xF81F, 0xFD66, 0xFDA6, 0xFD66, 0xFD46,
  0xFD46, 0xFD66, 0xFDA6, 0xFD66, 0xF81F, 0xF81F, 0xF81F, 0xF81F, 0xF81F, 0xF81F,
  0xF81F, 0xF81F, 0xF81F, 0xF81F, 0xF81F, 0xF81F, 0xF81F, 0xF81F, 0xF81F, 0xF81F,
  0xF81F, 0xF81F, 0xF81F, 0xF81F, 0xF81F, 0xF81F, 0xF81F, 0xF81F, 0xF81F, 0xF81F,
  0xF81F, 0xF81F, 0xF81F, 0xF81F, 0xF81F, 0xF81F, 0xF81F, 0xFD66, 0xFD86, 0xFD66,
  0xFD66, 0xFD86, 0xFD66, 0xF81F, 0xF81F, 0xF81F, 0xF81F, 0xF81F, 0xF81F, 0xF81F,
  0xF81F, 0xF81F, 0xF81F, 0xF81F, 0xF81F, 0xF81F, 0xF81F, 0xF81F, 0xF81F, 0xF81F
};

static const uint16_t kEmoji_calendar[1600] PROGMEM = {
  0xD968, 0xE168, 0xD968, 0xD968, 0xE989, 0xD968, 0xF81F, 0xF81F, 0xF81F, 0xD988,
  0xD968, 0xD968, 0xD968, 0xD968, 0xD968, 0xD968, 0xD968, 0xD968, 0xD968, 0xD968,
  0xD968, 0xD968, 0xD968, 0xD968, 0xD968, 0xD968, 0xD968, 0xD968, 0xD968, 0xD968,
  0xD988, 0xF81F, 0xF81F, 0xF81F, 0xD968, 0xE989, 0xD968, 0xD968, 0xE168, 0xD968,
  0xD968, 0xE188, 0xD968, 0xD968, 0xE989, 0xD968, 0xF81F, 0xF81F, 0xF81F, 0xD968,
  0xD968, 0xD968, 0xD988, 0xD968, 0xD968, 0xD988, 0xD968, 0xD968, 0xD968, 0xD968,
  0xD968, 0xD968, 0xD968, 0xD968, 0xD968, 0xD968, 0xD968, 0xD968, 0xD968, 0xD968,
  0xD968, 0xF81F, 0xF81F, 0xF81F, 0xD968, 0xE989, 0xD968, 0xD968, 0xE188, 0xD968,
  0xD968, 0xD968, 0xD968, 0xD968, 0xD988, 0xD968, 0xD989, 0xF81F, 0xF81F, 0xD988,
  0xE188, 0xD968, 0xD968, 0xD968, 0xD988, 0xD968, 0xD988, 0xD968, 0xD968, 0xD968,
  0xD968, 0xD968, 0xD968, 0xD968, 0xD968, 0xD968, 0xD968, 0xD968, 0xD968, 0xE189,
  0xD988, 0xF81F, 0xF81F, 0xD968, 0xD968, 0xD968, 0xD968, 0xD968, 0xD968, 0xD968,
  0xD968, 0xD968, 0xD968, 0xD968, 0xD968, 0xE168, 0xD948, 0xD968, 0xD948, 0xE188,
  0xD988, 0xD968, 0xD968, 0xD968, 0xD948, 0xD968, 0xD948, 0xD968, 0xD968, 0xD968,
  0xD968, 0xD968, 0xD968, 0xD968, 0xD968, 0xD968, 0xD968, 0xD968, 0xD968, 0xD968,
  0xE188, 0xD968, 0xD968, 0xD968, 0xE188, 0xD968, 0xD968, 0xD968, 0xD968, 0xD968,
  0xD968, 0xD968, 0xD988, 0xD927, 0xE412, 0xEE39, 0xE20A, 0xFDD8, 0xEC73, 0xD947,
  0xD968, 0xD9A9, 0xEDD8, 0xEC73, 0xE2CD, 0xF659, 0xE2CD, 0xD947, 0xD988, 0xD968,
  0xD968, 0xD968, 0xD968, 0xD968, 0xD968, 0xD968, 0xD988, 0xD988, 0xD968, 0xD988,
  0xD988, 0xE188, 0xE989, 0xD988, 0xD968, 0xD968, 0xD988, 0xD988, 0xD968, 0xD968,
  0xD968, 0xD968, 0xD988, 0xD927, 0xEDF8, 0xF7FF, 0xE30E, 0xF7BF, 0xEE7A, 0xD948,
  0xD948, 0xE24B, 0xF7FF, 0xEE18, 0xE412, 0xFFFF, 0xE411, 0xD907, 0xD988, 0xD968,
  0xD968, 0xD968, 0xD968, 0xD968, 0xD968, 0xD968, 0xD927, 0xD948, 0xD988, 0xD947,
  0xD947, 0xD968, 0xD948, 0xD927, 0xD968, 0xD968, 0xD927, 0xD948, 0xD968, 0xD968,
  0xD968, 0xD968, 0xD988, 0xD947, 0xEDB7, 0xF7FF, 0xE2EE, 0xF75D, 0xEE39, 0xD948,
  0xD948, 0xE24B, 0xF79E, 0xEDB8, 0xE3F1, 0xF7FF, 0xE3F1, 0xD927, 0xD988, 0xD968,
  0xD968, 0xD968, 0xD968, 0xD968, 0xD968, 0xD9A9, 0xE2AD, 0xE20A, 0xD968, 0xE26C,
  0xE26C, 0xD968, 0xE20A, 0xE2AD, 0xD9A9, 0xD9A9, 0xE2AD, 0xE20A, 0xD968, 0xD968,
  0xD968, 0xD968, 0xD988, 0xD947, 0xEDB8, 0xF7FF, 0xE30E, 0xF77D, 0xEE59, 0xD948,
  0xD948, 0xE24B, 0xF7BF, 0xEDD8, 0xE3F1, 0xF7FF, 0xE3F1, 0xD927, 0xD988, 0xD968,
  0xD968, 0xD968, 0xD968, 0xD988, 0xD927, 0xE32F, 0xFE5A, 0xEC73, 0xD9C9, 0xF5B8,
  0xF5B8, 0xD9C9, 0xEC73, 0xFE5B, 0xE2CD, 0xE2ED, 0xFE5B, 0xEC94, 0xD947, 0xD988,
  0xD968, 0xD988, 0xD989, 0xD948, 0xEDD8, 0xF7FF, 0xE30E, 0xF77D, 0xEE39, 0xD968,
  0xD968, 0xE24B, 0xF7BE, 0xEDD8, 0xE3F1, 0xF7FF, 0xE411, 0xD947, 0xD9A9, 0xD968,
  0xD968, 0xD968, 0xD968, 0xD988, 0xD947, 0xE28C, 0xF515, 0xEB70, 0xD989, 0xEC94,
  0xEC74, 0xD988, 0xEB70, 0xF516, 0xE24B, 0xE24B, 0xF516, 0xEB90, 0xD948, 0xD988,
  0xD988, 0xD968, 0xD927, 0xD8C6, 0xED97, 0xF7FF, 0xE30E, 0xF77D, 0xF69B, 0xD927,
  0xD8C6, 0xE26C, 0xF7DF, 0xEDD8, 0xE3F1, 0xF7FF, 0xE3B0, 0xD885, 0xD927, 0xD968,
  0xD968, 0xD968, 0xD968, 0xD968, 0xD988, 0xD948, 0xD989, 0xD968, 0xD948, 0xD968,
  0xD968, 0xD968, 0xD968, 0xD989, 0xD968, 0xD948, 0xD989, 0xD968, 0xD968, 0xD968,
  0xD948, 0xE22B, 0xED35, 0xE3B0, 0xEE5A, 0xF7FF, 0xE22B, 0xEE39, 0xF7FF, 0xECD4,
  0xE32E, 0xEDF8, 0xFFFF, 0xE411, 0xE3F1, 0xF7FF, 0xED97, 0xE411, 0xE3B0, 0xD989,
  0xD968, 0xD968, 0xD968, 0xD988, 0xD947, 0xE2AD, 0xF577, 0xEBD1, 0xD9A9, 0xF4F5,
  0xF4F5, 0xD989, 0xEBD1, 0xF577, 0xE26C, 0xE28C, 0xF577, 0xEBD1, 0xD947, 0xD988,
  0xD947, 0xE26C, 0xF7FF, 0xFFFF, 0xF7FF, 0xEE59, 0xD968, 0xE26C, 0xF6DC, 0xFFFF,
  0xF7FF, 0xF7FF, 0xEDB7, 0xD927, 0xE3F1, 0xF7FF, 0xFFFF, 0xFFFF, 0xF7FF, 0xE28C,
  0xD947, 0xD988, 0xD968, 0xD988, 0xD927, 0xE30E, 0xFE19, 0xEC33, 0xD9C9, 0xF577,
  0xF577, 0xD9A9, 0xEC53, 0xFE1A, 0xE2AD, 0xE2CD, 0xFE1A, 0xEC53, 0xD947, 0xD988,
  0xD989, 0xD968, 0xE28C, 0xE3D1, 0xE3D0, 0xDA0A, 0xD988, 0xD968, 0xDA0A, 0xE390,
  0xE3F1, 0xE32E, 0xD988, 0xD968, 0xD9EA, 0xE2EE, 0xE2ED, 0xE2ED, 0xE2CD, 0xD9A9,
  0xD988, 0xD989, 0xD989, 0xD989, 0xD989, 0xD9A9, 0xE26C, 0xD9EA, 0xD988, 0xE22B,
  0xE22B, 0xD988, 0xD9EA, 0xE26C, 0xD9A9, 0xD9A9, 0xE26C, 0xD9EA, 0xD988, 0xD989,
  0xD8E6, 0xD906, 0xD8C6, 0xD8A5, 0xD8A5, 0xD8E6, 0xD907, 0xD907, 0xD8E6, 0xD8A5,
  0xD8A5, 0xD8A5, 0xD8E6, 0xD907, 0xD8E6, 0xD8A5, 0xD8A5, 0xD8A5, 0xD8A5, 0xD8E6,
  0xD906, 0xD8E6, 0xD8E6, 0xD8E6, 0xD906, 0xD8E6, 0xD8C6, 0xD8E6, 0xD906, 0xD8C6,
  0xD8C6, 0xD906, 0xD8E6, 0xD8C6, 0xD8E6, 0xD8E6, 0xD8C6, 0xD8E6, 0xD906, 0xD8E6,
  0xDCB4, 0xDCB4, 0xDCB4, 0xDCD4, 0xDCD4, 0xDCB4, 0xDCB4, 0xDCB4, 0xDCB4, 0xDCD4,
  0xDCD4, 0xDCD4, 0xDCB4, 0xDCB4, 0xDCB4, 0xDCD4, 0xDCD4, 0xDCD4, 0xDCD4, 0xDCB4,
  0xDCB4, 0xDCB4, 0xDCB4, 0xDCB4, 0xDCB4, 0xDCB4, 0xDCB4, 0xDCB4, 0xDCB4, 0xDCB4,
  0xDCB4, 0xDCB4, 0xDCB4, 0xDCB4, 0xDCB4, 0xDCB4, 0xDCB4, 0xDCB4, 0xDCB4, 0xDCB4,
  0xE7BF, 0xE7BF, 0xE7BF, 0xE7BF, 0xE7BF, 0xE7BF, 0xE7BF, 0xE7BF, 0xE7BF, 0xE7BF,
  0xDFBF, 0xDFBF, 0xDFBF, 0xDFBF, 0xDFBF, 0xE7BF, 0xE7BF, 0xE7BF, 0xE7BF, 0xDFBF,
  0xDFBF, 0xDFBF, 0xDFBF, 0xDFBF, 0xDFBF, 0xDFBF, 0xDFBF, 0xDFBF, 0xDFBF, 0xDFBF,
  0xE7BF, 0xE7BF, 0xE7BF, 0xE7BF, 0xE7BF, 0xE7BF, 0xE7BF, 0xE7BF, 0xE7BF, 0xE7BF,
  0xE73D, 0xE73D, 0xE73D, 0xE73D, 0xE73D, 0xE73D, 0xE73D, 0xE73D, 0xE73D, 0xDF1D,
  0xE73D, 0xE75D, 0xE75D, 0xE75D, 0xE75D, 0xDF1D, 0xE73D, 0xDF1D, 0xE73D, 0xE75D,
  0xE75D, 0xE75D, 0xE75D, 0xE75D, 0xE75D, 0xE75D, 0xE75D, 0xE75D, 0xE75D, 0xE75D,
  0xE71D, 0xE73D, 0xE73D, 0xE73D, 0xE73D, 0xE73D, 0xE73D, 0xE73D, 0xE73D, 0xE73D,
  0xE73D, 0xE73D, 0xE73D, 0xE73D, 0xE73D, 0xE73D, 0xE73D, 0xE73D, 0xDF3D, 0xE75D,
  0xD6DC, 0xC67A, 0xC67A, 0xC67A, 0xCEBB, 0xE75D, 0xDF3D, 0xE75D, 0xDF1C, 0xC67A,
  0xC67A, 0xC67A, 0xC67A, 0xC67A, 0xC67A, 0xC67A, 0xC67A, 0xC67A, 0xC67A, 0xCE9A,
  0xE75D, 0xE75D, 0xE73D, 0xE73D, 0xE73D, 0xE73D, 0xE73D, 0xE73D, 0xE73D, 0xE73D,
  0xE73D, 0xE73D, 0xE73D, 0xE73D, 0xE73D, 0xE73D, 0xE73D, 0xDF3D, 0xE75D, 0xD6FC,
  0x7411, 0x5B6E, 0x638F, 0x5B6F, 0x63AF, 0xBE39, 0xE77E, 0xDF3D, 0x8CB3, 0x5B4E,
  0x638F, 0x636F, 0x636F, 0x636F, 0x636F, 0x636F, 0x636F, 0x638F, 0x638F, 0x5B6F,
  0xADB7, 0xE77E, 0xDF3D, 0xE73D, 0xE73D, 0xE73D, 0xE73D, 0xE73D, 0xE73D, 0xE73D,
  0xE73D, 0xE73D, 0xE73D, 0xE73D, 0xE73D, 0xE73D, 0xE73D, 0xDF3D, 0xE77E, 0xBE39,
  0x636F, 0x6BB0, 0x63B0, 0x6BD0, 0x5B6E, 0x9D35, 0xEFBF, 0xCE9B, 0x63B0, 0x63B0,
  0x6BB0, 0x6BB0, 0x6BB0, 0x6BB0, 0x6BB0, 0x6BB0, 0x63B0, 0x63B0, 0x6BB0, 0x638F,
  0x7C52, 0xDF3D, 0xE75D, 0xE73D, 0xE73D, 0xE73D, 0xE73D, 0xE73D, 0xE73D, 0xE73D,
  0xE73D, 0xE73D, 0xE73D, 0xE73D, 0xE73D, 0xE73D, 0xE73D, 0xDF3D, 0xE75D, 0xDF1C,
  0x7C52, 0x638F, 0x63AF, 0x6BB0, 0x5B6E, 0x9D35, 0xEF9E, 0xDF3D, 0x8CB3, 0x5B6F,
  0x638F, 0x638F, 0x638F, 0x638F, 0x638F, 0x638F, 0x63AF, 0x63AF, 0x6BB0, 0x5B6F,
  0x94F5, 0xE77E, 0xDF3D, 0xE73D, 0xE73D, 0xE73D, 0xE73D, 0xE73D, 0xE73D, 0xE73D,
  0xE73D, 0xE73D, 0xE73D, 0xE73D, 0xE73D, 0xE73D, 0xE73D, 0xE73D, 0xDF3D, 0xE75D,
  0xDF1D, 0xCE9B, 0x7431, 0x63AF, 0x5B6E, 0x9D35, 0xEF9E, 0xE73D, 0xDF1C, 0xC65A,
  0xC659, 0xC659, 0xC659, 0xC659, 0xC65A, 0xBE19, 0x6BD0, 0x63AF, 0x63AF, 0x63B0,
  0xCE9A, 0xE77E, 0xDF3D, 0xE73D, 0xE73D, 0xE73D, 0xE73D, 0xE73D, 0xE73D, 0xE73D,
  0xE73D, 0xE73D, 0xE73D, 0xE73D, 0xE73D, 0xE73D, 0xE73D, 0xE73D, 0xE73D, 0xE73D,
  0xE75D, 0xDF3D, 0x7C31, 0x638F, 0x5B6E, 0x9D35, 0xEF9E, 0xDF3D, 0xE75D, 0xE77E,
  0xE77E, 0xE77E, 0xE77E, 0xE75D, 0xEF9E, 0xADB7, 0x638F, 0x6BD0, 0x5B6F, 0x94F4,
  0xE77E, 0xDF3D, 0xE73D, 0xE73D, 0xE73D, 0xE73D, 0xE73D, 0xE73D, 0xE73D, 0xE73D,
  0xE73D, 0xE73D, 0xE73D, 0xE73D, 0xE73D, 0xE73D, 0xE73D, 0xE73D, 0xE73D, 0xE73D,
  0xE75D, 0xDF1C, 0x7C31, 0x638F, 0x5B6E, 0x9D35, 0xEF9E, 0xDF3D, 0xDF3D, 0xDF3D,
  0xDF3D, 0xDF3D, 0xDF3D, 0xE75D, 0xD6FC, 0x6BF0, 0x638F, 0x63AF, 0x63B0, 0xCE9A,
  0xE75E, 0xDF3D, 0xE73D, 0xE73D, 0xE73D, 0xE73D, 0xE73D, 0xE73D, 0xE73D, 0xE73D,
  0xE73D, 0xE73D, 0xE73D, 0xE73D, 0xE73D, 0xE73D, 0xE73D, 0xE73D, 0xE73D, 0xE73D,
  0xE75D, 0xDF1C, 0x7C31, 0x638F, 0x5B6E, 0x9D35, 0xEF9E, 0xDF3D, 0xE73D, 0xE73D,
  0xE73D, 0xE73D, 0xDF3D, 0xE77E, 0x9D56, 0x5B6F, 0x6BD0, 0x5B6F, 0x94F4, 0xE77E,
  0xDF3D, 0xE73D, 0xE73D, 0xE73D, 0xE73D, 0xE73D, 0xE73D, 0xE73D, 0xE73D, 0xE73D,
  0xE73D, 0xE73D, 0xE73D, 0xE73D, 0xE73D, 0xE73D, 0xE73D, 0xE73D, 0xE73D, 0xE73D,
  0xE75D, 0xDF1C, 0x7C31, 0x638F, 0x5B6E, 0x9D35, 0xEF9E, 0xDF3D, 0xE73D, 0xE73D,
  0xE73D, 0xDF3D, 0xE75D, 0xCEBB, 0x6BD0, 0x63AF, 0x63B0, 0x638F, 0xC67A, 0xE77E,
  0xDF3D, 0xE73D, 0xE73D, 0xE73D, 0xE73D, 0xE73D, 0xE73D, 0xE73D, 0xE73D, 0xE73D,
  0xE73D, 0xE73D, 0xE73D, 0xE73D, 0xE73D, 0xE73D, 0xE73D, 0xE73D, 0xE73D, 0xE73D,
  0xE75D, 0xDF1C, 0x7C31, 0x638F, 0x5B6E, 0x9D35, 0xEF9E, 0xDF3D, 0xE73D, 0xE73D,
  0xE73D, 0xDF3D, 0xE77E, 0x9D35, 0x5B6F, 0x6BD0, 0x636F, 0x8CB3, 0xE75D, 0xDF3D,
  0xE73D, 0xE73D, 0xE73D, 0xE73D, 0xE73D, 0xE73D, 0xE73D, 0xE73D, 0xE73D, 0xE73D,
  0xE73D, 0xE73D, 0xE73D, 0xE73D, 0xE73D, 0xE73D, 0xE73D, 0xE73D, 0xE73D, 0xE73D,
  0xE75D, 0xDF1C, 0x7C31, 0x638F, 0x5B6E, 0x9D35, 0xEF9E, 0xDF3D, 0xE73D, 0xE73D,
  0xDF3D, 0xE75E, 0xCEBB, 0x6BD0, 0x63AF, 0x63B0, 0x638F, 0xC65A, 0xE77E, 0xDF3D,
  0xE73D, 0xE73D, 0xE73D, 0xE73D, 0xE73D, 0xE73D, 0xE73D, 0xE73D, 0xE73D, 0xE73D,
  0xE73D, 0xE73D, 0xE73D, 0xE73D, 0xE73D, 0xE73D, 0xE73D, 0xE73D, 0xE73D, 0xE73D,
  0xE75D, 0xDF1C, 0x7C31, 0x638F, 0x5B6E, 0x9D35, 0xEF9E, 0xDF3D, 0xE73D, 0xE73D,
  0xDF3D, 0xE77E, 0x94F4, 0x5B6F, 0x6BD0, 0x636F, 0x8CB3, 0xE75D, 0xE73D, 0xE73D,
  0xE73D, 0xE73D, 0xE73D, 0xE73D, 0xE73D, 0xE73D, 0xE73D, 0xE73D, 0xE73D, 0xE73D,
  0xE73D, 0xE73D, 0xE73D, 0xE73D, 0xE73D, 0xE73D, 0xE73D, 0xE73D, 0xE73D, 0xE73D,
  0xE75D, 0xDF1C, 0x7C31, 0x638F, 0x5B6E, 0x9D35, 0xEF9E, 0xDF3D, 0xE73D, 0xDF3D,
  0xE77E, 0xCE9A, 0x63B0, 0x63AF, 0x63B0, 0x63AF, 0xC65A, 0xE77E, 0xDF3D, 0xE73D,
  0xE73D, 0xE73D, 0xE73D, 0xE73D, 0xE73D, 0xE73D, 0xE73D, 0xE73D, 0xE73D, 0xE73D,
  0xE73D, 0xE73D, 0xE73D, 0xE73D, 0xE73D, 0xE73D, 0xE73D, 0xE73D, 0xE73D, 0xE73D,
  0xE75D, 0xDF1C, 0x7C31, 0x638F, 0x5B6E, 0x9D35, 0xEF9E, 0xDF3D, 0xE73D, 0xDF3D,
  0xE75D, 0x8CB4, 0x5B6F, 0x6BD0, 0x636F, 0x8CB4, 0xE75D, 0xDF3D, 0xE73D, 0xE73D,
  0xE73D, 0xE73D, 0xE73D, 0xE73D, 0xE73D, 0xE73D, 0xE73D, 0xE73D, 0xE73D, 0xE73D,
  0xE73D, 0xE73D, 0xE73D, 0xE73D, 0xE73D, 0xE73D, 0xE73D, 0xE73D, 0xE73D, 0xE73D,
  0xE75D, 0xDF1C, 0x7C31, 0x638F, 0x5B6E, 0x9D35, 0xEF9E, 0xDF3D, 0xDF3D, 0xE77E,
  0xC65A, 0x638F, 0x63AF, 0x63B0, 0x638F, 0xC65A, 0xE77E, 0xDF3D, 0xE73D, 0xE73D,
  0xE73D, 0xE73D, 0xE73D, 0xE73D, 0xE73D, 0xE73D, 0xE73D, 0xE73D, 0xE73D, 0xE73D,
  0xE73D, 0xE73D, 0xE73D, 0xE73D, 0xE73D, 0xE73D, 0xE73D, 0xE73D, 0xE73D, 0xE73D,
  0xE75D, 0xDF1C, 0x7C31, 0x638F, 0x5B6E, 0x9D35, 0xEF9E, 0xDF3D, 0xE73D, 0xE75D,
  0x8493, 0x638F, 0x6BD0, 0x636F, 0x8CB3, 0xE75D, 0xDF3D, 0xE73D, 0xE73D, 0xE73D,
  0xE73D, 0xE73D, 0xE73D, 0xE73D, 0xE73D, 0xE73D, 0xE73D, 0xE73D, 0xE73D, 0xE73D,
  0xE73D, 0xE73D, 0xE73D, 0xE73D, 0xE73D, 0xE73D, 0xE73D, 0xE73D, 0xE73D, 0xE73D,
  0xE75D, 0xDF1C, 0x7C32, 0x63AF, 0x5B6F, 0x9D35, 0xEF9E, 0xDF3D, 0xE77E, 0xC65A,
  0x63AF, 0x6BB0, 0x63B0, 0x638F, 0xC65A, 0xE77E, 0xDF3D, 0xE73D, 0xE73D, 0xE73D,
  0xE73D, 0xE73D, 0xE73D, 0xE73D, 0xE73D, 0xE73D, 0xE73D, 0xE73D, 0xE73D, 0xE73D,
  0xE73D, 0xE73D, 0xE73D, 0xE73D, 0xE73D, 0xE73D, 0xE73D, 0xE73D, 0xE73D, 0xE73D,
  0xE73D, 0xDF3D, 0x7431, 0x5B6E, 0x5B4E, 0xA576, 0xEF9E, 0xDF3D, 0xE77E, 0xC67A,
  0x638F, 0x638F, 0x5B4E, 0x8CB3, 0xE75D, 0xDF3D, 0xE73D, 0xE73D, 0xE73D, 0xE73D,
  0xE73D, 0xE73D, 0xE73D, 0xE73D, 0xE73D, 0xE73D, 0xE73D, 0xE73D, 0xE73D, 0xE73D,
  0xE75D, 0xE73D, 0xE73D, 0xE73D, 0xE73D, 0xE73D, 0xE73D, 0xE73D, 0xE73D, 0xE73D,
  0xDF3D, 0xE75E, 0xB5F8, 0x7C52, 0x8CB3, 0xD6DC, 0xE75D, 0xDF3D, 0xE73D, 0xE75D,
  0xA597, 0x7C52, 0x8493, 0xCEBB, 0xE75D, 0xDF3D, 0xE73D, 0xE73D, 0xE73D, 0xE73D,
  0xE73D, 0xE73D, 0xE73D, 0xE73D, 0xE73D, 0xE73D, 0xE73D, 0xE73D, 0xE73D, 0xE75D,
  0xDF3D, 0xE75D, 0xE73D, 0xE73D, 0xE73D, 0xE73D, 0xE73D, 0xE73D, 0xE73D, 0xE73D,
  0xE73D, 0xE73D, 0xE75E, 0xDF3D, 0xE75D, 0xE75D, 0xE73D, 0xE73D, 0xE73D, 0xE73D,
  0xE77E, 0xDF3D, 0xE75D, 0xE75D, 0xDF3D, 0xE73D, 0xE73D, 0xE73D, 0xE73D, 0xE73D,
  0xE73D, 0xE73D, 0xE73D, 0xE73D, 0xE73D, 0xE73D, 0xE73D, 0xE73D, 0xE75D, 0xDF3D,
  0xDF3D, 0xEFBF, 0xDF3D, 0xE73D, 0xE73D, 0xE73D, 0xE73D, 0xE73D, 0xE73D, 0xE73D,
  0xE73D, 0xE73D, 0xDF3D, 0xE75D, 0xE73D, 0xDF3D, 0xE73D, 0xE73D, 0xE73D, 0xE73D,
  0xDF3D, 0xE75D, 0xE73D, 0xDF3D, 0xE73D, 0xE73D, 0xE73D, 0xE73D, 0xE73D, 0xE73D,
  0xE73D, 0xE73D, 0xE73D, 0xE73D, 0xE73D, 0xE73D, 0xE73D, 0xDF3D, 0xEFBF, 0xDF3D,
  0xD73C, 0xE75D, 0xEFBF, 0xDF3D, 0xE73D, 0xE73D, 0xE73D, 0xE73D, 0xE73D, 0xE73D,
  0xE73D, 0xE73D, 0xE73D, 0xE73D, 0xE73D, 0xE73D, 0xE73D, 0xE73D, 0xE73D, 0xE73D,
  0xE73D, 0xE73D, 0xE73D, 0xE73D, 0xE73D, 0xE73D, 0xE73D, 0xE73D, 0xE73D, 0xE73D,
  0xE73D, 0xE73D, 0xE73D, 0xE73D, 0xE73D, 0xE73D, 0xDF3D, 0xEFBF, 0xE75D, 0xD73C,
  0xF81F, 0xDF1D, 0xE75E, 0xDF3D, 0xE75D, 0xDF3D, 0xE73D, 0xE73D, 0xE73D, 0xE73D,
  0xE73D, 0xE73D, 0xE73D, 0xE73D, 0xE73D, 0xE73D, 0xE73D, 0xE73D, 0xE73D, 0xE73D,
  0xE73D, 0xE73D, 0xE73D, 0xE73D, 0xE73D, 0xE73D, 0xE73D, 0xE73D, 0xE73D, 0xE73D,
  0xE73D, 0xE73D, 0xE73D, 0xE73D, 0xDF3D, 0xE75D, 0xDF3D, 0xE75E, 0xDF1D, 0xF81F
};

static const uint16_t kEmoji_alarm[1600] PROGMEM = {
  0xF81F, 0xF81F, 0xF81F, 0xF81F, 0xF81F, 0xF81F, 0xF81F, 0xF81F, 0xF81F, 0xF81F,
  0xF81F, 0xF81F, 0xF81F, 0xF81F, 0xF81F, 0xF81F, 0xF81F, 0xF81F, 0xFE49, 0xFE69,
  0xFE69, 0xFE49, 0xF81F, 0xF81F, 0xF81F, 0xF81F, 0xF81F, 0xF81F, 0xF81F, 0xF81F,
  0xF81F, 0xF81F, 0xF81F, 0xF81F, 0xF81F, 0xF81F, 0xF81F, 0xF81F, 0xF81F, 0xF81F,
  0xF81F, 0xF81F, 0xF81F, 0xF81F, 0xFE69, 0xFE69, 0xFE49, 0xFE69, 0xFE69, 0xF81F,
  0xF81F, 0xF81F, 0xF81F, 0xF81F, 0xF81F, 0xF81F, 0xF81F, 0xFE09, 0xFE69, 0xFE49,
  0xFE49, 0xFE69, 0xFE09, 0xF81F, 0xF81F, 0xF81F, 0xF81F, 0xF81F, 0xF81F, 0xF81F,
  0xF81F, 0xFE69, 0xFE69, 0xFE49, 0xFE69, 0xFE69, 0xF81F, 0xF81F, 0xF81F, 0xF81F,
  0xF81F, 0xF81F, 0xFE29, 0xFE69, 0xFECA, 0xFECA, 0xFEAA, 0xFECA, 0xFECA, 0xFE69,
  0xFE49, 0xF81F, 0xF81F, 0xF81F, 0xF81F, 0xF81F, 0xF81F, 0xFF6A, 0xFF0A, 0xFEA9,
  0xFEA9, 0xFF0A, 0xFF6A, 0xF81F, 0xF81F, 0xF81F, 0xF81F, 0xF81F, 0xF81F, 0xFE49,
  0xFE69, 0xFECA, 0xFECA, 0xFEAA, 0xFECA, 0xFECA, 0xFE69, 0xFE29, 0xF81F, 0xF81F,
  0xF81F, 0xFE49, 0xFE89, 0xFEAA, 0xFE69, 0xFE49, 0xFE69, 0xFE69, 0xFE49, 0xFEAA,
  0xFE89, 0xFE29, 0xF81F, 0xF81F, 0xF81F, 0xF81F, 0xF81F, 0xEB08, 0xFCA9, 0xF468,
  0xF468, 0xF4A9, 0xEAE8, 0xD948, 0xF81F, 0xF81F, 0xF81F, 0xF81F, 0xFE09, 0xFE89,
  0xFEAA, 0xFE49, 0xFE69, 0xFE69, 0xFE49, 0xFE69, 0xFEAA, 0xFE89, 0xFE49, 0xF81F,
  0xFDE7, 0xFE49, 0xFE89, 0xFE49, 0xFE69, 0xFE69, 0xFE69, 0xFE49, 0xFE69, 0xFE89,
  0xFE29, 0xF81F, 0xF81F, 0xE188, 0xD968, 0xD968, 0xD968, 0xE168, 0xD948, 0xD948,
  0xD948, 0xD948, 0xE168, 0xD968, 0xD968, 0xD968, 0xD988, 0xF81F, 0xF81F, 0xFE49,
  0xFE89, 0xFE69, 0xFE49, 0xFE69, 0xFE69, 0xFE69, 0xFE49, 0xFE89, 0xFE49, 0xFDE7,
  0xFE49, 0xFEAA, 0xFE49, 0xFE69, 0xFE69, 0xFE69, 0xFE49, 0xFE69, 0xFE89, 0xFE69,
  0xF81F, 0xD988, 0xE168, 0xD968, 0xE989, 0xE188, 0xD968, 0xD968, 0xD988, 0xD988,
  0xD988, 0xD988, 0xD968, 0xD968, 0xE168, 0xE989, 0xE188, 0xE168, 0xD988, 0xF81F,
  0xFEA9, 0xFE89, 0xFE69, 0xFE49, 0xFE69, 0xFE69, 0xFE69, 0xFE49, 0xFEAA, 0xFE49,
  0xFE49, 0xFE69, 0xFE49, 0xFE69, 0xFE69, 0xFE49, 0xFE69, 0xFEA9, 0xFEE9, 0xF81F,
  0xE188, 0xE168, 0xE989, 0xD968, 0xD968, 0xD968, 0xD988, 0xD988, 0xD968, 0xD948,
  0xD948, 0xD968, 0xD968, 0xD988, 0xD968, 0xD968, 0xD968, 0xE168, 0xE988, 0xE188,
  0xF81F, 0xFF29, 0xFEC9, 0xFE69, 0xFE49, 0xFE69, 0xFE69, 0xFE49, 0xFE69, 0xFE49,
  0xFE69, 0xFE69, 0xFE69, 0xFE69, 0xFE49, 0xFE69, 0xFE89, 0x9C6A, 0x78E9, 0xE168,
  0xE989, 0xD968, 0xD968, 0xD988, 0xD968, 0xD947, 0xD907, 0xD927, 0xD989, 0xD9C9,
  0xD9EA, 0xD9C9, 0xD927, 0xD907, 0xD927, 0xD968, 0xD988, 0xD968, 0xD968, 0xE989,
  0xE188, 0xB888, 0x9C6A, 0xFEAA, 0xFE69, 0xFE49, 0xFE69, 0xFE69, 0xFE69, 0xFE69,
  0xFE69, 0xFE69, 0xFE69, 0xFE49, 0xFE69, 0xFE89, 0x9C6A, 0x6A4B, 0xD9A9, 0xE168,
  0xD968, 0xD968, 0xD988, 0xD927, 0xD947, 0xDA8C, 0xE432, 0xE576, 0xE619, 0xE67A,
  0xE69A, 0xE659, 0xE5B7, 0xE4B3, 0xDAED, 0xD988, 0xD907, 0xD968, 0xD968, 0xD968,
  0xE168, 0xE189, 0x7A2A, 0x9C6B, 0xFEAA, 0xFE69, 0xFE49, 0xFE69, 0xFE69, 0xFE69,
  0xFE49, 0xFE69, 0xFE49, 0xFE69, 0xFEAA, 0xFEE9, 0x822A, 0xD9A9, 0xE148, 0xD968,
  0xD968, 0xD968, 0xD907, 0xDACD, 0xE596, 0xE73C, 0xE79E, 0xE79E, 0xEF9E, 0xE75D,
  0xE75D, 0xEF7D, 0xE79E, 0xE79E, 0xE77D, 0xE619, 0xE38F, 0xD948, 0xD947, 0xD988,
  0xD968, 0xE168, 0xE189, 0x89C9, 0xEE8A, 0xFEAA, 0xFE69, 0xFE49, 0xFE69, 0xFE49,
  0xFE29, 0xFEAA, 0xFE69, 0xFEAA, 0xFE49, 0xF81F, 0xE968, 0xE168, 0xD968, 0xD988,
  0xD948, 0xD968, 0xE493, 0xE75D, 0xE79E, 0xE75D, 0xE73C, 0xEF3D, 0xDEDB, 0x52AA,
  0x52AA, 0xDEDB, 0xEF3D, 0xE73C, 0xE73C, 0xE77D, 0xE79E, 0xE597, 0xDA0A, 0xD927,
  0xD988, 0xD968, 0xE168, 0xE968, 0xD008, 0xFEE9, 0xFEAA, 0xFE69, 0xFEAA, 0xFE29,
  0xFE49, 0xFE69, 0xFEAA, 0xFE49, 0xF81F, 0xD968, 0xE989, 0xD968, 0xD968, 0xD948,
  0xD9A9, 0xE597, 0xE7BE, 0xE73D, 0xE73C, 0xE73D, 0xE73C, 0xEF7D, 0xCE9A, 0x39C7,
  0x39C7, 0xCE9A, 0xEF7D, 0xE73C, 0xE73D, 0xE73C, 0xE73C, 0xE79E, 0xE6BB, 0xDA6C,
  0xD927, 0xD988, 0xD968, 0xE189, 0xD968, 0xF81F, 0xFE69, 0xFECA, 0xFE69, 0xFE49,
  0xF81F, 0xFE49, 0xFE29, 0xF81F, 0xD988, 0xE168, 0xD968, 0xD968, 0xD968, 0xD968,
  0xE5B7, 0xE79E, 0xE73C, 0xE73D, 0xE73D, 0xE73D, 0xE73C, 0xEF7D, 0xD69A, 0x41E8,
  0x41E8, 0xD69A, 0xEF7D, 0xE73C, 0xE73D, 0xE73D, 0xE73D, 0xE71C, 0xE77D, 0xE6BB,
  0xDA4B, 0xD927, 0xD988, 0xD968, 0xE989, 0xD988, 0xF81F, 0xFE29, 0xFE49, 0xF81F,
  0xF81F, 0xF81F, 0xF81F, 0xF81F, 0xD968, 0xE989, 0xD968, 0xD988, 0xD927, 0xE4D4,
  0xE7BE, 0xE71C, 0xE73D, 0xE73D, 0xE73D, 0xE73D, 0xE73C, 0xEF7D, 0xD69A, 0x39E8,
  0x39E8, 0xD69A, 0xEF7D, 0xE73C, 0xE73D, 0xE73D, 0xE73D, 0xE73D, 0xE73C, 0xE79E,
  0xE618, 0xD989, 0xD968, 0xD968, 0xE168, 0xD968, 0xF81F, 0xF81F, 0xF81F, 0xF81F,
  0xF81F, 0xF81F, 0xF81F, 0xD988, 0xE168, 0xD968, 0xD988, 0xD927, 0xE30E, 0xE77D,
  0xE73C, 0xE73C, 0xE73D, 0xE73D, 0xE73D, 0xE73D, 0xE73C, 0xEF7D, 0xD69A, 0x39E8,
  0x39E8, 0xD69A, 0xEF7D, 0xE73C, 0xE73D, 0xE73D, 0xE73D, 0xE73D, 0xE73D, 0xE73C,
  0xE7BE, 0xE473, 0xD907, 0xD988, 0xD968, 0xE989, 0xD968, 0xF81F, 0xF81F, 0xF81F,
  0xF81F, 0xF81F, 0xF81F, 0xD968, 0xE989, 0xD968, 0xD968, 0xD968, 0xE5D8, 0xE79E,
  0xE73C, 0xE73D, 0xE73D, 0xE73D, 0xE73D, 0xE73D, 0xE73C, 0xEF7D, 0xD69A, 0x39E8,
  0x39E8, 0xD69A, 0xEF7D, 0xE73C, 0xE73D, 0xE73D, 0xE73D, 0xE73D, 0xE73D, 0xE73C,
  0xE75D, 0xE6FC, 0xDA2B, 0xD947, 0xD968, 0xE188, 0xD968, 0xF81F, 0xF81F, 0xF81F,
  0xF81F, 0xF81F, 0xF81F, 0xD968, 0xE188, 0xD988, 0xD927, 0xE2ED, 0xE77D, 0xE73C,
  0xE73D, 0xE73D, 0xE73D, 0xE73D, 0xE73D, 0xE73D, 0xE73C, 0xEF7D, 0xD69A, 0x39E8,
  0x39E8, 0xD69A, 0xEF7D, 0xE73C, 0xE73D, 0xE73D, 0xE73D, 0xE73D, 0xE73D, 0xE73D,
  0xE73C, 0xE79E, 0xE473, 0xD907, 0xD988, 0xD968, 0xD968, 0xD988, 0xF81F, 0xF81F,
  0xF81F, 0xF81F, 0xD968, 0xD968, 0xD968, 0xD988, 0xD927, 0xE4D4, 0xE79E, 0xE73C,
  0xE73D, 0xE73D, 0xE73D, 0xE73D, 0xE73D, 0xE73D, 0xE73C, 0xEF7D, 0xD69A, 0x39E8,
  0x39E8, 0xD69A, 0xEF5D, 0xE73C, 0xE73C, 0xE73C, 0xE73D, 0xE73D, 0xE73D, 0xE73D,
  0xE73C, 0xE77D, 0xE639, 0xD968, 0xD968, 0xD968, 0xE988, 0xD968, 0xF81F, 0xF81F,
  0xF81F, 0xF81F, 0xD968, 0xE988, 0xD968, 0xD968, 0xD968, 0xE639, 0xE77D, 0xE73C,
  0xE73D, 0xE73D, 0xE73D, 0xE73D, 0xE73D, 0xE73D, 0xE73C, 0xEF7D, 0xD69A, 0x39E8,
  0x39E8, 0xD6BA, 0xEF7E, 0xE75D, 0xEF5D, 0xEF5D, 0xE73D, 0xE73D, 0xE73D, 0xE73D,
  0xE73C, 0xE75D, 0xE71C, 0xDA8C, 0xD927, 0xD968, 0xE988, 0xD968, 0xF81F, 0xF81F,
  0xF81F, 0xF81F, 0xD968, 0xE988, 0xD968, 0xD948, 0xDA2B, 0xE6BB, 0xE75D, 0xE73C,
  0xE73D, 0xE73D, 0xE73D, 0xE73D, 0xE73D, 0xE73D, 0xE73C, 0xEF7D, 0xD69A, 0x41E8,
  0x39E8, 0xCE59, 0xE71C, 0xDEFB, 0xDEFC, 0xDEFC, 0xE75D, 0xE73D, 0xE73D, 0xE73D,
  0xE73D, 0xE73C, 0xE79E, 0xE32E, 0xD907, 0xD988, 0xE988, 0xD968, 0xF81F, 0xF81F,
  0xF81F, 0xF81F, 0xD968, 0xE988, 0xD968, 0xD927, 0xDAAC, 0xE73C, 0xE75D, 0xE73C,
  0xE73D, 0xE73D, 0xE73D, 0xE73D, 0xE73D, 0xE73D, 0xE73C, 0xEF7D, 0xD69A, 0x39E7,
  0x4208, 0x4A49, 0x4A49, 0x4A49, 0x4A69, 0x4208, 0x9492, 0xF79E, 0xE73C, 0xE73D,
  0xE73D, 0xE73C, 0xE7BE, 0xE3F1, 0xD907, 0xD988, 0xE189, 0xD968, 0xF81F, 0xF81F,
  0xF81F, 0xF81F, 0xD968, 0xE988, 0xD988, 0xD927, 0xDACD, 0xE75D, 0xE73D, 0xE73D,
  0xE73D, 0xE73D, 0xE73D, 0xE73D, 0xE73D, 0xE73D, 0xE73C, 0xEF5D, 0xD6DB, 0x4228,
  0x31A6, 0x31A7, 0x31A6, 0x31A6, 0x39C7, 0x2945, 0x7BEF, 0xF7BE, 0xE73C, 0xE73D,
  0xE73D, 0xE73C, 0xE79E, 0xE432, 0xD927, 0xD988, 0xE188, 0xD968, 0xF81F, 0xF81F,
  0xF81F, 0xF81F, 0xD968, 0xE988, 0xD988, 0xD927, 0xDAAC, 0xE73C, 0xE75D, 0xE73D,
  0xE73D, 0xE73D, 0xE73D, 0xE73D, 0xE73D, 0xE73D, 0xE73D, 0xE73D, 0xE75D, 0xCE79,
  0xBE18, 0xC618, 0xC618, 0xC618, 0xC618, 0xC618, 0xDEFB, 0xEF5D, 0xE73D, 0xE73D,
  0xE73D, 0xE73C, 0xE7BE, 0xE3F1, 0xD907, 0xD988, 0xE188, 0xD968, 0xF81F, 0xF81F,
  0xF81F, 0xF81F, 0xD968, 0xE988, 0xD968, 0xD947, 0xDA2B, 0xE6DB, 0xE75D, 0xE73C,
  0xE73D, 0xE73D, 0xE73D, 0xE73D, 0xE73D, 0xE73D, 0xE73D, 0xE73D, 0xE73D, 0xEF7D,
  0xEF9E, 0xEF7E, 0xEF9E, 0xEF9E, 0xEF9E, 0xEF9E, 0xEF5D, 0xE73D, 0xE73D, 0xE73D,
  0xE73D, 0xE73C, 0xE7BE, 0xE34F, 0xD907, 0xD988, 0xE988, 0xD968, 0xF81F, 0xF81F,
  0xF81F, 0xF81F, 0xE168, 0xE988, 0xD968, 0xD968, 0xD968, 0xE639, 0xE77D, 0xE73C,
  0xE73D, 0xE73D, 0xE73D, 0xE73D, 0xE73D, 0xE73D, 0xE73D, 0xE73D, 0xE73D, 0xE73C,
  0xE73C, 0xE73C, 0xE73C, 0xE73C, 0xE73C, 0xE73C, 0xE73C, 0xE73D, 0xE73D, 0xE73D,
  0xE73D, 0xE75D, 0xE71C, 0xDA8C, 0xD927, 0xD988, 0xE988, 0xD968, 0xF81F, 0xF81F,
  0xF81F, 0xF81F, 0xD968, 0xE168, 0xD968, 0xD988, 0xD927, 0xE515, 0xE79E, 0xE73C,
  0xE73D, 0xE73D, 0xE73D, 0xE73D, 0xE73D, 0xE73D, 0xE73D, 0xE73D, 0xE73D, 0xE73D,
  0xE73D, 0xE73D, 0xE73D, 0xE73D, 0xE73D, 0xE73D, 0xE73D, 0xE73D, 0xE73D, 0xE73D,
  0xE73C, 0xE77D, 0xE659, 0xD989, 0xD968, 0xD968, 0xE988, 0xD968, 0xF81F, 0xF81F,
  0xF81F, 0xF81F, 0xF81F, 0xD968, 0xE168, 0xD988, 0xD927, 0xE30E, 0xE77D, 0xE73C,
  0xE73D, 0xE73D, 0xE73D, 0xE73D, 0xE73D, 0xE73D, 0xE73D, 0xE73D, 0xE73D, 0xE73D,
  0xE73D, 0xE73D, 0xE73D, 0xE73D, 0xE73D, 0xE73D, 0xE73D, 0xE73D, 0xE73D, 0xE73D,
  0xE73C, 0xE79E, 0xE493, 0xD907, 0xD988, 0xD968, 0xE168, 0xD968, 0xF81F, 0xF81F,
  0xF81F, 0xF81F, 0xF81F, 0xD968, 0xE989, 0xD968, 0xD968, 0xD988, 0xE619, 0xE77D,
  0xE73C, 0xE73D, 0xE73D, 0xE73D, 0xE73D, 0xE73D, 0xE73D, 0xE73D, 0xE73D, 0xE73D,
  0xE73D, 0xE73D, 0xE73D, 0xE73D, 0xE73D, 0xE73D, 0xE73D, 0xE73D, 0xE73D, 0xE73C,
  0xE75D, 0xE71C, 0xDA4B, 0xD947, 0xD968, 0xE188, 0xD968, 0xF81F, 0xF81F, 0xF81F,
  0xF81F, 0xF81F, 0xF81F, 0xD168, 0xE168, 0xD968, 0xD988, 0xD927, 0xE34E, 0xE77D,
  0xE73C, 0xE73D, 0xE73D, 0xE73D, 0xE73D, 0xE73D, 0xE73D, 0xE73D, 0xE73D, 0xE73D,
  0xE73D, 0xE73D, 0xE73D, 0xE73D, 0xE73D, 0xE73D, 0xE73D, 0xE73D, 0xE73D, 0xE73C,
  0xE7BE, 0xE4D4, 0xD927, 0xD988, 0xD968, 0xE989, 0xD968, 0xF81F, 0xF81F, 0xF81F,
  0xF81F, 0xF81F, 0xF81F, 0xF81F, 0xD968, 0xE188, 0xD968, 0xD968, 0xD927, 0xE515,
  0xE7BE, 0xE71C, 0xE73D, 0xE73D, 0xE73D, 0xE73D, 0xE73D, 0xE73D, 0xE73D, 0xE73D,
  0xE73D, 0xE73D, 0xE73D, 0xE73D, 0xE73D, 0xE73D, 0xE73D, 0xE73D, 0xE73C, 0xE79D,
  0xE659, 0xD9C9, 0xD968, 0xD968, 0xE168, 0xD968, 0xD968, 0xF81F, 0xF81F, 0xF81F,
  0xF81F, 0xF81F, 0xF81F, 0xF81F, 0xD968, 0xE168, 0xD968, 0xD968, 0xD948, 0xD9A9,
  0xE5F8, 0xE79E, 0xE71C, 0xE73D, 0xE73D, 0xE73D, 0xE73D, 0xE73D, 0xE73D, 0xE73D,
  0xE73D, 0xE73D, 0xE73D, 0xE73D, 0xE73D, 0xE73D, 0xE73D, 0xE73C, 0xE77D, 0xE6FB,
  0xDA8C, 0xD927, 0xD988, 0xD968, 0xE989, 0xD968, 0xF81F, 0xF81F, 0xF81F, 0xF81F,
  0xF81F, 0xF81F, 0xF81F, 0xF81F, 0xF81F, 0xD968, 0xE989, 0xD968, 0xD988, 0xD948,
  0xD9A9, 0xE5F8, 0xE7BE, 0xE73C, 0xE73C, 0xE73D, 0xE73D, 0xE73D, 0xE73D, 0xE73D,
  0xE73D, 0xE73D, 0xE73D, 0xE73D, 0xE73D, 0xE73C, 0xE73C, 0xE79E, 0xE6FB, 0xDAAC,
  0xD927, 0xD988, 0xD968, 0xE188, 0xD968, 0xF81F, 0xF81F, 0xF81F, 0xF81F, 0xF81F,
  0xF81F, 0xF81F, 0xF81F, 0xF81F, 0xF81F, 0xF81F, 0xD968, 0xE188, 0xD968, 0xD988,
  0xD948, 0xD989, 0xE515, 0xE77D, 0xE77D, 0xE73D, 0xE73C, 0xE73C, 0xE73C, 0xE73C,
  0xE73C, 0xE73C, 0xE73C, 0xE73C, 0xE73C, 0xE77D, 0xE79E, 0xE5F8, 0xDA4B, 0xD927,
  0xD988, 0xD968, 0xD968, 0xE168, 0xD188, 0xF81F, 0xF81F, 0xF81F, 0xF81F, 0xF81F,
  0xF81F, 0xF81F, 0xF81F, 0xF81F, 0xF81F, 0xF81F, 0xD948, 0xE168, 0xE168, 0xD968,
  0xD988, 0xD968, 0xD927, 0xE30E, 0xE5D8, 0xE75D, 0xE7BE, 0xE77D, 0xE75D, 0xE75D,
  0xE75D, 0xE75D, 0xE77D, 0xE79E, 0xE77D, 0xE67A, 0xE3F1, 0xD988, 0xD927, 0xD988,
  0xD968, 0xD968, 0xE989, 0xD968, 0xF81F, 0xF81F, 0xF81F, 0xF81F, 0xF81F, 0xF81F,
  0xF81F, 0xF81F, 0xF81F, 0xF81F, 0xF81F, 0xF81F, 0xF81F, 0xD168, 0xE168, 0xE188,
  0xD968, 0xD968, 0xD968, 0xD927, 0xD968, 0xE2ED, 0xE493, 0xE5D7, 0xE6BB, 0xE6FC,
  0xE6FC, 0xE6DB, 0xE639, 0xE4F4, 0xE34F, 0xD9A9, 0xD907, 0xD968, 0xD988, 0xD968,
  0xE188, 0xE188, 0xD968, 0xF81F, 0xF81F, 0xF81F, 0xF81F, 0xF81F, 0xF81F, 0xF81F,
  0xF81F, 0xF81F, 0xF81F, 0xF81F, 0xF81F, 0xF81F, 0xF81F, 0xF81F, 0xD168, 0xE168,
  0xE148, 0xD968, 0xD968, 0xD988, 0xD968, 0xD927, 0xD907, 0xD968, 0xD9A9, 0xD9A9,
  0xD9A9, 0xD9A9, 0xD988, 0xD927, 0xD907, 0xD968, 0xD988, 0xD968, 0xD968, 0xD948,
  0xE148, 0xD948, 0xF81F, 0xF81F, 0xF81F, 0xF81F, 0xF81F, 0xF81F, 0xF81F, 0xF81F,
  0xF81F, 0xF81F, 0xF81F, 0xF81F, 0xF81F, 0xF81F, 0xF81F, 0xF81F, 0xF81F, 0xFD06,
  0xF308, 0xD928, 0xE168, 0xD968, 0xD968, 0xD988, 0xD988, 0xD968, 0xD968, 0xD948,
  0xD948, 0xD968, 0xD968, 0xD988, 0xD988, 0xD968, 0xD968, 0xE168, 0xD928, 0xE248,
  0xF487, 0xF81F, 0xF81F, 0xF81F, 0xF81F, 0xF81F, 0xF81F, 0xF81F, 0xF81F, 0xF81F,
  0xF81F, 0xF81F, 0xF81F, 0xF81F, 0xF81F, 0xF81F, 0xF81F, 0xF81F, 0xFD46, 0xFDA6,
  0xFD66, 0xF467, 0xE228, 0xD948, 0xE989, 0xE168, 0xE168, 0xD968, 0xD968, 0xD968,
  0xD968, 0xD968, 0xD968, 0xD968, 0xE168, 0xE989, 0xE168, 0xD9A8, 0xEB87, 0xFD46,
  0xFDE6, 0xFD46, 0xF81F, 0xF81F, 0xF81F, 0xF81F, 0xF81F, 0xF81F, 0xF81F, 0xF81F,
  0xF81F, 0xF81F, 0xF81F, 0xF81F, 0xF81F, 0xF81F, 0xF81F, 0xF81F, 0xFD46, 0xFDA6,
  0xFD66, 0xFDA6, 0xFEA7, 0xD908, 0xE188, 0xD968, 0xD968, 0xE168, 0xE989, 0xE989,
  0xE989, 0xE989, 0xE188, 0xD968, 0xD968, 0xE168, 0xD968, 0xF81F, 0xFDC6, 0xFDA6,
  0xFD86, 0xFD46, 0xF81F, 0xF81F, 0xF81F, 0xF81F, 0xF81F, 0xF81F, 0xF81F, 0xF81F,
  0xF81F, 0xF81F, 0xF81F, 0xF81F, 0xF81F, 0xF81F, 0xF81F, 0xF81F, 0xFDA6, 0xFD66,
  0xFD86, 0xFD67, 0xF81F, 0xF81F, 0xF81F, 0xF81F, 0xD968, 0xD968, 0xD968, 0xD968,
  0xD968, 0xD968, 0xD968, 0xE168, 0xF81F, 0xF81F, 0xF81F, 0xF81F, 0xFD67, 0xFD66,
  0xFD86, 0xFD86, 0xF81F, 0xF81F, 0xF81F, 0xF81F, 0xF81F, 0xF81F, 0xF81F, 0xF81F
};

static const uint16_t kEmoji_timer[1600] PROGMEM = {
  0xF81F, 0xF81F, 0xF81F, 0xF81F, 0xF81F, 0xF81F, 0xF81F, 0xF81F, 0xF81F, 0xF81F,
  0xF81F, 0xF81F, 0xF81F, 0xF81F, 0xF81F, 0xF81F, 0xF81F, 0xF81F, 0xF81F, 0xF81F,
  0xF81F, 0xF81F, 0xF81F, 0xF81F, 0xF81F, 0xF81F, 0xF81F, 0xF81F, 0xF81F, 0xF81F,
  0xF81F, 0xF81F, 0xF81F, 0xF81F, 0xF81F, 0xF81F, 0xF81F, 0xF81F, 0xF81F, 0xF81F,
  0xF81F, 0xF81F, 0xF81F, 0xF81F, 0xF81F, 0xF81F, 0xF81F, 0xF81F, 0xF81F, 0xF81F,
  0xF81F, 0xF81F, 0xF81F, 0xF81F, 0x8CD4, 0x8CF5, 0x84D4, 0x8CD4, 0x8CD4, 0x8CD4,
  0x8CD4, 0x8CD4, 0x8CD4, 0x84D4, 0x8CF5, 0x8CD4, 0xF81F, 0xF81F, 0xF81F, 0xF81F,
  0xF81F, 0xF81F, 0xF81F, 0xF81F, 0xF81F, 0xF81F, 0xF81F, 0xF81F, 0xF81F, 0xF81F,
  0xF81F, 0xF81F, 0xF81F, 0xF81F, 0xF81F, 0xF81F, 0xF81F, 0xF81F, 0xF81F, 0xF81F,
  0xF81F, 0xF81F, 0xF81F, 0x8CD4, 0x9557, 0x8CF5, 0x8CF5, 0x8CF5, 0x8CF5, 0x8CF5,
  0x8CF5, 0x8CF5, 0x8CF5, 0x8CF5, 0x8CF5, 0x9557, 0x8CD4, 0xF81F, 0xF81F, 0xF81F,
  0xF81F, 0xF81F, 0xF81F, 0xF81F, 0xF81F, 0xF81F, 0xF81F, 0xF81F, 0xF81F, 0xF81F,
  0xF81F, 0xF81F, 0xF81F, 0xF81F, 0xF81F, 0xF81F, 0xF81F, 0xF81F, 0xF81F, 0xF81F,
  0xF81F, 0xF81F, 0xF81F, 0x84D4, 0x9516, 0x84D4, 0x8CD4, 0x84B4, 0x84B4, 0x84B4,
  0x84B4, 0x84B4, 0x84B4, 0x8CD4, 0x84D4, 0x9516, 0x8CD4, 0xF81F, 0xF81F, 0xF81F,
  0xF81F, 0xF81F, 0xF81F, 0xF81F, 0xF81F, 0xF81F, 0xF81F, 0xF81F, 0xF81F, 0xF81F,
  0xF81F, 0xF81F, 0xF81F, 0xF81F, 0xF81F, 0xF81F, 0xF81F, 0xF81F, 0xF81F, 0xF81F,
  0xF81F, 0xF81F, 0xF81F, 0x8CD4, 0x9536, 0x9536, 0x9536, 0x9536, 0x9515, 0x9515,
  0x9515, 0x9515, 0x9536, 0x9536, 0x9536, 0x9536, 0x8CD4, 0xF81F, 0xF81F, 0xF81F,
  0xF81F, 0xF81F, 0xF81F, 0xF81F, 0xF81F, 0xF81F, 0xF81F, 0xF81F, 0xF81F, 0xF81F,
  0xF81F, 0xF81F, 0xF81F, 0xF81F, 0xF81F, 0xF81F, 0xF81F, 0xF81F, 0xF81F, 0xF81F,
  0xF81F, 0xF81F, 0xF81F, 0xF81F, 0x8CD4, 0x8CF5, 0x84B4, 0x7C52, 0x636E, 0x5B4E,
  0x5B4E, 0x636E, 0x7C52, 0x84B4, 0x8CF5, 0x8CD4, 0xF81F, 0xF81F, 0xF81F, 0xF81F,
  0xF81F, 0xF81F, 0xF81F, 0xF81F, 0xF81F, 0xF81F, 0xF81F, 0xF81F, 0xF81F, 0xF81F,
  0xF81F, 0xF81F, 0xF81F, 0xF81F, 0xF81F, 0xF81F, 0xF81F, 0xF81F, 0xF81F, 0xF81F,
  0xF81F, 0xF81F, 0xF81F, 0xF81F, 0xF81F, 0xF81F, 0xF81F, 0x0000, 0x2125, 0x1904,
  0x1904, 0x2125, 0x0000, 0xF81F, 0xF81F, 0xF81F, 0xF81F, 0xF81F, 0xF81F, 0xF81F,
  0xF81F, 0xF81F, 0xF81F, 0xF81F, 0xF81F, 0xF81F, 0xF81F, 0xF81F, 0xF81F, 0xF81F,
  0xF81F, 0xF81F, 0xF81F, 0xF81F, 0xF81F, 0xF81F, 0xF81F, 0xF81F, 0xF81F, 0xF81F,
  0xF81F, 0xF81F, 0xF81F, 0xF81F, 0xF81F, 0xF81F, 0xF81F, 0x4AAB, 0x3A09, 0x39E8,
  0x39E8, 0x3A09, 0x4AAB, 0xF81F, 0xF81F, 0xF81F, 0xF81F, 0xF81F, 0xF81F, 0xF81F,
  0x8CF5, 0x8CD4, 0x8CB4, 0xF81F, 0xF81F, 0xF81F, 0xF81F, 0xF81F, 0xF81F, 0xF81F,
  0xF81F, 0xF81F, 0xF81F, 0xF81F, 0xF81F, 0xF81F, 0xF81F, 0xF81F, 0xF81F, 0xF81F,
  0xF81F, 0xF81F, 0xF81F, 0xF81F, 0x63D0, 0x63AF, 0x63AF, 0x63B0, 0x6BD0, 0x6BD0,
  0x6BD0, 0x6BD0, 0x63B0, 0x63AF, 0x63AF, 0x63D0, 0xF81F, 0xF81F, 0xF81F, 0x84D4,
  0x9536, 0x8D15, 0x8CF5, 0x84B4, 0xF81F, 0xF81F, 0xF81F, 0xF81F, 0xF81F, 0xF81F,
  0xF81F, 0xF81F, 0xF81F, 0xF81F, 0xF81F, 0xF81F, 0xF81F, 0xF81F, 0xF81F, 0xF81F,
  0xF81F, 0xF81F, 0x6BB0, 0x6BB0, 0x6BD0, 0x6BF0, 0x6BD0, 0x6BB0, 0x63AF, 0x63AF,
  0x63AF, 0x63AF, 0x6BB0, 0x6BD0, 0x6BF0, 0x6BD0, 0x6BD0, 0x638F, 0x84B4, 0x8CF5,
  0x84B4, 0x8CD4, 0x8CD5, 0x8D15, 0x8CD4, 0xF81F, 0xF81F, 0xF81F, 0xF81F, 0xF81F,
  0xF81F, 0xF81F, 0xF81F, 0xF81F, 0xF81F, 0xF81F, 0xF81F, 0xF81F, 0xF81F, 0xF81F,
  0x638F, 0x6BB0, 0x6BF0, 0x6BD0, 0x63B0, 0x638F, 0x5B6E, 0x5B6F, 0x638F, 0x638F,
  0x638F, 0x638F, 0x5B6F, 0x5B6E, 0x638F, 0x63B0, 0x6BD0, 0x6BD0, 0x6BB0, 0x8494,
  0x8CF5, 0x8CD4, 0x8CD4, 0x8CF5, 0x8CD4, 0xF81F, 0xF81F, 0xF81F, 0xF81F, 0xF81F,
  0xF81F, 0xF81F, 0xF81F, 0xF81F, 0xF81F, 0xF81F, 0xF81F, 0xF81F, 0xF81F, 0x63AF,
  0x6BB0, 0x6BD0, 0x63B0, 0x638F, 0x5B6E, 0x6BF0, 0x94F4, 0xB5D8, 0xCEBB, 0xDF1C,
  0xDF1C, 0xCEBB, 0xB5D8, 0x94F4, 0x6BF0, 0x5B6E, 0x638F, 0x63B0, 0x6BD0, 0x6BB0,
  0x7C73, 0x8CD5, 0x84B4, 0x8CD5, 0x8CD4, 0xF81F, 0xF81F, 0xF81F, 0xF81F, 0xF81F,
  0xF81F, 0xF81F, 0xF81F, 0xF81F, 0xF81F, 0xF81F, 0xF81F, 0xF81F, 0x638F, 0x6BD0,
  0x6BB0, 0x63B0, 0x638F, 0x6BD0, 0xAD97, 0xE73D, 0xFFFF, 0xFFFF, 0xF7BF, 0x73AF,
  0x73AF, 0xF7BF, 0xFFFF, 0xFFFF, 0xE73D, 0xAD97, 0x6BD0, 0x636F, 0x63B0, 0x63AF,
  0x63AF, 0x7C73, 0x9516, 0x9536, 0x8CD4, 0xF81F, 0xF81F, 0xF81F, 0xF81F, 0xF81F,
  0xF81F, 0xF81F, 0xF81F, 0xF81F, 0xF81F, 0xF81F, 0xF81F, 0x63AF, 0x6BD0, 0x6BB0,
  0x63B0, 0x5B6F, 0x8493, 0xDEFC, 0xFFFF, 0xFFFF, 0xF7BF, 0xFFFF, 0xDEFC, 0x10C3,
  0x10C3, 0xDEFC, 0xFFFF, 0xF7BF, 0xFFFF, 0xFFFF, 0xDEFC, 0x8493, 0x5B6F, 0x6BB0,
  0x638F, 0x6BD0, 0x7C73, 0x8CD4, 0xF81F, 0xF81F, 0xF81F, 0xF81F, 0xF81F, 0xF81F,
  0xF81F, 0xF81F, 0xF81F, 0xF81F, 0xF81F, 0xF81F, 0xF81F, 0x63B0, 0x6BD0, 0x63AF,
  0x5B6F, 0x9515, 0xFFFF, 0xFFFF, 0xF7DF, 0xF7BF, 0xF7DF, 0xF7DF, 0xF7DF, 0xAD96,
  0xAD96, 0xF7DF, 0xF7DF, 0xF7DF, 0xF7BF, 0xF7DF, 0xFFFF, 0xFFFF, 0x9515, 0x5B6F,
  0x63B0, 0x6BD0, 0x638F, 0xF81F, 0xF81F, 0xF81F, 0xF81F, 0xF81F, 0xF81F, 0xF81F,
  0xF81F, 0xF81F, 0xF81F, 0xF81F, 0xF81F, 0xF81F, 0x638F, 0x6BF1, 0x63B0, 0x5B6F,
  0x8CD3, 0xF7DF, 0xCE9A, 0x9CF4, 0xE73D, 0xFFDF, 0xF7BF, 0xF7DF, 0xF7DF, 0xFFFF,
  0xFFFF, 0xF7DF, 0xF7DF, 0xF7BF, 0xFFDF, 0xE73D, 0x9CF4, 0xCE9A, 0xF7DF, 0x8CD3,
  0x5B6F, 0x63B0, 0x6BF1, 0x63AF, 0xF81F, 0xF81F, 0xF81F, 0xF81F, 0xF81F, 0xF81F,
  0xF81F, 0xF81F, 0xF81F, 0xF81F, 0xF81F, 0x63B0, 0x63B0, 0x6BB0, 0x638F, 0x7411,
  0xE75D, 0xFFFF, 0x4AAB, 0x0000, 0x9D14, 0xFFFF, 0xF7BE, 0xF7DF, 0xF7DF, 0xF7BE,
  0xF7BE, 0xF7DF, 0xF7DF, 0xF7BE, 0xFFFF, 0x9D14, 0x0000, 0x4AAB, 0xFFFF, 0xE75D,
  0x7411, 0x638F, 0x6BB0, 0x63B0, 0x63B0, 0xF81F, 0xF81F, 0xF81F, 0xF81F, 0xF81F,
  0xF81F, 0xF81F, 0xF81F, 0xF81F, 0xF81F, 0x63AF, 0x6BF1, 0x63B0, 0x5B6F, 0xBE39,
  0xFFFF, 0xFFFF, 0x9CF4, 0x52AB, 0xCE79, 0xFFFF, 0xF7BF, 0xF7DF, 0xF7DF, 0xF7DF,
  0xF7DF, 0xF7DF, 0xF7DF, 0xF7BF, 0xFFFF, 0xCE79, 0x52AB, 0x9CF4, 0xFFFF, 0xFFFF,
  0xBE39, 0x5B6F, 0x63B0, 0x6BF1, 0x63AF, 0xF81F, 0xF81F, 0xF81F, 0xF81F, 0xF81F,
  0xF81F, 0xF81F, 0xF81F, 0xF81F, 0xF81F, 0x63AF, 0x6BD0, 0x638F, 0x7C52, 0xF7BF,
  0xF7DF, 0xF7BF, 0xFFFF, 0xFFFF, 0xFFFF, 0xF7DF, 0xF7DF, 0xF7DF, 0xF7DF, 0xF7DF,
  0xF7DF, 0xF7DF, 0xF7DF, 0xF7DF, 0xF7DF, 0xFFFF, 0xFFFF, 0xFFFF, 0xF7BF, 0xF7DF,
  0xF7BF, 0x7C52, 0x638F, 0x6BD0, 0x63AF, 0xF81F, 0xF81F, 0xF81F, 0xF81F, 0xF81F,
  0xF81F, 0xF81F, 0xF81F, 0xF81F, 0x638F, 0x63AF, 0x6BB0, 0x5B6E, 0xB5D8, 0xFFFF,
  0xF7BF, 0xF7DF, 0xF7BF, 0xF7BE, 0xF7BF, 0xF7DF, 0xF7DF, 0xF7DF, 0xF7DF, 0xF7BF,
  0xF7BF, 0xF7BF, 0xF7DF, 0xF7DF, 0xF7DF, 0xF7BF, 0xF7BE, 0xF7BF, 0xF7DF, 0xF7BF,
  0xFFFF, 0xB5D8, 0x5B6E, 0x6BB0, 0x63AF, 0x638F, 0xF81F, 0xF81F, 0xF81F, 0xF81F,
  0xF81F, 0xF81F, 0xF81F, 0xF81F, 0x63AF, 0x6BD0, 0x63AF, 0x63AF, 0xD6DB, 0xFFFF,
  0xF7BE, 0xF7DF, 0xF7DF, 0xF7DF, 0xF7DF, 0xF7DF, 0xF7DF, 0xF7DF, 0xF7BE, 0xF7FF,
  0xF7FF, 0xF7FF, 0xF7DF, 0xF7BE, 0xF7BF, 0xF7BF, 0xF7BF, 0xF7BF, 0xF7BF, 0xF7BE,
  0xFFFF, 0xD6DB, 0x63AF, 0x63AF, 0x6BD0, 0x63AF, 0xF81F, 0xF81F, 0xF81F, 0xF81F,
  0xF81F, 0xF81F, 0xF81F, 0xF81F, 0x63B0, 0x6BF1, 0x638F, 0x7411, 0xEF7E, 0xFFFF,
  0xFFFF, 0xF7DF, 0xF7DF, 0xF7DF, 0xF7DF, 0xF7DF, 0xF7DF, 0xFFDF, 0xFFFF, 0xF75D,
  0xE30E, 0xE26C, 0xFF5D, 0xFFFF, 0xFFFF, 0xFFFF, 0xFFFF, 0xFFFF, 0xFFFF, 0xFFFF,
  0xFFFF, 0xEF7E, 0x7411, 0x638F, 0x6BF1, 0x63B0, 0xF81F, 0xF81F, 0xF81F, 0xF81F,
  0xF81F, 0xF81F, 0xF81F, 0xF81F, 0x638F, 0x6C11, 0x638F, 0x7C52, 0xEF5D, 0x6B8E,
  0x6B8E, 0xEF9E, 0xF7DF, 0xF7BF, 0xF7DF, 0xF7BF, 0xFFDF, 0xDF3C, 0x734E, 0xCA0A,
  0xE147, 0xE948, 0x728B, 0x530C, 0x5AEC, 0x5AEC, 0x5AEC, 0x5AEC, 0x5B0C, 0x52CB,
  0x73AF, 0xE75D, 0x7C52, 0x638F, 0x6C11, 0x638F, 0xF81F, 0xF81F, 0xF81F, 0xF81F,
  0xF81F, 0xF81F, 0xF81F, 0xF81F, 0x63B0, 0x6C11, 0x5B6F, 0x8472, 0xD6DB, 0x10C3,
  0x10C3, 0xDF1C, 0xFFFF, 0xF7BF, 0xF7DF, 0xF7BE, 0xFFFF, 0xD639, 0xA0C5, 0xE168,
  0xD927, 0x78E5, 0x08A3, 0x0883, 0x08A3, 0x08A3, 0x08A3, 0x08A3, 0x08A3, 0x0882,
  0x10E4, 0xD6DB, 0x8472, 0x5B6F, 0x6C11, 0x63B0, 0xF81F, 0xF81F, 0xF81F, 0xF81F,
  0xF81F, 0xF81F, 0xF81F, 0xF81F, 0x63AF, 0x6C11, 0x638F, 0x7C52, 0xEF9E, 0xAD96,
  0xAD96, 0xF7DF, 0xF7DF, 0xF7DF, 0xF7BE, 0xF7FF, 0xF73D, 0xE2AD, 0xE168, 0xD947,
  0xDBD0, 0x9D14, 0x9CF4, 0x9D14, 0x9D14, 0x9D14, 0x9D14, 0x9D14, 0x9D14, 0x9CF4,
  0xB5B7, 0xEF9E, 0x7C52, 0x638F, 0x6C11, 0x63AF, 0xF81F, 0xF81F, 0xF81F, 0xF81F,
  0xF81F, 0xF81F, 0xF81F, 0xF81F, 0x63AF, 0x6BF1, 0x638F, 0x73F1, 0xE73D, 0xFFFF,
  0xFFFF, 0xF7DF, 0xF7DF, 0xF7BF, 0xF7FF, 0xF75D, 0xE2AC, 0xD927, 0xD927, 0xE432,
  0xFFFF, 0xFFFF, 0xFFFF, 0xFFFF, 0xFFFF, 0xFFFF, 0xFFFF, 0xFFFF, 0xFFFF, 0xFFFF,
  0xFFFF, 0xE73D, 0x73F1, 0x638F, 0x6BF1, 0x63AF, 0xF81F, 0xF81F, 0xF81F, 0xF81F,
  0xF81F, 0xF81F, 0xF81F, 0xF81F, 0x63B0, 0x6BD0, 0x6BB0, 0x5B6F, 0xCE9A, 0xFFFF,
  0xF79E, 0xF7DF, 0xF7BF, 0xF7FF, 0xF75D, 0xE2AC, 0xD927, 0xD927, 0xEC32, 0xF7FF,
  0xF7BF, 0xF7BE, 0xF7BE, 0xF7BE, 0xF7BE, 0xF7BE, 0xF79E, 0xF7BE, 0xF7BE, 0xEF9E,
  0xFFFF, 0xCE9A, 0x5B6F, 0x6BB0, 0x6BD0, 0x63B0, 0xF81F, 0xF81F, 0xF81F, 0xF81F,
  0xF81F, 0xF81F, 0xF81F, 0xF81F, 0xF81F, 0x63AF, 0x6BD0, 0x5B6E, 0xA556, 0xFFFF,
  0xF7BF, 0xF7BF, 0xF7FF, 0xF73D, 0xE2AC, 0xD927, 0xD927, 0xE432, 0xF7FF, 0xF7DF,
  0xF7BF, 0xF7DF, 0xF7DF, 0xF7DF, 0xF7DF, 0xF7DF, 0xFFFF, 0xF7DF, 0xF7DF, 0xF7BF,
  0xFFFF, 0xA556, 0x5B6E, 0x6BD0, 0x63AF, 0xF81F, 0xF81F, 0xF81F, 0xF81F, 0xF81F,
  0xF81F, 0xF81F, 0xF81F, 0xF81F, 0xF81F, 0x63AF, 0x6BD0, 0x638F, 0x6BF0, 0xE75D,
  0xFFDF, 0xF7DF, 0xF73D, 0xE2AC, 0xD927, 0xD927, 0xEC32, 0xF7FF, 0xF7DF, 0xF7BF,
  0xF7DF, 0xF7DF, 0xF7DF, 0xF7DF, 0xF7DF, 0xF7BF, 0xDF1C, 0xEF9E, 0xF7DF, 0xFFDF,
  0xE75D, 0x6BF0, 0x638F, 0x6BD0, 0x63AF, 0xF81F, 0xF81F, 0xF81F, 0xF81F, 0xF81F,
  0xF81F, 0xF81F, 0xF81F, 0xF81F, 0xF81F, 0x63AF, 0x6BF0, 0x63B0, 0x5B6F, 0xA576,
  0xFFFF, 0xF7FF, 0xE34F, 0xD8E6, 0xD927, 0xE432, 0xF7FF, 0xF7DF, 0xF7BF, 0xF7DF,
  0xF7DF, 0xF7DF, 0xF7DF, 0xF7BE, 0xFFFF, 0xAD96, 0x10C3, 0x6B8E, 0xFFFF, 0xFFFF,
  0xA576, 0x5B6F, 0x63B0, 0x6BF0, 0x63AF, 0xF81F, 0xF81F, 0xF81F, 0xF81F, 0xF81F,
  0xF81F, 0xF81F, 0xF81F, 0xF81F, 0xF81F, 0xF81F, 0x63AF, 0x6BD0, 0x63AF, 0x63AF,
  0xCE9A, 0xFFFF, 0xE36F, 0xD8E6, 0xEC73, 0xF7FF, 0xF7BF, 0xF7BF, 0xF7DF, 0xF7BF,
  0xF7BF, 0xF7DF, 0xF7DF, 0xF7BE, 0xFFFF, 0xAD96, 0x10C3, 0x6B6E, 0xFFFF, 0xCE9A,
  0x63AF, 0x63AF, 0x6BD0, 0x63AF, 0xF81F, 0xF81F, 0xF81F, 0xF81F, 0xF81F, 0xF81F,
  0xF81F, 0xF81F, 0xF81F, 0xF81F, 0xF81F, 0xF81F, 0x638F, 0x6BD0, 0x63B0, 0x638F,
  0x7411, 0xE73C, 0xFFDF, 0xEEDC, 0xF7DF, 0xF7DF, 0xF7BF, 0xF7DF, 0xF7DF, 0xFFFF,
  0xFFFF, 0xF7DF, 0xF7DF, 0xF7DF, 0xF7DF, 0xF7BF, 0xDEFB, 0xF7DF, 0xE73C, 0x7411,
  0x638F, 0x63B0, 0x6BD0, 0x638F, 0xF81F, 0xF81F, 0xF81F, 0xF81F, 0xF81F, 0xF81F,
  0xF81F, 0xF81F, 0xF81F, 0xF81F, 0xF81F, 0xF81F, 0xF81F, 0x63AF, 0x6BF1, 0x63AF,
  0x638F, 0x7411, 0xD6FC, 0xFFFF, 0xF7DF, 0xF7BF, 0xF7BF, 0xF7DF, 0xEF9E, 0x6B8E,
  0x6B8E, 0xEF9E, 0xF7DF, 0xF7BF, 0xF7BF, 0xF7DF, 0xFFFF, 0xDEFC, 0x7411, 0x638F,
  0x63AF, 0x6BF1, 0x63AF, 0xF81F, 0xF81F, 0xF81F, 0xF81F, 0xF81F, 0xF81F, 0xF81F,
  0xF81F, 0xF81F, 0xF81F, 0xF81F, 0xF81F, 0xF81F, 0xF81F, 0xF81F, 0x63B0, 0x6BF0,
  0x63B0, 0x638F, 0x6BD0, 0xB5D8, 0xF7BE, 0xFFFF, 0xF7DF, 0xFFFF, 0xDEFC, 0x10C3,
  0x10C3, 0xDEFC, 0xFFFF, 0xF7DF, 0xFFFF, 0xF7BE, 0xB5D8, 0x6BD0, 0x638F, 0x63B0,
  0x6BF0, 0x63B0, 0xF81F, 0xF81F, 0xF81F, 0xF81F, 0xF81F, 0xF81F, 0xF81F, 0xF81F,
  0xF81F, 0xF81F, 0xF81F, 0xF81F, 0xF81F, 0xF81F, 0xF81F, 0xF81F, 0x63AF, 0x6BB0,
  0x6BF0, 0x63B0, 0x638F, 0x5B6F, 0x7C52, 0xBE19, 0xE75D, 0xF7DF, 0xFFFF, 0xB5D7,
  0xB5D7, 0xFFFF, 0xF7DF, 0xE75D, 0xBE19, 0x7C52, 0x5B6F, 0x638F, 0x63B0, 0x6BF0,
  0x6BB0, 0x63AF, 0xF81F, 0xF81F, 0xF81F, 0xF81F, 0xF81F, 0xF81F, 0xF81F, 0xF81F,
  0xF81F, 0xF81F, 0xF81F, 0xF81F, 0xF81F, 0xF81F, 0xF81F, 0xF81F, 0xF81F, 0xF81F,
  0x63B0, 0x6BF0, 0x6BB0, 0x63B0, 0x636F, 0x5B6F, 0x6BD0, 0x84B3, 0xA556, 0xB5D8,
  0xB5D8, 0xA556, 0x84B3, 0x6BD0, 0x5B6F, 0x636F, 0x63B0, 0x6BB0, 0x6BF0, 0x63AF,
  0xF81F, 0xF81F, 0xF81F, 0xF81F, 0xF81F, 0xF81F, 0xF81F, 0xF81F, 0xF81F, 0xF81F,
  0xF81F, 0xF81F, 0xF81F, 0xF81F, 0xF81F, 0xF81F, 0xF81F, 0xF81F, 0xF81F, 0xF81F,
  0xF81F, 0x63B0, 0x6BD0, 0x6BF0, 0x6BD0, 0x63AF, 0x638F, 0x5B6F, 0x5B6E, 0x5B4E,
  0x5B4E, 0x5B6E, 0x5B6F, 0x638F, 0x63AF, 0x6BD0, 0x6BF0, 0x6BD0, 0x63B0, 0xF81F,
  0xF81F, 0xF81F, 0xF81F, 0xF81F, 0xF81F, 0xF81F, 0xF81F, 0xF81F, 0xF81F, 0xF81F,
  0xF81F, 0xF81F, 0xF81F, 0xF81F, 0xF81F, 0xF81F, 0xF81F, 0xF81F, 0xF81F, 0xF81F,
  0xF81F, 0xF81F, 0x63AF, 0x6BB0, 0x63B0, 0x6BF0, 0x6BF0, 0x6BD0, 0x6BD0, 0x6BD0,
  0x6BD0, 0x6BD0, 0x6BD0, 0x6BF0, 0x6BF0, 0x63B0, 0x6BB0, 0x63AF, 0xF81F, 0xF81F,
  0xF81F, 0xF81F, 0xF81F, 0xF81F, 0xF81F, 0xF81F, 0xF81F, 0xF81F, 0xF81F, 0xF81F,
  0xF81F, 0xF81F, 0xF81F, 0xF81F, 0xF81F, 0xF81F, 0xF81F, 0xF81F, 0xF81F, 0xF81F,
  0xF81F, 0xF81F, 0xF81F, 0xF81F, 0xF81F, 0x63AF, 0x63B0, 0x63B0, 0x63B0, 0x63AF,
  0x63AF, 0x63B0, 0x63B0, 0x63B0, 0x63AF, 0xF81F, 0xF81F, 0xF81F, 0xF81F, 0xF81F,
  0xF81F, 0xF81F, 0xF81F, 0xF81F, 0xF81F, 0xF81F, 0xF81F, 0xF81F, 0xF81F, 0xF81F,
  0xF81F, 0xF81F, 0xF81F, 0xF81F, 0xF81F, 0xF81F, 0xF81F, 0xF81F, 0xF81F, 0xF81F,
  0xF81F, 0xF81F, 0xF81F, 0xF81F, 0xF81F, 0xF81F, 0xF81F, 0xF81F, 0xF81F, 0xF81F,
  0xF81F, 0xF81F, 0xF81F, 0xF81F, 0xF81F, 0xF81F, 0xF81F, 0xF81F, 0xF81F, 0xF81F,
  0xF81F, 0xF81F, 0xF81F, 0xF81F, 0xF81F, 0xF81F, 0xF81F, 0xF81F, 0xF81F, 0xF81F
};

static const uint16_t kEmoji_inbox[1600] PROGMEM = {
  0xF81F, 0xF81F, 0xF81F, 0xF81F, 0xF81F, 0xF81F, 0xF81F, 0xF81F, 0xF81F, 0xF81F,
  0xF81F, 0xF81F, 0xF81F, 0xF81F, 0xF81F, 0xF81F, 0x758A, 0x7DAA, 0x758A, 0x758A,
  0x758A, 0x758A, 0x7DAA, 0x758A, 0xF81F, 0xF81F, 0xF81F, 0xF81F, 0xF81F, 0xF81F,
  0xF81F, 0xF81F, 0xF81F, 0xF81F, 0xF81F, 0xF81F, 0xF81F, 0xF81F, 0xF81F, 0xF81F,
  0xF81F, 0xF81F, 0xF81F, 0xF81F, 0xF81F, 0xF81F, 0xF81F, 0xF81F, 0xF81F, 0xF81F,
  0xF81F, 0xF81F, 0xF81F, 0xF81F, 0xF81F, 0x758A, 0x860B, 0x758A, 0x758A, 0x758A,
  0x758A, 0x758A, 0x758A, 0x7DEB, 0x758A, 0xF81F, 0xF81F, 0xF81F, 0xF81F, 0xF81F,
  0xF81F, 0xF81F, 0xF81F, 0xF81F, 0xF81F, 0xF81F, 0xF81F, 0xF81F, 0xF81F, 0xF81F,
  0xF81F, 0xF81F, 0xF81F, 0xF81F, 0xF81F, 0xF81F, 0xF81F, 0xF81F, 0xF81F, 0xF81F,
  0xF81F, 0xF81F, 0xF81F, 0xF81F, 0xF81F, 0x758A, 0x85EB, 0x758A, 0x758A, 0x758A,
  0x758A, 0x758A, 0x758A, 0x860B, 0x758A, 0xF81F, 0xF81F, 0xF81F, 0xF81F, 0xF81F,
  0xF81F, 0xF81F, 0xF81F, 0xF81F, 0xF81F, 0xF81F, 0xF81F, 0xF81F, 0xF81F, 0xF81F,
  0xF81F, 0xF81F, 0xF81F, 0xF81F, 0xF81F, 0xF81F, 0xF81F, 0xF81F, 0xF81F, 0xF81F,
  0xF81F, 0xF81F, 0xF81F, 0xF81F, 0xF81F, 0x7D8A, 0x7DEB, 0x758A, 0x758A, 0x758A,
  0x758A, 0x758A, 0x758A, 0x860B, 0x7D8A, 0xF81F, 0xF81F, 0xF81F, 0xF81F, 0xF81F,
  0xF81F, 0xF81F, 0xF81F, 0xF81F, 0xF81F, 0xF81F, 0xF81F, 0xF81F, 0xF81F, 0xF81F,
  0xF81F, 0xF81F, 0xF81F, 0xF81F, 0xF81F, 0xF81F, 0xF81F, 0xF81F, 0xF81F, 0xF81F,
  0xF81F, 0xF81F, 0xF81F, 0xF81F, 0xF81F, 0x758A, 0x7DEB, 0x758A, 0x758A, 0x758A,
  0x758A, 0x758A, 0x758A, 0x860B, 0x758A, 0xF81F, 0xF81F, 0xF81F, 0xF81F, 0xF81F,
  0xF81F, 0xF81F, 0xF81F, 0xF81F, 0xF81F, 0xF81F, 0xF81F, 0xF81F, 0xF81F, 0xF81F,
  0xF81F, 0xF81F, 0xF81F, 0xF81F, 0xF81F, 0xF81F, 0xF81F, 0xF81F, 0xF81F, 0xF81F,
  0xF81F, 0xF81F, 0xF81F, 0xF81F, 0xF81F, 0x758A, 0x7DEB, 0x758A, 0x758A, 0x758A,
  0x758A, 0x758A, 0x758A, 0x860B, 0x758A, 0xF81F, 0xF81F, 0xF81F, 0xF81F, 0xF81F,
  0xF81F, 0xF81F, 0xF81F, 0xF81F, 0xF81F, 0xF81F, 0xF81F, 0xF81F, 0xF81F, 0xF81F,
  0xF81F, 0xF81F, 0xF81F, 0xF81F, 0xF81F, 0xF81F, 0xF81F, 0xF81F, 0xF81F, 0xF81F,
  0xF81F, 0xF81F, 0xF81F, 0xF81F, 0xF81F, 0x758A, 0x7DEB, 0x758A, 0x758A, 0x758A,
  0x758A, 0x758A, 0x758A, 0x860B, 0x758A, 0xF81F, 0xF81F, 0xF81F, 0xF81F, 0xF81F,
  0xF81F, 0xF81F, 0xF81F, 0xF81F, 0xF81F, 0xF81F, 0xF81F, 0xF81F, 0xF81F, 0xF81F,
  0xF81F, 0xF81F, 0xF81F, 0xF81F, 0xF81F, 0xF81F, 0xF81F, 0xF81F, 0xF81F, 0xF81F,
  0xF81F, 0xF81F, 0xF81F, 0xF81F, 0xF81F, 0x75AA, 0x7DEB, 0x758A, 0x758A, 0x758A,
  0x758A, 0x758A, 0x758A, 0x860B, 0x7D8A, 0xF81F, 0xF81F, 0xF81F, 0xF81F, 0xF81F,
  0xF81F, 0xF81F, 0xF81F, 0xF81F, 0xF81F, 0xF81F, 0xF81F, 0xF81F, 0xF81F, 0xF81F,
  0xF81F, 0xF81F, 0xF81F, 0xF81F, 0xF81F, 0xF81F, 0xF81F, 0xF81F, 0xF81F, 0xF81F,
  0x7DAA, 0x756A, 0x758A, 0x756A, 0x758A, 0x7D8A, 0x7DEB, 0x758A, 0x758A, 0x758A,
  0x758A, 0x758A, 0x758A, 0x85EB, 0x758A, 0x758A, 0x756B, 0x75AA, 0x756A, 0x7DEA,
  0xF81F, 0xF81F, 0xF81F, 0xF81F, 0xF81F, 0xF81F, 0xF81F, 0xF81F, 0xF81F, 0xF81F,
  0xF81F, 0xF81F, 0xF81F, 0xF81F, 0xF81F, 0xF81F, 0xF81F, 0xF81F, 0xF81F, 0x758A,
  0x7DAA, 0x7D8A, 0x7DAA, 0x7DAA, 0x7DAA, 0x758A, 0x758A, 0x758A, 0x758A, 0x758A,
  0x758A, 0x758A, 0x758A, 0x758A, 0x7D8A, 0x7DAA, 0x7DAA, 0x7DAA, 0x758A, 0x7DCB,
  0x758A, 0xF81F, 0xF81F, 0xF81F, 0xF81F, 0xF81F, 0xF81F, 0xF81F, 0xF81F, 0xF81F,
  0xF81F, 0xF81F, 0xF81F, 0xF81F, 0xF81F, 0xF81F, 0xF81F, 0xF81F, 0xF81F, 0x758A,
  0x7DEB, 0x758A, 0x758A, 0x758A, 0x758A, 0x758A, 0x758A, 0x758A, 0x758A, 0x758A,
  0x758A, 0x758A, 0x758A, 0x758A, 0x758A, 0x758A, 0x758A, 0x758A, 0x758A, 0x7DEB,
  0x758A, 0xF81F, 0xF81F, 0xF81F, 0xF81F, 0xF81F, 0xF81F, 0xF81F, 0xF81F, 0xF81F,
  0xF81F, 0xF81F, 0xF81F, 0xF81F, 0xF81F, 0xF81F, 0xF81F, 0xF81F, 0xF81F, 0xF81F,
  0x758A, 0x7DEB, 0x758A, 0x758A, 0x758A, 0x758A, 0x758A, 0x758A, 0x758A, 0x758A,
  0x758A, 0x758A, 0x758A, 0x758A, 0x758A, 0x758A, 0x758A, 0x758A, 0x7DEB, 0x758A,
  0xF81F, 0xF81F, 0xF81F, 0xF81F, 0xF81F, 0xF81F, 0xF81F, 0xF81F, 0xF81F, 0xF81F,
  0xF81F, 0xF81F, 0xF81F, 0xF81F, 0xF81F, 0xF81F, 0xF81F, 0xF81F, 0xF81F, 0xF81F,
  0xF81F, 0x758A, 0x7DEB, 0x758A, 0x758A, 0x758A, 0x758A, 0x758A, 0x758A, 0x758A,
  0x758A, 0x758A, 0x758A, 0x758A, 0x758A, 0x758A, 0x758A, 0x7DEB, 0x758A, 0xF81F,
  0xF81F, 0xF81F, 0xF81F, 0xF81F, 0xF81F, 0xF81F, 0xF81F, 0xF81F, 0xF81F, 0xF81F,
  0xF81F, 0xF81F, 0xF81F, 0xF81F, 0xF81F, 0xF81F, 0xF81F, 0xF81F, 0xF81F, 0xF81F,
  0xF81F, 0xF81F, 0x758A, 0x7DEB, 0x758A, 0x758A, 0x758A, 0x758A, 0x758A, 0x758A,
  0x758A, 0x758A, 0x758A, 0x758A, 0x758A, 0x758A, 0x7DEB, 0x758A, 0xF81F, 0xF81F,
  0xF81F, 0xF81F, 0xF81F, 0xF81F, 0xF81F, 0xF81F, 0xF81F, 0xF81F, 0xF81F, 0xF81F,
  0xF81F, 0xF81F, 0xF81F, 0xF81F, 0xF81F, 0xF81F, 0xF81F, 0xF81F, 0xF81F, 0xF81F,
  0xF81F, 0xF81F, 0xF81F, 0x758A, 0x7DEB, 0x758A, 0x758A, 0x758A, 0x758A, 0x758A,
  0x758A, 0x758A, 0x758A, 0x758A, 0x758A, 0x7DEB, 0x758A, 0xF81F, 0xF81F, 0xF81F,
  0xF81F, 0xF81F, 0xF81F, 0xF81F, 0xF81F, 0xF81F, 0xF81F, 0xF81F, 0xF81F, 0xF81F,
  0xF81F, 0xF81F, 0xF81F, 0xF81F, 0xF81F, 0xF81F, 0xF81F, 0xF81F, 0xF81F, 0xF81F,
  0xF81F, 0xF81F, 0xF81F, 0xF81F, 0x758A, 0x7DEB, 0x758A, 0x758A, 0x758A, 0x758A,
  0x758A, 0x758A, 0x758A, 0x758A, 0x7DEB, 0x758A, 0xF81F, 0xF81F, 0xF81F, 0xF81F,
  0xF81F, 0xF81F, 0xF81F, 0xF81F, 0xF81F, 0xF81F, 0xF81F, 0xF81F, 0xF81F, 0xF81F,
  0xF81F, 0xF81F, 0xF81F, 0xF81F, 0xF81F, 0xF81F, 0xF81F, 0xF81F, 0xF81F, 0xF81F,
  0xF81F, 0xF81F, 0xF81F, 0xF81F, 0xF81F, 0x758A, 0x7DEB, 0x758A, 0x758A, 0x758A,
  0x758A, 0x758A, 0x758A, 0x7DEB, 0x758A, 0xF81F, 0xF81F, 0xF81F, 0xF81F, 0xF81F,
  0xF81F, 0xF81F, 0xF81F, 0xF81F, 0xF81F, 0xF81F, 0xF81F, 0xF81F, 0xF81F, 0xF81F,
  0xF81F, 0xF81F, 0xF81F, 0xF81F, 0xF81F, 0xF81F, 0xF81F, 0xF81F, 0xF81F, 0xF81F,
  0xF81F, 0xF81F, 0xF81F, 0xF81F, 0xF81F, 0xF81F, 0x758A, 0x7DEB, 0x758A, 0x758A,
  0x758A, 0x758A, 0x7DEB, 0x758A, 0xF81F, 0xF81F, 0xF81F, 0xF81F, 0xF81F, 0xF81F,
  0xF81F, 0xF81F, 0xF81F, 0xF81F, 0xF81F, 0xF81F, 0xF81F, 0xF81F, 0xF81F, 0xF81F,
  0xF81F, 0xF81F, 0xF81F, 0xF81F, 0xF81F, 0xF81F, 0xF81F, 0xF81F, 0xF81F, 0xF81F,
  0xF81F, 0xF81F, 0xF81F, 0xF81F, 0xF81F, 0xF81F, 0xF81F, 0x758A, 0x7DEB, 0x7D8A,
  0x7DAA, 0x7DEB, 0x758A, 0xF81F, 0xF81F, 0xF81F, 0xF81F, 0xF81F, 0xF81F, 0xF81F,
  0xF81F, 0xF81F, 0xF81F, 0xF81F, 0xF81F, 0xF81F, 0xF81F, 0xF81F, 0xF81F, 0xF81F,
  0xF81F, 0xF81F, 0xF81F, 0xF81F, 0xF81F, 0xF81F, 0xF81F, 0xF81F, 0xF81F, 0xF81F,
  0xF81F, 0xF81F, 0xF81F, 0xF81F, 0xF81F, 0xF81F, 0xF81F, 0xF81F, 0x758A, 0x7DAA,
  0x7DAA, 0x758A, 0xF81F, 0xF81F, 0xF81F, 0xF81F, 0xF81F, 0xF81F, 0xF81F, 0xF81F,
  0xF81F, 0xF81F, 0xF81F, 0xF81F, 0xF81F, 0xF81F, 0xF81F, 0xF81F, 0xF81F, 0xF81F,
  0xF81F, 0xF81F, 0xF81F, 0xF81F, 0xF81F, 0xF81F, 0xF81F, 0xF81F, 0xF81F, 0xF81F,
  0xF81F, 0xF81F, 0xF81F, 0xF81F, 0xF81F, 0xF81F, 0xF81F, 0xF81F, 0xF81F, 0xF81F,
  0xF81F, 0xF81F, 0xF81F, 0xF81F, 0xF81F, 0xF81F, 0xF81F, 0xF81F, 0xF81F, 0xF81F,
  0xF81F, 0xF81F, 0xF81F, 0xF81F, 0xF81F, 0xF81F, 0xF81F, 0xF81F, 0xF81F, 0xF81F,
  0xF81F, 0xF81F, 0xF81F, 0xF81F, 0xF81F, 0xF81F, 0xF81F, 0xF81F, 0xF81F, 0xF81F,
  0xF81F, 0xF81F, 0xF81F, 0xF81F, 0xF81F, 0xF81F, 0xF81F, 0xF81F, 0xF81F, 0xF81F,
  0xF81F, 0xF81F, 0xF81F, 0xF81F, 0xF81F, 0xF81F, 0xF81F, 0xF81F, 0xF81F, 0xF81F,
  0xF81F, 0xF81F, 0xF81F, 0xF81F, 0xF81F, 0xF81F, 0xF81F, 0xF81F, 0xF81F, 0xF81F,
  0xF81F, 0xDD10, 0xDD10, 0xDCF0, 0xDCF0, 0xDCF0, 0xDCF0, 0xDCF0, 0xDCF0, 0xDCF0,
  0xD4F0, 0xDD30, 0x79E5, 0x60C1, 0x6102, 0x6102, 0x6102, 0x6102, 0x6102, 0x6102,
  0x6102, 0x6102, 0x6102, 0x6102, 0x6102, 0x6102, 0x60C1, 0x79E5, 0xDD30, 0xD4F0,
  0xDCF0, 0xDCF0, 0xDCF0, 0xDCF0, 0xDCF0, 0xDCF0, 0xDCF0, 0xDD10, 0xDD10, 0xF81F,
  0xDCF0, 0xED51, 0xE531, 0xE531, 0xE531, 0xE531, 0xE531, 0xE531, 0xE531, 0xE531,
  0xE531, 0xED71, 0x8A06, 0x60E1, 0x6922, 0x6902, 0x6902, 0x6902, 0x6902, 0x6902,
  0x6902, 0x6902, 0x6902, 0x6902, 0x6902, 0x6922, 0x60E1, 0x8A06, 0xED71, 0xE531,
  0xE531, 0xE531, 0xE531, 0xE531, 0xE531, 0xE531, 0xE531, 0xE531, 0xED51, 0xDCF0,
  0xDCF0, 0xDCF0, 0xDCF0, 0xDCF0, 0xDCF0, 0xDCF0, 0xDCF0, 0xDCF0, 0xDCF0, 0xDCF0,
  0xDCF0, 0xDD11, 0x9AE8, 0x58C1, 0x6102, 0x6102, 0x6102, 0x6102, 0x6102, 0x6102,
  0x6102, 0x6102, 0x6102, 0x6102, 0x6102, 0x6102, 0x58C1, 0x9AE8, 0xDD11, 0xDCF0,
  0xDCF0, 0xDCF0, 0xDCF0, 0xDCF0, 0xDCF0, 0xDCF0, 0xDCF0, 0xDCF0, 0xDCF0, 0xDCF0,
  0xDCF0, 0xDCF0, 0xDCF0, 0xDCF0, 0xDCF0, 0xDCF0, 0xDCF0, 0xDCF0, 0xDCF0, 0xDCF0,
  0xDCF0, 0xDD10, 0xC42D, 0x6102, 0x6102, 0x6102, 0x6102, 0x6102, 0x6102, 0x6102,
  0x6102, 0x6102, 0x6102, 0x6102, 0x6102, 0x6102, 0x6102, 0xC42D, 0xDD10, 0xDCF0,
  0xDCF0, 0xDCF0, 0xDCF0, 0xDCF0, 0xDCF0, 0xDCF0, 0xDCF0, 0xDCF0, 0xDCF0, 0xDCF0,
  0xDCF0, 0xDCF0, 0xDCF0, 0xDCF0, 0xDCF0, 0xDCF0, 0xDCF0, 0xDCF0, 0xDCF0, 0xDCF0,
  0xDCF0, 0xDCF0, 0xDD30, 0x92A8, 0x58C1, 0x6922, 0x6102, 0x6102, 0x6102, 0x6102,
  0x6102, 0x6102, 0x6102, 0x6102, 0x6922, 0x58C1, 0x92A8, 0xDD30, 0xDCF0, 0xDCF0,
  0xDCF0, 0xDCF0, 0xDCF0, 0xDCF0, 0xDCF0, 0xDCF0, 0xDCF0, 0xDCF0, 0xDCF0, 0xDCF0,
  0xDCF0, 0xDCF0, 0xDCF0, 0xDCF0, 0xDCF0, 0xDCF0, 0xDCF0, 0xDCF0, 0xDCF0, 0xDCF0,
  0xDCF0, 0xDCF0, 0xDCF0, 0xD4CF, 0x79E5, 0x58C1, 0x6102, 0x6902, 0x6102, 0x6102,
  0x6102, 0x6102, 0x6902, 0x6102, 0x58C1, 0x79E5, 0xD4CF, 0xDCF0, 0xDCF0, 0xDCF0,
  0xDCF0, 0xDCF0, 0xDCF0, 0xDCF0, 0xDCF0, 0xDCF0, 0xDCF0, 0xDCF0, 0xDCF0, 0xDCF0,
  0xDCF0, 0xDCF0, 0xDCF0, 0xDCF0, 0xDCF0, 0xDCF0, 0xDCF0, 0xDCF0, 0xDCF0, 0xDCF0,
  0xDCF0, 0xDCF0, 0xDCF0, 0xDD10, 0xD4AF, 0x8A67, 0x60E1, 0x58C1, 0x60E2, 0x60E2,
  0x60E2, 0x60E2, 0x58C1, 0x60E1, 0x8A67, 0xD4AF, 0xDD10, 0xDCF0, 0xDCF0, 0xDCF0,
  0xDCF0, 0xDCF0, 0xDCF0, 0xDCF0, 0xDCF0, 0xDCF0, 0xDCF0, 0xDCF0, 0xDCF0, 0xDCF0,
  0xDCF0, 0xDCF0, 0xDCF0, 0xDCF0, 0xDCF0, 0xDCF0, 0xDCF0, 0xDCF0, 0xDCF0, 0xDCF0,
  0xDCF0, 0xDCF0, 0xDCF0, 0xDCF0, 0xDD10, 0xDD10, 0xB3CC, 0x8A47, 0x7163, 0x6923,
  0x6923, 0x7163, 0x8A47, 0xB3CC, 0xDD10, 0xDD10, 0xDCF0, 0xDCF0, 0xDCF0, 0xDCF0,
  0xDCF0, 0xDCF0, 0xDCF0, 0xDCF0, 0xDCF0, 0xDCF0, 0xDCF0, 0xDCF0, 0xDCF0, 0xDCF0,
  0xDCF0, 0xDCF0, 0xDCF0, 0xDCF0, 0xDCF0, 0xDCF0, 0xDCF0, 0xDCF0, 0xDCF0, 0xDCF0,
  0xDCF0, 0xDCF0, 0xDCF0, 0xDCF0, 0xDCF0, 0xDCF0, 0xE531, 0xDD10, 0xD4CF, 0xD4CF,
  0xD4CF, 0xD4CF, 0xDD10, 0xE531, 0xDCF0, 0xDCF0, 0xDCF0, 0xDCF0, 0xDCF0, 0xDCF0,
  0xDCF0, 0xDCF0, 0xDCF0, 0xDCF0, 0xDCF0, 0xDCF0, 0xDCF0, 0xDCF0, 0xDCF0, 0xDCF0,
  0xDCF0, 0xDCF0, 0xDCF0, 0xDCF0, 0xDCF0, 0xDCF0, 0xDCF0, 0xDCF0, 0xDCF0, 0xDCF0,
  0xDCF0, 0xDCF0, 0xDCF0, 0xDCF0, 0xDCF0, 0xDCF0, 0xDCF0, 0xDCF0, 0xDCF0, 0xDD10,
  0xDD10, 0xDCF0, 0xDCF0, 0xDCF0, 0xDCF0, 0xDCF0, 0xDCF0, 0xDCF0, 0xDCF0, 0xDCF0,
  0xDCF0, 0xDCF0, 0xDCF0, 0xDCF0, 0xDCF0, 0xDCF0, 0xDCF0, 0xDCF0, 0xDCF0, 0xDCF0,
  0xDCF0, 0xDCF0, 0xDCF0, 0xDCF0, 0xDCF0, 0xDCF0, 0xDCF0, 0xDCF0, 0xDCF0, 0xDCF0,
  0xDCF0, 0xDCF0, 0xDCF0, 0xDCF0, 0xDCF0, 0xDCF0, 0xDCF0, 0xDCF0, 0xDCF0, 0xDCF0,
  0xDCF0, 0xDCF0, 0xDCF0, 0xDCF0, 0xDCF0, 0xDCF0, 0xDCF0, 0xDCF0, 0xDCF0, 0xDCF0,
  0xDCF0, 0xDCF0, 0xDCF0, 0xDCF0, 0xDCF0, 0xDCF0, 0xDCF0, 0xDCF0, 0xDCF0, 0xDCF0,
  0xDCF0, 0xDCF0, 0xDCF0, 0xDCF0, 0xDCF0, 0xDCF0, 0xDCF0, 0xDCF0, 0xDCF0, 0xDCF0,
  0xDCF0, 0xDCF0, 0xDCF0, 0xDCF0, 0xDCF0, 0xDCF0, 0xDCF0, 0xDCF0, 0xDCF0, 0xDCF0,
  0xDCF0, 0xDCF0, 0xDCF0, 0xDCF0, 0xDCF0, 0xDCF0, 0xDCF0, 0xDCF0, 0xDCF0, 0xDCF0,
  0xDCF0, 0xDCF0, 0xDCF0, 0xDCF0, 0xDCF0, 0xDCF0, 0xDCF0, 0xDCF0, 0xDCF0, 0xDCF0,
  0xDD10, 0xDD10, 0xDD10, 0xDD10, 0xDD10, 0xDD10, 0xDD10, 0xDD10, 0xDD10, 0xDD10,
  0xDD10, 0xDD10, 0xDD10, 0xDD10, 0xDD10, 0xDD10, 0xDD10, 0xDD10, 0xDD10, 0xDD10,
  0xDD10, 0xDD10, 0xDD10, 0xDD10, 0xDD10, 0xDD10, 0xDD10, 0xDD10, 0xDD10, 0xDD10,
  0xDD10, 0xDD10, 0xDD10, 0xDD10, 0xDD10, 0xDD10, 0xDD10, 0xDD10, 0xDD10, 0xDD10,
  0xCC2D, 0xCC2D, 0xCC2D, 0xCC2D, 0xCC2D, 0xCC2D, 0xCC2D, 0xCC2D, 0xCC2D, 0xCC2D,
  0xCC2D, 0xCC2D, 0xCC2D, 0xCC2D, 0xCC2D, 0xCC2D, 0xCC2D, 0xCC2D, 0xCC2D, 0xCC2D,
  0xCC2D, 0xCC2D, 0xCC2D, 0xCC2D, 0xCC2D, 0xCC2D, 0xCC2D, 0xCC2D, 0xCC2D, 0xCC2D,
  0xCC2D, 0xCC2D, 0xCC2D, 0xCC2D, 0xCC2D, 0xCC2D, 0xCC2D, 0xCC2D, 0xCC2D, 0xCC2D,
  0xBB29, 0xBB29, 0xBB29, 0xBB29, 0xBB29, 0xBB29, 0xBB29, 0xBB29, 0xBB29, 0xBB29,
  0xBB29, 0xBB29, 0xBB29, 0xBB29, 0xBB29, 0xBB29, 0xBB29, 0xBB29, 0xBB29, 0xBB29,
  0xBB29, 0xBB29, 0xBB29, 0xBB29, 0xBB29, 0xBB29, 0xBB29, 0xBB29, 0xBB29, 0xBB29,
  0xBB29, 0xBB29, 0xBB29, 0xBB29, 0xBB29, 0xBB29, 0xBB29, 0xBB29, 0xBB29, 0xBB29,
  0xC34A, 0xCB8A, 0xC349, 0xC34A, 0xC34A, 0xC34A, 0xC34A, 0xC34A, 0xC34A, 0xC34A,
  0xC34A, 0xC34A, 0xC34A, 0xC34A, 0xC34A, 0xC34A, 0xC34A, 0xC34A, 0xC34A, 0xC34A,
  0xC34A, 0xC34A, 0xC34A, 0xC34A, 0xC34A, 0xC34A, 0xC34A, 0xC34A, 0xC34A, 0xC34A,
  0xC34A, 0xC34A, 0xC34A, 0xC34A, 0xC34A, 0xC34A, 0xC34A, 0xC349, 0xCB8A, 0xC34A,
  0xBB29, 0xC349, 0xCB6A, 0xC349, 0xC349, 0xC349, 0xC349, 0xC349, 0xC349, 0xC349,
  0xC349, 0xC349, 0xC349, 0xC349, 0xC349, 0xC349, 0xC349, 0xC349, 0xC349, 0xC349,
  0xC349, 0xC349, 0xC349, 0xC349, 0xC349, 0xC349, 0xC349, 0xC349, 0xC349, 0xC349,
  0xC349, 0xC349, 0xC349, 0xC349, 0xC349, 0xC349, 0xC349, 0xCB6A, 0xC349, 0xBB29,
  0xF81F, 0xBB09, 0xC349, 0xC349, 0xC34A, 0xC349, 0xC349, 0xC349, 0xC349, 0xC349,
  0xC349, 0xC349, 0xC349, 0xC349, 0xC349, 0xC349, 0xC349, 0xC349, 0xC349, 0xC349,
  0xC349, 0xC349, 0xC349, 0xC349, 0xC349, 0xC349, 0xC349, 0xC349, 0xC349, 0xC349,
  0xC349, 0xC349, 0xC349, 0xC349, 0xC349, 0xC34A, 0xC349, 0xC349, 0xBB09, 0xF81F
};

static const uint16_t kEmoji_outbox[1600] PROGMEM = {
  0xF81F, 0xF81F, 0xF81F, 0xF81F, 0xF81F, 0xF81F, 0xF81F, 0xF81F, 0xF81F, 0xF81F,
  0xF81F, 0xF81F, 0xF81F, 0xF81F, 0xF81F, 0xF81F, 0xF81F, 0xF81F, 0xD968, 0xD968,
  0xD968, 0xD968, 0xF81F, 0xF81F, 0xF81F, 0xF81F, 0xF81F, 0xF81F, 0xF81F, 0xF81F,
  0xF81F, 0xF81F, 0xF81F, 0xF81F, 0xF81F, 0xF81F, 0xF81F, 0xF81F, 0xF81F, 0xF81F,
  0xF81F, 0xF81F, 0xF81F, 0xF81F, 0xF81F, 0xF81F, 0xF81F, 0xF81F, 0xF81F, 0xF81F,
  0xF81F, 0xF81F, 0xF81F, 0xF81F, 0xF81F, 0xF81F, 0xF81F, 0xD968, 0xE989, 0xD968,
  0xD968, 0xE989, 0xD968, 0xF81F, 0xF81F, 0xF81F, 0xF81F, 0xF81F, 0xF81F, 0xF81F,
  0xF81F, 0xF81F, 0xF81F, 0xF81F, 0xF81F, 0xF81F, 0xF81F, 0xF81F, 0xF81F, 0xF81F,
  0xF81F, 0xF81F, 0xF81F, 0xF81F, 0xF81F, 0xF81F, 0xF81F, 0xF81F, 0xF81F, 0xF81F,
  0xF81F, 0xF81F, 0xF81F, 0xF81F, 0xF81F, 0xF81F, 0xD968, 0xE989, 0xD968, 0xD968,
  0xD968, 0xD968, 0xE989, 0xD968, 0xF81F, 0xF81F, 0xF81F, 0xF81F, 0xF81F, 0xF81F,
  0xF81F, 0xF81F, 0xF81F, 0xF81F, 0xF81F, 0xF81F, 0xF81F, 0xF81F, 0xF81F, 0xF81F,
  0xF81F, 0xF81F, 0xF81F, 0xF81F, 0xF81F, 0xF81F, 0xF81F, 0xF81F, 0xF81F, 0xF81F,
  0xF81F, 0xF81F, 0xF81F, 0xF81F, 0xF81F, 0xD968, 0xE989, 0xD968, 0xD968, 0xD968,
  0xD968, 0xD968, 0xD968, 0xE989, 0xD968, 0xF81F, 0xF81F, 0xF81F, 0xF81F, 0xF81F,
  0xF81F, 0xF81F, 0xF81F, 0xF81F, 0xF81F, 0xF81F, 0xF81F, 0xF81F, 0xF81F, 0xF81F,
  0xF81F, 0xF81F, 0xF81F, 0xF81F, 0xF81F, 0xF81F, 0xF81F, 0xF81F, 0xF81F, 0xF81F,
  0xF81F, 0xF81F, 0xF81F, 0xF81F, 0xD968, 0xE989, 0xD968, 0xD968, 0xD968, 0xD968,
  0xD968, 0xD968, 0xD968, 0xD968, 0xE989, 0xD968, 0xF81F, 0xF81F, 0xF81F, 0xF81F,
  0xF81F, 0xF81F, 0xF81F, 0xF81F, 0xF81F, 0xF81F, 0xF81F, 0xF81F, 0xF81F, 0xF81F,
  0xF81F, 0xF81F, 0xF81F, 0xF81F, 0xF81F, 0xF81F, 0xF81F, 0xF81F, 0xF81F, 0xF81F,
  0xF81F, 0xF81F, 0xF81F, 0xD968, 0xE989, 0xD968, 0xD968, 0xD968, 0xD968, 0xD968,
  0xD968, 0xD968, 0xD968, 0xD968, 0xD968, 0xE989, 0xD968, 0xF81F, 0xF81F, 0xF81F,
  0xF81F, 0xF81F, 0xF81F, 0xF81F, 0xF81F, 0xF81F, 0xF81F, 0xF81F, 0xF81F, 0xF81F,
  0xF81F, 0xF81F, 0xF81F, 0xF81F, 0xF81F, 0xF81F, 0xF81F, 0xF81F, 0xF81F, 0xF81F,
  0xF81F, 0xF81F, 0xD968, 0xE989, 0xD968, 0xD968, 0xD968, 0xD968, 0xD968, 0xD968,
  0xD968, 0xD968, 0xD968, 0xD968, 0xD968, 0xD968, 0xE989, 0xD968, 0xF81F, 0xF81F,
  0xF81F, 0xF81F, 0xF81F, 0xF81F, 0xF81F, 0xF81F, 0xF81F, 0xF81F, 0xF81F, 0xF81F,
  0xF81F, 0xF81F, 0xF81F, 0xF81F, 0xF81F, 0xF81F, 0xF81F, 0xF81F, 0xF81F, 0xF81F,
  0xF81F, 0xD968, 0xE989, 0xD968, 0xD968, 0xD968, 0xD968, 0xD968, 0xD968, 0xD968,
  0xD968, 0xD968, 0xD968, 0xD968, 0xD968, 0xD968, 0xD968, 0xE989, 0xD968, 0xF81F,
  0xF81F, 0xF81F, 0xF81F, 0xF81F, 0xF81F, 0xF81F, 0xF81F, 0xF81F, 0xF81F, 0xF81F,
  0xF81F, 0xF81F, 0xF81F, 0xF81F, 0xF81F, 0xF81F, 0xF81F, 0xF81F, 0xF81F, 0xF81F,
  0xD968, 0xE989, 0xD968, 0xD968, 0xD968, 0xD968, 0xD968, 0xD968, 0xD968, 0xD968,
  0xD968, 0xD968, 0xD968, 0xD968, 0xD968, 0xD968, 0xD968, 0xD968, 0xE989, 0xD968,
  0xF81F, 0xF81F, 0xF81F, 0xF81F, 0xF81F, 0xF81F, 0xF81F, 0xF81F, 0xF81F, 0xF81F,
  0xF81F, 0xF81F, 0xF81F, 0xF81F, 0xF81F, 0xF81F, 0xF81F, 0xF81F, 0xF81F, 0xD968,
  0xE989, 0xD968, 0xD968, 0xD968, 0xD968, 0xD968, 0xD968, 0xD968, 0xD968, 0xD968,
  0xD968, 0xD968, 0xD968, 0xD968, 0xD968, 0xD968, 0xD968, 0xD968, 0xD968, 0xE989,
  0xD968, 0xF81F, 0xF81F, 0xF81F, 0xF81F, 0xF81F, 0xF81F, 0xF81F, 0xF81F, 0xF81F,
  0xF81F, 0xF81F, 0xF81F, 0xF81F, 0xF81F, 0xF81F, 0xF81F, 0xF81F, 0xF81F, 0xD968,
  0xE168, 0xD968, 0xD968, 0xD968, 0xD968, 0xD968, 0xD968, 0xD968, 0xD968, 0xD968,
  0xD968, 0xD968, 0xD968, 0xD968, 0xD968, 0xD968, 0xD968, 0xD968, 0xD968, 0xE168,
  0xD968, 0xF81F, 0xF81F, 0xF81F, 0xF81F, 0xF81F, 0xF81F, 0xF81F, 0xF81F, 0xF81F,
  0xF81F, 0xF81F, 0xF81F, 0xF81F, 0xF81F, 0xF81F, 0xF81F, 0xF81F, 0xF81F, 0xF81F,
  0xE168, 0xD968, 0xD968, 0xD988, 0xD968, 0xD968, 0xE989, 0xD968, 0xD968, 0xD968,
  0xD968, 0xD968, 0xD968, 0xE989, 0xD968, 0xD968, 0xD988, 0xD968, 0xD968, 0xE168,
  0xF81F, 0xF81F, 0xF81F, 0xF81F, 0xF81F, 0xF81F, 0xF81F, 0xF81F, 0xF81F, 0xF81F,
  0xF81F, 0xF81F, 0xF81F, 0xF81F, 0xF81F, 0xF81F, 0xF81F, 0xF81F, 0xF81F, 0xF81F,
  0xF81F, 0xF81F, 0xF81F, 0xF81F, 0xF81F, 0xD968, 0xF189, 0xD968, 0xD968, 0xD968,
  0xD968, 0xD968, 0xD968, 0xF189, 0xD968, 0xF81F, 0xF81F, 0xF81F, 0xF81F, 0xF81F,
  0xF81F, 0xF81F, 0xF81F, 0xF81F, 0xF81F, 0xF81F, 0xF81F, 0xF81F, 0xF81F, 0xF81F,
  0xF81F, 0xF81F, 0xF81F, 0xF81F, 0xF81F, 0xF81F, 0xF81F, 0xF81F, 0xF81F, 0xF81F,
  0xF81F, 0xF81F, 0xF81F, 0xF81F, 0xF81F, 0xD968, 0xF189, 0xD968, 0xD968, 0xD968,
  0xD968, 0xD968, 0xD968, 0xF189, 0xD968, 0xF81F, 0xF81F, 0xF81F, 0xF81F, 0xF81F,
  0xF81F, 0xF81F, 0xF81F, 0xF81F, 0xF81F, 0xF81F, 0xF81F, 0xF81F, 0xF81F, 0xF81F,
  0xF81F, 0xF81F, 0xF81F, 0xF81F, 0xF81F, 0xF81F, 0xF81F, 0xF81F, 0xF81F, 0xF81F,
  0xF81F, 0xF81F, 0xF81F, 0xF81F, 0xF81F, 0xD968, 0xF189, 0xD968, 0xD968, 0xD968,
  0xD968, 0xD968, 0xD968, 0xF189, 0xD968, 0xF81F, 0xF81F, 0xF81F, 0xF81F, 0xF81F,
  0xF81F, 0xF81F, 0xF81F, 0xF81F, 0xF81F, 0xF81F, 0xF81F, 0xF81F, 0xF81F, 0xF81F,
  0xF81F, 0xF81F, 0xF81F, 0xF81F, 0xF81F, 0xF81F, 0xF81F, 0xF81F, 0xF81F, 0xF81F,
  0xF81F, 0xF81F, 0xF81F, 0xF81F, 0xF81F, 0xD968, 0xF189, 0xD968, 0xD968, 0xD968,
  0xD968, 0xD968, 0xD968, 0xF189, 0xD968, 0xF81F, 0xF81F, 0xF81F, 0xF81F, 0xF81F,
  0xF81F, 0xF81F, 0xF81F, 0xF81F, 0xF81F, 0xF81F, 0xF81F, 0xF81F, 0xF81F, 0xF81F,
  0xF81F, 0xF81F, 0xF81F, 0xF81F, 0xF81F, 0xF81F, 0xF81F, 0xF81F, 0xF81F, 0xF81F,
  0xF81F, 0xF81F, 0xF81F, 0xF81F, 0xF81F, 0xD968, 0xF189, 0xD968, 0xD968, 0xD968,
  0xD968, 0xD968, 0xD968, 0xF189, 0xD968, 0xF81F, 0xF81F, 0xF81F, 0xF81F, 0xF81F,
  0xF81F, 0xF81F, 0xF81F, 0xF81F, 0xF81F, 0xF81F, 0xF81F, 0xF81F, 0xF81F, 0xF81F,
  0xF81F, 0xF81F, 0xF81F, 0xF81F, 0xF81F, 0xF81F, 0xF81F, 0xF81F, 0xF81F, 0xF81F,
  0xF81F, 0xF81F, 0xF81F, 0xF81F, 0xF81F, 0xD948, 0xF189, 0xD968, 0xD968, 0xD968,
  0xD968, 0xD968, 0xD968, 0xF189, 0xD948, 0xF81F, 0xF81F, 0xF81F, 0xF81F, 0xF81F,
  0xF81F, 0xF81F, 0xF81F, 0xF81F, 0xF81F, 0xF81F, 0xF81F, 0xF81F, 0xF81F, 0xF81F,
  0xF81F, 0xF81F, 0xF81F, 0xF81F, 0xF81F, 0xF81F, 0xF81F, 0xF81F, 0xF81F, 0xF81F,
  0xF81F, 0xF81F, 0xF81F, 0xF81F, 0xF81F, 0xD968, 0xF189, 0xD968, 0xE168, 0xE168,
  0xE168, 0xE168, 0xD968, 0xF189, 0xD968, 0xF81F, 0xF81F, 0xF81F, 0xF81F, 0xF81F,
  0xF81F, 0xF81F, 0xF81F, 0xF81F, 0xF81F, 0xF81F, 0xF81F, 0xF81F, 0xF81F, 0xF81F,
  0xF81F, 0xF81F, 0xF81F, 0xF81F, 0xF81F, 0xF81F, 0xF81F, 0xF81F, 0xF81F, 0xF81F,
  0xF81F, 0xF81F, 0xF81F, 0xF81F, 0xF81F, 0xF81F, 0xD968, 0xE168, 0xD968, 0xD968,
  0xD968, 0xD968, 0xE168, 0xD968, 0xF81F, 0xF81F, 0xF81F, 0xF81F, 0xF81F, 0xF81F,
  0xF81F, 0xF81F, 0xF81F, 0xF81F, 0xF81F, 0xF81F, 0xF81F, 0xF81F, 0xF81F, 0xF81F,
  0xF81F, 0xF81F, 0xF81F, 0xF81F, 0xF81F, 0xF81F, 0xF81F, 0xF81F, 0xF81F, 0xF81F,
  0xF81F, 0xF81F, 0xF81F, 0xF81F, 0xF81F, 0xF81F, 0xF81F, 0xF81F, 0xF81F, 0xF81F,
  0xF81F, 0xF81F, 0xF81F, 0xF81F, 0xF81F, 0xF81F, 0xF81F, 0xF81F, 0xF81F, 0xF81F,
  0xF81F, 0xF81F, 0xF81F, 0xF81F, 0xF81F, 0xF81F, 0xF81F, 0xF81F, 0xF81F, 0xF81F,
  0xF81F, 0xF81F, 0xF81F, 0xF81F, 0xF81F, 0xF81F, 0xF81F, 0xF81F, 0xF81F, 0xF81F,
  0xF81F, 0xF81F, 0xF81F, 0xF81F, 0xF81F, 0xF81F, 0xF81F, 0xF81F, 0xF81F, 0xF81F,
  0xF81F, 0xF81F, 0xF81F, 0xF81F, 0xF81F, 0xF81F, 0xF81F, 0xF81F, 0xF81F, 0xF81F,
  0xF81F, 0xF81F, 0xF81F, 0xF81F, 0xF81F, 0xF81F, 0xF81F, 0xF81F, 0xF81F, 0xF81F,
  0xF81F, 0xDD10, 0xDD10, 0xDCF0, 0xDCF0, 0xDCF0, 0xDCF0, 0xDCF0, 0xDCF0, 0xDCF0,
  0xD4F0, 0xDD30, 0x79E5, 0x60C1, 0x6102, 0x6102, 0x6102, 0x6102, 0x6102, 0x6102,
  0x6102, 0x6102, 0x6102, 0x6102, 0x6102, 0x6102, 0x60C1, 0x79E5, 0xDD30, 0xD4F0,
  0xDCF0, 0xDCF0, 0xDCF0, 0xDCF0, 0xDCF0, 0xDCF0, 0xDCF0, 0xDD10, 0xDD10, 0xF81F,
  0xDCF0, 0xED51, 0xE531, 0xE531, 0xE531, 0xE531, 0xE531, 0xE531, 0xE531, 0xE531,
  0xE531, 0xED71, 0x8A06, 0x60E1, 0x6922, 0x6902, 0x6902, 0x6902, 0x6902, 0x6902,
  0x6902, 0x6902, 0x6902, 0x6902, 0x6902, 0x6922, 0x60E1, 0x8A06, 0xED71, 0xE531,
  0xE531, 0xE531, 0xE531, 0xE531, 0xE531, 0xE531, 0xE531, 0xE531, 0xED51, 0xDCF0,
  0xDCF0, 0xDCF0, 0xDCF0, 0xDCF0, 0xDCF0, 0xDCF0, 0xDCF0, 0xDCF0, 0xDCF0, 0xDCF0,
  0xDCF0, 0xDD11, 0x9AE8, 0x58C1, 0x6102, 0x6102, 0x6102, 0x6102, 0x6102, 0x6102,
  0x6102, 0x6102, 0x6102, 0x6102, 0x6102, 0x6102, 0x58C1, 0x9AE8, 0xDD11, 0xDCF0,
  0xDCF0, 0xDCF0, 0xDCF0, 0xDCF0, 0xDCF0, 0xDCF0, 0xDCF0, 0xDCF0, 0xDCF0, 0xDCF0,
  0xDCF0, 0xDCF0, 0xDCF0, 0xDCF0, 0xDCF0, 0xDCF0, 0xDCF0, 0xDCF0, 0xDCF0, 0xDCF0,
  0xDCF0, 0xDD10, 0xC42D, 0x6102, 0x6102, 0x6102, 0x6102, 0x6102, 0x6102, 0x6102,
  0x6102, 0x6102, 0x6102, 0x6102, 0x6102, 0x6102, 0x6102, 0xC42D, 0xDD10, 0xDCF0,
  0xDCF0, 0xDCF0, 0xDCF0, 0xDCF0, 0xDCF0, 0xDCF0, 0xDCF0, 0xDCF0, 0xDCF0, 0xDCF0,
  0xDCF0, 0xDCF0, 0xDCF0, 0xDCF0, 0xDCF0, 0xDCF0, 0xDCF0, 0xDCF0, 0xDCF0, 0xDCF0,
  0xDCF0, 0xDCF0, 0xDD30, 0x92A8, 0x58C1, 0x6922, 0x6102, 0x6102, 0x6102, 0x6102,
  0x6102, 0x6102, 0x6102, 0x6102, 0x6922, 0x58C1, 0x92A8, 0xDD30, 0xDCF0, 0xDCF0,
  0xDCF0, 0xDCF0, 0xDCF0, 0xDCF0, 0xDCF0, 0xDCF0, 0xDCF0, 0xDCF0, 0xDCF0, 0xDCF0,
  0xDCF0, 0xDCF0, 0xDCF0, 0xDCF0, 0xDCF0, 0xDCF0, 0xDCF0, 0xDCF0, 0xDCF0, 0xDCF0,
  0xDCF0, 0xDCF0, 0xDCF0, 0xD4CF, 0x79E5, 0x58C1, 0x6102, 0x6902, 0x6102, 0x6102,
  0x6102, 0x6102, 0x6902, 0x6102, 0x58C1, 0x79E5, 0xD4CF, 0xDCF0, 0xDCF0, 0xDCF0,
  0xDCF0, 0xDCF0, 0xDCF0, 0xDCF0, 0xDCF0, 0xDCF0, 0xDCF0, 0xDCF0, 0xDCF0, 0xDCF0,
  0xDCF0, 0xDCF0, 0xDCF0, 0xDCF0, 0xDCF0, 0xDCF0, 0xDCF0, 0xDCF0, 0xDCF0, 0xDCF0,
  0xDCF0, 0xDCF0, 0xDCF0, 0xDD10, 0xD4AF, 0x8A67, 0x60E1, 0x58C1, 0x60E2, 0x60E2,
  0x60E2, 0x60E2, 0x58C1, 0x60E1, 0x8A67, 0xD4AF, 0xDD10, 0xDCF0, 0xDCF0, 0xDCF0,
  0xDCF0, 0xDCF0, 0xDCF0, 0xDCF0, 0xDCF0, 0xDCF0, 0xDCF0, 0xDCF0, 0xDCF0, 0xDCF0,
  0xDCF0, 0xDCF0, 0xDCF0, 0xDCF0, 0xDCF0, 0xDCF0, 0xDCF0, 0xDCF0, 0xDCF0, 0xDCF0,
  0xDCF0, 0xDCF0, 0xDCF0, 0xDCF0, 0xDD10, 0xDD10, 0xB3CC, 0x8A47, 0x7163, 0x6923,
  0x6923, 0x7163, 0x8A47, 0xB3CC, 0xDD10, 0xDD10, 0xDCF0, 0xDCF0, 0xDCF0, 0xDCF0,
  0xDCF0, 0xDCF0, 0xDCF0, 0xDCF0, 0xDCF0, 0xDCF0, 0xDCF0, 0xDCF0, 0xDCF0, 0xDCF0,
  0xDCF0, 0xDCF0, 0xDCF0, 0xDCF0, 0xDCF0, 0xDCF0, 0xDCF0, 0xDCF0, 0xDCF0, 0xDCF0,
  0xDCF0, 0xDCF0, 0xDCF0, 0xDCF0, 0xDCF0, 0xDCF0, 0xE531, 0xDD10, 0xD4CF, 0xD4CF,
  0xD4CF, 0xD4CF, 0xDD10, 0xE531, 0xDCF0, 0xDCF0, 0xDCF0, 0xDCF0, 0xDCF0, 0xDCF0,
  0xDCF0, 0xDCF0, 0xDCF0, 0xDCF0, 0xDCF0, 0xDCF0, 0xDCF0, 0xDCF0, 0xDCF0, 0xDCF0,
  0xDCF0, 0xDCF0, 0xDCF0, 0xDCF0, 0xDCF0, 0xDCF0, 0xDCF0, 0xDCF0, 0xDCF0, 0xDCF0,
  0xDCF0, 0xDCF0, 0xDCF0, 0xDCF0, 0xDCF0, 0xDCF0, 0xDCF0, 0xDCF0, 0xDCF0, 0xDD10,
  0xDD10, 0xDCF0, 0xDCF0, 0xDCF0, 0xDCF0, 0xDCF0, 0xDCF0, 0xDCF0, 0xDCF0, 0xDCF0,
  0xDCF0, 0xDCF0, 0xDCF0, 0xDCF0, 0xDCF0, 0xDCF0, 0xDCF0, 0xDCF0, 0xDCF0, 0xDCF0,
  0xDCF0, 0xDCF0, 0xDCF0, 0xDCF0, 0xDCF0, 0xDCF0, 0xDCF0, 0xDCF0, 0xDCF0, 0xDCF0,
  0xDCF0, 0xDCF0, 0xDCF0, 0xDCF0, 0xDCF0, 0xDCF0, 0xDCF0, 0xDCF0, 0xDCF0, 0xDCF0,
  0xDCF0, 0xDCF0, 0xDCF0, 0xDCF0, 0xDCF0, 0xDCF0, 0xDCF0, 0xDCF0, 0xDCF0, 0xDCF0,
  0xDCF0, 0xDCF0, 0xDCF0, 0xDCF0, 0xDCF0, 0xDCF0, 0xDCF0, 0xDCF0, 0xDCF0, 0xDCF0,
  0xDCF0, 0xDCF0, 0xDCF0, 0xDCF0, 0xDCF0, 0xDCF0, 0xDCF0, 0xDCF0, 0xDCF0, 0xDCF0,
  0xDCF0, 0xDCF0, 0xDCF0, 0xDCF0, 0xDCF0, 0xDCF0, 0xDCF0, 0xDCF0, 0xDCF0, 0xDCF0,
  0xDCF0, 0xDCF0, 0xDCF0, 0xDCF0, 0xDCF0, 0xDCF0, 0xDCF0, 0xDCF0, 0xDCF0, 0xDCF0,
  0xDCF0, 0xDCF0, 0xDCF0, 0xDCF0, 0xDCF0, 0xDCF0, 0xDCF0, 0xDCF0, 0xDCF0, 0xDCF0,
  0xDD10, 0xDD10, 0xDD10, 0xDD10, 0xDD10, 0xDD10, 0xDD10, 0xDD10, 0xDD10, 0xDD10,
  0xDD10, 0xDD10, 0xDD10, 0xDD10, 0xDD10, 0xDD10, 0xDD10, 0xDD10, 0xDD10, 0xDD10,
  0xDD10, 0xDD10, 0xDD10, 0xDD10, 0xDD10, 0xDD10, 0xDD10, 0xDD10, 0xDD10, 0xDD10,
  0xDD10, 0xDD10, 0xDD10, 0xDD10, 0xDD10, 0xDD10, 0xDD10, 0xDD10, 0xDD10, 0xDD10,
  0xCC2D, 0xCC2D, 0xCC2D, 0xCC2D, 0xCC2D, 0xCC2D, 0xCC2D, 0xCC2D, 0xCC2D, 0xCC2D,
  0xCC2D, 0xCC2D, 0xCC2D, 0xCC2D, 0xCC2D, 0xCC2D, 0xCC2D, 0xCC2D, 0xCC2D, 0xCC2D,
  0xCC2D, 0xCC2D, 0xCC2D, 0xCC2D, 0xCC2D, 0xCC2D, 0xCC2D, 0xCC2D, 0xCC2D, 0xCC2D,
  0xCC2D, 0xCC2D, 0xCC2D, 0xCC2D, 0xCC2D, 0xCC2D, 0xCC2D, 0xCC2D, 0xCC2D, 0xCC2D,
  0xBB29, 0xBB29, 0xBB29, 0xBB29, 0xBB29, 0xBB29, 0xBB29, 0xBB29, 0xBB29, 0xBB29,
  0xBB29, 0xBB29, 0xBB29, 0xBB29, 0xBB29, 0xBB29, 0xBB29, 0xBB29, 0xBB29, 0xBB29,
  0xBB29, 0xBB29, 0xBB29, 0xBB29, 0xBB29, 0xBB29, 0xBB29, 0xBB29, 0xBB29, 0xBB29,
  0xBB29, 0xBB29, 0xBB29, 0xBB29, 0xBB29, 0xBB29, 0xBB29, 0xBB29, 0xBB29, 0xBB29,
  0xC34A, 0xCB8A, 0xC349, 0xC34A, 0xC34A, 0xC34A, 0xC34A, 0xC34A, 0xC34A, 0xC34A,
  0xC34A, 0xC34A, 0xC34A, 0xC34A, 0xC34A, 0xC34A, 0xC34A, 0xC34A, 0xC34A, 0xC34A,
  0xC34A, 0xC34A, 0xC34A, 0xC34A, 0xC34A, 0xC34A, 0xC34A, 0xC34A, 0xC34A, 0xC34A,
  0xC34A, 0xC34A, 0xC34A, 0xC34A, 0xC34A, 0xC34A, 0xC34A, 0xC349, 0xCB8A, 0xC34A,
  0xBB29, 0xC349, 0xCB6A, 0xC349, 0xC349, 0xC349, 0xC349, 0xC349, 0xC349, 0xC349,
  0xC349, 0xC349, 0xC349, 0xC349, 0xC349, 0xC349, 0xC349, 0xC349, 0xC349, 0xC349,
  0xC349, 0xC349, 0xC349, 0xC349, 0xC349, 0xC349, 0xC349, 0xC349, 0xC349, 0xC349,
  0xC349, 0xC349, 0xC349, 0xC349, 0xC349, 0xC349, 0xC349, 0xCB6A, 0xC349, 0xBB29,
  0xF81F, 0xBB09, 0xC349, 0xC349, 0xC34A, 0xC349, 0xC349, 0xC349, 0xC349, 0xC349,
  0xC349, 0xC349, 0xC349, 0xC349, 0xC349, 0xC349, 0xC349, 0xC349, 0xC349, 0xC349,
  0xC349, 0xC349, 0xC349, 0xC349, 0xC349, 0xC349, 0xC349, 0xC349, 0xC349, 0xC349,
  0xC349, 0xC349, 0xC349, 0xC349, 0xC349, 0xC34A, 0xC349, 0xC349, 0xBB09, 0xF81F
};

static const uint16_t kEmoji_email[1600] PROGMEM = {
  0xF81F, 0xF81F, 0xF81F, 0xF81F, 0xF81F, 0xF81F, 0xF81F, 0xF81F, 0xF81F, 0xF81F,
  0xF81F, 0xF81F, 0xF81F, 0xF81F, 0xF81F, 0xF81F, 0xF81F, 0xF81F, 0xF81F, 0xF81F,
  0xF81F, 0xF81F, 0xF81F, 0xF81F, 0xF81F, 0xF81F, 0xF81F, 0xF81F, 0xF81F, 0xF81F,
  0xF81F, 0xF81F, 0xF81F, 0xF81F, 0xF81F, 0xF81F, 0xF81F, 0xF81F, 0xF81F, 0xF81F,
  0xF81F, 0xF81F, 0xF81F, 0xF81F, 0xF81F, 0xF81F, 0xF81F, 0xF81F, 0xF81F, 0xF81F,
  0xF81F, 0xF81F, 0xF81F, 0xF81F, 0xF81F, 0xF81F, 0xF81F, 0xF81F, 0xF81F, 0xF81F,
  0xF81F, 0xF81F, 0xF81F, 0xF81F, 0xF81F, 0xF81F, 0xF81F, 0xF81F, 0xF81F, 0xF81F,
  0xF81F, 0xF81F, 0xF81F, 0xF81F, 0xF81F, 0xF81F, 0xF81F, 0xF81F, 0xF81F, 0xF81F,
  0xF81F, 0xF81F, 0xF81F, 0xF81F, 0xF81F, 0xF81F, 0xF81F, 0xF81F, 0xF81F, 0xF81F,
  0xF81F, 0xF81F, 0xF81F, 0xF81F, 0xF81F, 0xF81F, 0xF81F, 0xF81F, 0xF81F, 0xF81F,
  0xF81F, 0xF81F, 0xF81F, 0xF81F, 0xF81F, 0xF81F, 0xF81F, 0xF81F, 0xF81F, 0xF81F,
  0xF81F, 0xF81F, 0xF81F, 0xF81F, 0xF81F, 0xF81F, 0xF81F, 0xF81F, 0xF81F, 0xF81F,
  0xF81F, 0xF81F, 0xF81F, 0xF81F, 0xF81F, 0xF81F, 0xF81F, 0xF81F, 0xF81F, 0xF81F,
  0xF81F, 0xF81F, 0xF81F, 0xF81F, 0xF81F, 0xF81F, 0xF81F, 0xF81F, 0xF81F, 0xF81F,
  0xF81F, 0xF81F, 0xF81F, 0xF81F, 0xF81F, 0xF81F, 0xF81F, 0xF81F, 0xF81F, 0xF81F,
  0xF81F, 0xF81F, 0xF81F, 0xF81F, 0xF81F, 0xF81F, 0xF81F, 0xF81F, 0xF81F, 0xF81F,
  0xF81F, 0xF81F, 0xF81F, 0xF81F, 0xF81F, 0xF81F, 0xF81F, 0xF81F, 0xF81F, 0xF81F,
  0xF81F, 0xF81F, 0xF81F, 0xF81F, 0xF81F, 0xF81F, 0xF81F, 0xF81F, 0xF81F, 0xF81F,
  0xF81F, 0xF81F, 0xF81F, 0xF81F, 0xF81F, 0xF81F, 0xF81F, 0xF81F, 0xF81F, 0xF81F,
  0xF81F, 0xF81F, 0xF81F, 0xF81F, 0xF81F, 0xF81F, 0xF81F, 0xF81F, 0xF81F, 0xF81F,
  0xF81F, 0xF81F, 0xDF3D, 0xE73D, 0xE75D, 0xE75D, 0xDF3D, 0xDF3D, 0xDF3D, 0xDF3D,
  0xDF3D, 0xDF3D, 0xDF3D, 0xDF3D, 0xDF3D, 0xDF3D, 0xDF3D, 0xDF3D, 0xDF3D, 0xDF3D,
  0xDF3D, 0xDF3D, 0xDF3D, 0xDF3D, 0xDF3D, 0xDF3D, 0xDF3D, 0xDF3D, 0xDF3D, 0xDF3D,
  0xDF3D, 0xDF3D, 0xDF3D, 0xDF3D, 0xE75D, 0xE75D, 0xE73D, 0xDF3D, 0xF81F, 0xF81F,
  0xF81F, 0xDF3D, 0xE77E, 0xF7DF, 0xF7FF, 0xF7DF, 0xF7FF, 0xF7FF, 0xF7FF, 0xF7FF,
  0xF7FF, 0xF7FF, 0xF7FF, 0xF7FF, 0xF7FF, 0xF7FF, 0xF7FF, 0xF7DF, 0xF7DF, 0xF7DF,
  0xF7DF, 0xF7DF, 0xF7DF, 0xF7FF, 0xF7FF, 0xF7FF, 0xF7FF, 0xF7FF, 0xF7FF, 0xF7FF,
  0xF7FF, 0xF7FF, 0xF7FF, 0xF7FF, 0xF7DF, 0xF7FF, 0xF7DF, 0xE77E, 0xDF3D, 0xF81F,
  0xE75D, 0xEF9F, 0xE77E, 0xE75D, 0xE73D, 0xE75D, 0xE75D, 0xE75D, 0xE75D, 0xE75D,
  0xE75D, 0xE75D, 0xE75D, 0xE75D, 0xE75D, 0xE75D, 0xE73D, 0xE75D, 0xE75E, 0xE75E,
  0xE75E, 0xE75E, 0xE75D, 0xE73D, 0xE75D, 0xE75D, 0xE75D, 0xE75D, 0xE75D, 0xE75D,
  0xE75D, 0xE75D, 0xE75D, 0xE75D, 0xE75D, 0xE73D, 0xE75D, 0xE77E, 0xEF9F, 0xE75D,
  0xB5F8, 0xE75D, 0xE75D, 0xE73D, 0xE75D, 0xE75D, 0xE75D, 0xE75D, 0xE75D, 0xE75D,
  0xE75D, 0xE75D, 0xE75D, 0xE75D, 0xE75D, 0xE75D, 0xE75D, 0xD6FC, 0xD6DB, 0xD6DB,
  0xD6DB, 0xD6DB, 0xD6FC, 0xE75D, 0xE73D, 0xE75D, 0xE75D, 0xE75D, 0xE75D, 0xE75D,
  0xE75D, 0xE75D, 0xE75D, 0xE75D, 0xE75D, 0xE75D, 0xE73D, 0xE75D, 0xE75D, 0xB5F8,
  0x9556, 0xADD8, 0xE73D, 0xE75D, 0xE73D, 0xE75D, 0xE75D, 0xE75D, 0xE75D, 0xE75D,
  0xE75D, 0xE75D, 0xE75D, 0xE75D, 0xDF3D, 0xE77E, 0xC67A, 0x63AF, 0x63AF, 0x63AF,
  0x63AF, 0x638F, 0x6BF0, 0xD6DB, 0xE75E, 0xE73D, 0xE75D, 0xE75D, 0xE75D, 0xE75D,
  0xE75D, 0xE75D, 0xE75D, 0xE75D, 0xE75D, 0xE73D, 0xE75D, 0xE73D, 0xADD8, 0x9556,
  0x9D56, 0x9536, 0xADD8, 0xE73D, 0xE75D, 0xE73D, 0xE75D, 0xE75D, 0xE75D, 0xE75D,
  0xE75D, 0xE75D, 0xE75D, 0xE75D, 0xDF3D, 0xEF9E, 0xB618, 0x5B4E, 0x6BB0, 0x63AF,
  0x63AF, 0x638F, 0x6BF0, 0xD6DB, 0xE75E, 0xE73D, 0xE75D, 0xE75D, 0xE75D, 0xE75D,
  0xE75D, 0xE75D, 0xE75D, 0xE75D, 0xE73D, 0xE75D, 0xE73D, 0xADD8, 0x9536, 0x9D56,
  0xA5B7, 0x9D56, 0x9536, 0xADD8, 0xDF3D, 0xE75D, 0xE73D, 0xE75D, 0xE75D, 0xE75D,
  0xE75D, 0xE75D, 0xE75D, 0xE75D, 0xDF3D, 0xEF9E, 0xBE19, 0x5B4E, 0x73F1, 0xC67A,
  0xD6DB, 0xCEBB, 0xD6FC, 0xE75D, 0xE73D, 0xE75D, 0xE75D, 0xE75D, 0xE75D, 0xE75D,
  0xE75D, 0xE75D, 0xE75D, 0xE73D, 0xE75D, 0xDF3D, 0xADD8, 0x9536, 0x9D56, 0xA5B7,
  0xCEBB, 0xA5B7, 0x9556, 0x9536, 0xADD8, 0xE73D, 0xE75D, 0xE73D, 0xE75D, 0xE75D,
  0xE75D, 0xE75D, 0xE75D, 0xE75D, 0xDF3D, 0xEF9E, 0xBE19, 0x5B4E, 0x7411, 0xE73D,
  0xF7BF, 0xEFBF, 0xEF9E, 0xE75D, 0xE75D, 0xE75D, 0xE75D, 0xE75D, 0xE75D, 0xE75D,
  0xE75D, 0xE75D, 0xE73D, 0xE75D, 0xE73D, 0xADD8, 0x9536, 0x9556, 0xA5B7, 0xCEBB,
  0xCEBB, 0xCEBB, 0xA5B7, 0x9556, 0x9536, 0xADD8, 0xDF3D, 0xE75D, 0xE73D, 0xE75D,
  0xE75D, 0xE75D, 0xE75D, 0xE75D, 0xDF3D, 0xEF9E, 0xBE19, 0x5B4E, 0x6BD0, 0x8CD4,
  0x94F4, 0x8CD4, 0xA597, 0xE75D, 0xE75D, 0xE75D, 0xE75D, 0xE75D, 0xE75D, 0xE75D,
  0xE75D, 0xE73D, 0xE75D, 0xDF3D, 0xADD8, 0x9536, 0x9556, 0xADD8, 0xCEBB, 0xCEBB,
  0xCEBB, 0xCEBB, 0xCEBB, 0xA5B7, 0x9556, 0x9536, 0xADD8, 0xDF3D, 0xE75D, 0xE73D,
  0xE75D, 0xE75D, 0xE75D, 0xE75D, 0xDF3D, 0xEF9E, 0xBE19, 0x5B6E, 0x63B0, 0x532E,
  0x532D, 0x530D, 0x6BB0, 0xD6FC, 0xE75D, 0xE73D, 0xE75D, 0xE75D, 0xE75D, 0xE75D,
  0xE73D, 0xE75D, 0xDF3D, 0xADD8, 0x9536, 0x9556, 0xADD8, 0xCEBB, 0xCEBB, 0xCEBB,
  0xCEBB, 0xCEBB, 0xCEBB, 0xCEBB, 0xA5B7, 0x9556, 0x9536, 0xADD8, 0xE73D, 0xE75D,
  0xE73D, 0xE75D, 0xE75D, 0xE75D, 0xDF3D, 0xEF9E, 0xBE19, 0x5B4E, 0x6BD0, 0x9515,
  0x9D56, 0x9D35, 0xB5D8, 0xE75D, 0xE75D, 0xE75D, 0xE75D, 0xE75D, 0xE75D, 0xE73D,
  0xE75D, 0xE73D, 0xADD8, 0x9536, 0x9556, 0xADD8, 0xCEBB, 0xCEBB, 0xCEBB, 0xCEBB,
  0xCEBB, 0xCEBB, 0xCEBB, 0xCEBB, 0xCEBB, 0xA5B7, 0x9556, 0x9536, 0xADD8, 0xDF3D,
  0xE75D, 0xE73D, 0xE75D, 0xE75D, 0xDF3D, 0xEF9E, 0xBE19, 0x5B4E, 0x7411, 0xE75D,
  0xF7DF, 0xF7BF, 0xEFBF, 0xE75D, 0xE75D, 0xE75D, 0xE75D, 0xE75D, 0xE73D, 0xE75D,
  0xDF3D, 0xADD8, 0x9536, 0x9556, 0xADD8, 0xCEBB, 0xCEBB, 0xCEBB, 0xCEBB, 0xCEBB,
  0xCEBB, 0xCEBB, 0xCEBB, 0xCEBB, 0xCEBB, 0xCEBB, 0xA5B7, 0x9556, 0x9536, 0xADD8,
  0xE73D, 0xE75D, 0xE73D, 0xE75D, 0xDF3D, 0xEF9E, 0xBE19, 0x5B4E, 0x6BF0, 0xBE39,
  0xC67A, 0xC65A, 0xCE9B, 0xE75D, 0xE75D, 0xE75D, 0xE75D, 0xE73D, 0xE75D, 0xE73D,
  0xADD8, 0x9536, 0x9556, 0xADD8, 0xCEBB, 0xCEBB, 0xCEBB, 0xCEBB, 0xCEBB, 0xCEBB,
  0xCEBB, 0xCEBB, 0xCEBB, 0xCEBB, 0xCEBB, 0xCEBB, 0xCEBB, 0xA5B7, 0x9556, 0x9536,
  0xADD8, 0xDF3D, 0xE75D, 0xE73D, 0xDF3D, 0xEF9E, 0xB618, 0x5B4E, 0x63AF, 0x5B6F,
  0x5B6F, 0x5B6F, 0x5B6E, 0xC65A, 0xEF7E, 0xDF3D, 0xE73D, 0xE75D, 0xDF3D, 0xADD8,
  0x9536, 0x9556, 0xADD8, 0xCEBB, 0xCEBB, 0xCEBB, 0xCEBB, 0xCEBB, 0xCEBB, 0xCEBB,
  0xCEBB, 0xCEBB, 0xCEBB, 0xCEBB, 0xCEBB, 0xCEBB, 0xCEBB, 0xCEBB, 0xA5B7, 0x9556,
  0x9536, 0xADD8, 0xDF3D, 0xE75D, 0xDF3D, 0xE77E, 0xCE9B, 0x73F1, 0x6BD0, 0x6BF0,
  0x6BF0, 0x6BF0, 0x73F1, 0xCE9B, 0xE77E, 0xDF3D, 0xE75D, 0xDF3D, 0xADD8, 0x9536,
  0x9556, 0xADD8, 0xCEBB, 0xCEBB, 0xCEBB, 0xCEBB, 0xCEBB, 0xCEBB, 0xCEBB, 0xCEBB,
  0xCEBB, 0xCEBB, 0xCEBB, 0xCEBB, 0xCEBB, 0xCEBB, 0xCEBB, 0xCEBB, 0xCEBB, 0xA5B7,
  0x9556, 0x9536, 0xADD8, 0xE73D, 0xE75D, 0xE73D, 0xE75D, 0xDF3D, 0xDF1C, 0xDF1D,
  0xDF1D, 0xDF1C, 0xDF3D, 0xE75D, 0xDF3D, 0xE75D, 0xE73D, 0xADD8, 0x9536, 0x9556,
  0xADD8, 0xCEBB, 0xCEBB, 0xCEBB, 0xCEBB, 0xCEBB, 0xCEBB, 0xCEBB, 0xCEBB, 0xCEBB,
  0xCEBB, 0xCEBB, 0xCEBB, 0xCEBB, 0xCEBB, 0xCEBB, 0xCEBB, 0xCEBB, 0xCEBB, 0xCEBB,
  0xA5B8, 0x9D56, 0x9536, 0xADD8, 0xDF3D, 0xE75D, 0xE73D, 0xE75D, 0xE75D, 0xE75D,
  0xE75D, 0xE75D, 0xE75D, 0xE73D, 0xE75D, 0xDF3D, 0xADD8, 0x9536, 0x9D56, 0xADD8,
  0xCEBB, 0xCEBB, 0xCEBB, 0xCEBB, 0xCEBB, 0xCEBB, 0xCEBB, 0xCEBB, 0xCEBB, 0xCEBB,
  0xCEBB, 0xCEBB, 0xCEBB, 0xCEBB, 0xCEBB, 0xCEBB, 0xCEBB, 0xCEBB, 0xCEBB, 0xCEBB,
  0xA5B8, 0x9556, 0x9D56, 0x9536, 0xADD8, 0xE73D, 0xE75D, 0xE73D, 0xE75D, 0xE75D,
  0xE75D, 0xE75D, 0xE73D, 0xE75D, 0xE73D, 0xADD8, 0x9536, 0x9D56, 0x9556, 0xADD8,
  0xCEBB, 0xCEBB, 0xCEBB, 0xCEBB, 0xCEBB, 0xCEBB, 0xCEBB, 0xCEBB, 0xCEBB, 0xCEBB,
  0xCEBB, 0xCEBB, 0xCEBB, 0xCEBB, 0xCEBB, 0xCEBB, 0xCEBB, 0xCEBB, 0xCEBB, 0xA5B7,
  0x9556, 0x9D56, 0x9D77, 0x9D56, 0x9536, 0xADD8, 0xDF3D, 0xE75D, 0xE73D, 0xE73D,
  0xE73D, 0xE73D, 0xE75D, 0xDF3D, 0xADD8, 0x9536, 0x9D56, 0x9D77, 0x9D56, 0x9556,
  0xA5B7, 0xCEBB, 0xCEBB, 0xCEBB, 0xCEBB, 0xCEBB, 0xCEBB, 0xCEBB, 0xCEBB, 0xCEBB,
  0xCEBB, 0xCEBB, 0xCEBB, 0xCEBB, 0xCEBB, 0xCEBB, 0xCEBB, 0xCEBB, 0xA5B8, 0x9556,
  0x9556, 0xADD8, 0xCE9B, 0xA5B7, 0x9556, 0x9536, 0xADD8, 0xDF3D, 0xE77E, 0xE75D,
  0xE75D, 0xE77E, 0xDF3D, 0xADD8, 0x9536, 0x9556, 0xADD8, 0xCEBB, 0xADD8, 0x9556,
  0x9556, 0xA5B8, 0xCEBB, 0xCEBB, 0xCEBB, 0xCEBB, 0xCEBB, 0xCEBB, 0xCEBB, 0xCEBB,
  0xCEBB, 0xCEBB, 0xCEBB, 0xCEBB, 0xCEBB, 0xCEBB, 0xCEBB, 0xA5B7, 0x9556, 0x9556,
  0xADD8, 0xCEBB, 0xCEDB, 0xCEBB, 0xA5B7, 0x9556, 0x9556, 0xA5B7, 0xC69B, 0xD6DC,
  0xD6DC, 0xC69B, 0xA5B7, 0x9556, 0x9556, 0xADD8, 0xCEBB, 0xCEBB, 0xCEBB, 0xADD8,
  0x9556, 0x9556, 0xA5B7, 0xCEBB, 0xCEBB, 0xCEBB, 0xCEBB, 0xCEBB, 0xCEBB, 0xCEBB,
  0xCEBB, 0xCEBB, 0xCEBB, 0xCEBB, 0xCEBB, 0xCEBB, 0xA5B8, 0x9556, 0x9556, 0xADD8,
  0xCEBB, 0xCEBB, 0xCEBB, 0xCEBB, 0xCEBB, 0xADD8, 0x9556, 0x9556, 0x9556, 0x9D56,
  0x9D56, 0x9556, 0x9556, 0x9556, 0xADD8, 0xCEBB, 0xCEBB, 0xCEBB, 0xCEBB, 0xCEBB,
  0xADD8, 0x9556, 0x9556, 0xA5B8, 0xCEBB, 0xCEBB, 0xCEBB, 0xCEBB, 0xCEBB, 0xCEBB,
  0xCEBB, 0xCEBB, 0xCEBB, 0xCEBB, 0xCEBB, 0xA5B8, 0x9556, 0x9556, 0xADD8, 0xCEBB,
  0xCEBB, 0xCEBB, 0xCEBB, 0xCEBB, 0xCEBB, 0xCEBB, 0xADD8, 0x9556, 0x9D56, 0x9556,
  0x9556, 0x9556, 0x9556, 0xADD8, 0xCEBB, 0xCEBB, 0xCEBB, 0xCEBB, 0xCEBB, 0xCEBB,
  0xCEBB, 0xADD8, 0x9556, 0x9556, 0xA5B8, 0xCEBB, 0xCEBB, 0xCEBB, 0xCEBB, 0xCEBB,
  0xCEBB, 0xCEBB, 0xCEBB, 0xCEBB, 0xA5B7, 0x9556, 0x9556, 0xADD8, 0xCEBB, 0xCEBB,
  0xCEBB, 0xCEBB, 0xCEBB, 0xCEBB, 0xCEBB, 0xCEBB, 0xCEBB, 0xBE3A, 0xADB8, 0xA597,
  0xA597, 0xADD8, 0xBE5A, 0xCEBB, 0xCEBB, 0xCEBB, 0xCEBB, 0xCEBB, 0xCEBB, 0xCEBB,
  0xCEBB, 0xCEBB, 0xADD8, 0x9556, 0x9556, 0xA5B7, 0xCEBB, 0xCEBB, 0xCEBB, 0xCEBB,
  0xCEBB, 0xCEBB, 0xCEBB, 0xA5B8, 0x9556, 0x9556, 0xADD8, 0xCEBB, 0xCEBB, 0xCEBB,
  0xCEBB, 0xCEBB, 0xCEBB, 0xCEBB, 0xCEBB, 0xCEBB, 0xCEBB, 0xCEDB, 0xCEBB, 0xCEBB,
  0xCEBB, 0xCEBB, 0xCEDB, 0xCEBB, 0xCEBB, 0xCEBB, 0xCEBB, 0xCEBB, 0xCEBB, 0xCEBB,
  0xCEBB, 0xCEBB, 0xCEBB, 0xADD8, 0x9556, 0x9556, 0xA5B8, 0xCEBB, 0xCEBB, 0xCEBB,
  0xCEDC, 0xCEBB, 0xA5B7, 0x9556, 0x9556, 0xADD8, 0xCEBB, 0xCEBB, 0xCEBB, 0xCEBB,
  0xCEBB, 0xCEBB, 0xCEBB, 0xCEBB, 0xCEBB, 0xCEBB, 0xCEBB, 0xCEBB, 0xCEBB, 0xCEBB,
  0xCEBB, 0xCEBB, 0xCEBB, 0xCEBB, 0xCEBB, 0xCEBB, 0xCEBB, 0xCEBB, 0xCEBB, 0xCEBB,
  0xCEBB, 0xCEBB, 0xCEBB, 0xCEBB, 0xADD8, 0x9556, 0x9556, 0xA5B7, 0xCEBB, 0xCEDC,
  0xC69B, 0xADD8, 0x9536, 0x9556, 0xADD8, 0xCEBB, 0xCEBB, 0xCEBB, 0xCEBB, 0xCEBB,
  0xCEBB, 0xCEBB, 0xCEBB, 0xCEBB, 0xCEBB, 0xCEBB, 0xCEBB, 0xCEBB, 0xCEBB, 0xCEBB,
  0xCEBB, 0xCEBB, 0xCEBB, 0xCEBB, 0xCEBB, 0xCEBB, 0xCEBB, 0xCEBB, 0xCEBB, 0xCEBB,
  0xCEBB, 0xCEBB, 0xCEBB, 0xCEBB, 0xCEBB, 0xADD8, 0x9556, 0x9536, 0xADD8, 0xC69B,
  0xA577, 0xA597, 0x9D56, 0xADD8, 0xCEBB, 0xCEBB, 0xCEBB, 0xCEBB, 0xCEBB, 0xCEBB,
  0xCEBB, 0xCEBB, 0xCEBB, 0xCEBB, 0xCEBB, 0xCEBB, 0xCEBB, 0xCEBB, 0xCEBB, 0xCEBB,
  0xCEBB, 0xCEBB, 0xCEBB, 0xCEBB, 0xCEBB, 0xCEBB, 0xCEBB, 0xCEBB, 0xCEBB, 0xCEBB,
  0xCEBB, 0xCEBB, 0xCEBB, 0xCEBB, 0xCEBB, 0xCEBB, 0xADD8, 0x9D56, 0xA597, 0xA577,
  0xF81F, 0x9D36, 0xADF8, 0xDF3D, 0xDF5E, 0xDF5D, 0xDF5E, 0xDF5E, 0xDF5E, 0xDF5E,
  0xDF5E, 0xDF5E, 0xDF5E, 0xDF5E, 0xDF5E, 0xDF5E, 0xDF5E, 0xDF5E, 0xDF5E, 0xDF5E,
  0xDF5E, 0xDF5E, 0xDF5E, 0xDF5E, 0xDF5E, 0xDF5E, 0xDF5E, 0xDF5E, 0xDF5E, 0xDF5E,
  0xDF5E, 0xDF5E, 0xDF5E, 0xDF5E, 0xDF5D, 0xDF5E, 0xDF3D, 0xADF8, 0x9D36, 0xF81F,
  0xF81F, 0xF81F, 0xD6FC, 0xCEBB, 0xCEBB, 0xCEBB, 0xCEBB, 0xCEBB, 0xCEBB, 0xCEBB,
  0xCEBB, 0xCEBB, 0xCEBB, 0xCEBB, 0xCEBB, 0xCEBB, 0xCEBB, 0xCEBB, 0xCEBB, 0xCEBB,
  0xCEBB, 0xCEBB, 0xCEBB, 0xCEBB, 0xCEBB, 0xCEBB, 0xCEBB, 0xCEBB, 0xCEBB, 0xCEBB,
  0xCEBB, 0xCEBB, 0xCEBB, 0xCEBB, 0xCEBB, 0xCEBB, 0xCEBB, 0xD6FC, 0xF81F, 0xF81F,
  0xF81F, 0xF81F, 0xF81F, 0xF81F, 0xF81F, 0xF81F, 0xF81F, 0xF81F, 0xF81F, 0xF81F,
  0xF81F, 0xF81F, 0xF81F, 0xF81F, 0xF81F, 0xF81F, 0xF81F, 0xF81F, 0xF81F, 0xF81F,
  0xF81F, 0xF81F, 0xF81F, 0xF81F, 0xF81F, 0xF81F, 0xF81F, 0xF81F, 0xF81F, 0xF81F,
  0xF81F, 0xF81F, 0xF81F, 0xF81F, 0xF81F, 0xF81F, 0xF81F, 0xF81F, 0xF81F, 0xF81F,
  0xF81F, 0xF81F, 0xF81F, 0xF81F, 0xF81F, 0xF81F, 0xF81F, 0xF81F, 0xF81F, 0xF81F,
  0xF81F, 0xF81F, 0xF81F, 0xF81F, 0xF81F, 0xF81F, 0xF81F, 0xF81F, 0xF81F, 0xF81F,
  0xF81F, 0xF81F, 0xF81F, 0xF81F, 0xF81F, 0xF81F, 0xF81F, 0xF81F, 0xF81F, 0xF81F,
  0xF81F, 0xF81F, 0xF81F, 0xF81F, 0xF81F, 0xF81F, 0xF81F, 0xF81F, 0xF81F, 0xF81F,
  0xF81F, 0xF81F, 0xF81F, 0xF81F, 0xF81F, 0xF81F, 0xF81F, 0xF81F, 0xF81F, 0xF81F,
  0xF81F, 0xF81F, 0xF81F, 0xF81F, 0xF81F, 0xF81F, 0xF81F, 0xF81F, 0xF81F, 0xF81F,
  0xF81F, 0xF81F, 0xF81F, 0xF81F, 0xF81F, 0xF81F, 0xF81F, 0xF81F, 0xF81F, 0xF81F,
  0xF81F, 0xF81F, 0xF81F, 0xF81F, 0xF81F, 0xF81F, 0xF81F, 0xF81F, 0xF81F, 0xF81F,
  0xF81F, 0xF81F, 0xF81F, 0xF81F, 0xF81F, 0xF81F, 0xF81F, 0xF81F, 0xF81F, 0xF81F,
  0xF81F, 0xF81F, 0xF81F, 0xF81F, 0xF81F, 0xF81F, 0xF81F, 0xF81F, 0xF81F, 0xF81F,
  0xF81F, 0xF81F, 0xF81F, 0xF81F, 0xF81F, 0xF81F, 0xF81F, 0xF81F, 0xF81F, 0xF81F,
  0xF81F, 0xF81F, 0xF81F, 0xF81F, 0xF81F, 0xF81F, 0xF81F, 0xF81F, 0xF81F, 0xF81F,
  0xF81F, 0xF81F, 0xF81F, 0xF81F, 0xF81F, 0xF81F, 0xF81F, 0xF81F, 0xF81F, 0xF81F,
  0xF81F, 0xF81F, 0xF81F, 0xF81F, 0xF81F, 0xF81F, 0xF81F, 0xF81F, 0xF81F, 0xF81F,
  0xF81F, 0xF81F, 0xF81F, 0xF81F, 0xF81F, 0xF81F, 0xF81F, 0xF81F, 0xF81F, 0xF81F,
  0xF81F, 0xF81F, 0xF81F, 0xF81F, 0xF81F, 0xF81F, 0xF81F, 0xF81F, 0xF81F, 0xF81F
};

static const uint16_t kEmoji_phone[1600] PROGMEM = {
  0xF81F, 0xF81F, 0xF81F, 0xF81F, 0xF81F, 0xF81F, 0xF81F, 0xF81F, 0xF81F, 0x31A7,
  0x31C7, 0x31A7, 0x31A7, 0x31A7, 0x31A7, 0x31A7, 0x31A7, 0x31A7, 0x31A7, 0x31A7,
  0x31A7, 0x31A7, 0x31A7, 0x31A7, 0x31A7, 0x31A7, 0x31A7, 0x31A7, 0x31A7, 0x31C7,
  0x31A7, 0xF81F, 0xF81F, 0xF81F, 0xF81F, 0xF81F, 0xF81F, 0xF81F, 0xF81F, 0xF81F,
  0xF81F, 0xF81F, 0xF81F, 0xF81F, 0xF81F, 0xF81F, 0xF81F, 0xF81F, 0x31C7, 0x31C7,
  0x31C7, 0x31A7, 0x31A7, 0x31A7, 0x31A7, 0x31A7, 0x31A7, 0x31A7, 0x31A7, 0x31A7,
  0x31A7, 0x31A7, 0x31A7, 0x31A7, 0x31A7, 0x31A7, 0x31A7, 0x31A7, 0x31A7, 0x31C7,
  0x31C8, 0x29A7, 0xF81F, 0xF81F, 0xF81F, 0xF81F, 0xF81F, 0xF81F, 0xF81F, 0xF81F,
  0xF81F, 0xF81F, 0xF81F, 0xF81F, 0xF81F, 0xF81F, 0xF81F, 0xF81F, 0x31A7, 0x31C7,
  0x31A7, 0x31A7, 0x31A7, 0x31A7, 0x31A7, 0x31A7, 0x31A7, 0x31A7, 0x31A7, 0x31A7,
  0x31A7, 0x31A7, 0x31A7, 0x31A7, 0x31A7, 0x31A7, 0x31A7, 0x31A7, 0x31A7, 0x31A7,
  0x31C8, 0x31A7, 0xF81F, 0xF81F, 0xF81F, 0xF81F, 0xF81F, 0xF81F, 0xF81F, 0xF81F,
  0xF81F, 0xF81F, 0xF81F, 0xF81F, 0xF81F, 0xF81F, 0xF81F, 0x31A7, 0x31C7, 0x31A7,
  0x31C8, 0x31C8, 0x31C8, 0x31C8, 0x31C8, 0x31C8, 0x31C8, 0x31C8, 0x31C8, 0x31C8,
  0x31C8, 0x31C8, 0x31C8, 0x31C8, 0x31C8, 0x31C8, 0x31C8, 0x31C8, 0x31C8, 0x31C8,
  0x31A7, 0x31C8, 0x31A7, 0xF81F, 0xF81F, 0xF81F, 0xF81F, 0xF81F, 0xF81F, 0xF81F,
  0xF81F, 0xF81F, 0xF81F, 0xF81F, 0xF81F, 0xF81F, 0xF81F, 0x31A7, 0x31C8, 0x31A7,
  0x2965, 0x2965, 0x2965, 0x2965, 0x2965, 0x2965, 0x2965, 0x2965, 0x2965, 0x2965,
  0x2965, 0x2965, 0x2965, 0x2965, 0x2965, 0x2965, 0x2965, 0x2965, 0x2965, 0x2965,
  0x31A7, 0x31C8, 0x31A7, 0xF81F, 0xF81F, 0xF81F, 0xF81F, 0xF81F, 0xF81F, 0xF81F,
  0xF81F, 0xF81F, 0xF81F, 0xF81F, 0xF81F, 0xF81F, 0xF81F, 0x31A7, 0x31C7, 0x31C8,
  0x4350, 0x4371, 0x4351, 0x4351, 0x4351, 0x4351, 0x4351, 0x4351, 0x4351, 0x4351,
  0x4351, 0x4351, 0x4351, 0x4351, 0x4351, 0x4351, 0x4351, 0x4351, 0x4371, 0x4350,
  0x31C8, 0x31C7, 0x31A7, 0xF81F, 0xF81F, 0xF81F, 0xF81F, 0xF81F, 0xF81F, 0xF81F,
  0xF81F, 0xF81F, 0xF81F, 0xF81F, 0xF81F, 0xF81F, 0xF81F, 0x31C7, 0x31C7, 0x31E8,
  0x557E, 0x5DDF, 0x5DBF, 0x5DBF, 0x5DBF, 0x5DBF, 0x5DBF, 0x5DBF, 0x5DBF, 0x5DBF,
  0x5DBF, 0x5DBF, 0x5DBF, 0x5DBF, 0x5DBF, 0x5DBF, 0x5DBF, 0x5DBF, 0x5DDF, 0x557E,
  0x31E8, 0x31C7, 0x31C7, 0xF81F, 0xF81F, 0xF81F, 0xF81F, 0xF81F, 0xF81F, 0xF81F,
  0xF81F, 0xF81F, 0xF81F, 0xF81F, 0xF81F, 0xF81F, 0xF81F, 0x31C7, 0x31C7, 0x31E8,
  0x553C, 0x557D, 0x555D, 0x555D, 0x555D, 0x555D, 0x555D, 0x555D, 0x555D, 0x555D,
  0x555D, 0x555D, 0x555D, 0x555D, 0x555D, 0x555D, 0x555D, 0x555D, 0x557D, 0x553C,
  0x31E8, 0x31C7, 0x31C7, 0xF81F, 0xF81F, 0xF81F, 0xF81F, 0xF81F, 0xF81F, 0xF81F,
  0xF81F, 0xF81F, 0xF81F, 0xF81F, 0xF81F, 0xF81F, 0xF81F, 0x31C7, 0x31C7, 0x31E8,
  0x553C, 0x557E, 0x557D, 0x557D, 0x557D, 0x557D, 0x557D, 0x557D, 0x557D, 0x557D,
  0x557D, 0x557D, 0x557D, 0x557D, 0x557D, 0x557D, 0x557D, 0x557D, 0x557E, 0x553C,
  0x31E8, 0x31C7, 0x31C7, 0xF81F, 0xF81F, 0xF81F, 0xF81F, 0xF81F, 0xF81F, 0xF81F,
  0xF81F, 0xF81F, 0xF81F, 0xF81F, 0xF81F, 0xF81F, 0xF81F, 0x31C7, 0x31C7, 0x31E8,
  0x553C, 0x557E, 0x557D, 0x557D, 0x557D, 0x557D, 0x557D, 0x557D, 0x557D, 0x557D,
  0x557D, 0x557D, 0x557D, 0x557D, 0x557D, 0x557D, 0x557D, 0x557D, 0x557E, 0x553C,
  0x31E8, 0x31C7, 0x31C7, 0xF81F, 0xF81F, 0xF81F, 0xF81F, 0xF81F, 0xF81F, 0xF81F,
  0xF81F, 0xF81F, 0xF81F, 0xF81F, 0xF81F, 0xF81F, 0xF81F, 0x31C7, 0x31C7, 0x31E8,
  0x553C, 0x557E, 0x557D, 0x557D, 0x557D, 0x557D, 0x557D, 0x557D, 0x557D, 0x557D,
  0x557D, 0x557D, 0x557D, 0x557D, 0x557D, 0x557D, 0x557D, 0x557D, 0x557E, 0x553C,
  0x31E8, 0x31C7, 0x31C7, 0xF81F, 0xF81F, 0xF81F, 0xF81F, 0xF81F, 0xF81F, 0xF81F,
  0xF81F, 0xF81F, 0xF81F, 0xF81F, 0xF81F, 0xF81F, 0xF81F, 0x31C7, 0x31C7, 0x31E8,
  0x553C, 0x557E, 0x557D, 0x557D, 0x557D, 0x557D, 0x557D, 0x557D, 0x557D, 0x557D,
  0x557D, 0x557D, 0x557D, 0x557D, 0x557D, 0x557D, 0x557D, 0x557D, 0x557E, 0x553C,
  0x31E8, 0x31C7, 0x31C7, 0xF81F, 0xF81F, 0xF81F, 0xF81F, 0xF81F, 0xF81F, 0xF81F,
  0xF81F, 0xF81F, 0xF81F, 0xF81F, 0xF81F, 0xF81F, 0xF81F, 0x31C7, 0x31C7, 0x31E8,
  0x553C, 0x557E, 0x557D, 0x557D, 0x557D, 0x557D, 0x557D, 0x557D, 0x557D, 0x557D,
  0x557D, 0x557D, 0x557D, 0x557D, 0x557D, 0x557D, 0x557D, 0x557D, 0x557E, 0x553C,
  0x31E8, 0x31C7, 0x31C7, 0xF81F, 0xF81F, 0xF81F, 0xF81F, 0xF81F, 0xF81F, 0xF81F,
  0xF81F, 0xF81F, 0xF81F, 0xF81F, 0xF81F, 0xF81F, 0xF81F, 0x31C7, 0x31C7, 0x31E8,
  0x553C, 0x557E, 0x557D, 0x557D, 0x557D, 0x557D, 0x557D, 0x557D, 0x557D, 0x557D,
  0x557D, 0x557D, 0x557D, 0x557D, 0x557D, 0x557D, 0x557D, 0x557D, 0x557E, 0x553C,
  0x31E8, 0x31C7, 0x31C7, 0xF81F, 0xF81F, 0xF81F, 0xF81F, 0xF81F, 0xF81F, 0xF81F,
  0xF81F, 0xF81F, 0xF81F, 0xF81F, 0xF81F, 0xF81F, 0xF81F, 0x31C7, 0x31C7, 0x31E8,
  0x553C, 0x557E, 0x557D, 0x557D, 0x557D, 0x557D, 0x557D, 0x557D, 0x557D, 0x557D,
  0x557D, 0x557D, 0x557D, 0x557D, 0x557D, 0x557D, 0x557D, 0x557D, 0x557E, 0x553C,
  0x31E8, 0x31C7, 0x31C7, 0xF81F, 0xF81F, 0xF81F, 0xF81F, 0xF81F, 0xF81F, 0xF81F,
  0xF81F, 0xF81F, 0xF81F, 0xF81F, 0xF81F, 0xF81F, 0xF81F, 0x31C7, 0x31C7, 0x31E8,
  0x553C, 0x557E, 0x557D, 0x557D, 0x557D, 0x557D, 0x557D, 0x557D, 0x557D, 0x557D,
  0x557D, 0x557D, 0x557D, 0x557D, 0x557D, 0x557D, 0x557D, 0x557D, 0x557E, 0x553C,
  0x31E8, 0x31C7, 0x31C7, 0xF81F, 0xF81F, 0xF81F, 0xF81F, 0xF81F, 0xF81F, 0xF81F,
  0xF81F, 0xF81F, 0xF81F, 0xF81F, 0xF81F, 0xF81F, 0xF81F, 0x31C7, 0x31C7, 0x31E8,
  0x553C, 0x557E, 0x557D, 0x557D, 0x557D, 0x557D, 0x557D, 0x557D, 0x557D, 0x557D,
  0x557D, 0x557D, 0x557D, 0x557D, 0x557D, 0x557D, 0x557D, 0x557D, 0x557E, 0x553C,
  0x31E8, 0x31C7, 0x31C7, 0xF81F, 0xF81F, 0xF81F, 0xF81F, 0xF81F, 0xF81F, 0xF81F,
  0xF81F, 0xF81F, 0xF81F, 0xF81F, 0xF81F, 0xF81F, 0xF81F, 0x31C7, 0x31C7, 0x31E8,
  0x553C, 0x557E, 0x557D, 0x557D, 0x557D, 0x557D, 0x557D, 0x557D, 0x557D, 0x557D,
  0x557D, 0x557D, 0x557D, 0x557D, 0x557D, 0x557D, 0x557D, 0x557D, 0x557E, 0x553C,
  0x31E8, 0x31C7, 0x31C7, 0xF81F, 0xF81F, 0xF81F, 0xF81F, 0xF81F, 0xF81F, 0xF81F,
  0xF81F, 0xF81F, 0xF81F, 0xF81F, 0xF81F, 0xF81F, 0xF81F, 0x31C7, 0x31C7, 0x31E8,
  0x553C, 0x557E, 0x557D, 0x557D, 0x557D, 0x557D, 0x557D, 0x557D, 0x557D, 0x557D,
  0x557D, 0x557D, 0x557D, 0x557D, 0x557D, 0x557D, 0x557D, 0x557D, 0x557E, 0x553C,
  0x31E8, 0x31C7, 0x31C7, 0xF81F, 0xF81F, 0xF81F, 0xF81F, 0xF81F, 0xF81F, 0xF81F,
  0xF81F, 0xF81F, 0xF81F, 0xF81F, 0xF81F, 0xF81F, 0xF81F, 0x31C7, 0x31C7, 0x31E8,
  0x553C, 0x557E, 0x557D, 0x557D, 0x557D, 0x557D, 0x557D, 0x557D, 0x557D, 0x557D,
  0x557D, 0x557D, 0x557D, 0x557D, 0x557D, 0x557D, 0x557D, 0x557D, 0x557E, 0x553C,
  0x31E8, 0x31C7, 0x31C7, 0xF81F, 0xF81F, 0xF81F, 0xF81F, 0xF81F, 0xF81F, 0xF81F,
  0xF81F, 0xF81F, 0xF81F, 0xF81F, 0xF81F, 0xF81F, 0xF81F, 0x31C7, 0x31C7, 0x31E8,
  0x553C, 0x557E, 0x557D, 0x557D, 0x557D, 0x557D, 0x557D, 0x557D, 0x557D, 0x557D,
  0x557D, 0x557D, 0x557D, 0x557D, 0x557D, 0x557D, 0x557D, 0x557D, 0x557E, 0x553C,
  0x31E8, 0x31C7, 0x31C7, 0xF81F, 0xF81F, 0xF81F, 0xF81F, 0xF81F, 0xF81F, 0xF81F,
  0xF81F, 0xF81F, 0xF81F, 0xF81F, 0xF81F, 0xF81F, 0xF81F, 0x31C7, 0x31C7, 0x31E8,
  0x553C, 0x557E, 0x557D, 0x557D, 0x557D, 0x557D, 0x557D, 0x557D, 0x557D, 0x557D,
  0x557D, 0x557D, 0x557D, 0x557D, 0x557D, 0x557D, 0x557D, 0x557D, 0x557E, 0x553C,
  0x31E8, 0x31C7, 0x31C7, 0xF81F, 0xF81F, 0xF81F, 0xF81F, 0xF81F, 0xF81F, 0xF81F,
  0xF81F, 0xF81F, 0xF81F, 0xF81F, 0xF81F, 0xF81F, 0xF81F, 0x31C7, 0x31C7, 0x31E8,
  0x553C, 0x557E, 0x557D, 0x557D, 0x557D, 0x557D, 0x557D, 0x557D, 0x557D, 0x557D,
  0x557D, 0x557D, 0x557D, 0x557D, 0x557D, 0x557D, 0x557D, 0x557D, 0x557E, 0x553C,
  0x31E8, 0x31C7, 0x31C7, 0xF81F, 0xF81F, 0xF81F, 0xF81F, 0xF81F, 0xF81F, 0xF81F,
  0xF81F, 0xF81F, 0xF81F, 0xF81F, 0xF81F, 0xF81F, 0xF81F, 0x31C7, 0x31C7, 0x31E8,
  0x553C, 0x557E, 0x557D, 0x557D, 0x557D, 0x557D, 0x557D, 0x557D, 0x557D, 0x557D,
  0x557D, 0x557D, 0x557D, 0x557D, 0x557D, 0x557D, 0x557D, 0x557D, 0x557E, 0x553C,
  0x31E8, 0x31C7, 0x31C7, 0xF81F, 0xF81F, 0xF81F, 0xF81F, 0xF81F, 0xF81F, 0xF81F,
  0xF81F, 0xF81F, 0xF81F, 0xF81F, 0xF81F, 0xF81F, 0xF81F, 0x31C7, 0x31C7, 0x31E8,
  0x553C, 0x557E, 0x557D, 0x557D, 0x557D, 0x557D, 0x557D, 0x557D, 0x557D, 0x557D,
  0x557D, 0x557D, 0x557D, 0x557D, 0x557D, 0x557D, 0x557D, 0x557D, 0x557E, 0x553C,
  0x31E8, 0x31C7, 0x31C7, 0xF81F, 0xF81F, 0xF81F, 0xF81F, 0xF81F, 0xF81F, 0xF81F,
  0xF81F, 0xF81F, 0xF81F, 0xF81F, 0xF81F, 0xF81F, 0xF81F, 0x31C7, 0x31C7, 0x31E8,
  0x553C, 0x557E, 0x557D, 0x557D, 0x557D, 0x557D, 0x557D, 0x557D, 0x557D, 0x557D,
  0x557D, 0x557D, 0x557D, 0x557D, 0x557D, 0x557D, 0x557D, 0x557D, 0x557E, 0x553C,
  0x31E8, 0x31C7, 0x31C7, 0xF81F, 0xF81F, 0xF81F, 0xF81F, 0xF81F, 0xF81F, 0xF81F,
  0xF81F, 0xF81F, 0xF81F, 0xF81F, 0xF81F, 0xF81F, 0xF81F, 0x31C7, 0x31C7, 0x31E8,
  0x553C, 0x557E, 0x557D, 0x557D, 0x557D, 0x557D, 0x557D, 0x557D, 0x557D, 0x557D,
  0x557D, 0x557D, 0x557D, 0x557D, 0x557D, 0x557D, 0x557D, 0x557D, 0x557E, 0x553C,
  0x31E8, 0x31C7, 0x31C7, 0xF81F, 0xF81F, 0xF81F, 0xF81F, 0xF81F, 0xF81F, 0xF81F,
  0xF81F, 0xF81F, 0xF81F, 0xF81F, 0xF81F, 0xF81F, 0xF81F, 0x31C7, 0x31C7, 0x31E8,
  0x553C, 0x557E, 0x557D, 0x557D, 0x557D, 0x557D, 0x557D, 0x557D, 0x557D, 0x557D,
  0x557D, 0x557D, 0x557D, 0x557D, 0x557D, 0x557D, 0x557D, 0x557D, 0x557E, 0x553C,
  0x31E8, 0x31C7, 0x31C7, 0xF81F, 0xF81F, 0xF81F, 0xF81F, 0xF81F, 0xF81F, 0xF81F,
  0xF81F, 0xF81F, 0xF81F, 0xF81F, 0xF81F, 0xF81F, 0xF81F, 0x31C7, 0x31C7, 0x31E8,
  0x553C, 0x557E, 0x557D, 0x557D, 0x557D, 0x557D, 0x557D, 0x557D, 0x557D, 0x557D,
  0x557D, 0x557D, 0x557D, 0x557D, 0x557D, 0x557D, 0x557D, 0x557D, 0x557E, 0x553C,
  0x31E8, 0x31C7, 0x31C7, 0xF81F, 0xF81F, 0xF81F, 0xF81F, 0xF81F, 0xF81F, 0xF81F,
  0xF81F, 0xF81F, 0xF81F, 0xF81F, 0xF81F, 0xF81F, 0xF81F, 0x31C7, 0x31C7, 0x31E8,
  0x553C, 0x557E, 0x557D, 0x557D, 0x557D, 0x557D, 0x557D, 0x557D, 0x557D, 0x557D,
  0x557D, 0x557D, 0x557D, 0x557D, 0x557D, 0x557D, 0x557D, 0x557D, 0x557E, 0x553C,
  0x31E8, 0x31C7, 0x31C7, 0xF81F, 0xF81F, 0xF81F, 0xF81F, 0xF81F, 0xF81F, 0xF81F,
  0xF81F, 0xF81F, 0xF81F, 0xF81F, 0xF81F, 0xF81F, 0xF81F, 0x31C7, 0x31C7, 0x31E8,
  0x553C, 0x557E, 0x557D, 0x557D, 0x557D, 0x557D, 0x557D, 0x557D, 0x557D, 0x557D,
  0x557D, 0x557D, 0x557D, 0x557D, 0x557D, 0x557D, 0x557D, 0x557D, 0x557E, 0x553C,
  0x31E8, 0x31C7, 0x31C7, 0xF81F, 0xF81F, 0xF81F, 0xF81F, 0xF81F, 0xF81F, 0xF81F,
  0xF81F, 0xF81F, 0xF81F, 0xF81F, 0xF81F, 0xF81F, 0xF81F, 0x31C7, 0x31C7, 0x31E8,
  0x553C, 0x557E, 0x557D, 0x557D, 0x557D, 0x557D, 0x557D, 0x557D, 0x557D, 0x557D,
  0x557D, 0x557D, 0x557D, 0x557D, 0x557D, 0x557D, 0x557D, 0x557D, 0x557E, 0x553C,
  0x31E8, 0x31C7, 0x31C7, 0xF81F, 0xF81F, 0xF81F, 0xF81F, 0xF81F, 0xF81F, 0xF81F,
  0xF81F, 0xF81F, 0xF81F, 0xF81F, 0xF81F, 0xF81F, 0xF81F, 0x31C7, 0x31C7, 0x31E8,
  0x553C, 0x557D, 0x555D, 0x555D, 0x555D, 0x555D, 0x555D, 0x555D, 0x555D, 0x555D,
  0x555D, 0x555D, 0x555D, 0x555D, 0x555D, 0x555D, 0x555D, 0x555D, 0x557D, 0x553C,
  0x31E8, 0x31C7, 0x31C7, 0xF81F, 0xF81F, 0xF81F, 0xF81F, 0xF81F, 0xF81F, 0xF81F,
  0xF81F, 0xF81F, 0xF81F, 0xF81F, 0xF81F, 0xF81F, 0xF81F, 0x31C7, 0x31C7, 0x31E8,
  0x557E, 0x5DDF, 0x5DBF, 0x5DBF, 0x5DBF, 0x5DBF, 0x5DBF, 0x5DBF, 0x5DBF, 0x5DBF,
  0x5DBF, 0x5DBF, 0x5DBF, 0x5DBF, 0x5DBF, 0x5DBF, 0x5DBF, 0x5DBF, 0x5DDF, 0x557E,
  0x31E8, 0x31C7, 0x31C7, 0xF81F, 0xF81F, 0xF81F, 0xF81F, 0xF81F, 0xF81F, 0xF81F,
  0xF81F, 0xF81F, 0xF81F, 0xF81F, 0xF81F, 0xF81F, 0xF81F, 0x31A7, 0x31C7, 0x31C8,
  0x4350, 0x4371, 0x4351, 0x4351, 0x4351, 0x4351, 0x4351, 0x4351, 0x4351, 0x4351,
  0x4351, 0x4351, 0x4351, 0x4351, 0x4351, 0x4351, 0x4351, 0x4351, 0x4371, 0x4350,
  0x31C8, 0x31C7, 0x31A7, 0xF81F, 0xF81F, 0xF81F, 0xF81F, 0xF81F, 0xF81F, 0xF81F,
  0xF81F, 0xF81F, 0xF81F, 0xF81F, 0xF81F, 0xF81F, 0xF81F, 0x31A7, 0x31C8, 0x31A7,
  0x2965, 0x2965, 0x2965, 0x2965, 0x2965, 0x2965, 0x2965, 0x2965, 0x2965, 0x2965,
  0x2965, 0x2965, 0x2965, 0x2965, 0x2965, 0x2965, 0x2965, 0x2965, 0x2965, 0x2965,
  0x31A7, 0x31C8, 0x31A7, 0xF81F, 0xF81F, 0xF81F, 0xF81F, 0xF81F, 0xF81F, 0xF81F,
  0xF81F, 0xF81F, 0xF81F, 0xF81F, 0xF81F, 0xF81F, 0xF81F, 0x31A7, 0x31C8, 0x31A7,
  0x31C8, 0x31C8, 0x31C8, 0x31C8, 0x31C8, 0x31C8, 0x31C8, 0x31C8, 0x31C8, 0x31C8,
  0x31C8, 0x31C8, 0x31C8, 0x31C8, 0x31C8, 0x31C8, 0x31C8, 0x31C8, 0x31C8, 0x31C8,
  0x31A7, 0x31C7, 0x31A7, 0xF81F, 0xF81F, 0xF81F, 0xF81F, 0xF81F, 0xF81F, 0xF81F,
  0xF81F, 0xF81F, 0xF81F, 0xF81F, 0xF81F, 0xF81F, 0xF81F, 0xF81F, 0x31A7, 0x31C8,
  0x31A7, 0x31A7, 0x31A7, 0x31A7, 0x31A7, 0x31A7, 0x31A7, 0x31A7, 0x31A7, 0x31A7,
  0x31A7, 0x31A7, 0x31A7, 0x31A7, 0x31A7, 0x31A7, 0x31A7, 0x31A7, 0x31A7, 0x31A7,
  0x31C7, 0x31A7, 0xF81F, 0xF81F, 0xF81F, 0xF81F, 0xF81F, 0xF81F, 0xF81F, 0xF81F,
  0xF81F, 0xF81F, 0xF81F, 0xF81F, 0xF81F, 0xF81F, 0xF81F, 0xF81F, 0x29A7, 0x31C7,
  0x31C7, 0x31A7, 0x31A7, 0x31A7, 0x31A7, 0x31A7, 0x31A7, 0x31A7, 0x31A7, 0x31A7,
  0x31A7, 0x31A7, 0x31A7, 0x31A7, 0x31A7, 0x31A7, 0x31A7, 0x31A7, 0x31A7, 0x31C7,
  0x31C7, 0x31C7, 0xF81F, 0xF81F, 0xF81F, 0xF81F, 0xF81F, 0xF81F, 0xF81F, 0xF81F,
  0xF81F, 0xF81F, 0xF81F, 0xF81F, 0xF81F, 0xF81F, 0xF81F, 0xF81F, 0xF81F, 0x31A7,
  0x31C7, 0x31A7, 0x31A7, 0x31A7, 0x31A7, 0x31A7, 0x31A7, 0x31A7, 0x31A7, 0x31A7,
  0x31A7, 0x31A7, 0x31A7, 0x31A7, 0x31A7, 0x31A7, 0x31A7, 0x31A7, 0x31A7, 0x31C7,
  0x31A7, 0xF81F, 0xF81F, 0xF81F, 0xF81F, 0xF81F, 0xF81F, 0xF81F, 0xF81F, 0xF81F
};

static const uint16_t kEmoji_globe[1600] PROGMEM = {
  0xF81F, 0xF81F, 0xF81F, 0xF81F, 0xF81F, 0xF81F, 0xF81F, 0xF81F, 0xF81F, 0xF81F,
  0xF81F, 0xF81F, 0xF81F, 0xF81F, 0x3C38, 0x3C58, 0x3C58, 0x3C38, 0x3C58, 0x3C58,
  0x3C58, 0x3C58, 0x3C38, 0x3C58, 0x3C58, 0x3C38, 0xF81F, 0xF81F, 0xF81F, 0xF81F,
  0xF81F, 0xF81F, 0xF81F, 0xF81F, 0xF81F, 0xF81F, 0xF81F, 0xF81F, 0xF81F, 0xF81F,
  0xF81F, 0xF81F, 0xF81F, 0xF81F, 0xF81F, 0xF81F, 0xF81F, 0xF81F, 0xF81F, 0xF81F,
  0xF81F, 0x3C38, 0x3C58, 0x3C58, 0x3C59, 0x3C79, 0x3C79, 0x3C99, 0x3C79, 0x3C58,
  0x3C58, 0x3C79, 0x3C99, 0x3C79, 0x3C79, 0x3C59, 0x3C58, 0x3C58, 0x3C38, 0xF81F,
  0xF81F, 0xF81F, 0xF81F, 0xF81F, 0xF81F, 0xF81F, 0xF81F, 0xF81F, 0xF81F, 0xF81F,
  0xF81F, 0xF81F, 0xF81F, 0xF81F, 0xF81F, 0xF81F, 0xF81F, 0xF81F, 0xF81F, 0x3C37,
  0x3C58, 0x3C58, 0x3C99, 0x3C58, 0x3C58, 0x3C59, 0x3C58, 0x3C38, 0x3C38, 0x3C58,
  0x3C58, 0x3C38, 0x3C38, 0x3C58, 0x3C59, 0x3C58, 0x3C58, 0x3C99, 0x3C58, 0x3C58,
  0x3C37, 0xF81F, 0xF81F, 0xF81F, 0xF81F, 0xF81F, 0xF81F, 0xF81F, 0xF81F, 0xF81F,
  0xF81F, 0xF81F, 0xF81F, 0xF81F, 0xF81F, 0xF81F, 0xF81F, 0xF81F, 0x3C58, 0x3C59,
  0x3C9A, 0x3C58, 0x3C38, 0x3C58, 0x3C79, 0x3C58, 0x3C38, 0xF81F, 0xF81F, 0x3C58,
  0x3C58, 0xF81F, 0xF81F, 0x3C38, 0x3C58, 0x3C79, 0x3C58, 0x3C38, 0x3C58, 0x3C9A,
  0x3C59, 0x3C58, 0xF81F, 0xF81F, 0xF81F, 0xF81F, 0xF81F, 0xF81F, 0xF81F, 0xF81F,
  0xF81F, 0xF81F, 0xF81F, 0xF81F, 0xF81F, 0xF81F, 0xF81F, 0x3C58, 0x3C79, 0x3C99,
  0x3C58, 0x3C38, 0x3C58, 0x3C99, 0x3C58, 0xF81F, 0xF81F, 0xF81F, 0x3C58, 0x3C58,
  0x3C58, 0x3C58, 0xF81F, 0xF81F, 0xF81F, 0x3C58, 0x3C99, 0x3C58, 0x3C38, 0x3C58,
  0x3C99, 0x3C79, 0x3C58, 0xF81F, 0xF81F, 0xF81F, 0xF81F, 0xF81F, 0xF81F, 0xF81F,
  0xF81F, 0xF81F, 0xF81F, 0xF81F, 0xF81F, 0xF81F, 0x3C58, 0x3C79, 0x3C79, 0x3C58,
  0x3C58, 0x3C79, 0x3C79, 0x3C58, 0xF81F, 0xF81F, 0xF81F, 0xF81F, 0x3438, 0x3C58,
  0x3C58, 0x3438, 0xF81F, 0xF81F, 0xF81F, 0xF81F, 0x3C58, 0x3C79, 0x3C79, 0x3C58,
  0x3C58, 0x3C79, 0x3C79, 0x3C58, 0xF81F, 0xF81F, 0xF81F, 0xF81F, 0xF81F, 0xF81F,
  0xF81F, 0xF81F, 0xF81F, 0xF81F, 0xF81F, 0x3C58, 0x3C79, 0x3C79, 0x3C58, 0xF81F,
  0x3C38, 0x449A, 0x3C58, 0xF81F, 0xF81F, 0xF81F, 0xF81F, 0xF81F, 0x3438, 0x3C58,
  0x3C58, 0x3438, 0xF81F, 0xF81F, 0xF81F, 0xF81F, 0xF81F, 0x3C58, 0x449A, 0x3C38,
  0xF81F, 0x3C58, 0x3C79, 0x3C79, 0x3C58, 0xF81F, 0xF81F, 0xF81F, 0xF81F, 0xF81F,
  0xF81F, 0xF81F, 0xF81F, 0xF81F, 0x3C38, 0x3C99, 0x3C58, 0x3C38, 0xF81F, 0x3C58,
  0x449A, 0x3C58, 0x3C38, 0xF81F, 0xF81F, 0xF81F, 0xF81F, 0xF81F, 0xF81F, 0x3C58,
  0x3C58, 0xF81F, 0xF81F, 0xF81F, 0xF81F, 0xF81F, 0xF81F, 0x3C38, 0x3C58, 0x449A,
  0x3C58, 0xF81F, 0x3C38, 0x3C58, 0x3C99, 0x3C38, 0xF81F, 0xF81F, 0xF81F, 0xF81F,
  0xF81F, 0xF81F, 0xF81F, 0x3C38, 0x3C79, 0x3C59, 0x3C38, 0xF81F, 0x3C78, 0x3C38,
  0x3C9A, 0x3C58, 0xF81F, 0x3C58, 0x3438, 0x3438, 0x3438, 0x3438, 0x3C58, 0x3C58,
  0x3C58, 0x3C58, 0x3438, 0x3438, 0x3438, 0x3438, 0x3C58, 0xF81F, 0x3C58, 0x3C9A,
  0x3C38, 0x3C78, 0xF81F, 0x3C38, 0x3C59, 0x3C79, 0x3C38, 0xF81F, 0xF81F, 0xF81F,
  0xF81F, 0xF81F, 0x3438, 0x3C58, 0x3C58, 0x3C58, 0x3C38, 0x3C58, 0x3C58, 0x3C58,
  0x3C38, 0x3C58, 0x3C58, 0x3C58, 0x3C58, 0x3C58, 0x3C58, 0x3C58, 0x3C58, 0x3C58,
  0x3C58, 0x3C58, 0x3C58, 0x3C58, 0x3C58, 0x3C58, 0x3C58, 0x3C58, 0x3C58, 0x3C38,
  0x3C58, 0x3C58, 0x3C58, 0x3C58, 0x3C58, 0x3C58, 0x3C58, 0x3438, 0xF81F, 0xF81F,
  0xF81F, 0xF81F, 0x3C38, 0x3C79, 0x3C58, 0x3C58, 0x3C79, 0x3C58, 0x3C38, 0x3C58,
  0x3C58, 0x3C58, 0x3C58, 0x3C58, 0x3C58, 0x3C58, 0x3C58, 0x3C58, 0x3C58, 0x3C58,
  0x3C58, 0x3C58, 0x3C58, 0x3C58, 0x3C58, 0x3C58, 0x3C58, 0x3C58, 0x3C58, 0x3C58,
  0x3C58, 0x3C38, 0x3C58, 0x3C58, 0x3C58, 0x3C58, 0x3C79, 0x3C38, 0xF81F, 0xF81F,
  0xF81F, 0x3C58, 0x3C58, 0x3C79, 0x3C38, 0x3C38, 0x3C38, 0x3C38, 0x3C58, 0x3C59,
  0x3C38, 0x3C38, 0x3C58, 0x3438, 0x3438, 0x3438, 0x3438, 0x3438, 0x3C58, 0x3C58,
  0x3C58, 0x3C58, 0x3438, 0x3438, 0x3438, 0x3438, 0x3438, 0x3C58, 0x3C38, 0x3C38,
  0x3C79, 0x3C58, 0x3C38, 0x3438, 0x3438, 0x3C38, 0x3C79, 0x3C58, 0x3C58, 0xF81F,
  0xF81F, 0x3C58, 0x3C9A, 0x3C38, 0xF81F, 0xF81F, 0xF81F, 0x3C38, 0x3C9A, 0x3C38,
  0xF81F, 0xF81F, 0xF81F, 0xF81F, 0xF81F, 0xF81F, 0xF81F, 0xF81F, 0xF81F, 0x3C58,
  0x3C58, 0xF81F, 0xF81F, 0xF81F, 0xF81F, 0xF81F, 0xF81F, 0xF81F, 0xF81F, 0xF81F,
  0x3C38, 0x3C9A, 0x3C58, 0xF81F, 0xF81F, 0xF81F, 0x3C38, 0x3C9A, 0x3C58, 0xF81F,
  0xF81F, 0x3C38, 0x449A, 0x3C58, 0xF81F, 0xF81F, 0xF81F, 0x3C38, 0x44BA, 0x3C38,
  0xF81F, 0xF81F, 0xF81F, 0xF81F, 0xF81F, 0xF81F, 0xF81F, 0xF81F, 0x3438, 0x3C58,
  0x3C58, 0x3438, 0xF81F, 0xF81F, 0xF81F, 0xF81F, 0xF81F, 0xF81F, 0xF81F, 0xF81F,
  0x3C38, 0x44BA, 0x3C58, 0xF81F, 0xF81F, 0xF81F, 0x3C38, 0x44BA, 0x3C38, 0xF81F,
  0x3C58, 0x3C79, 0x3C59, 0x3C38, 0xF81F, 0xF81F, 0xF81F, 0x3C58, 0x44DB, 0x3C58,
  0xF81F, 0xF81F, 0xF81F, 0xF81F, 0xF81F, 0xF81F, 0xF81F, 0xF81F, 0x3438, 0x3C58,
  0x3C58, 0x3438, 0xF81F, 0xF81F, 0xF81F, 0xF81F, 0xF81F, 0xF81F, 0xF81F, 0xF81F,
  0x3C58, 0x44DB, 0x3C58, 0xF81F, 0xF81F, 0xF81F, 0x3C38, 0x3C59, 0x3C79, 0x3C58,
  0x3C38, 0x44BA, 0x3C38, 0xF81F, 0xF81F, 0xF81F, 0x3438, 0x3C58, 0x3C9A, 0x3C58,
  0xF81F, 0xF81F, 0xF81F, 0xF81F, 0xF81F, 0xF81F, 0xF81F, 0xF81F, 0x3438, 0x3C58,
  0x3C58, 0x3438, 0xF81F, 0xF81F, 0xF81F, 0xF81F, 0xF81F, 0xF81F, 0xF81F, 0xF81F,
  0x3C58, 0x3C9A, 0x3C58, 0x3438, 0xF81F, 0xF81F, 0xF81F, 0x3C38, 0x44BA, 0x3C38,
  0x3C38, 0x449A, 0x3C38, 0xF81F, 0xF81F, 0xF81F, 0x3C38, 0x3C58, 0x3C58, 0x3C38,
  0xF81F, 0xF81F, 0xF81F, 0xF81F, 0xF81F, 0xF81F, 0xF81F, 0xF81F, 0x3438, 0x3C58,
  0x3C58, 0x3438, 0xF81F, 0xF81F, 0xF81F, 0xF81F, 0xF81F, 0xF81F, 0xF81F, 0xF81F,
  0x3C38, 0x3C58, 0x3C58, 0x3C38, 0xF81F, 0xF81F, 0xF81F, 0x3C38, 0x449A, 0x3C38,
  0x3C38, 0x3C99, 0x3C38, 0xF81F, 0xF81F, 0xF81F, 0x3C58, 0x3C9A, 0x3C38, 0xF81F,
  0xF81F, 0xF81F, 0xF81F, 0xF81F, 0xF81F, 0xF81F, 0xF81F, 0xF81F, 0xF81F, 0x3C58,
  0x3C58, 0xF81F, 0xF81F, 0xF81F, 0xF81F, 0xF81F, 0xF81F, 0xF81F, 0xF81F, 0xF81F,
  0xF81F, 0x3C38, 0x3C9A, 0x3C58, 0xF81F, 0xF81F, 0xF81F, 0x3C38, 0x3C99, 0x3C38,
  0x3C58, 0x3C79, 0x3C38, 0x3438, 0x3C78, 0x3438, 0x3C58, 0x44BA, 0x3C58, 0x3C58,
  0x3438, 0x3459, 0x3438, 0x3438, 0x3438, 0x3438, 0x3438, 0x3438, 0x3C58, 0x3C58,
  0x3C58, 0x3C58, 0x3438, 0x3438, 0x3438, 0x3438, 0x3438, 0x3438, 0x3459, 0x3438,
  0x3C58, 0x3C58, 0x44BA, 0x3C58, 0x3438, 0x3C78, 0x3438, 0x3C38, 0x3C79, 0x3C58,
  0x3C58, 0x3C58, 0x3C58, 0x3C58, 0x3C58, 0x3C58, 0x3C58, 0x3C58, 0x3C58, 0x3C58,
  0x3C58, 0x3C58, 0x3C58, 0x3C58, 0x3C58, 0x3C58, 0x3C58, 0x3C58, 0x3C58, 0x3C58,
  0x3C58, 0x3C58, 0x3C58, 0x3C58, 0x3C58, 0x3C58, 0x3C58, 0x3C58, 0x3C58, 0x3C58,
  0x3C58, 0x3C58, 0x3C58, 0x3C58, 0x3C58, 0x3C58, 0x3C58, 0x3C58, 0x3C58, 0x3C58,
  0x3C58, 0x3C58, 0x3C58, 0x3C58, 0x3C58, 0x3C58, 0x3C58, 0x3C58, 0x3C58, 0x3C58,
  0x3C58, 0x3C58, 0x3C58, 0x3C58, 0x3C58, 0x3C58, 0x3C58, 0x3C58, 0x3C58, 0x3C58,
  0x3C58, 0x3C58, 0x3C58, 0x3C59, 0x3C59, 0x3C59, 0x3C59, 0x3C59, 0x3C59, 0x3C58,
  0x3C58, 0x3C58, 0x3C58, 0x3C58, 0x3C58, 0x3C59, 0x3C58, 0x3C58, 0x3C58, 0x3C58,
  0x3C58, 0x3C79, 0x3C38, 0x3438, 0x3C78, 0x3438, 0x3C58, 0x44BA, 0x3C58, 0x3C58,
  0x3438, 0x3459, 0x3438, 0x3438, 0x3438, 0x3438, 0x3438, 0x3438, 0x3C58, 0x3C58,
  0x3C58, 0x3C38, 0x3C38, 0x3C58, 0x3C58, 0x3C58, 0x3C58, 0x3C58, 0x3C58, 0x3C58,
  0x3C58, 0x3C58, 0x3C9A, 0x3C58, 0x3C58, 0x3C58, 0x3C38, 0x3C38, 0x3C79, 0x3C38,
  0x3C38, 0x3C99, 0x3C38, 0xF81F, 0xF81F, 0xF81F, 0x3C58, 0x3C9A, 0x3C38, 0xF81F,
  0xF81F, 0xF81F, 0xF81F, 0xF81F, 0xF81F, 0xF81F, 0xF81F, 0xF81F, 0xF81F, 0x3C58,
  0x3C58, 0xF81F, 0xF81F, 0xF81F, 0xF81F, 0xF81F, 0xF81F, 0xF81F, 0xF81F, 0xF81F,
  0xF81F, 0x3C58, 0x3C9A, 0x3C58, 0xF81F, 0xF81F, 0xF81F, 0x3C38, 0x3C99, 0x3C38,
  0x3C38, 0x449A, 0x3C38, 0xF81F, 0xF81F, 0xF81F, 0x3C38, 0x3C58, 0x3C58, 0x3C38,
  0xF81F, 0xF81F, 0xF81F, 0xF81F, 0xF81F, 0xF81F, 0xF81F, 0xF81F, 0x3438, 0x3C58,
  0x3C58, 0x3C39, 0xF81F, 0xF81F, 0xF81F, 0xF81F, 0xF81F, 0xF81F, 0xF81F, 0xF81F,
  0x3C38, 0x3C58, 0x3C58, 0x3C38, 0xF81F, 0xF81F, 0xF81F, 0x3C38, 0x449A, 0x3C38,
  0x3C38, 0x44BA, 0x3C38, 0xF81F, 0xF81F, 0xF81F, 0x3438, 0x3C58, 0x3C9A, 0x3C58,
  0xF81F, 0xF81F, 0xF81F, 0xF81F, 0xF81F, 0xF81F, 0xF81F, 0xF81F, 0x3438, 0x3C58,
  0x3C58, 0x3438, 0xF81F, 0xF81F, 0xF81F, 0xF81F, 0xF81F, 0xF81F, 0xF81F, 0xF81F,
  0x3C58, 0x3C9A, 0x3C58, 0x3438, 0xF81F, 0xF81F, 0xF81F, 0x3C38, 0x44BA, 0x3C38,
  0x3C58, 0x3C79, 0x3C59, 0x3C38, 0xF81F, 0xF81F, 0xF81F, 0x3C58, 0x44DB, 0x3C58,
  0xF81F, 0xF81F, 0xF81F, 0xF81F, 0xF81F, 0xF81F, 0xF81F, 0xF81F, 0x3438, 0x3C58,
  0x3C58, 0x3438, 0xF81F, 0xF81F, 0xF81F, 0xF81F, 0xF81F, 0xF81F, 0xF81F, 0xF81F,
  0x3C58, 0x44DB, 0x3C58, 0xF81F, 0xF81F, 0xF81F, 0x3C38, 0x3C59, 0x3C79, 0x3C58,
  0xF81F, 0x3C38, 0x449A, 0x3C58, 0xF81F, 0xF81F, 0xF81F, 0x3C58, 0x44BA, 0x3C38,
  0xF81F, 0xF81F, 0xF81F, 0xF81F, 0xF81F, 0xF81F, 0xF81F, 0xF81F, 0x3438, 0x3C58,
  0x3C58, 0x3438, 0xF81F, 0xF81F, 0xF81F, 0xF81F, 0xF81F, 0xF81F, 0xF81F, 0xF81F,
  0x3C38, 0x44BA, 0x3C58, 0xF81F, 0xF81F, 0xF81F, 0x3C38, 0x44BA, 0x3C38, 0xF81F,
  0xF81F, 0x3C58, 0x3C9A, 0x3C38, 0xF81F, 0xF81F, 0xF81F, 0x3C58, 0x3C9A, 0x3C38,
  0xF81F, 0xF81F, 0xF81F, 0xF81F, 0xF81F, 0xF81F, 0xF81F, 0xF81F, 0xF81F, 0x3C58,
  0x3C58, 0xF81F, 0xF81F, 0xF81F, 0xF81F, 0xF81F, 0xF81F, 0xF81F, 0xF81F, 0xF81F,
  0x3C38, 0x3C9A, 0x3C58, 0xF81F, 0xF81F, 0xF81F, 0x3C38, 0x3C9A, 0x3C58, 0xF81F,
  0xF81F, 0x3C58, 0x3C58, 0x3C79, 0x3C58, 0x3438, 0x3438, 0x3C38, 0x3C58, 0x3C59,
  0x3C38, 0x3C38, 0x3C58, 0x3438, 0x3438, 0x3438, 0x3438, 0x3438, 0x3C58, 0x3C58,
  0x3C58, 0x3C58, 0x3438, 0x3438, 0x3438, 0x3438, 0x3438, 0x3C58, 0x3C38, 0x3C38,
  0x3C59, 0x3C58, 0x3C38, 0x3C38, 0x3438, 0x3C38, 0x3C79, 0x3C58, 0x3C58, 0xF81F,
  0xF81F, 0xF81F, 0x3C38, 0x3C79, 0x3C58, 0x3C58, 0x3C58, 0x3C58, 0x3C38, 0x3C58,
  0x3C58, 0x3C58, 0x3C58, 0x3C58, 0x3C58, 0x3C58, 0x3C58, 0x3C58, 0x3C58, 0x3C58,
  0x3C58, 0x3C58, 0x3C58, 0x3C58, 0x3C58, 0x3C58, 0x3C58, 0x3C58, 0x3C58, 0x3C58,
  0x3C58, 0x3C58, 0x3C58, 0x3C58, 0x3C58, 0x3C58, 0x3C79, 0x3C38, 0xF81F, 0xF81F,
  0xF81F, 0xF81F, 0x3438, 0x3C58, 0x3C58, 0x3C58, 0x3C58, 0x3C58, 0x3C58, 0x3C58,
  0x3C38, 0x3C58, 0x3C58, 0x3C58, 0x3C58, 0x3C58, 0x3C58, 0x3C58, 0x3C58, 0x3C58,
  0x3C58, 0x3C58, 0x3C58, 0x3C59, 0x3C59, 0x3C59, 0x3C59, 0x3C59, 0x3C58, 0x3C38,
  0x3C58, 0x3C79, 0x3C59, 0x3C38, 0x3C58, 0x3C58, 0x3C58, 0x3438, 0xF81F, 0xF81F,
  0xF81F, 0xF81F, 0xF81F, 0x3C38, 0x3C79, 0x3C59, 0x3C38, 0xF81F, 0x3C78, 0x3C38,
  0x3C9A, 0x3C38, 0xF81F, 0x3C58, 0x3438, 0x3438, 0x3438, 0x3438, 0x3C58, 0x3C58,
  0x3C58, 0x3C38, 0x3C38, 0x3C58, 0x3C58, 0x3C58, 0x3C38, 0x3C38, 0x3C38, 0x3C99,
  0x3C38, 0x3C38, 0x3C58, 0x3C58, 0x3C58, 0x3C99, 0x3C38, 0xF81F, 0xF81F, 0xF81F,
  0xF81F, 0xF81F, 0xF81F, 0xF81F, 0x3C38, 0x3C99, 0x3C58, 0x3C38, 0xF81F, 0x3C58,
  0x449A, 0x3C58, 0x3C38, 0xF81F, 0xF81F, 0xF81F, 0xF81F, 0xF81F, 0xF81F, 0x3C58,
  0x3C58, 0xF81F, 0xF81F, 0xF81F, 0xF81F, 0xF81F, 0xF81F, 0x3C38, 0x3C58, 0x44BA,
  0x3C58, 0xF81F, 0x3C58, 0x3C58, 0x3C99, 0x3C38, 0xF81F, 0xF81F, 0xF81F, 0xF81F,
  0xF81F, 0xF81F, 0xF81F, 0xF81F, 0xF81F, 0x3C58, 0x3C79, 0x3C79, 0x3C58, 0xF81F,
  0x3C38, 0x449A, 0x3C58, 0xF81F, 0xF81F, 0xF81F, 0xF81F, 0xF81F, 0x3438, 0x3C58,
  0x3C58, 0x3C39, 0xF81F, 0xF81F, 0xF81F, 0xF81F, 0xF81F, 0x3C58, 0x449A, 0x3C38,
  0xF81F, 0x3C58, 0x3C79, 0x3C99, 0x3C58, 0xF81F, 0xF81F, 0xF81F, 0xF81F, 0xF81F,
  0xF81F, 0xF81F, 0xF81F, 0xF81F, 0xF81F, 0xF81F, 0x3C58, 0x3C79, 0x3C79, 0x3C58,
  0x3C58, 0x3C79, 0x3C79, 0x3C58, 0xF81F, 0xF81F, 0xF81F, 0xF81F, 0x3438, 0x3C58,
  0x3C58, 0x3438, 0xF81F, 0xF81F, 0xF81F, 0xF81F, 0x3C58, 0x3C79, 0x3C79, 0x3C58,
  0x3C58, 0x3C79, 0x3C79, 0x3C58, 0xF81F, 0xF81F, 0xF81F, 0xF81F, 0xF81F, 0xF81F,
  0xF81F, 0xF81F, 0xF81F, 0xF81F, 0xF81F, 0xF81F, 0xF81F, 0x3C58, 0x3C79, 0x3C99,
  0x3C58, 0x3C38, 0x3C58, 0x3C99, 0x3C58, 0xF81F, 0xF81F, 0xF81F, 0x3C58, 0x3C58,
  0x3C58, 0x3C58, 0xF81F, 0xF81F, 0xF81F, 0x3C58, 0x3C99, 0x3C58, 0x3C38, 0x3C58,
  0x3C99, 0x3C79, 0x3C58, 0xF81F, 0xF81F, 0xF81F, 0xF81F, 0xF81F, 0xF81F, 0xF81F,
  0xF81F, 0xF81F, 0xF81F, 0xF81F, 0xF81F, 0xF81F, 0xF81F, 0xF81F, 0x3C58, 0x3C59,
  0x3C9A, 0x3C58, 0x3C38, 0x3C58, 0x3C79, 0x3C58, 0x3C38, 0xF81F, 0xF81F, 0x3C58,
  0x3C58, 0xF81F, 0xF81F, 0x3C38, 0x3C58, 0x3C79, 0x3C58, 0x3C38, 0x3C58, 0x3C9A,
  0x3C59, 0x3C58, 0xF81F, 0xF81F, 0xF81F, 0xF81F, 0xF81F, 0xF81F, 0xF81F, 0xF81F,
  0xF81F, 0xF81F, 0xF81F, 0xF81F, 0xF81F, 0xF81F, 0xF81F, 0xF81F, 0xF81F, 0x3C37,
  0x3C58, 0x3C58, 0x3C99, 0x3C58, 0x3C58, 0x3C59, 0x3C58, 0x3C38, 0x3C38, 0x3C58,
  0x3C58, 0x3C38, 0x3C38, 0x3C58, 0x3C59, 0x3C58, 0x3C58, 0x3C99, 0x3C58, 0x3C58,
  0x3C37, 0xF81F, 0xF81F, 0xF81F, 0xF81F, 0xF81F, 0xF81F, 0xF81F, 0xF81F, 0xF81F,
  0xF81F, 0xF81F, 0xF81F, 0xF81F, 0xF81F, 0xF81F, 0xF81F, 0xF81F, 0xF81F, 0xF81F,
  0xF81F, 0x3C38, 0x3C58, 0x3C58, 0x3C59, 0x3C79, 0x3C79, 0x3C99, 0x3C79, 0x3C58,
  0x3C58, 0x3C79, 0x3C99, 0x3C79, 0x3C79, 0x3C59, 0x3C58, 0x3C58, 0x3C38, 0xF81F,
  0xF81F, 0xF81F, 0xF81F, 0xF81F, 0xF81F, 0xF81F, 0xF81F, 0xF81F, 0xF81F, 0xF81F,
  0xF81F, 0xF81F, 0xF81F, 0xF81F, 0xF81F, 0xF81F, 0xF81F, 0xF81F, 0xF81F, 0xF81F,
  0xF81F, 0xF81F, 0xF81F, 0xF81F, 0x3C38, 0x3C58, 0x3C58, 0x3C38, 0x3C58, 0x3C58,
  0x3C58, 0x3C58, 0x3C38, 0x3C58, 0x3C58, 0x3C38, 0xF81F, 0xF81F, 0xF81F, 0xF81F,
  0xF81F, 0xF81F, 0xF81F, 0xF81F, 0xF81F, 0xF81F, 0xF81F, 0xF81F, 0xF81F, 0xF81F
};

static const uint16_t kEmoji_cloud[1600] PROGMEM = {
  0xF81F, 0xF81F, 0xF81F, 0xF81F, 0xF81F, 0xF81F, 0xF81F, 0xF81F, 0xF81F, 0xF81F,
  0xF81F, 0xF81F, 0xF81F, 0xF81F, 0xF81F, 0xF81F, 0xF81F, 0xF81F, 0xF81F, 0xF81F,
  0xF81F, 0xF81F, 0xF81F, 0xF81F, 0xF81F, 0xF81F, 0xF81F, 0xF81F, 0xF81F, 0xF81F,
  0xF81F, 0xF81F, 0xF81F, 0xF81F, 0xF81F, 0xF81F, 0xF81F, 0xF81F, 0xF81F, 0xF81F,
  0xF81F, 0xF81F, 0xF81F, 0xF81F, 0xF81F, 0xF81F, 0xF81F, 0xF81F, 0xF81F, 0xF81F,
  0xF81F, 0xF81F, 0xF81F, 0xF81F, 0xF81F, 0xF81F, 0xF81F, 0xF81F, 0xF81F, 0xF81F,
  0xF81F, 0xF81F, 0xF81F, 0xF81F, 0xF81F, 0xF81F, 0xF81F, 0xF81F, 0xF81F, 0xF81F,
  0xF81F, 0xF81F, 0xF81F, 0xF81F, 0xF81F, 0xF81F, 0xF81F, 0xF81F, 0xF81F, 0xF81F,
  0xF81F, 0xF81F, 0xF81F, 0xF81F, 0xF81F, 0xF81F, 0xF81F, 0xF81F, 0xF81F, 0xF81F,
  0xF81F, 0xF81F, 0xF81F, 0xF81F, 0xF81F, 0xF81F, 0xF81F, 0xF81F, 0xCEBB, 0xCEBB,
  0xCEBB, 0xCEBB, 0xCEBB, 0xD6DC, 0xF81F, 0xF81F, 0xF81F, 0xF81F, 0xF81F, 0xF81F,
  0xF81F, 0xF81F, 0xF81F, 0xF81F, 0xF81F, 0xF81F, 0xF81F, 0xF81F, 0xF81F, 0xF81F,
  0xF81F, 0xF81F, 0xF81F, 0xF81F, 0xF81F, 0xF81F, 0xF81F, 0xF81F, 0xF81F, 0xF81F,
  0xF81F, 0xF81F, 0xF81F, 0xF81F, 0xF81F, 0xF81F, 0xC6BB, 0xCEDB, 0xDF1D, 0xD71D,
  0xD71D, 0xD71D, 0xD71D, 0xDF1D, 0xD6DC, 0xCE9B, 0xF81F, 0xF81F, 0xF81F, 0xF81F,
  0xF81F, 0xF81F, 0xF81F, 0xF81F, 0xF81F, 0xF81F, 0xF81F, 0xF81F, 0xF81F, 0xF81F,
  0xF81F, 0xF81F, 0xF81F, 0xF81F, 0xF81F, 0xF81F, 0xF81F, 0xF81F, 0xF81F, 0xF81F,
  0xF81F, 0xF81F, 0xF81F, 0xF81F, 0xF81F, 0xCEBB, 0xCEBB, 0xDF1D, 0xCEBB, 0xCEBB,
  0xCEBB, 0xCEBB, 0xCEBB, 0xCEBB, 0xD6FC, 0xD6DC, 0xCEDC, 0xF81F, 0xF81F, 0xF81F,
  0xF81F, 0xF81F, 0xF81F, 0xF81F, 0xF81F, 0xF81F, 0xF81F, 0xF81F, 0xF81F, 0xF81F,
  0xF81F, 0xF81F, 0xF81F, 0xF81F, 0xF81F, 0xF81F, 0xF81F, 0xF81F, 0xF81F, 0xF81F,
  0xF81F, 0xF81F, 0xF81F, 0xF81F, 0xF81F, 0xCEBB, 0xDF3D, 0xCEBB, 0xCEBB, 0xCEBB,
  0xCEBB, 0xCEBB, 0xCEBB, 0xCEBB, 0xCEBB, 0xD6FC, 0xCEBB, 0xF81F, 0xF81F, 0xF81F,
  0xF81F, 0xF81F, 0xF81F, 0xF81F, 0xF81F, 0xF81F, 0xF81F, 0xF81F, 0xF81F, 0xF81F,
  0xF81F, 0xF81F, 0xF81F, 0xF81F, 0xF81F, 0xF81F, 0xF81F, 0xF81F, 0xF81F, 0xF81F,
  0xCE9B, 0xCEBB, 0xD6DC, 0xCEBB, 0xCEBB, 0xCEDB, 0xCEBB, 0xCEBB, 0xCEBB, 0xCEBB,
  0xCEBB, 0xCEBB, 0xCEBB, 0xCEBB, 0xCEBB, 0xCEBB, 0xDF3D, 0xCEBB, 0xF81F, 0xF81F,
  0xF81F, 0xF81F, 0xF81F, 0xF81F, 0xF81F, 0xF81F, 0xF81F, 0xF81F, 0xF81F, 0xF81F,
  0xF81F, 0xF81F, 0xF81F, 0xF81F, 0xF81F, 0xF81F, 0xF81F, 0xF81F, 0xC69B, 0xCEBB,
  0xCEBB, 0xDF3D, 0xDF3D, 0xD6FC, 0xCEBB, 0xCEBB, 0xCEBB, 0xCEBB, 0xCEBB, 0xCEBB,
  0xCEBB, 0xCEBB, 0xCEBB, 0xCEBB, 0xCEBB, 0xCEBB, 0xD71C, 0xCEBB, 0xF81F, 0xF81F,
  0xF81F, 0xF81F, 0xF81F, 0xF81F, 0xF81F, 0xF81F, 0xF81F, 0xF81F, 0xF81F, 0xF81F,
  0xF81F, 0xF81F, 0xF81F, 0xF81F, 0xF81F, 0xF81F, 0xF81F, 0xCE9B, 0xD6FC, 0xD6FC,
  0xCEBB, 0xCEBB, 0xCEBB, 0xCEBB, 0xCEBB, 0xCEBB, 0xCEBB, 0xCEBB, 0xCEBB, 0xCEBB,
  0xCEBB, 0xCEBB, 0xCEBB, 0xCEBB, 0xCEBB, 0xCEBB, 0xD71D, 0xCEBB, 0xF81F, 0xD6DD,
  0xCE9B, 0xF81F, 0xF81F, 0xF81F, 0xF81F, 0xF81F, 0xF81F, 0xF81F, 0xF81F, 0xF81F,
  0xF81F, 0xF81F, 0xF81F, 0xF81F, 0xF81F, 0xF81F, 0xCEDB, 0xD71C, 0xCEDB, 0xCEBB,
  0xCEBB, 0xCEBB, 0xCEBB, 0xCEBB, 0xCEBB, 0xCEBB, 0xCEBB, 0xCEBB, 0xCEBB, 0xCEBB,
  0xCEBB, 0xCEBB, 0xCEBB, 0xCEBB, 0xCEBB, 0xCEBB, 0xCEDB, 0xCEBB, 0xCEBB, 0xD6DC,
  0xCEDC, 0xCEBB, 0xD6DC, 0xCEDC, 0xF81F, 0xF81F, 0xF81F, 0xF81F, 0xF81F, 0xF81F,
  0xF81F, 0xF81F, 0xF81F, 0xF81F, 0xF81F, 0xF81F, 0xCEBB, 0xD6FC, 0xCEBB, 0xCEBB,
  0xCEBB, 0xCEBB, 0xCEBB, 0xCEBB, 0xCEBB, 0xCEBB, 0xCEBB, 0xCEBB, 0xCEBB, 0xCEBB,
  0xCEBB, 0xCEBB, 0xCEBB, 0xCEBB, 0xCEBB, 0xCEBB, 0xCEBB, 0xCEDB, 0xCEDC, 0xCEBB,
  0xCEBB, 0xCEBB, 0xD71D, 0xDF1D, 0xCEDB, 0xCEDB, 0xF81F, 0xF81F, 0xF81F, 0xF81F,
  0xF81F, 0xF81F, 0xF81F, 0xF81F, 0xF81F, 0xCEBB, 0xD6DC, 0xCEBB, 0xCEBB, 0xCEBB,
  0xCEBB, 0xCEBB, 0xCEBB, 0xCEBB, 0xCEBB, 0xCEBB, 0xCEBB, 0xCEBB, 0xCEBB, 0xCEBB,
  0xCEBB, 0xCEBB, 0xCEBB, 0xCEBB, 0xCEBB, 0xCEBB, 0xCEBB, 0xCEBB, 0xCEBB, 0xCEBB,
  0xCEBB, 0xCEBB, 0xCEBB, 0xCEBB, 0xDF3D, 0xCEDC, 0xF81F, 0xF81F, 0xF81F, 0xF81F,
  0xF81F, 0xF81F, 0xF81F, 0xF81F, 0xF81F, 0xCEBB, 0xDF3D, 0xCEBB, 0xCEBB, 0xCEBB,
  0xCEBB, 0xCEBB, 0xCEBB, 0xCEBB, 0xCEBB, 0xCEBB, 0xCEBB, 0xCEBB, 0xCEBB, 0xCEBB,
  0xCEBB, 0xCEBB, 0xCEBB, 0xCEBB, 0xCEBB, 0xCEBB, 0xCEBB, 0xCEBB, 0xCEBB, 0xCEBB,
  0xCEBB, 0xCEBB, 0xCEBB, 0xCEBB, 0xCEBB, 0xDF3D, 0xCE9B, 0xF81F, 0xF81F, 0xF81F,
  0xF81F, 0xF81F, 0xF81F, 0xF81F, 0xF81F, 0xCEBB, 0xDF5E, 0xCEBB, 0xCEBB, 0xCEBB,
  0xCEBB, 0xCEBB, 0xCEBB, 0xCEBB, 0xCEBB, 0xD6DC, 0xD6FC, 0xDF1D, 0xDF1D, 0xDF1D,
  0xD6FC, 0xCEDB, 0xCEBB, 0xCEBB, 0xCEBB, 0xCEBB, 0xCEBB, 0xCEBB, 0xCEBB, 0xCEBB,
  0xCEBB, 0xCEBB, 0xCEBB, 0xCEBB, 0xCEBB, 0xCEBB, 0xD6FC, 0xCEBB, 0xF81F, 0xF81F,
  0xF81F, 0xF81F, 0xF81F, 0xF81F, 0xF81F, 0xCEBB, 0xDF3D, 0xCEBB, 0xCEBB, 0xCEBB,
  0xCEBB, 0xCEBB, 0xCEBB, 0xCEBB, 0xDF1D, 0xE75D, 0xE75D, 0xE75D, 0xE75D, 0xE75D,
  0xE75D, 0xE73D, 0xD6FC, 0xCEBB, 0xCEBB, 0xCEBB, 0xCEBB, 0xCEBB, 0xCEBB, 0xCEBB,
  0xCEBB, 0xCEBB, 0xCEBB, 0xCEBB, 0xCEBB, 0xCEBB, 0xD71D, 0xCEBB, 0xF81F, 0xF81F,
  0xF81F, 0xF81F, 0xF81F, 0xF81F, 0xF81F, 0xCEBB, 0xCEBB, 0xCEBB, 0xCEBB, 0xCEBB,
  0xCEBB, 0xCEBB, 0xCEDB, 0xDF3D, 0xE75D, 0xE75D, 0xE75D, 0xE75D, 0xE75D, 0xE75D,
  0xE75D, 0xE75D, 0xE75D, 0xDF1C, 0xCEBB, 0xCEBB, 0xCEBB, 0xCEBB, 0xCEBB, 0xCEBB,
  0xCEBB, 0xCEBB, 0xCEBB, 0xCEBB, 0xCEBB, 0xCEBB, 0xD71D, 0xCEBB, 0xF81F, 0xF81F,
  0xF81F, 0xF81F, 0xF81F, 0xF81F, 0xF81F, 0xF81F, 0xCEBB, 0xD71C, 0xCEBB, 0xCEBB,
  0xCEBB, 0xCEBB, 0xDF1D, 0xE75D, 0xE75D, 0xE75D, 0xE75D, 0xE75D, 0xE75D, 0xE75D,
  0xE75D, 0xE75D, 0xE75D, 0xE75D, 0xD6FC, 0xCEBB, 0xCEBB, 0xCEBB, 0xCEBB, 0xCEBB,
  0xCEBB, 0xCEBB, 0xCEBB, 0xCEBB, 0xCEBB, 0xCEBB, 0xD71D, 0xCEBB, 0xF81F, 0xF81F,
  0xF81F, 0xF81F, 0xF81F, 0xF81F, 0xF81F, 0xF81F, 0xD6DC, 0xD6FC, 0xD6DC, 0xD6DC,
  0xCEDB, 0xD6FC, 0xE75D, 0xE75D, 0xE75D, 0xE75D, 0xE75D, 0xE75D, 0xE75D, 0xE75D,
  0xE75D, 0xE75D, 0xE75D, 0xE75D, 0xDF3D, 0xCEBB, 0xCEBB, 0xD6DC, 0xD6DC, 0xD6DC,
  0xCEBB, 0xCEBB, 0xCEBB, 0xCEBB, 0xCEBB, 0xCEBB, 0xD71D, 0xCEBB, 0xF81F, 0xF81F,
  0xF81F, 0xF81F, 0xF81F, 0xF81F, 0xDF3D, 0xE73D, 0xE75D, 0xE75D, 0xE75D, 0xE75D,
  0xE75D, 0xE73D, 0xE75D, 0xE75D, 0xE75D, 0xE75D, 0xE75D, 0xE75D, 0xE75D, 0xE75D,
  0xE75D, 0xE75D, 0xE75D, 0xE75D, 0xE75D, 0xDF1D, 0xDF3D, 0xE75D, 0xE75D, 0xE75D,
  0xDF3D, 0xD6DC, 0xCEBB, 0xCEBB, 0xCEBB, 0xCEBB, 0xD71C, 0xCEDB, 0xF81F, 0xF81F,
  0xF81F, 0xF81F, 0xF81F, 0xE75D, 0xE77E, 0xEFBF, 0xE77E, 0xE75D, 0xE75D, 0xE75D,
  0xE75D, 0xE75D, 0xE75D, 0xE75D, 0xE75D, 0xE75D, 0xE75D, 0xE75D, 0xE75D, 0xE75D,
  0xE75D, 0xE75D, 0xE75D, 0xE75D, 0xE75D, 0xE75D, 0xE75D, 0xE75D, 0xE75D, 0xE75D,
  0xE75D, 0xE75D, 0xD6DC, 0xCEBB, 0xCEBB, 0xCEBB, 0xDF1D, 0xCEBB, 0xF81F, 0xF81F,
  0xF81F, 0xF81F, 0xDF3D, 0xF7DF, 0xE75D, 0xE73D, 0xE73D, 0xE75D, 0xE75D, 0xE75D,
  0xE75D, 0xE75D, 0xE75D, 0xE75D, 0xE75D, 0xE75D, 0xE75D, 0xE75D, 0xE75D, 0xE75D,
  0xE75D, 0xE75D, 0xE75D, 0xE75D, 0xE75D, 0xE75D, 0xE75D, 0xE75D, 0xE75D, 0xE75D,
  0xE75D, 0xE75D, 0xDF3D, 0xCEBB, 0xCEBB, 0xD6FC, 0xCEBB, 0xF81F, 0xF81F, 0xF81F,
  0xF81F, 0xDF3D, 0xF7DF, 0xE75D, 0xE73D, 0xE75D, 0xE75D, 0xE75D, 0xE75D, 0xE75D,
  0xE75D, 0xE75D, 0xE75D, 0xE75D, 0xE75D, 0xE75D, 0xE75D, 0xE75D, 0xE75D, 0xE75D,
  0xE75D, 0xE75D, 0xE75D, 0xE75D, 0xE75D, 0xE75D, 0xE75D, 0xE75D, 0xE75D, 0xE75D,
  0xE75D, 0xE75D, 0xE75D, 0xD6DC, 0xCEDC, 0xD6FC, 0xCEBB, 0xF81F, 0xF81F, 0xF81F,
  0xDF3D, 0xE75D, 0xE77E, 0xE73D, 0xE75D, 0xE75D, 0xE75D, 0xE75D, 0xE75D, 0xE75D,
  0xE75D, 0xE75D, 0xE75D, 0xE75D, 0xE75D, 0xE75D, 0xE75D, 0xE75D, 0xE75D, 0xE75D,
  0xE75D, 0xE75D, 0xE75D, 0xE75D, 0xE75D, 0xE75D, 0xE75D, 0xE75D, 0xE75D, 0xE75D,
  0xE75D, 0xE75D, 0xE75D, 0xE75E, 0xCEDC, 0xCEBB, 0xF81F, 0xF81F, 0xF81F, 0xF81F,
  0xE75D, 0xEFBF, 0xE73D, 0xE75D, 0xE75D, 0xE75D, 0xE75D, 0xE75D, 0xE75D, 0xE75D,
  0xE75D, 0xE75D, 0xE75D, 0xE75D, 0xE75D, 0xE75D, 0xE75D, 0xE75D, 0xE75D, 0xE75D,
  0xE75D, 0xE75D, 0xE75D, 0xE75D, 0xE75D, 0xE75D, 0xE75D, 0xE75D, 0xE75D, 0xE75D,
  0xE75D, 0xE73D, 0xEF7E, 0xDF1D, 0xF81F, 0xF81F, 0xF81F, 0xF81F, 0xF81F, 0xF81F,
  0xE73D, 0xE77E, 0xE73D, 0xE75D, 0xE75D, 0xE75D, 0xE75D, 0xE75D, 0xE75D, 0xE75D,
  0xE75D, 0xE75D, 0xE75D, 0xE75D, 0xE75D, 0xE75D, 0xE75D, 0xE75D, 0xE75D, 0xE75D,
  0xE75D, 0xE75D, 0xE75D, 0xE75D, 0xE75D, 0xE75D, 0xE75D, 0xE75D, 0xE75D, 0xE75D,
  0xE75D, 0xE75D, 0xE75D, 0xE73D, 0xE75D, 0xDF3D, 0xE77E, 0xF81F, 0xF81F, 0xF81F,
  0xE75D, 0xE75D, 0xE75D, 0xE75D, 0xE75D, 0xE75D, 0xE75D, 0xE75D, 0xE75D, 0xE75D,
  0xE75D, 0xE75D, 0xE75D, 0xE75D, 0xE75D, 0xE75D, 0xE75D, 0xE75D, 0xE75D, 0xE75D,
  0xE75D, 0xE75D, 0xE75D, 0xE75D, 0xE75D, 0xE75D, 0xE75D, 0xE75D, 0xE75D, 0xE75D,
  0xE75D, 0xE75D, 0xE73D, 0xEFBF, 0xF7FF, 0xF7BF, 0xEF7E, 0xE75E, 0xF81F, 0xF81F,
  0xE73D, 0xE75D, 0xE75D, 0xE75D, 0xE75D, 0xE75D, 0xE75D, 0xE75D, 0xE75D, 0xE75D,
  0xE75D, 0xE75D, 0xE75D, 0xE75D, 0xE75D, 0xE75D, 0xE75D, 0xE75D, 0xE75D, 0xE75D,
  0xE75D, 0xE75D, 0xE75D, 0xE75D, 0xE75D, 0xE75D, 0xE75D, 0xE75D, 0xE75D, 0xE75D,
  0xE75D, 0xE75D, 0xE75D, 0xE73D, 0xE75D, 0xE73D, 0xE73D, 0xF7DF, 0xE73D, 0xF81F,
  0xE75D, 0xE75D, 0xE75D, 0xE75D, 0xE75D, 0xE75D, 0xE75D, 0xE75D, 0xE75D, 0xE75D,
  0xE75D, 0xE75D, 0xE75D, 0xE75D, 0xE75D, 0xE75D, 0xE75D, 0xE75D, 0xE75D, 0xE75D,
  0xE75D, 0xE75D, 0xE75D, 0xE75D, 0xE75D, 0xE75D, 0xE75D, 0xE75D, 0xE75D, 0xE75D,
  0xE75D, 0xE75D, 0xE75D, 0xE75D, 0xE75D, 0xE75D, 0xE75D, 0xE75D, 0xF7BF, 0xE73D,
  0xE73D, 0xE75D, 0xE73D, 0xE75D, 0xE75D, 0xE75D, 0xE75D, 0xE75D, 0xE75D, 0xE75D,
  0xE75D, 0xE75D, 0xE75D, 0xE75D, 0xE75D, 0xE75D, 0xE75D, 0xE75D, 0xE75D, 0xE75D,
  0xE75D, 0xE75D, 0xE75D, 0xE75D, 0xE75D, 0xE75D, 0xE75D, 0xE75D, 0xE75D, 0xE75D,
  0xE75D, 0xE75D, 0xE75D, 0xE75D, 0xE75D, 0xE75D, 0xE75D, 0xE73D, 0xE75E, 0xE73D,
  0xE73D, 0xEF9F, 0xE73D, 0xE75D, 0xE75D, 0xE75D, 0xE75D, 0xE75D, 0xE75D, 0xE75D,
  0xE75D, 0xE75D, 0xE75D, 0xE75D, 0xE75D, 0xE75D, 0xE75D, 0xE75D, 0xE75D, 0xE75D,
  0xE75D, 0xE75D, 0xE75D, 0xE75D, 0xE75D, 0xE75D, 0xE75D, 0xE75D, 0xE75D, 0xE75D,
  0xE75D, 0xE75D, 0xE75D, 0xE75D, 0xE75D, 0xE75D, 0xE75D, 0xE75D, 0xE75D, 0xE75D,
  0xE75D, 0xE77E, 0xE75D, 0xE75D, 0xE75D, 0xE75D, 0xE75D, 0xE75D, 0xE75D, 0xE75D,
  0xE75D, 0xE75D, 0xE75D, 0xE75D, 0xE75D, 0xE75D, 0xE75D, 0xE75D, 0xE75D, 0xE75D,
  0xE75D, 0xE75D, 0xE75D, 0xE75D, 0xE75D, 0xE75D, 0xE75D, 0xE75D, 0xE75D, 0xE75D,
  0xE75D, 0xE75D, 0xE75D, 0xE75D, 0xE75D, 0xE75D, 0xE75D, 0xE75D, 0xE75D, 0xE75D,
  0xF81F, 0xDF3D, 0xF7DF, 0xE73D, 0xE75D, 0xE75D, 0xE75D, 0xE75D, 0xE75D, 0xE75D,
  0xE75D, 0xE75D, 0xE75D, 0xE75D, 0xE75D, 0xE75D, 0xE75D, 0xE75D, 0xE75D, 0xE75D,
  0xE75D, 0xE75D, 0xE75D, 0xE75D, 0xE75D, 0xE75D, 0xE75D, 0xE75D, 0xE75D, 0xE75D,
  0xE75D, 0xE75D, 0xE75D, 0xE75D, 0xE75D, 0xE75D, 0xE75D, 0xE73D, 0xE75E, 0xE73D,
  0xF81F, 0xF81F, 0xE75E, 0xF7BF, 0xE73D, 0xE73D, 0xE75D, 0xE75D, 0xE75D, 0xE75D,
  0xE75D, 0xE75D, 0xE75D, 0xE75D, 0xE75D, 0xE75D, 0xE75D, 0xE75D, 0xE75D, 0xE75D,
  0xE75D, 0xE75D, 0xE75D, 0xE75D, 0xE75D, 0xE75D, 0xE75D, 0xE75D, 0xE75D, 0xE75D,
  0xE75D, 0xE75D, 0xE75D, 0xE75D, 0xE75D, 0xE75D, 0xE75D, 0xE75D, 0xF7BF, 0xE73D,
  0xF81F, 0xF81F, 0xF81F, 0xE77E, 0xF7BF, 0xE77E, 0xE73D, 0xE73D, 0xE75D, 0xE75D,
  0xE75D, 0xE75D, 0xE75D, 0xE75D, 0xE75D, 0xE75D, 0xE75D, 0xE75D, 0xE75D, 0xE75D,
  0xE75D, 0xE75D, 0xE75D, 0xE75D, 0xE75D, 0xE75D, 0xE75D, 0xE75D, 0xE75D, 0xE75D,
  0xE75D, 0xE75D, 0xE75D, 0xE75D, 0xE75D, 0xE73D, 0xE73D, 0xF7DF, 0xE73D, 0xF81F,
  0xF81F, 0xF81F, 0xF81F, 0xF81F, 0xE75D, 0xE75D, 0xE77E, 0xF7DF, 0xF7DF, 0xF7DF,
  0xF7DF, 0xF7DF, 0xF7DF, 0xF7DF, 0xF7DF, 0xF7DF, 0xF7DF, 0xF7DF, 0xF7DF, 0xF7DF,
  0xF7DF, 0xF7DF, 0xF7DF, 0xF7DF, 0xF7DF, 0xF7DF, 0xF7DF, 0xF7DF, 0xF7DF, 0xF7DF,
  0xF7DF, 0xF7DF, 0xF7DF, 0xF7DF, 0xF7DF, 0xF7BF, 0xEF7E, 0xE75E, 0xF81F, 0xF81F,
  0xF81F, 0xF81F, 0xF81F, 0xF81F, 0xF81F, 0xF81F, 0xE77E, 0xE75D, 0xE75D, 0xE73D,
  0xE75D, 0xE75D, 0xE75D, 0xE75D, 0xE75D, 0xE75D, 0xE75D, 0xE75D, 0xE75D, 0xE75D,
  0xE75D, 0xE75D, 0xE75D, 0xE75D, 0xE75D, 0xE75D, 0xE75D, 0xE75D, 0xE75D, 0xE75D,
  0xE75D, 0xE75D, 0xE75D, 0xE73D, 0xE75D, 0xE75D, 0xE77E, 0xF81F, 0xF81F, 0xF81F,
  0xF81F, 0xF81F, 0xF81F, 0xF81F, 0xF81F, 0xF81F, 0xF81F, 0xF81F, 0xF81F, 0xF81F,
  0xF81F, 0xF81F, 0xF81F, 0xF81F, 0xF81F, 0xF81F, 0xF81F, 0xF81F, 0xF81F, 0xF81F,
  0xF81F, 0xF81F, 0xF81F, 0xF81F, 0xF81F, 0xF81F, 0xF81F, 0xF81F, 0xF81F, 0xF81F,
  0xF81F, 0xF81F, 0xF81F, 0xF81F, 0xF81F, 0xF81F, 0xF81F, 0xF81F, 0xF81F, 0xF81F,
  0xF81F, 0xF81F, 0xF81F, 0xF81F, 0xF81F, 0xF81F, 0xF81F, 0xF81F, 0xF81F, 0xF81F,
  0xF81F, 0xF81F, 0xF81F, 0xF81F, 0xF81F, 0xF81F, 0xF81F, 0xF81F, 0xF81F, 0xF81F,
  0xF81F, 0xF81F, 0xF81F, 0xF81F, 0xF81F, 0xF81F, 0xF81F, 0xF81F, 0xF81F, 0xF81F,
  0xF81F, 0xF81F, 0xF81F, 0xF81F, 0xF81F, 0xF81F, 0xF81F, 0xF81F, 0xF81F, 0xF81F,
  0xF81F, 0xF81F, 0xF81F, 0xF81F, 0xF81F, 0xF81F, 0xF81F, 0xF81F, 0xF81F, 0xF81F,
  0xF81F, 0xF81F, 0xF81F, 0xF81F, 0xF81F, 0xF81F, 0xF81F, 0xF81F, 0xF81F, 0xF81F,
  0xF81F, 0xF81F, 0xF81F, 0xF81F, 0xF81F, 0xF81F, 0xF81F, 0xF81F, 0xF81F, 0xF81F,
  0xF81F, 0xF81F, 0xF81F, 0xF81F, 0xF81F, 0xF81F, 0xF81F, 0xF81F, 0xF81F, 0xF81F,
  0xF81F, 0xF81F, 0xF81F, 0xF81F, 0xF81F, 0xF81F, 0xF81F, 0xF81F, 0xF81F, 0xF81F,
  0xF81F, 0xF81F, 0xF81F, 0xF81F, 0xF81F, 0xF81F, 0xF81F, 0xF81F, 0xF81F, 0xF81F,
  0xF81F, 0xF81F, 0xF81F, 0xF81F, 0xF81F, 0xF81F, 0xF81F, 0xF81F, 0xF81F, 0xF81F,
  0xF81F, 0xF81F, 0xF81F, 0xF81F, 0xF81F, 0xF81F, 0xF81F, 0xF81F, 0xF81F, 0xF81F
};

static const uint16_t kEmoji_storage[1600] PROGMEM = {
  0xF81F, 0xF81F, 0xF81F, 0xF81F, 0xF81F, 0xF81F, 0xF81F, 0x2966, 0x2986, 0x2986,
  0x2986, 0x2986, 0x2986, 0x2986, 0x2986, 0x2986, 0x2986, 0x2986, 0x2986, 0x2986,
  0x2986, 0x2986, 0x2986, 0x2986, 0x2986, 0x2986, 0x2986, 0x2986, 0x2986, 0x2986,
  0x2986, 0x2986, 0x2966, 0xF81F, 0xF81F, 0xF81F, 0xF81F, 0xF81F, 0xF81F, 0xF81F,
  0xF81F, 0xF81F, 0xF81F, 0xF81F, 0xF81F, 0xF81F, 0x2966, 0x2986, 0x2966, 0x2145,
  0x2145, 0x2145, 0x2145, 0x2145, 0x2145, 0x2145, 0x2145, 0x2145, 0x2145, 0x2145,
  0x2145, 0x2145, 0x2145, 0x2145, 0x2145, 0x2145, 0x2145, 0x2145, 0x2145, 0x2145,
  0x2145, 0x2966, 0x2986, 0x2966, 0xF81F, 0xF81F, 0xF81F, 0xF81F, 0xF81F, 0xF81F,
  0xF81F, 0xF81F, 0xF81F, 0xF81F, 0xF81F, 0xF81F, 0x2966, 0x2986, 0x2986, 0x52EC,
  0x5B2E, 0x5B2D, 0x5B2D, 0x5B2D, 0x5B2D, 0x5B2D, 0x532D, 0x532D, 0x532D, 0x532D,
  0x532D, 0x532D, 0x532D, 0x532D, 0x5B2D, 0x5B2D, 0x5B2D, 0x5B2D, 0x5B2D, 0x5B2E,
  0x52EC, 0x2986, 0x2986, 0x2966, 0xF81F, 0xF81F, 0xF81F, 0xF81F, 0xF81F, 0xF81F,
  0xF81F, 0xF81F, 0xF81F, 0xF81F, 0xF81F, 0xF81F, 0x2986, 0x2986, 0x31A7, 0x6BD0,
  0x6BD0, 0x6BD0, 0x6BD0, 0x6BD0, 0x6BD0, 0x6BD0, 0x6C11, 0x7411, 0x7411, 0x7411,
  0x7411, 0x7411, 0x7411, 0x6C11, 0x6BD0, 0x6BD0, 0x6BD0, 0x6BD0, 0x6BD0, 0x6BD0,
  0x6BD0, 0x31A7, 0x2986, 0x2986, 0xF81F, 0xF81F, 0xF81F, 0xF81F, 0xF81F, 0xF81F,
  0xF81F, 0xF81F, 0xF81F, 0xF81F, 0xF81F, 0xF81F, 0x2986, 0x2986, 0x31A7, 0x63AF,
  0x63AF, 0x63AF, 0x63AF, 0x63AF, 0x63B0, 0x5B6E, 0x3A49, 0x31E8, 0x31E8, 0x31E8,
  0x31E8, 0x31E8, 0x31E8, 0x3A49, 0x5B6E, 0x63B0, 0x63AF, 0x63AF, 0x63AF, 0x63AF,
  0x63AF, 0x31A7, 0x2986, 0x2986, 0xF81F, 0xF81F, 0xF81F, 0xF81F, 0xF81F, 0xF81F,
  0xF81F, 0xF81F, 0xF81F, 0xF81F, 0xF81F, 0xF81F, 0x2986, 0x2986, 0x31A7, 0x63B0,
  0x63AF, 0x63AF, 0x63AF, 0x63AF, 0x6BF0, 0x428A, 0x39E8, 0x7C10, 0x73CF, 0x73CF,
  0x73CF, 0x73CF, 0x7C10, 0x39E8, 0x428A, 0x6BF0, 0x63AF, 0x63AF, 0x63AF, 0x63AF,
  0x63B0, 0x31A7, 0x2986, 0x2986, 0xF81F, 0xF81F, 0xF81F, 0xF81F, 0xF81F, 0xF81F,
  0xF81F, 0xF81F, 0xF81F, 0xF81F, 0xF81F, 0xF81F, 0x2986, 0x2986, 0x31A7, 0x63B0,
  0x63AF, 0x63AF, 0x63AF, 0x63AF, 0x6BF1, 0x3A4A, 0x636E, 0xFFFF, 0xEFBF, 0xF7DF,
  0xF7DF, 0xEFBF, 0xFFFF, 0x636E, 0x3A4A, 0x6BF1, 0x63AF, 0x63AF, 0x63AF, 0x63AF,
  0x63B0, 0x31A7, 0x2986, 0x2986, 0xF81F, 0xF81F, 0xF81F, 0xF81F, 0xF81F, 0xF81F,
  0xF81F, 0xF81F, 0xF81F, 0xF81F, 0xF81F, 0xF81F, 0x2986, 0x2986, 0x31A7, 0x63B0,
  0x63AF, 0x63AF, 0x63AF, 0x63AF, 0x6BF1, 0x3A4A, 0x632D, 0xF7DF, 0xE75D, 0xE75E,
  0xE75E, 0xE75D, 0xF7DF, 0x632D, 0x3A4A, 0x6BF1, 0x63AF, 0x63AF, 0x63AF, 0x63AF,
  0x63B0, 0x31A7, 0x2986, 0x2986, 0xF81F, 0xF81F, 0xF81F, 0xF81F, 0xF81F, 0xF81F,
  0xF81F, 0xF81F, 0xF81F, 0xF81F, 0xF81F, 0xF81F, 0x2986, 0x2986, 0x31A7, 0x63B0,
  0x63AF, 0x63AF, 0x63AF, 0x63AF, 0x6BF1, 0x3A4A, 0x52EC, 0xD6FC, 0xC67A, 0xCE7A,
  0xCE7A, 0xC67A, 0xD6FC, 0x52EC, 0x3A4A, 0x6BF1, 0x63AF, 0x63AF, 0x63AF, 0x63AF,
  0x63B0, 0x31A7, 0x2986, 0x2986, 0xF81F, 0xF81F, 0xF81F, 0xF81F, 0xF81F, 0xF81F,
  0xF81F, 0xF81F, 0xF81F, 0xF81F, 0xF81F, 0xF81F, 0x2986, 0x2986, 0x31A7, 0x63B0,
  0x63AF, 0x63AF, 0x63AF, 0x63AF, 0x6BD0, 0x530D, 0x2986, 0x2986, 0x2986, 0x2986,
  0x2986, 0x2986, 0x2986, 0x2986, 0x530D, 0x6BD0, 0x63AF, 0x63AF, 0x63AF, 0x63AF,
  0x63B0, 0x31A7, 0x2986, 0x2986, 0xF81F, 0xF81F, 0xF81F, 0xF81F, 0xF81F, 0xF81F,
  0xF81F, 0xF81F, 0xF81F, 0xF81F, 0xF81F, 0xF81F, 0x2986, 0x2986, 0x31A7, 0x63B0,
  0x63AF, 0x63AF, 0x63AF, 0x63AF, 0x63AF, 0x63B0, 0x638F, 0x638F, 0x638F, 0x638F,
  0x638F, 0x638F, 0x638F, 0x638F, 0x63B0, 0x63AF, 0x63AF, 0x63AF, 0x63AF, 0x63AF,
  0x63B0, 0x31A7, 0x2986, 0x2986, 0xF81F, 0xF81F, 0xF81F, 0xF81F, 0xF81F, 0xF81F,
  0xF81F, 0xF81F, 0xF81F, 0xF81F, 0xF81F, 0xF81F, 0x2986, 0x2986, 0x31A7, 0x63B0,
  0x63AF, 0x63AF, 0x63AF, 0x63B0, 0x6BB0, 0x6BB0, 0x6BD0, 0x6BD0, 0x6BD0, 0x6BD0,
  0x6BD0, 0x6BD0, 0x6BD0, 0x6BD0, 0x6BB0, 0x6BB0, 0x63B0, 0x63AF, 0x63AF, 0x63AF,
  0x63B0, 0x31A7, 0x2986, 0x2986, 0xF81F, 0xF81F, 0xF81F, 0xF81F, 0xF81F, 0xF81F,
  0xF81F, 0xF81F, 0xF81F, 0xF81F, 0xF81F, 0xF81F, 0x2986, 0x2986, 0x31A7, 0x63B0,
  0x63AF, 0x63AF, 0x63B0, 0x638F, 0x5B6E, 0x5B6E, 0x5B6E, 0x5B6E, 0x5B6E, 0x5B6E,
  0x5B6E, 0x5B6E, 0x5B6E, 0x5B6E, 0x5B6E, 0x5B6E, 0x638F, 0x63B0, 0x63AF, 0x63AF,
  0x63B0, 0x31A7, 0x2986, 0x2986, 0xF81F, 0xF81F, 0xF81F, 0xF81F, 0xF81F, 0xF81F,
  0xF81F, 0xF81F, 0xF81F, 0xF81F, 0xF81F, 0xF81F, 0x2986, 0x2986, 0x31A7, 0x63B0,
  0x63AF, 0x63B0, 0x638F, 0x94F4, 0xBE39, 0xB5F8, 0xB618, 0xB618, 0xB618, 0xB618,
  0xB618, 0xB618, 0xB618, 0xB618, 0xB5F8, 0xBE39, 0x94F4, 0x638F, 0x63B0, 0x63AF,
  0x63B0, 0x31A7, 0x2986, 0x2986, 0xF81F, 0xF81F, 0xF81F, 0xF81F, 0xF81F, 0xF81F,
  0xF81F, 0xF81F, 0xF81F, 0xF81F, 0xF81F, 0xF81F, 0x2986, 0x2986, 0x31A7, 0x63B0,
  0x63AF, 0x6BB0, 0x5B4E, 0xC65A, 0xFFFF, 0xF7BF, 0xF7DF, 0xF7DF, 0xF7DF, 0xF7DF,
  0xF7DF, 0xF7DF, 0xF7DF, 0xF7DF, 0xF7BF, 0xFFFF, 0xC65A, 0x5B4E, 0x6BB0, 0x63AF,
  0x63B0, 0x31A7, 0x2986, 0x2986, 0xF81F, 0xF81F, 0xF81F, 0xF81F, 0xF81F, 0xF81F,
  0xF81F, 0xF81F, 0xF81F, 0xF81F, 0xF81F, 0xF81F, 0x2986, 0x2986, 0x31A7, 0x63B0,
  0x63AF, 0x63B0, 0x638F, 0x8493, 0xADB7, 0xAD97, 0xAD97, 0xAD97, 0xAD97, 0xAD97,
  0xAD97, 0xAD97, 0xAD97, 0xAD97, 0xAD97, 0xADB7, 0x8493, 0x638F, 0x63B0, 0x63AF,
  0x63B0, 0x31A7, 0x2986, 0x2986, 0xF81F, 0xF81F, 0xF81F, 0xF81F, 0xF81F, 0xF81F,
  0xF81F, 0xF81F, 0xF81F, 0xF81F, 0xF81F, 0xF81F, 0x2986, 0x2986, 0x31A7, 0x63AF,
  0x63AF, 0x63AF, 0x63AF, 0x638F, 0x5B4E, 0x5B4E, 0x5B4E, 0x5B4E, 0x5B4E, 0x5B4E,
  0x5B4E, 0x5B4E, 0x5B4E, 0x5B4E, 0x5B4E, 0x5B4E, 0x638F, 0x63AF, 0x63AF, 0x63AF,
  0x63AF, 0x31A7, 0x2986, 0x2986, 0xF81F, 0xF81F, 0xF81F, 0xF81F, 0xF81F, 0xF81F,
  0xF81F, 0xF81F, 0xF81F, 0xF81F, 0xF81F, 0xF81F, 0x2986, 0x2986, 0x31C7, 0x6BD0,
  0x6BB0, 0x6BB0, 0x6BB0, 0x6BD0, 0x6BD0, 0x6BD0, 0x6BD0, 0x6BD0, 0x6BD0, 0x6BD0,
  0x6BD0, 0x6BD0, 0x6BD0, 0x6BD0, 0x6BD0, 0x6BD0, 0x6BD0, 0x6BB0, 0x6BB0, 0x6BB0,
  0x6BD0, 0x31C7, 0x2986, 0x2986, 0xF81F, 0xF81F, 0xF81F, 0xF81F, 0xF81F, 0xF81F,
  0xF81F, 0xF81F, 0xF81F, 0xF81F, 0xF81F, 0xF81F, 0x2986, 0x2986, 0x2986, 0x5B2D,
  0x5B6E, 0x5B6E, 0x5B6E, 0x5B6E, 0x5B6E, 0x5B6E, 0x5B6E, 0x5B6E, 0x5B6E, 0x5B6E,
  0x5B6E, 0x5B6E, 0x5B6E, 0x5B6E, 0x5B6E, 0x5B6E, 0x5B6E, 0x5B6E, 0x5B6E, 0x5B6E,
  0x5B2D, 0x2986, 0x2986, 0x2986, 0xF81F, 0xF81F, 0xF81F, 0xF81F, 0xF81F, 0xF81F,
  0xF81F, 0xF81F, 0xF81F, 0xF81F, 0xF81F, 0xF81F, 0x2166, 0x2986, 0x2966, 0x2966,
  0x2966, 0x2966, 0x2966, 0x2966, 0x2966, 0x2966, 0x2966, 0x2966, 0x2966, 0x2966,
  0x2966, 0x2966, 0x2966, 0x2966, 0x2966, 0x2966, 0x2966, 0x2966, 0x2966, 0x2966,
  0x2966, 0x2966, 0x2986, 0x2166, 0xF81F, 0xF81F, 0xF81F, 0xF81F, 0xF81F, 0xF81F,
  0xF81F, 0xF81F, 0xF81F, 0xF81F, 0xF81F, 0xF81F, 0x2166, 0x2986, 0x2966, 0x2966,
  0x2966, 0x2966, 0x2966, 0x2966, 0x2966, 0x2966, 0x2966, 0x2966, 0x2966, 0x2966,
  0x2966, 0x2966, 0x2966, 0x2966, 0x2966, 0x2966, 0x2966, 0x2966, 0x2966, 0x2966,
  0x2966, 0x2966, 0x2986, 0x2166, 0xF81F, 0xF81F, 0xF81F, 0xF81F, 0xF81F, 0xF81F,
  0xF81F, 0xF81F, 0xF81F, 0xF81F, 0xF81F, 0xF81F, 0x2986, 0x2986, 0x2986, 0x5B2D,
  0x5B6E, 0x5B6E, 0x5B6E, 0x5B6E, 0x5B6E, 0x5B6E, 0x5B4E, 0x5B4E, 0x5B4E, 0x5B4E,
  0x5B4E, 0x5B4E, 0x5B4E, 0x5B4E, 0x5B6E, 0x5B6E, 0x5B6E, 0x5B6E, 0x5B6E, 0x5B6E,
  0x5B2D, 0x2986, 0x2986, 0x2986, 0xF81F, 0xF81F, 0xF81F, 0xF81F, 0xF81F, 0xF81F,
  0xF81F, 0xF81F, 0xF81F, 0xF81F, 0xF81F, 0xF81F, 0x2986, 0x2986, 0x31C7, 0x6BD0,
  0x6BB0, 0x6BB0, 0x6BB0, 0x6BB0, 0x6BB0, 0x6BD0, 0x6BF1, 0x7411, 0x7411, 0x7411,
  0x7411, 0x7411, 0x7411, 0x6BF1, 0x6BD0, 0x6BB0, 0x6BB0, 0x6BB0, 0x6BB0, 0x6BB0,
  0x6BD0, 0x31C7, 0x2986, 0x2986, 0xF81F, 0xF81F, 0xF81F, 0xF81F, 0xF81F, 0xF81F,
  0xF81F, 0xF81F, 0xF81F, 0xF81F, 0xF81F, 0xF81F, 0x2986, 0x2986, 0x31A7, 0x63AF,
  0x63AF, 0x63AF, 0x63AF, 0x63AF, 0x63B0, 0x5B4E, 0x3208, 0x29A7, 0x29A7, 0x29A7,
  0x29A7, 0x29A7, 0x29A7, 0x3208, 0x5B4E, 0x63B0, 0x63AF, 0x63AF, 0x63AF, 0x63AF,
  0x63AF, 0x31A7, 0x2986, 0x2986, 0xF81F, 0xF81F, 0xF81F, 0xF81F, 0xF81F, 0xF81F,
  0xF81F, 0xF81F, 0xF81F, 0xF81F, 0xF81F, 0xF81F, 0x2986, 0x2986, 0x31A7, 0x63B0,
  0x63AF, 0x63AF, 0x63AF, 0x63AF, 0x6BF0, 0x426A, 0x4229, 0x94D3, 0x8C92, 0x8C92,
  0x8C92, 0x8C92, 0x94D3, 0x4229, 0x426A, 0x6BF0, 0x63AF, 0x63AF, 0x63AF, 0x63AF,
  0x63B0, 0x31A7, 0x2986, 0x2986, 0xF81F, 0xF81F, 0xF81F, 0xF81F, 0xF81F, 0xF81F,
  0xF81F, 0xF81F, 0xF81F, 0xF81F, 0xF81F, 0xF81F, 0x2986, 0x2986, 0x31A7, 0x63B0,
  0x63AF, 0x63AF, 0x63AF, 0x63AF, 0x6BF1, 0x3A4A, 0x634D, 0xFFFF, 0xEF9F, 0xEFBF,
  0xEFBF, 0xEF9F, 0xFFFF, 0x634D, 0x3A4A, 0x6BF1, 0x63AF, 0x63AF, 0x63AF, 0x63AF,
  0x63B0, 0x31A7, 0x2986, 0x2986, 0xF81F, 0xF81F, 0xF81F, 0xF81F, 0xF81F, 0xF81F,
  0xF81F, 0xF81F, 0xF81F, 0xF81F, 0xF81F, 0xF81F, 0x2986, 0x2986, 0x31A7, 0x63B0,
  0x63AF, 0x63AF, 0x63AF, 0x63AF, 0x6BF1, 0x3A4A, 0x634D, 0xF7FF, 0xE77E, 0xEF7E,
  0xEF7E, 0xE77E, 0xF7FF, 0x634D, 0x3A4A, 0x6BF1, 0x63AF, 0x63AF, 0x63AF, 0x63AF,
  0x63B0, 0x31A7, 0x2986, 0x2986, 0xF81F, 0xF81F, 0xF81F, 0xF81F, 0xF81F, 0xF81F,
  0xF81F, 0xF81F, 0xF81F, 0xF81F, 0xF81F, 0xF81F, 0x2986, 0x2986, 0x31A7, 0x63B0,
  0x63AF, 0x63AF, 0x63AF, 0x63AF, 0x6BF1, 0x3A4A, 0x52AB, 0xC659, 0xB5D7, 0xB5F8,
  0xB5F8, 0xB5D7, 0xC659, 0x52AB, 0x3A4A, 0x6BF1, 0x63AF, 0x63AF, 0x63AF, 0x63AF,
  0x63B0, 0x31A7, 0x2986, 0x2986, 0xF81F, 0xF81F, 0xF81F, 0xF81F, 0xF81F, 0xF81F,
  0xF81F, 0xF81F, 0xF81F, 0xF81F, 0xF81F, 0xF81F, 0x2986, 0x2986, 0x31A7, 0x63B0,
  0x63AF, 0x63AF, 0x63AF, 0x63AF, 0x6BD0, 0x530D, 0x2987, 0x2166, 0x2166, 0x2166,
  0x2166, 0x2166, 0x2166, 0x2987, 0x530D, 0x6BD0, 0x63AF, 0x63AF, 0x63AF, 0x63AF,
  0x63B0, 0x31A7, 0x2986, 0x2986, 0xF81F, 0xF81F, 0xF81F, 0xF81F, 0xF81F, 0xF81F,
  0xF81F, 0xF81F, 0xF81F, 0xF81F, 0xF81F, 0xF81F, 0x2986, 0x2986, 0x31A7, 0x63B0,
  0x63AF, 0x63AF, 0x63AF, 0x63AF, 0x63AF, 0x63B0, 0x6BB0, 0x6BD0, 0x6BD0, 0x6BD0,
  0x6BD0, 0x6BD0, 0x6BD0, 0x6BB0, 0x63B0, 0x63AF, 0x63AF, 0x63AF, 0x63AF, 0x63AF,
  0x63B0, 0x31A7, 0x2986, 0x2986, 0xF81F, 0xF81F, 0xF81F, 0xF81F, 0xF81F, 0xF81F,
  0xF81F, 0xF81F, 0xF81F, 0xF81F, 0xF81F, 0xF81F, 0x2986, 0x2986, 0x31A7, 0x63B0,
  0x63AF, 0x63AF, 0x63AF, 0x63B0, 0x6BB0, 0x63B0, 0x63B0, 0x63B0, 0x63B0, 0x63B0,
  0x63B0, 0x63B0, 0x63B0, 0x63B0, 0x63B0, 0x6BB0, 0x63B0, 0x63AF, 0x63AF, 0x63AF,
  0x63B0, 0x31A7, 0x2986, 0x2986, 0xF81F, 0xF81F, 0xF81F, 0xF81F, 0xF81F, 0xF81F,
  0xF81F, 0xF81F, 0xF81F, 0xF81F, 0xF81F, 0xF81F, 0x2986, 0x2986, 0x31A7, 0x63B0,
  0x63AF, 0x63AF, 0x63AF, 0x638F, 0x5B6F, 0x636F, 0x636F, 0x636F, 0x636F, 0x636F,
  0x636F, 0x636F, 0x636F, 0x636F, 0x636F, 0x5B6F, 0x638F, 0x63AF, 0x63AF, 0x63AF,
  0x63B0, 0x31A7, 0x2986, 0x2986, 0xF81F, 0xF81F, 0xF81F, 0xF81F, 0xF81F, 0xF81F,
  0xF81F, 0xF81F, 0xF81F, 0xF81F, 0xF81F, 0xF81F, 0x2986, 0x2986, 0x31A7, 0x63B0,
  0x63AF, 0x6BB0, 0x636F, 0x9D35, 0xCE9A, 0xC65A, 0xC67A, 0xC67A, 0xC67A, 0xC67A,
  0xC67A, 0xC67A, 0xC67A, 0xC67A, 0xC65A, 0xCE9A, 0x9D35, 0x636F, 0x6BB0, 0x63AF,
  0x63B0, 0x31A7, 0x2986, 0x2986, 0xF81F, 0xF81F, 0xF81F, 0xF81F, 0xF81F, 0xF81F,
  0xF81F, 0xF81F, 0xF81F, 0xF81F, 0xF81F, 0xF81F, 0x2986, 0x2986, 0x31A7, 0x63B0,
  0x63AF, 0x6BB0, 0x5B4E, 0xBE59, 0xFFFF, 0xF7BF, 0xF7DF, 0xF7DF, 0xF7DF, 0xF7DF,
  0xF7DF, 0xF7DF, 0xF7DF, 0xF7DF, 0xF7BF, 0xFFFF, 0xBE59, 0x5B4E, 0x6BB0, 0x63AF,
  0x63B0, 0x31A7, 0x2986, 0x2986, 0xF81F, 0xF81F, 0xF81F, 0xF81F, 0xF81F, 0xF81F,
  0xF81F, 0xF81F, 0xF81F, 0xF81F, 0xF81F, 0xF81F, 0x2986, 0x2986, 0x31A7, 0x63B0,
  0x63AF, 0x63AF, 0x638F, 0x7C72, 0x9D56, 0x9D35, 0x9D35, 0x9D35, 0x9D35, 0x9D35,
  0x9D35, 0x9D35, 0x9D35, 0x9D35, 0x9D35, 0x9D56, 0x7C72, 0x638F, 0x63AF, 0x63AF,
  0x63B0, 0x31A7, 0x2986, 0x2986, 0xF81F, 0xF81F, 0xF81F, 0xF81F, 0xF81F, 0xF81F,
  0xF81F, 0xF81F, 0xF81F, 0xF81F, 0xF81F, 0xF81F, 0x2986, 0x2986, 0x31A7, 0x63AF,
  0x63AF, 0x63AF, 0x63AF, 0x638F, 0x5B4E, 0x5B4E, 0x5B4E, 0x5B4E, 0x5B4E, 0x5B4E,
  0x5B4E, 0x5B4E, 0x5B4E, 0x5B4E, 0x5B4E, 0x5B4E, 0x638F, 0x63AF, 0x63AF, 0x63AF,
  0x63AF, 0x31A7, 0x2986, 0x2986, 0xF81F, 0xF81F, 0xF81F, 0xF81F, 0xF81F, 0xF81F,
  0xF81F, 0xF81F, 0xF81F, 0xF81F, 0xF81F, 0xF81F, 0x2986, 0x2986, 0x31A7, 0x6BD0,
  0x6BD0, 0x6BD0, 0x6BD0, 0x6BD0, 0x6BD0, 0x6BD0, 0x6BD0, 0x6BD0, 0x6BD0, 0x6BD0,
  0x6BD0, 0x6BD0, 0x6BD0, 0x6BD0, 0x6BD0, 0x6BD0, 0x6BD0, 0x6BD0, 0x6BD0, 0x6BD0,
  0x6BD0, 0x31A7, 0x2986, 0x2986, 0xF81F, 0xF81F, 0xF81F, 0xF81F, 0xF81F, 0xF81F,
  0xF81F, 0xF81F, 0xF81F, 0xF81F, 0xF81F, 0xF81F, 0x2966, 0x2986, 0x2986, 0x52EC,
  0x5B2E, 0x5B2D, 0x5B2D, 0x5B2D, 0x5B2D, 0x5B2D, 0x5B2D, 0x5B2D, 0x5B2D, 0x5B2D,
  0x5B2D, 0x5B2D, 0x5B2D, 0x5B2D, 0x5B2D, 0x5B2D, 0x5B2D, 0x5B2D, 0x5B2D, 0x5B2E,
  0x52EC, 0x2986, 0x2986, 0x2966, 0xF81F, 0xF81F, 0xF81F, 0xF81F, 0xF81F, 0xF81F,
  0xF81F, 0xF81F, 0xF81F, 0xF81F, 0xF81F, 0xF81F, 0x2966, 0x2986, 0x2966, 0x2145,
  0x2145, 0x2145, 0x2145, 0x2145, 0x2145, 0x2145, 0x2145, 0x2145, 0x2145, 0x2145,
  0x2145, 0x2145, 0x2145, 0x2145, 0x2145, 0x2145, 0x2145, 0x2145, 0x2145, 0x2145,
  0x2145, 0x2966, 0x2986, 0x2966, 0xF81F, 0xF81F, 0xF81F, 0xF81F, 0xF81F, 0xF81F,
  0xF81F, 0xF81F, 0xF81F, 0xF81F, 0xF81F, 0xF81F, 0xF81F, 0x2966, 0x2986, 0x2986,
  0x2986, 0x2986, 0x2986, 0x2986, 0x2986, 0x2986, 0x2986, 0x2986, 0x2986, 0x2986,
  0x2986, 0x2986, 0x2986, 0x2986, 0x2986, 0x2986, 0x2986, 0x2986, 0x2986, 0x2986,
  0x2986, 0x2986, 0x2966, 0xF81F, 0xF81F, 0xF81F, 0xF81F, 0xF81F, 0xF81F, 0xF81F
};

static const uint16_t kEmoji_testtube[1600] PROGMEM = {
  0xF81F, 0xF81F, 0xF81F, 0xF81F, 0xF81F, 0xF81F, 0xF81F, 0xF81F, 0xF81F, 0xF81F,
  0xF81F, 0xF81F, 0xF81F, 0xF81F, 0xF81F, 0xF81F, 0xF81F, 0xF81F, 0xF81F, 0xF81F,
  0xF81F, 0xF81F, 0xF81F, 0xF81F, 0xF81F, 0xF81F, 0xF81F, 0x8CB4, 0x8CF5, 0x8CD4,
  0x84D4, 0x84B4, 0xF81F, 0xF81F, 0xF81F, 0xF81F, 0xF81F, 0xF81F, 0xF81F, 0xF81F,
  0xF81F, 0xF81F, 0xF81F, 0xF81F, 0xF81F, 0xF81F, 0xF81F, 0xF81F, 0xF81F, 0xF81F,
  0xF81F, 0xF81F, 0xF81F, 0xF81F, 0xF81F, 0xF81F, 0xF81F, 0xF81F, 0xF81F, 0xF81F,
  0xF81F, 0xF81F, 0xF81F, 0xF81F, 0xF81F, 0xF81F, 0x8CD4, 0x8CF5, 0x8CD5, 0x8CD4,
  0x9D56, 0x9516, 0x84B4, 0x7CB4, 0xF81F, 0xF81F, 0xF81F, 0xF81F, 0xF81F, 0xF81F,
  0xF81F, 0xF81F, 0xF81F, 0xF81F, 0xF81F, 0xF81F, 0xF81F, 0xF81F, 0xF81F, 0xF81F,
  0xF81F, 0xF81F, 0xF81F, 0xF81F, 0xF81F, 0xF81F, 0xF81F, 0xF81F, 0xF81F, 0xF81F,
  0xF81F, 0xF81F, 0xF81F, 0xF81F, 0xF81F, 0x84D4, 0x8CF5, 0x8CD4, 0x84D4, 0x84B4,
  0xB619, 0xCEBB, 0xADF9, 0x8CD4, 0x8494, 0xF81F, 0xF81F, 0xF81F, 0xF81F, 0xF81F,
  0xF81F, 0xF81F, 0xF81F, 0xF81F, 0xF81F, 0xF81F, 0xF81F, 0xF81F, 0xF81F, 0xF81F,
  0xF81F, 0xF81F, 0xF81F, 0xF81F, 0xF81F, 0xF81F, 0xF81F, 0xF81F, 0xF81F, 0xF81F,
  0xF81F, 0xF81F, 0xF81F, 0xF81F, 0x84D4, 0x8CF5, 0x8CD4, 0x84D4, 0x8CD4, 0x84B4,
  0xA597, 0xD6DC, 0xCEDB, 0xBE5A, 0x9515, 0x8494, 0xF81F, 0xF81F, 0xF81F, 0xF81F,
  0xF81F, 0xF81F, 0xF81F, 0xF81F, 0xF81F, 0xF81F, 0xF81F, 0xF81F, 0xF81F, 0xF81F,
  0xF81F, 0xF81F, 0xF81F, 0xF81F, 0xF81F, 0xF81F, 0xF81F, 0xF81F, 0xF81F, 0xF81F,
  0xF81F, 0xF81F, 0xF81F, 0x8CD4, 0x8CF5, 0x8CD4, 0x84D4, 0x84D4, 0x84D4, 0x8CD4,
  0x84D4, 0xBE39, 0xCEDC, 0xCEDB, 0xC67A, 0x9536, 0x8493, 0xF81F, 0xF81F, 0xF81F,
  0xF81F, 0xF81F, 0xF81F, 0xF81F, 0xF81F, 0xF81F, 0xF81F, 0xF81F, 0xF81F, 0xF81F,
  0xF81F, 0xF81F, 0xF81F, 0xF81F, 0xF81F, 0xF81F, 0xF81F, 0xF81F, 0xF81F, 0xF81F,
  0xF81F, 0xF81F, 0x8CD4, 0x8CF5, 0x8CD5, 0x8CD4, 0x84B4, 0xA5B8, 0xADD8, 0x84B4,
  0x8CD4, 0x8CF5, 0xC67A, 0xCEDB, 0xCEDB, 0xC67A, 0x9515, 0x8493, 0xF81F, 0xF81F,
  0xF81F, 0xF81F, 0xF81F, 0xF81F, 0xF81F, 0xF81F, 0xF81F, 0xF81F, 0xF81F, 0xF81F,
  0xF81F, 0xF81F, 0xF81F, 0xF81F, 0xF81F, 0xF81F, 0xF81F, 0xF81F, 0xF81F, 0xF81F,
  0xF81F, 0x8CD4, 0x8CF5, 0x8CD5, 0x8CD4, 0x84B4, 0xA597, 0xCEDB, 0xCEBB, 0x9D56,
  0x84B4, 0x84D4, 0x9515, 0xC69B, 0xCEBB, 0xCEDB, 0xBE5A, 0x8CF5, 0x84B3, 0xF81F,
  0xF81F, 0xF81F, 0xF81F, 0xF81F, 0xF81F, 0xF81F, 0xF81F, 0xF81F, 0xF81F, 0xF81F,
  0xF81F, 0xF81F, 0xF81F, 0xF81F, 0xF81F, 0xF81F, 0xF81F, 0xF81F, 0xF81F, 0xF81F,
  0x84D4, 0x8CF5, 0x8CD5, 0x8CD4, 0x84B4, 0xA597, 0xCEDB, 0xCEBB, 0xCEBB, 0xC69B,
  0x8D15, 0x84B4, 0x84B4, 0x9515, 0xC67A, 0xCEDB, 0xD6DC, 0xB619, 0x8494, 0xF81F,
  0xF81F, 0xF81F, 0xF81F, 0xF81F, 0xF81F, 0xF81F, 0xF81F, 0xF81F, 0xF81F, 0xF81F,
  0xF81F, 0xF81F, 0xF81F, 0xF81F, 0xF81F, 0xF81F, 0xF81F, 0xF81F, 0xF81F, 0x84D4,
  0x8CF5, 0x8CD4, 0x8CD4, 0x84B4, 0xA597, 0xCEDB, 0xCEBB, 0xCEBB, 0xCEBB, 0xCEDB,
  0xC67A, 0x8CF5, 0x84B4, 0x84D4, 0x8CF5, 0xBE39, 0xD6DC, 0xCEBB, 0x9516, 0x8494,
  0xF81F, 0xF81F, 0xF81F, 0xF81F, 0xF81F, 0xF81F, 0xF81F, 0xF81F, 0xF81F, 0xF81F,
  0xF81F, 0xF81F, 0xF81F, 0xF81F, 0xF81F, 0xF81F, 0xF81F, 0xF81F, 0x8CD4, 0x8CF5,
  0x8CD4, 0x8CD4, 0x84B4, 0xA597, 0xCEDB, 0xCEBB, 0xCEBB, 0xCEBB, 0xCEBB, 0xCEBB,
  0xCEDC, 0xC67A, 0x8CF5, 0x84B4, 0x84D4, 0x84D4, 0xA597, 0xBE39, 0x9D56, 0x84B4,
  0xF81F, 0xF81F, 0xF81F, 0xF81F, 0xF81F, 0xF81F, 0xF81F, 0xF81F, 0xF81F, 0xF81F,
  0xF81F, 0xF81F, 0xF81F, 0xF81F, 0xF81F, 0xF81F, 0xF81F, 0x8CD4, 0x8CF5, 0x8CD5,
  0x84D4, 0x84B4, 0xA597, 0xCEDB, 0xCEBB, 0xCEBB, 0xCEBB, 0xCEBB, 0xCEBB, 0xCEBB,
  0xCEBB, 0xCEDB, 0xC69B, 0x9D56, 0x84B4, 0x8CD4, 0x84B4, 0x84D4, 0x8CD4, 0x8CD4,
  0xF81F, 0xF81F, 0xF81F, 0xF81F, 0xF81F, 0xF81F, 0xF81F, 0xF81F, 0xF81F, 0xF81F,
  0xF81F, 0xF81F, 0xF81F, 0xF81F, 0xF81F, 0xF81F, 0x8CD4, 0x8CF5, 0x8CD4, 0x8CD4,
  0x8CB5, 0xAD98, 0xDEDC, 0xD6BC, 0xD6BC, 0xD6BC, 0xD6BC, 0xD6BC, 0xD6BC, 0xCEBB,
  0xCEBB, 0xCEBB, 0xCEDB, 0xCEBB, 0xADD8, 0x84D4, 0x8CD4, 0x84D4, 0x8CD5, 0x8CD4,
  0xF81F, 0xF81F, 0xF81F, 0xF81F, 0xF81F, 0xF81F, 0xF81F, 0xF81F, 0xF81F, 0xF81F,
  0xF81F, 0xF81F, 0xF81F, 0xF81F, 0xF81F, 0x84D4, 0x8CF5, 0x8CD5, 0x8CD4, 0x8CB4,
  0x5551, 0x4E31, 0x462F, 0x462F, 0x5631, 0x5E52, 0x7673, 0x8E76, 0xAE99, 0xC6BA,
  0xD6BC, 0xD6BC, 0xCEBB, 0xCEDB, 0xA5B7, 0x84D4, 0x84D4, 0x8CD4, 0x8CF5, 0x84D4,
  0xF81F, 0xF81F, 0xF81F, 0xF81F, 0xF81F, 0xF81F, 0xF81F, 0xF81F, 0xF81F, 0xF81F,
  0xF81F, 0xF81F, 0xF81F, 0xF81F, 0x84D4, 0x8CF5, 0x8CD4, 0x84D4, 0x8CB5, 0x7DB3,
  0x368E, 0x160B, 0x0DEB, 0x0DEB, 0x0DEB, 0x0DEB, 0x0DEB, 0x0DEB, 0x15EC, 0x360E,
  0x5631, 0x9677, 0xCEBB, 0xA597, 0x84B4, 0x8CD4, 0x8CD5, 0x8CF5, 0x8CD4, 0xF81F,
  0xF81F, 0xF81F, 0xF81F, 0xF81F, 0xF81F, 0xF81F, 0xF81F, 0xF81F, 0xF81F, 0xF81F,
  0xF81F, 0xF81F, 0xF81F, 0x8CD4, 0x8CF5, 0x8CD4, 0x84D4, 0x8CB5, 0x7DB3, 0x6711,
  0x6F12, 0x66F1, 0x4EB0, 0x3E6E, 0x2E2D, 0x1E0C, 0x1E0C, 0x1DEC, 0x15EC, 0x15EB,
  0x0DEB, 0x160C, 0x6D93, 0x8CB5, 0x84D4, 0x8CD5, 0x8CF5, 0x8CD4, 0xF81F, 0xF81F,
  0xF81F, 0xF81F, 0xF81F, 0xF81F, 0xF81F, 0xF81F, 0xF81F, 0xF81F, 0xF81F, 0xF81F,
  0xF81F, 0xF81F, 0x8CD4, 0x8CF5, 0x8CD5, 0x84D4, 0x8CB5, 0x7DB3, 0x6711, 0x6F12,
  0x6F12, 0x6F12, 0x6F12, 0x6F12, 0x6F12, 0x66F1, 0x5ED1, 0x56D0, 0x56B0, 0x56B0,
  0x56D0, 0x7593, 0x84B4, 0x84D4, 0x8CD4, 0x8CF5, 0x8CD4, 0xF81F, 0xF81F, 0xF81F,
  0xF81F, 0xF81F, 0xF81F, 0xF81F, 0xF81F, 0xF81F, 0xF81F, 0xF81F, 0xF81F, 0xF81F,
  0xF81F, 0x8CD4, 0x8CF5, 0x8CD5, 0x84D4, 0x8CB5, 0x7DB3, 0x6712, 0x6F12, 0x66F1,
  0x3E6E, 0x4EB0, 0x6F12, 0x6711, 0x6F12, 0x6F12, 0x6F12, 0x6F12, 0x6F12, 0x6F32,
  0x7DB3, 0x8CB5, 0x8CD4, 0x8CD4, 0x8CF5, 0x84D4, 0xF81F, 0xF81F, 0xF81F, 0xF81F,
  0xF81F, 0xF81F, 0xF81F, 0xF81F, 0xF81F, 0xF81F, 0xF81F, 0xF81F, 0xF81F, 0xF81F,
  0x84D4, 0x8CF5, 0x8CD5, 0x84D4, 0x8CB5, 0x7DB3, 0x6711, 0x6712, 0x6F12, 0x66F1,
  0x1E0C, 0x468F, 0x6F12, 0x6711, 0x6F12, 0x6F12, 0x6EF2, 0x6711, 0x6711, 0x7DB3,
  0x8CB4, 0x84D4, 0x8CD5, 0x8CF5, 0x84D4, 0xF81F, 0xF81F, 0xF81F, 0xF81F, 0xF81F,
  0xF81F, 0xF81F, 0xF81F, 0xF81F, 0xF81F, 0xF81F, 0xF81F, 0xF81F, 0xF81F, 0x84D4,
  0x8CF5, 0x8CD4, 0x84D4, 0x8CB4, 0x7DB3, 0x6711, 0x6711, 0x66F2, 0x6F12, 0x6F12,
  0x66F1, 0x66F1, 0x6712, 0x6F12, 0x6F12, 0x6F12, 0x6F12, 0x6712, 0x7DB3, 0x8CB5,
  0x84D4, 0x8CD5, 0x8CF5, 0x8CD4, 0xF81F, 0xF81F, 0xF81F, 0xF81F, 0xF81F, 0xF81F,
  0xF81F, 0xF81F, 0xF81F, 0xF81F, 0xF81F, 0xF81F, 0xF81F, 0xF81F, 0x8CD4, 0x8CF5,
  0x8CD4, 0x84D4, 0x8CB5, 0x7DB3, 0x6711, 0x6F12, 0x6F12, 0x6F12, 0x6F12, 0x6F12,
  0x6F12, 0x6F12, 0x6F12, 0x6F12, 0x6F12, 0x6F12, 0x6711, 0x7DB3, 0x8CB5, 0x84D4,
  0x8CD5, 0x8CF5, 0x8CD4, 0xF81F, 0xF81F, 0xF81F, 0xF81F, 0xF81F, 0xF81F, 0xF81F,
  0xF81F, 0xF81F, 0xF81F, 0xF81F, 0xF81F, 0xF81F, 0xF81F, 0x8CD4, 0x8CF5, 0x8CD5,
  0x84D4, 0x8CB5, 0x7DB3, 0x6711, 0x6F12, 0x5ED1, 0x3E6E, 0x56B0, 0x6F12, 0x6F12,
  0x66F1, 0x3E6E, 0x4EB0, 0x6F12, 0x6711, 0x6711, 0x7DB3, 0x8CB5, 0x84D4, 0x8CD4,
  0x8CF5, 0x8CD4, 0xF81F, 0xF81F, 0xF81F, 0xF81F, 0xF81F, 0xF81F, 0xF81F, 0xF81F,
  0xF81F, 0xF81F, 0xF81F, 0xF81F, 0xF81F, 0xF81F, 0x8CD4, 0x8CF5, 0x8CD5, 0x84D4,
  0x8CB5, 0x7DB3, 0x6711, 0x6712, 0x6F12, 0x364E, 0x0DCB, 0x1E0C, 0x5EF1, 0x7712,
  0x468F, 0x05CB, 0x1E0C, 0x66F1, 0x6F12, 0x7DB3, 0x8CB4, 0x84D4, 0x8CD4, 0x8CF5,
  0x84D4, 0xF81F, 0xF81F, 0xF81F, 0xF81F, 0xF81F, 0xF81F, 0xF81F, 0xF81F, 0xF81F,
  0xF81F, 0xF81F, 0xF81F, 0xF81F, 0xF81F, 0x84D4, 0x8CF5, 0x8CD5, 0x84D4, 0x8CB5,
  0x7DB3, 0x6711, 0x6712, 0x6EF2, 0x6F12, 0x3E6E, 0x0DEB, 0x2E2D, 0x66F1, 0x6F12,
  0x5ED1, 0x262D, 0x366E, 0x6711, 0x7DB3, 0x8CB5, 0x84D4, 0x8CD5, 0x8CF5, 0x84D4,
  0xF81F, 0xF81F, 0xF81F, 0xF81F, 0xF81F, 0xF81F, 0xF81F, 0xF81F, 0xF81F, 0xF81F,
  0xF81F, 0xF81F, 0xF81F, 0xF81F, 0x84D4, 0x8CF5, 0x8CD4, 0x84D4, 0x8CB4, 0x7DB3,
  0x6F12, 0x6F12, 0x6F12, 0x6712, 0x6F12, 0x66F1, 0x4EB0, 0x66F1, 0x6F12, 0x6711,
  0x6F12, 0x6712, 0x6F12, 0x7DB3, 0x8CB5, 0x84D4, 0x8CD5, 0x8CF5, 0x8CD4, 0xF81F,
  0xF81F, 0xF81F, 0xF81F, 0xF81F, 0xF81F, 0xF81F, 0xF81F, 0xF81F, 0xF81F, 0xF81F,
  0xF81F, 0xF81F, 0xF81F, 0x8CB4, 0x8CF5, 0x8CD4, 0x84D4, 0x8CB5, 0x7DB3, 0x6F12,
  0x56D0, 0x2E4E, 0x5ED1, 0x6F12, 0x6712, 0x6F12, 0x6F12, 0x6F12, 0x6F12, 0x6F12,
  0x6712, 0x6711, 0x7DB3, 0x8CB5, 0x84D4, 0x8CD5, 0x8CF5, 0x8CD4, 0xF81F, 0xF81F,
  0xF81F, 0xF81F, 0xF81F, 0xF81F, 0xF81F, 0xF81F, 0xF81F, 0xF81F, 0xF81F, 0xF81F,
  0xF81F, 0xF81F, 0x84B4, 0x8CF5, 0x8CD5, 0x84D4, 0x8CB5, 0x7DB3, 0x6711, 0x6F12,
  0x468F, 0x0DCB, 0x56B0, 0x6F12, 0x6F12, 0x6F12, 0x6712, 0x6712, 0x6F12, 0x6F12,
  0x6712, 0x7DB3, 0x8CB5, 0x84D4, 0x8CD4, 0x8CF5, 0x8CD4, 0xF81F, 0xF81F, 0xF81F,
  0xF81F, 0xF81F, 0xF81F, 0xF81F, 0xF81F, 0xF81F, 0xF81F, 0xF81F, 0xF81F, 0xF81F,
  0xF81F, 0x8CD4, 0x8CF5, 0x8CD4, 0x8CD4, 0x8CB5, 0x7DB3, 0x6712, 0x6712, 0x6F12,
  0x66F1, 0x5EF1, 0x6F12, 0x56B0, 0x2E2D, 0x3E6F, 0x6F12, 0x6F12, 0x6F12, 0x6711,
  0x7DB3, 0x8CB4, 0x84D4, 0x8CD4, 0x8CF5, 0x84D4, 0xF81F, 0xF81F, 0xF81F, 0xF81F,
  0xF81F, 0xF81F, 0xF81F, 0xF81F, 0xF81F, 0xF81F, 0xF81F, 0xF81F, 0xF81F, 0xF81F,
  0xF81F, 0x84D4, 0x8CF5, 0x84D4, 0x8CB4, 0x7DB3, 0x6711, 0x6F12, 0x66F2, 0x6712,
  0x6F12, 0x6F12, 0x6F12, 0x2E2D, 0x0DCB, 0x15EC, 0x56D0, 0x6F12, 0x6711, 0x7DB3,
  0x8CB5, 0x84D4, 0x8CD5, 0x8CF5, 0x84D4, 0xF81F, 0xF81F, 0xF81F, 0xF81F, 0xF81F,
  0xF81F, 0xF81F, 0xF81F, 0xF81F, 0xF81F, 0xF81F, 0xF81F, 0xF81F, 0xF81F, 0xF81F,
  0x84D4, 0x8CF5, 0x84D4, 0x8CB4, 0x7D93, 0x6711, 0x6712, 0x6F12, 0x6F12, 0x6F12,
  0x6712, 0x6711, 0x6F12, 0x3E6E, 0x15EC, 0x260D, 0x5EF1, 0x6F12, 0x7DB3, 0x8CB5,
  0x84D4, 0x8CD5, 0x8CF5, 0x8CD4, 0xF81F, 0xF81F, 0xF81F, 0xF81F, 0xF81F, 0xF81F,
  0xF81F, 0xF81F, 0xF81F, 0xF81F, 0xF81F, 0xF81F, 0xF81F, 0xF81F, 0xF81F, 0xF81F,
  0x8CD4, 0x8CF5, 0x8CB4, 0x84F4, 0x6ED2, 0x6711, 0x6EF2, 0x6F12, 0x56D0, 0x5ED1,
  0x6F12, 0x6F12, 0x6F12, 0x6711, 0x56D0, 0x66F1, 0x6F32, 0x7DB3, 0x8CB5, 0x84D4,
  0x8CD5, 0x8CF5, 0x8CD4, 0xF81F, 0xF81F, 0xF81F, 0xF81F, 0xF81F, 0xF81F, 0xF81F,
  0xF81F, 0xF81F, 0xF81F, 0xF81F, 0xF81F, 0xF81F, 0xF81F, 0xF81F, 0xF81F, 0xF81F,
  0x84D4, 0x8CD5, 0x8CB4, 0x7D93, 0x6711, 0x6EF2, 0x6F12, 0x3E6E, 0x15EC, 0x1E0C,
  0x56D0, 0x6F12, 0x6711, 0x6F12, 0x6F12, 0x6F12, 0x7DB3, 0x8CB5, 0x84D4, 0x8CD4,
  0x8CF5, 0x8CD4, 0xF81F, 0xF81F, 0xF81F, 0xF81F, 0xF81F, 0xF81F, 0xF81F, 0xF81F,
  0xF81F, 0xF81F, 0xF81F, 0xF81F, 0xF81F, 0xF81F, 0xF81F, 0xF81F, 0xF81F, 0xF81F,
  0x8CD4, 0x8CD4, 0x8CB4, 0x7DF3, 0x6711, 0x6F12, 0x66F1, 0x1E0C, 0x15EC, 0x0DEB,
  0x3E6E, 0x6F12, 0x66F1, 0x6712, 0x6711, 0x7DB3, 0x8CB4, 0x84D4, 0x8CD4, 0x8CF5,
  0x84D4, 0xF81F, 0xF81F, 0xF81F, 0xF81F, 0xF81F, 0xF81F, 0xF81F, 0xF81F, 0xF81F,
  0xF81F, 0xF81F, 0xF81F, 0xF81F, 0xF81F, 0xF81F, 0xF81F, 0xF81F, 0xF81F, 0xF81F,
  0x8CD4, 0x8CD4, 0x8CB4, 0x7DB3, 0x6711, 0x6EF2, 0x6F12, 0x3E6E, 0x15EC, 0x1E0C,
  0x56D0, 0x6F12, 0x6F12, 0x6711, 0x7DB3, 0x8CB5, 0x84D4, 0x8CD5, 0x8CF5, 0x84D4,
  0xF81F, 0xF81F, 0xF81F, 0xF81F, 0xF81F, 0xF81F, 0xF81F, 0xF81F, 0xF81F, 0xF81F,
  0xF81F, 0xF81F, 0xF81F, 0xF81F, 0xF81F, 0xF81F, 0xF81F, 0xF81F, 0xF81F, 0xF81F,
  0x8CD4, 0x8CF5, 0x8CB4, 0x8514, 0x6EF2, 0x6F12, 0x6F12, 0x6F12, 0x56D0, 0x5ED1,
  0x6F12, 0x6712, 0x6712, 0x7DB3, 0x8CB5, 0x84D4, 0x8CD5, 0x8CF5, 0x8CD4, 0xF81F,
  0xF81F, 0xF81F, 0xF81F, 0xF81F, 0xF81F, 0xF81F, 0xF81F, 0xF81F, 0xF81F, 0xF81F,
  0xF81F, 0xF81F, 0xF81F, 0xF81F, 0xF81F, 0xF81F, 0xF81F, 0xF81F, 0xF81F, 0xF81F,
  0x8CD4, 0x8D15, 0x84D4, 0x8CB4, 0x7DF3, 0x6731, 0x6712, 0x6EF2, 0x6F12, 0x6F12,
  0x6711, 0x6711, 0x7DB3, 0x8CB5, 0x84D4, 0x8CD5, 0x8CF5, 0x8CD4, 0xF81F, 0xF81F,
  0xF81F, 0xF81F, 0xF81F, 0xF81F, 0xF81F, 0xF81F, 0xF81F, 0xF81F, 0xF81F, 0xF81F,
  0xF81F, 0xF81F, 0xF81F, 0xF81F, 0xF81F, 0xF81F, 0xF81F, 0xF81F, 0xF81F, 0xF81F,
  0xF81F, 0x84D4, 0x8CF5, 0x8CD4, 0x8CD4, 0x7DF3, 0x6EF2, 0x6711, 0x6711, 0x6711,
  0x6EF2, 0x7D93, 0x8CB4, 0x84D4, 0x8CD4, 0x8CF5, 0x8CD4, 0xF81F, 0xF81F, 0xF81F,
  0xF81F, 0xF81F, 0xF81F, 0xF81F, 0xF81F, 0xF81F, 0xF81F, 0xF81F, 0xF81F, 0xF81F,
  0xF81F, 0xF81F, 0xF81F, 0xF81F, 0xF81F, 0xF81F, 0xF81F, 0xF81F, 0xF81F, 0xF81F,
  0xF81F, 0x8CD4, 0x9516, 0x8CD4, 0x8CD4, 0x8CB4, 0x8514, 0x7DB3, 0x7613, 0x7DB3,
  0x84F4, 0x8CB4, 0x84D4, 0x8CD4, 0x8CF5, 0x84D4, 0xF81F, 0xF81F, 0xF81F, 0xF81F,
  0xF81F, 0xF81F, 0xF81F, 0xF81F, 0xF81F, 0xF81F, 0xF81F, 0xF81F, 0xF81F, 0xF81F,
  0xF81F, 0xF81F, 0xF81F, 0xF81F, 0xF81F, 0xF81F, 0xF81F, 0xF81F, 0xF81F, 0xF81F,
  0xF81F, 0xF81F, 0x84B4, 0x9516, 0x8CF5, 0x8CD4, 0x8CB4, 0x8CB4, 0x8CB4, 0x8CB4,
  0x8CB4, 0x84D4, 0x8CF5, 0x8CF5, 0x84D4, 0xF81F, 0xF81F, 0xF81F, 0xF81F, 0xF81F,
  0xF81F, 0xF81F, 0xF81F, 0xF81F, 0xF81F, 0xF81F, 0xF81F, 0xF81F, 0xF81F, 0xF81F,
  0xF81F, 0xF81F, 0xF81F, 0xF81F, 0xF81F, 0xF81F, 0xF81F, 0xF81F, 0xF81F, 0xF81F,
  0xF81F, 0xF81F, 0xF81F, 0x84B4, 0x8CD4, 0x8D15, 0x8CF5, 0x8CD4, 0x84D4, 0x8CD4,
  0x8CF5, 0x8D15, 0x8CF5, 0x8CD4, 0xF81F, 0xF81F, 0xF81F, 0xF81F, 0xF81F, 0xF81F,
  0xF81F, 0xF81F, 0xF81F, 0xF81F, 0xF81F, 0xF81F, 0xF81F, 0xF81F, 0xF81F, 0xF81F,
  0xF81F, 0xF81F, 0xF81F, 0xF81F, 0xF81F, 0xF81F, 0xF81F, 0xF81F, 0xF81F, 0xF81F,
  0xF81F, 0xF81F, 0xF81F, 0xF81F, 0x84B4, 0x8CD4, 0x8CD4, 0x84D4, 0x8CD5, 0x84D4,
  0x8CD4, 0x8CD4, 0xF81F, 0xF81F, 0xF81F, 0xF81F, 0xF81F, 0xF81F, 0xF81F, 0xF81F,
  0xF81F, 0xF81F, 0xF81F, 0xF81F, 0xF81F, 0xF81F, 0xF81F, 0xF81F, 0xF81F, 0xF81F,
  0xF81F, 0xF81F, 0xF81F, 0xF81F, 0xF81F, 0xF81F, 0xF81F, 0xF81F, 0xF81F, 0xF81F
};

static const uint16_t kEmoji_microscope[1600] PROGMEM = {
  0xF81F, 0xF81F, 0xF81F, 0xF81F, 0xF81F, 0xF81F, 0xF81F, 0xF81F, 0xF81F, 0xF81F,
  0xF81F, 0xF81F, 0xF81F, 0xF81F, 0xF81F, 0xF81F, 0xF81F, 0xF81F, 0xF81F, 0xF81F,
  0xF81F, 0xF81F, 0xF81F, 0xF81F, 0xF81F, 0xF81F, 0xF81F, 0xF81F, 0xF81F, 0xF81F,
  0xA5B7, 0xADF8, 0xADD8, 0xADD8, 0xF81F, 0xF81F, 0xF81F, 0xF81F, 0xF81F, 0xF81F,
  0xF81F, 0xF81F, 0xF81F, 0xF81F, 0xF81F, 0xF81F, 0xF81F, 0xF81F, 0xF81F, 0xF81F,
  0xF81F, 0xF81F, 0xF81F, 0xF81F, 0xF81F, 0xF81F, 0xF81F, 0xF81F, 0xF81F, 0xF81F,
  0xF81F, 0xF81F, 0xF81F, 0xF81F, 0xF81F, 0xF81F, 0xF81F, 0xF81F, 0xF81F, 0xF81F,
  0xADB8, 0xB63A, 0xADD8, 0xB619, 0xADD8, 0xF81F, 0xF81F, 0xF81F, 0xF81F, 0xF81F,
  0xF81F, 0xF81F, 0xF81F, 0xF81F, 0xF81F, 0xF81F, 0xF81F, 0xF81F, 0xF81F, 0xF81F,
  0xF81F, 0xF81F, 0xF81F, 0xF81F, 0xF81F, 0xF81F, 0xF81F, 0xF81F, 0xF81F, 0xF81F,
  0xF81F, 0xF81F, 0xF81F, 0xF81F, 0xF81F, 0xF81F, 0xF81F, 0xF81F, 0xF81F, 0xF81F,
  0xADD8, 0xADD8, 0xADD8, 0xADB8, 0xB619, 0xADD8, 0xF81F, 0xF81F, 0xF81F, 0xF81F,
  0xF81F, 0xF81F, 0xF81F, 0xF81F, 0xF81F, 0xF81F, 0xF81F, 0xF81F, 0xF81F, 0xF81F,
  0xF81F, 0xF81F, 0xF81F, 0xF81F, 0xF81F, 0xF81F, 0xF81F, 0xF81F, 0xF81F, 0xF81F,
  0xF81F, 0xF81F, 0xF81F, 0xF81F, 0xF81F, 0xF81F, 0xF81F, 0xF81F, 0xF81F, 0x638F,
  0x9D76, 0xB5F9, 0xADB8, 0xADD8, 0xADB8, 0xB619, 0xADD8, 0xF81F, 0xF81F, 0xF81F,
  0xF81F, 0xF81F, 0xF81F, 0xF81F, 0xF81F, 0xF81F, 0xF81F, 0xF81F, 0xF81F, 0xF81F,
  0xF81F, 0xF81F, 0xF81F, 0xF81F, 0xF81F, 0xF81F, 0xF81F, 0xF81F, 0xF81F, 0xF81F,
  0xF81F, 0xF81F, 0xF81F, 0xF81F, 0xA5D7, 0xB5F9, 0xADD8, 0xF81F, 0xF81F, 0x63AF,
  0x7411, 0xA597, 0xADD8, 0xADB8, 0xADD8, 0xADB8, 0xB619, 0xADD8, 0xF81F, 0xF81F,
  0xF81F, 0xF81F, 0xF81F, 0xF81F, 0xF81F, 0xF81F, 0xF81F, 0xF81F, 0xF81F, 0xF81F,
  0xF81F, 0xF81F, 0xF81F, 0xF81F, 0xF81F, 0xF81F, 0xF81F, 0xF81F, 0xF81F, 0xF81F,
  0xF81F, 0xF81F, 0xF81F, 0xA5B7, 0xADF8, 0xB619, 0xB639, 0xADD8, 0x6BD0, 0x6BD0,
  0x638F, 0x73F1, 0xA597, 0xADD8, 0xADB8, 0xADD8, 0xADB8, 0xBE5A, 0xADB7, 0xF81F,
  0xF81F, 0xF81F, 0xF81F, 0xF81F, 0xF81F, 0xF81F, 0xF81F, 0xF81F, 0xF81F, 0xF81F,
  0xF81F, 0xF81F, 0xF81F, 0xF81F, 0xF81F, 0xF81F, 0xF81F, 0xF81F, 0xF81F, 0xF81F,
  0xF81F, 0xF81F, 0xADB7, 0xADD8, 0xADF9, 0xADB8, 0xADB8, 0xB619, 0x9D56, 0x63B0,
  0x63AF, 0x638F, 0x73F1, 0xA597, 0xADD8, 0xADB8, 0xADD8, 0xB619, 0xADD8, 0xF81F,
  0xF81F, 0xF81F, 0xF81F, 0xF81F, 0xF81F, 0xF81F, 0xF81F, 0xF81F, 0xF81F, 0xF81F,
  0xF81F, 0xF81F, 0xF81F, 0xF81F, 0xF81F, 0xF81F, 0xF81F, 0xF81F, 0xF81F, 0xF81F,
  0xF81F, 0xA5B8, 0xADD8, 0xADF9, 0xADB8, 0xADD8, 0xADD8, 0xADD8, 0xADF8, 0x9D36,
  0x6BB0, 0x63AF, 0x638F, 0x6BF1, 0xA597, 0xB619, 0xB619, 0xADF8, 0xADB8, 0xF81F,
  0xF81F, 0xF81F, 0xF81F, 0xF81F, 0xF81F, 0xF81F, 0xF81F, 0xF81F, 0xF81F, 0xF81F,
  0xF81F, 0xF81F, 0xF81F, 0xF81F, 0xF81F, 0xF81F, 0xF81F, 0xF81F, 0xF81F, 0xF81F,
  0xA5B8, 0xADD8, 0xADF9, 0xADD8, 0xADD8, 0xADD8, 0xADD8, 0xADD8, 0xADB8, 0xADF8,
  0x9D36, 0x63B0, 0x63AF, 0x63B0, 0x6BF1, 0xA597, 0xADF8, 0xADB7, 0xF81F, 0xF81F,
  0xF81F, 0xF81F, 0xF81F, 0xF81F, 0xF81F, 0xF81F, 0xF81F, 0xF81F, 0xF81F, 0xF81F,
  0xF81F, 0xF81F, 0xF81F, 0xF81F, 0xF81F, 0xF81F, 0xF81F, 0xF81F, 0xF81F, 0xA5B7,
  0xADF8, 0xADF9, 0xADB8, 0xADD8, 0xADD8, 0xADD8, 0xADD8, 0xADD8, 0xADD8, 0xADB8,
  0xADF8, 0x9D36, 0x6BD0, 0x6BB0, 0x638F, 0xF81F, 0xF81F, 0xF81F, 0xF81F, 0xF81F,
  0xF81F, 0xF81F, 0xF81F, 0xF81F, 0xF81F, 0xF81F, 0xF81F, 0xF81F, 0xF81F, 0xF81F,
  0xF81F, 0xF81F, 0xF81F, 0xF81F, 0xF81F, 0xF81F, 0xF81F, 0xF81F, 0xA5B7, 0xADF8,
  0xADF9, 0xADB8, 0xADD8, 0xADD8, 0xADD8, 0xADD8, 0xADD8, 0xADD8, 0xADD8, 0xADD8,
  0xADB8, 0xADF8, 0x9D56, 0x6BD0, 0xF81F, 0xF81F, 0xF81F, 0xF81F, 0xF81F, 0xF81F,
  0xF81F, 0xF81F, 0xF81F, 0xF81F, 0xF81F, 0xF81F, 0xF81F, 0xF81F, 0xF81F, 0xF81F,
  0xF81F, 0xF81F, 0xF81F, 0xF81F, 0xF81F, 0xF81F, 0xF81F, 0xA576, 0xADD8, 0xADF9,
  0xADB8, 0xADD8, 0xADD8, 0xADD8, 0xADD8, 0xADD8, 0xADD8, 0xADD8, 0xADD8, 0xADD8,
  0xADD8, 0xADD8, 0xB5F9, 0xADD8, 0xF81F, 0xF81F, 0xF81F, 0xF81F, 0xF81F, 0xF81F,
  0xF81F, 0xF81F, 0xF81F, 0xF81F, 0xF81F, 0xF81F, 0xF81F, 0xF81F, 0xF81F, 0xF81F,
  0xF81F, 0xF81F, 0xF81F, 0xF81F, 0xF81F, 0xF81F, 0xEF7E, 0xC67A, 0xADD8, 0xADD8,
  0xADD8, 0xADD8, 0xADD8, 0xADD8, 0xADD8, 0xADD8, 0xADD8, 0xADD8, 0xADD8, 0xADD8,
  0xADD8, 0xADD8, 0xA5B8, 0xBE5A, 0xADB8, 0xF81F, 0xF81F, 0xF81F, 0xF81F, 0xF81F,
  0xF81F, 0xF81F, 0xF81F, 0xF81F, 0xF81F, 0xF81F, 0xF81F, 0xF81F, 0xF81F, 0xF81F,
  0xF81F, 0xF81F, 0xF81F, 0xF81F, 0xF81F, 0xEF7E, 0xE75D, 0xEF7E, 0xBE39, 0xA5B8,
  0xADD8, 0xADD8, 0xADD8, 0xADD8, 0xADD8, 0xADD8, 0xADD8, 0xADD8, 0xADD8, 0xADD8,
  0xADD8, 0xADB8, 0xADD8, 0xB619, 0xA5B7, 0xF81F, 0xF81F, 0xF81F, 0xF81F, 0xF81F,
  0xF81F, 0xF81F, 0xF81F, 0xF81F, 0xF81F, 0xF81F, 0xF81F, 0xF81F, 0xF81F, 0xF81F,
  0xF81F, 0xF81F, 0xF81F, 0xF81F, 0x9D97, 0xCEBB, 0xEF9E, 0xE73D, 0xE75D, 0xBE3A,
  0xA5B7, 0xADD8, 0xADD8, 0xADD8, 0xADD8, 0xADD8, 0xADD8, 0xADD8, 0xADD8, 0xADD8,
  0xADD8, 0xADB8, 0xB619, 0xADB7, 0xF81F, 0xF81F, 0xF81F, 0xF81F, 0xF81F, 0xF81F,
  0xF81F, 0xF81F, 0xF81F, 0xF81F, 0xF81F, 0xF81F, 0xF81F, 0xF81F, 0xF81F, 0xF81F,
  0xF81F, 0xF81F, 0xF81F, 0xADB7, 0xADD8, 0xADF8, 0xCE9B, 0xE75D, 0xE75D, 0xE75D,
  0xBE5A, 0xA5B7, 0xADD8, 0xADD8, 0xADD8, 0xADD8, 0xADD8, 0xADD8, 0xADD8, 0xADD8,
  0xADD8, 0xB5F9, 0xADD8, 0xF81F, 0xF81F, 0xF81F, 0xF81F, 0xF81F, 0xF81F, 0xF81F,
  0xF81F, 0xF81F, 0xF81F, 0xF81F, 0xF81F, 0xF81F, 0xF81F, 0xF81F, 0xF81F, 0xF81F,
  0xF81F, 0xF81F, 0xF81F, 0xA5B8, 0xB619, 0xADB8, 0xADB8, 0xCEBB, 0xE75D, 0xE75D,
  0xE75D, 0xBE3A, 0xA5B7, 0xADD8, 0xADD8, 0xADD8, 0xADD8, 0xADD8, 0xADD8, 0xADD8,
  0xADD8, 0x9D77, 0x8494, 0xF81F, 0xF81F, 0xF81F, 0xF81F, 0xF81F, 0xF81F, 0xF81F,
  0xF81F, 0xF81F, 0xF81F, 0xF81F, 0xF81F, 0xF81F, 0xF81F, 0xF81F, 0xF81F, 0xF81F,
  0xF81F, 0xF81F, 0xF81F, 0xF81F, 0x9D36, 0xB619, 0xADB8, 0xA5B8, 0xCEBB, 0xE75D,
  0xE75D, 0xE75D, 0xBE5A, 0xA5B7, 0xADD8, 0xADD8, 0xADD8, 0xADD8, 0xADD8, 0xADD8,
  0x9D36, 0x8CD4, 0x8CD5, 0x8C94, 0xF81F, 0xF81F, 0xF81F, 0xF81F, 0xF81F, 0xF81F,
  0xF81F, 0xF81F, 0xF81F, 0xF81F, 0xF81F, 0x63AF, 0xF81F, 0xF81F, 0xF81F, 0xF81F,
  0xF81F, 0xF81F, 0xF81F, 0xF81F, 0x638F, 0x9515, 0xADF8, 0xADB8, 0xADB8, 0xCEBB,
  0xE75D, 0xE75D, 0xE75D, 0xBE3A, 0xA5B8, 0xADD8, 0xADD8, 0xADD8, 0xB619, 0x9D56,
  0x84B4, 0x84D4, 0x9516, 0x8CD4, 0xF81F, 0xF81F, 0xF81F, 0xF81F, 0xF81F, 0xF81F,
  0xF81F, 0xF81F, 0xF81F, 0xF81F, 0x63AF, 0x63B0, 0x6BD0, 0x6B8F, 0xF81F, 0xF81F,
  0xF81F, 0xF81F, 0xF81F, 0xF81F, 0x63AF, 0x63B0, 0x8CF4, 0xADF8, 0xADB8, 0xADB8,
  0xCEBB, 0xE75D, 0xE75D, 0xE75D, 0xBE3A, 0xA5B7, 0xADD8, 0xADF8, 0xA597, 0x84B4,
  0x8CF5, 0x8CD4, 0x8CF5, 0x8CD4, 0xF81F, 0xF81F, 0xF81F, 0xF81F, 0xF81F, 0xF81F,
  0xF81F, 0xF81F, 0xF81F, 0x63AF, 0x7411, 0x63AF, 0x6BD0, 0x6BD0, 0x63AF, 0xF81F,
  0xF81F, 0xF81F, 0xF81F, 0xF81F, 0x63B0, 0x63B0, 0x638F, 0x8CF5, 0xADF8, 0xADB8,
  0xA5B8, 0xCEBB, 0xE75D, 0xE75D, 0xE73D, 0xBE5A, 0xB619, 0xADD8, 0xF81F, 0x8CD4,
  0x9516, 0x8CD4, 0x8CD4, 0x8CD4, 0x8CD4, 0xF81F, 0xF81F, 0xF81F, 0xF81F, 0xF81F,
  0xF81F, 0xF81F, 0xF81F, 0x63AF, 0x6BF1, 0x63AF, 0x63AF, 0x6BD0, 0x6BB0, 0x63AF,
  0xF81F, 0xF81F, 0xF81F, 0x636F, 0x6BD0, 0x63B0, 0x63AF, 0x638F, 0x8CF5, 0xADF8,
  0xADD8, 0xADB8, 0xCEBB, 0xE75D, 0xE75D, 0xEF9E, 0xB619, 0xF81F, 0xF81F, 0x8CB4,
  0x8CF5, 0x8CD4, 0x8CD4, 0x9516, 0x8CD4, 0xF81F, 0xF81F, 0xF81F, 0xF81F, 0xF81F,
  0xF81F, 0xF81F, 0xF81F, 0x63AF, 0x6BB0, 0x6BB0, 0x63AF, 0x63AF, 0x6BD0, 0x6BB0,
  0x63AF, 0xF81F, 0xF81F, 0xF81F, 0x63AF, 0x6BD0, 0x63B0, 0x63AF, 0x638F, 0x94F4,
  0xB5F8, 0xADD8, 0xA5B8, 0xCEBB, 0xEF9F, 0xD6FC, 0xF81F, 0xF81F, 0xF81F, 0x84B5,
  0x84B4, 0x8CD4, 0x8CD4, 0x9536, 0x8CD4, 0xF81F, 0xF81F, 0xF81F, 0xF81F, 0xF81F,
  0xF81F, 0xF81F, 0xF81F, 0xF81F, 0x638F, 0x6BB0, 0x6BB0, 0x63AF, 0x63AF, 0x6BD0,
  0x6BD0, 0x638F, 0xF81F, 0xF81F, 0xF81F, 0x6BAF, 0x6BF0, 0x6BD0, 0x6BD0, 0x6BD0,
  0x9536, 0xB639, 0xADD8, 0xB639, 0xC67A, 0xF81F, 0xF81F, 0xF81F, 0xF81F, 0x84B5,
  0x8CD4, 0x8CD4, 0x8CD4, 0x9536, 0x8CD4, 0xF81F, 0xF81F, 0xF81F, 0xF81F, 0xF81F,
  0xF81F, 0xF81F, 0xF81F, 0xF81F, 0xF81F, 0x638F, 0x6BD0, 0x6BB0, 0x63AF, 0x63AF,
  0x6BD0, 0x6BD0, 0x638F, 0xF81F, 0xF81F, 0xF81F, 0x63B0, 0x6BB0, 0x63B0, 0x63AF,
  0x63AF, 0xA597, 0xADF8, 0xADB8, 0xF81F, 0xF81F, 0xF81F, 0xF81F, 0xF81F, 0x84D4,
  0x8CD4, 0x8CD4, 0x8CD4, 0x9536, 0x84D4, 0xF81F, 0xF81F, 0xF81F, 0xF81F, 0xF81F,
  0xF81F, 0xF81F, 0xF81F, 0xF81F, 0xF81F, 0xF81F, 0x638F, 0x6BD0, 0x6BB0, 0x63AF,
  0x63AF, 0x6BB0, 0x6BD0, 0x638F, 0xF81F, 0xF81F, 0xF81F, 0xF81F, 0xF81F, 0xF81F,
  0xF81F, 0xF81F, 0xF81F, 0xF81F, 0xF81F, 0xF81F, 0xF81F, 0xF81F, 0xF81F, 0x8CD4,
  0x8D15, 0x84D4, 0x8CD4, 0x8D15, 0x84D4, 0xF81F, 0xF81F, 0xF81F, 0xF81F, 0xF81F,
  0xF81F, 0xF81F, 0xF81F, 0xF81F, 0xF81F, 0xF81F, 0xF81F, 0x638F, 0x6BD0, 0x6BB0,
  0x63AF, 0x638F, 0x6BD0, 0x6BB0, 0x63AF, 0xF81F, 0xF81F, 0xF81F, 0xF81F, 0xF81F,
  0xF81F, 0xF81F, 0xF81F, 0xF81F, 0xF81F, 0xF81F, 0xF81F, 0xF81F, 0xF81F, 0x84B4,
  0x8D15, 0x8CD4, 0x8CD5, 0x84D4, 0x8CD4, 0xF81F, 0xF81F, 0xF81F, 0xF81F, 0xF81F,
  0xF81F, 0xF81F, 0xF81F, 0xF81F, 0xF81F, 0xF81F, 0xF81F, 0xF81F, 0x63AF, 0x6BD0,
  0x6BB0, 0x63AF, 0x63AF, 0x6BD0, 0x6BB0, 0x63AF, 0xF81F, 0xF81F, 0xF81F, 0xF81F,
  0xF81F, 0xF81F, 0xF81F, 0xF81F, 0xF81F, 0xF81F, 0xF81F, 0xF81F, 0x84B4, 0x8CF5,
  0x8CD4, 0x8CD4, 0x8CF5, 0x8CD4, 0xF81F, 0xF81F, 0xF81F, 0xF81F, 0xF81F, 0xF81F,
  0xF81F, 0xF81F, 0xF81F, 0xF81F, 0xF81F, 0xF81F, 0xF81F, 0xF81F, 0xF81F, 0x638F,
  0x6BB0, 0x6BB0, 0x63AF, 0x63AF, 0x6BD0, 0x6BD0, 0x638F, 0xF81F, 0xF81F, 0xF81F,
  0xF81F, 0xF81F, 0xF81F, 0xF81F, 0x8CD4, 0x84B4, 0xF81F, 0x84B4, 0x8CD5, 0x8CF5,
  0x8CD4, 0x84D4, 0x8D15, 0x84B4, 0xF81F, 0xF81F, 0xF81F, 0xF81F, 0xF81F, 0xF81F,
  0xF81F, 0xF81F, 0xF81F, 0xF81F, 0xF81F, 0xF81F, 0xF81F, 0xF81F, 0xF81F, 0xF81F,
  0x63AF, 0x6BB0, 0x6BB0, 0x63AF, 0x63AF, 0x6BD0, 0x6BD0, 0x638F, 0xF81F, 0xF81F,
  0xF81F, 0x8CD5, 0x8CF5, 0x8CD4, 0x8CD5, 0x8CD4, 0x84D4, 0x84D4, 0x8CF5, 0x84D4,
  0x84D4, 0x8CF5, 0x84D4, 0xF81F, 0xF81F, 0xF81F, 0xF81F, 0xF81F, 0xF81F, 0xF81F,
  0xF81F, 0xF81F, 0xF81F, 0xF81F, 0xF81F, 0xF81F, 0xF81F, 0xF81F, 0xF81F, 0xF81F,
  0xF81F, 0x63AF, 0x6BD0, 0x6BB0, 0x63AF, 0x63AF, 0x6BD0, 0x6BD0, 0x638F, 0xF81F,
  0x8CD4, 0x9516, 0x8CF5, 0x8CD4, 0x8CD4, 0x8CD4, 0x8CF5, 0x8CF5, 0x84D4, 0x8CD4,
  0x8CD5, 0x8CF5, 0x84D4, 0xF81F, 0xF81F, 0xF81F, 0xF81F, 0xF81F, 0xF81F, 0xF81F,
  0xF81F, 0xF81F, 0xF81F, 0xF81F, 0xF81F, 0xF81F, 0xF81F, 0xF81F, 0xF81F, 0x63AF,
  0x638F, 0xF81F, 0x6B8F, 0x6BD0, 0x6BB0, 0x63AF, 0x63AF, 0x6BB0, 0x6BD0, 0x8CD4,
  0x8D15, 0x84D4, 0x8CD4, 0x8CD4, 0x8CD4, 0x8CD4, 0x8CD4, 0x84D4, 0x8CD4, 0x8CD4,
  0x8CF5, 0x84B4, 0xF81F, 0xF81F, 0xF81F, 0xF81F, 0xF81F, 0xF81F, 0xF81F, 0xF81F,
  0xF81F, 0xF81F, 0xF81F, 0x638F, 0x63AF, 0x63AF, 0x63B0, 0x6BB0, 0x63B0, 0x63B0,
  0x73F1, 0x63AF, 0xF81F, 0x638F, 0x6BD0, 0x6BB0, 0x63AF, 0x638F, 0x6BD0, 0x8CF5,
  0x8CD4, 0x8CD4, 0x8CD4, 0x8CD4, 0x8CD4, 0x8CD4, 0x8CD4, 0x8CD4, 0x84B4, 0x9516,
  0x84B4, 0xF81F, 0xF81F, 0xF81F, 0xF81F, 0xF81F, 0xF81F, 0xF81F, 0xF81F, 0xF81F,
  0xF81F, 0xF81F, 0x638F, 0x7411, 0x73F1, 0x6BF0, 0x6BD0, 0x6BB0, 0x63AF, 0x63AF,
  0x6BD0, 0x63AF, 0xF81F, 0xF81F, 0x63AF, 0x6BD0, 0x7411, 0x6BF0, 0x7432, 0x8CD4,
  0x8CD4, 0x8CD4, 0x8CD4, 0x8CD4, 0x8CD4, 0x8CD4, 0x8CD4, 0x8CD4, 0x8CD4, 0x8CF5,
  0x8CD4, 0xF81F, 0xF81F, 0xF81F, 0xF81F, 0xF81F, 0xF81F, 0xF81F, 0xF81F, 0xF81F,
  0xF81F, 0xF81F, 0x63AF, 0x6BD0, 0x638F, 0x6BD0, 0x7431, 0x7452, 0x8494, 0x7C52,
  0xF81F, 0xF81F, 0xF81F, 0xF81F, 0xF81F, 0x5B2D, 0x638F, 0x7411, 0x84D4, 0x8CD4,
  0x8CD4, 0x8CD4, 0x8CD4, 0x8CD4, 0x8CD4, 0x8CD4, 0x8CD4, 0x8CD4, 0x8CD4, 0x8CD4,
  0x8CD4, 0xF81F, 0xF81F, 0xF81F, 0xF81F, 0xF81F, 0xF81F, 0xF81F, 0xF81F, 0xF81F,
  0xF81F, 0xF81F, 0xF81F, 0xF81F, 0x84B4, 0x8CD4, 0x8CF5, 0x8CD5, 0x8D15, 0x8CD4,
  0x8CD5, 0x84D4, 0x84D4, 0x84D4, 0x84B4, 0x8CF5, 0x8D15, 0x8CF5, 0x84D4, 0x8CD5,
  0x84D4, 0x8CD4, 0x8CD4, 0x8CD4, 0x8CD4, 0x8CD4, 0x8CD4, 0x8CD4, 0x8CD4, 0x8CD4,
  0x8CD5, 0x8CD4, 0x84D4, 0x84D4, 0x8CF5, 0x8CB4, 0xF81F, 0xF81F, 0xF81F, 0xF81F,
  0xF81F, 0xF81F, 0xF81F, 0x8CD4, 0x9536, 0x8CD5, 0x84D4, 0x8CD4, 0x84D4, 0x8CF5,
  0x9536, 0x9536, 0x9536, 0x9536, 0x9536, 0x9536, 0x9556, 0x9536, 0x8CD5, 0x8CD4,
  0x8CD4, 0x8CD4, 0x8CD4, 0x8CD4, 0x8CD4, 0x8CD4, 0x8CD4, 0x8CD4, 0x8CD4, 0x8CD4,
  0x8CD4, 0x9536, 0x9536, 0x9536, 0x9536, 0x8CF5, 0x8CD4, 0xF81F, 0xF81F, 0xF81F,
  0xF81F, 0xF81F, 0xF81F, 0x84D4, 0x8CD5, 0x84D4, 0x8CD4, 0x8CD4, 0x8CD4, 0x8CD4,
  0x84D4, 0x84D4, 0x84D4, 0x84D4, 0x84D4, 0x84D4, 0x84D4, 0x8CD4, 0x8CD4, 0x8CD4,
  0x8CD4, 0x8CD4, 0x8CD4, 0x8CD4, 0x8CD4, 0x8CD4, 0x8CD4, 0x8CD4, 0x8CD4, 0x8CD4,
  0x8CD4, 0x8CD4, 0x84D4, 0x84D4, 0x84D4, 0x9536, 0x84D4, 0xF81F, 0xF81F, 0xF81F,
  0xF81F, 0xF81F, 0xF81F, 0x84D4, 0x8D15, 0x84D4, 0x8CD4, 0x8CD4, 0x8CD4, 0x8CD4,
  0x8CD4, 0x8CD4, 0x8CD4, 0x8CD4, 0x8CD4, 0x8CD4, 0x8CD4, 0x8CD4, 0x8CD4, 0x8CD4,
  0x8CD4, 0x8CD4, 0x8CD4, 0x8CD4, 0x8CD4, 0x8CD4, 0x8CD4, 0x8CD4, 0x8CD4, 0x8CD4,
  0x8CD4, 0x8CD4, 0x8CD4, 0x8CD4, 0x84D4, 0x9536, 0x84D4, 0xF81F, 0xF81F, 0xF81F,
  0xF81F, 0xF81F, 0xF81F, 0x84B4, 0x8CF5, 0x8CD5, 0x84D4, 0x8CD4, 0x8CD4, 0x8CD4,
  0x8CD4, 0x8CD4, 0x8CD4, 0x8CD4, 0x8CD4, 0x8CD4, 0x8CD4, 0x8CD4, 0x8CD4, 0x8CD4,
  0x8CD4, 0x8CD4, 0x8CD4, 0x8CD4, 0x8CD4, 0x8CD4, 0x8CD4, 0x8CD4, 0x8CD4, 0x8CD4,
  0x8CD4, 0x8CD4, 0x8CD4, 0x84D4, 0x8CF5, 0x8CD5, 0x8CD4, 0xF81F, 0xF81F, 0xF81F
};

static const uint16_t kEmoji_megaphone[1600] PROGMEM = {
  0xF81F, 0xF81F, 0xF81F, 0xF81F, 0xF81F, 0xF81F, 0xF81F, 0xF81F, 0xF81F, 0xF81F,
  0xF81F, 0xF81F, 0xF81F, 0xF81F, 0xF81F, 0xF81F, 0xF81F, 0xF81F, 0xF81F, 0xF81F,
  0xF81F, 0xF81F, 0xF81F, 0xF81F, 0xF81F, 0xF81F, 0xF81F, 0xF81F, 0xF81F, 0xF81F,
  0xF81F, 0xF81F, 0xF81F, 0xF81F, 0xF81F, 0xF81F, 0xF81F, 0xF81F, 0xF81F, 0xF81F,
  0xF81F, 0xF81F, 0xF81F, 0xF81F, 0xF81F, 0xF81F, 0xF81F, 0xF81F, 0xF81F, 0xF81F,
  0xF81F, 0xF81F, 0xF81F, 0xF81F, 0xF81F, 0xF81F, 0xF81F, 0xF81F, 0xF81F, 0xF81F,
  0xF81F, 0xF81F, 0xF81F, 0xF81F, 0xF81F, 0xF81F, 0xF81F, 0xF81F, 0xF81F, 0xF81F,
  0xF81F, 0xF81F, 0xF81F, 0xF81F, 0xF81F, 0xF81F, 0xF81F, 0xF81F, 0xF81F, 0xF81F,
  0xF81F, 0xF81F, 0xF81F, 0xF81F, 0xF81F, 0xF81F, 0xF81F, 0xF81F, 0xF81F, 0xF81F,
  0xF81F, 0xF81F, 0xF81F, 0xF81F, 0xF81F, 0xF81F, 0xF81F, 0xF81F, 0xF81F, 0xF81F,
  0xF81F, 0xF81F, 0xF81F, 0xF81F, 0xF81F, 0xF81F, 0xF81F, 0xF81F, 0xF81F, 0xF81F,
  0xF81F, 0xF81F, 0xF81F, 0xF81F, 0xF81F, 0xF81F, 0xF81F, 0xF81F, 0xF81F, 0xF81F,
  0xF81F, 0xF81F, 0xF81F, 0xF81F, 0xF81F, 0xF81F, 0xF81F, 0xF81F, 0xF81F, 0xF81F,
  0xF81F, 0xF81F, 0xF81F, 0xF81F, 0xF81F, 0xF81F, 0xF81F, 0xF81F, 0xF81F, 0xF81F,
  0xF81F, 0xF81F, 0xF81F, 0xF81F, 0xF81F, 0xF81F, 0xF81F, 0xF81F, 0xF81F, 0xF81F,
  0xF81F, 0xF81F, 0xF81F, 0xF81F, 0xF81F, 0xF81F, 0xF81F, 0xF81F, 0xF81F, 0xF81F,
  0xF81F, 0xF81F, 0xF81F, 0xF81F, 0xF81F, 0xF81F, 0xF81F, 0xF81F, 0xF81F, 0xF81F,
  0xF81F, 0xF81F, 0xF81F, 0xF81F, 0xF81F, 0xF81F, 0xF81F, 0xF81F, 0xF81F, 0xF81F,
  0xF81F, 0xF81F, 0xF81F, 0xF81F, 0xF81F, 0xF81F, 0xF81F, 0xF81F, 0xF81F, 0xF81F,
  0xF81F, 0xF81F, 0xF81F, 0xF81F, 0xF81F, 0xF81F, 0xF81F, 0xF81F, 0xF81F, 0xF81F,
  0xF81F, 0xF81F, 0xF81F, 0xF81F, 0xF81F, 0xF81F, 0xF81F, 0xF81F, 0xF81F, 0xF81F,
  0xF81F, 0xF81F, 0xF81F, 0xF81F, 0xF81F, 0xF81F, 0xF81F, 0xF81F, 0xF81F, 0xF81F,
  0xF81F, 0xF81F, 0xF81F, 0xF81F, 0xF81F, 0xF81F, 0xF81F, 0xF81F, 0xF81F, 0xF81F,
  0xF81F, 0xF81F, 0xF81F, 0xF81F, 0xF81F, 0xF81F, 0xF81F, 0xF81F, 0xF81F, 0xF81F,
  0xF81F, 0xF81F, 0xF81F, 0xF81F, 0xF81F, 0xF81F, 0xF81F, 0xF81F, 0xF81F, 0xF81F,
  0xF81F, 0xF81F, 0xF81F, 0xF81F, 0xF81F, 0xF81F, 0xF81F, 0xF81F, 0xF81F, 0xF81F,
  0xF81F, 0xF81F, 0xF81F, 0xF81F, 0xF81F, 0xF81F, 0xF81F, 0xF81F, 0xF81F, 0xF81F,
  0xF81F, 0xF81F, 0xF81F, 0x2374, 0x2353, 0x2312, 0xF81F, 0xF81F, 0xF81F, 0xF81F,
  0xF81F, 0xF81F, 0xF81F, 0xF81F, 0xF81F, 0xF81F, 0xF81F, 0xF81F, 0xF81F, 0xF81F,
  0xF81F, 0xF81F, 0xF81F, 0xF81F, 0xF81F, 0xF81F, 0xF81F, 0xF81F, 0xF81F, 0xF81F,
  0xF81F, 0xF81F, 0xF81F, 0xF81F, 0xF81F, 0xF81F, 0xF81F, 0xF81F, 0xF81F, 0x555D,
  0x557E, 0x557D, 0x3417, 0x2333, 0x2374, 0x2353, 0x2333, 0xF81F, 0xF81F, 0xF81F,
  0xF81F, 0xF81F, 0xF81F, 0xF81F, 0xF81F, 0xF81F, 0xF81F, 0xF81F, 0xF81F, 0xF81F,
  0xF81F, 0xF81F, 0xF81F, 0xF81F, 0xF81F, 0xF81F, 0xF81F, 0xF81F, 0xF81F, 0xF81F,
  0xF81F, 0xF81F, 0xF81F, 0xF81F, 0xF81F, 0xF81F, 0x557D, 0x555D, 0x557E, 0x555D,
  0x5DDF, 0x449A, 0x2333, 0x2333, 0x2333, 0x2333, 0x2354, 0x2333, 0xF81F, 0xF81F,
  0xF81F, 0xF81F, 0xF81F, 0xF81F, 0xF81F, 0xF81F, 0xF81F, 0xF81F, 0xF81F, 0xF81F,
  0xF81F, 0xF81F, 0xF81F, 0xF81F, 0xF81F, 0xF81F, 0xF81F, 0xF81F, 0xF81F, 0xF81F,
  0xF81F, 0xF81F, 0x557E, 0x555D, 0x557E, 0x557D, 0x5D9E, 0x5DBF, 0x5D9F, 0x557E,
  0x4D1C, 0x2353, 0x2332, 0x2333, 0x2333, 0x2333, 0x2353, 0x2333, 0xF81F, 0xF81F,
  0xF81F, 0xF81F, 0xF81F, 0xF81F, 0xF81F, 0xF81F, 0xF81F, 0xF81F, 0xF81F, 0xF81F,
  0xF81F, 0xF81F, 0xF81F, 0xF81F, 0xF81F, 0xF81F, 0xF81F, 0xF81F, 0x555D, 0x555D,
  0x557D, 0x557D, 0x557D, 0x5DBF, 0x5DBF, 0x557E, 0x555D, 0x557D, 0x555D, 0x559E,
  0x3C38, 0x1B12, 0x2333, 0x2333, 0x2333, 0x2333, 0x2333, 0x2374, 0x2333, 0xF81F,
  0xF81F, 0xF81F, 0xF81F, 0xF81F, 0xF81F, 0xF81F, 0xF81F, 0xF81F, 0xF81F, 0xF81F,
  0xF81F, 0xF81F, 0xF81F, 0xF81F, 0xF81F, 0x557D, 0x557E, 0x555D, 0x557E, 0x5DBF,
  0x5DBF, 0x559E, 0x557D, 0x557D, 0x557D, 0x555D, 0x557D, 0x557D, 0x557D, 0x555D,
  0x2B74, 0x2332, 0x2333, 0x2333, 0x2333, 0x2333, 0x2333, 0x2354, 0x2333, 0xF81F,
  0xF81F, 0xF81F, 0xF81F, 0xF81F, 0xF81F, 0xF81F, 0xF81F, 0xF81F, 0xF81F, 0xF81F,
  0xF81F, 0x557D, 0x557E, 0x555D, 0x557E, 0x5D9E, 0x5DDF, 0x5D9E, 0x557E, 0x557D,
  0x557D, 0x555D, 0x557D, 0x557D, 0x557D, 0x557D, 0x557D, 0x555D, 0x557E, 0x4CDB,
  0x2333, 0x2333, 0x2333, 0x2333, 0x2333, 0x2333, 0x2333, 0x2333, 0x2332, 0x2332,
  0xF81F, 0xF81F, 0xF81F, 0xF81F, 0xF81F, 0xF81F, 0xF81F, 0xF81F, 0x557D, 0x555D,
  0x557E, 0x557D, 0x5DBF, 0x5DBF, 0x559E, 0x557D, 0x555D, 0x557D, 0x555D, 0x557D,
  0x557D, 0x557D, 0x557D, 0x557D, 0x557D, 0x557D, 0x557D, 0x555D, 0x5D9E, 0x3C58,
  0x1B12, 0x2333, 0x2333, 0x2333, 0x2333, 0x2333, 0x2333, 0x2333, 0x2353, 0x2332,
  0xF81F, 0xF81F, 0xF81F, 0xF81F, 0x557E, 0x557D, 0x557E, 0x555D, 0x5D9E, 0x5DBF,
  0x5D9F, 0x557D, 0x557D, 0x557D, 0x557D, 0x557D, 0x557D, 0x557D, 0x557D, 0x557D,
  0x557D, 0x557D, 0x557D, 0x557D, 0x557D, 0x557D, 0x557D, 0x557D, 0x557E, 0x33F6,
  0x1B12, 0x2333, 0x2333, 0x2333, 0x2333, 0x2333, 0x2333, 0x2333, 0x2374, 0x2333,
  0xF81F, 0x557D, 0x5D9E, 0x555D, 0x557D, 0x5DBF, 0x5DBF, 0x557E, 0x555D, 0x557D,
  0x555D, 0x557D, 0x557D, 0x557D, 0x557D, 0x557D, 0x557D, 0x557D, 0x557D, 0x557D,
  0x557D, 0x557D, 0x557D, 0x557D, 0x557D, 0x557D, 0x557D, 0x557D, 0x555D, 0x2B95,
  0x2332, 0x2333, 0x2333, 0x2333, 0x2333, 0x2333, 0x2333, 0x2333, 0x2353, 0x2333,
  0x557E, 0x557E, 0x5DDF, 0x557E, 0x557D, 0x557D, 0x557D, 0x555D, 0x557D, 0x557D,
  0x557D, 0x557D, 0x557D, 0x557D, 0x557D, 0x557D, 0x557D, 0x557D, 0x557D, 0x557D,
  0x557D, 0x557D, 0x557D, 0x557D, 0x557D, 0x557D, 0x557D, 0x557E, 0x553C, 0x2374,
  0x2332, 0x2333, 0x2333, 0x2333, 0x2333, 0x2333, 0x2333, 0x2333, 0x2353, 0x2333,
  0x555D, 0x5DBF, 0x555D, 0x555D, 0x557D, 0x557D, 0x557D, 0x557D, 0x557D, 0x557D,
  0x557D, 0x557D, 0x557D, 0x557D, 0x557D, 0x557D, 0x557D, 0x557D, 0x557D, 0x557D,
  0x557D, 0x557D, 0x557D, 0x557D, 0x557D, 0x557D, 0x557D, 0x557E, 0x4D1C, 0x2333,
  0x2333, 0x2333, 0x2333, 0x2333, 0x2333, 0x2333, 0x2333, 0x2333, 0x2333, 0x2333,
  0x557D, 0x557D, 0x557D, 0x557D, 0x557D, 0x557D, 0x557D, 0x557D, 0x557D, 0x557D,
  0x557D, 0x557D, 0x557D, 0x557D, 0x557D, 0x557D, 0x557D, 0x557D, 0x557D, 0x557D,
  0x557D, 0x557D, 0x557D, 0x557D, 0x557D, 0x557D, 0x557D, 0x557E, 0x4D1C, 0x2333,
  0x2333, 0x2333, 0x2333, 0x2333, 0x2333, 0x2333, 0x2333, 0x2333, 0x2333, 0x2333,
  0x557D, 0x557D, 0x557D, 0x557D, 0x557D, 0x557D, 0x557D, 0x557D, 0x557D, 0x557D,
  0x557D, 0x557D, 0x557D, 0x557D, 0x557D, 0x557D, 0x557D, 0x557D, 0x557D, 0x557D,
  0x557D, 0x557D, 0x557D, 0x557D, 0x557D, 0x557D, 0x557D, 0x557E, 0x4D1C, 0x2333,
  0x2333, 0x2333, 0x2333, 0x2333, 0x2333, 0x2333, 0x2333, 0x2333, 0x2333, 0x2333,
  0x557D, 0x557D, 0x557D, 0x557D, 0x557D, 0x557D, 0x557D, 0x557D, 0x557D, 0x557D,
  0x557D, 0x557D, 0x557D, 0x557D, 0x557D, 0x557D, 0x557D, 0x557D, 0x557D, 0x557D,
  0x557D, 0x557D, 0x557D, 0x557D, 0x557D, 0x557D, 0x557D, 0x557E, 0x4D1C, 0x2333,
  0x2333, 0x2333, 0x2333, 0x2333, 0x2333, 0x2333, 0x2333, 0x2333, 0x2333, 0x2333,
  0x557D, 0x557D, 0x557D, 0x557D, 0x557D, 0x557D, 0x557D, 0x557D, 0x557D, 0x557D,
  0x557D, 0x557D, 0x557D, 0x557D, 0x557D, 0x557D, 0x557D, 0x557D, 0x557D, 0x557D,
  0x557D, 0x557D, 0x557D, 0x557D, 0x557D, 0x557D, 0x557D, 0x557E, 0x4D1C, 0x2333,
  0x2333, 0x2333, 0x2333, 0x2333, 0x2333, 0x2333, 0x2333, 0x2333, 0x2333, 0x2333,
  0x555D, 0x5DBF, 0x555D, 0x555D, 0x557D, 0x557D, 0x557D, 0x557D, 0x557D, 0x557D,
  0x557D, 0x557D, 0x557D, 0x557D, 0x557D, 0x557D, 0x557D, 0x557D, 0x557D, 0x557D,
  0x557D, 0x557D, 0x557D, 0x557D, 0x557D, 0x557D, 0x557D, 0x557E, 0x4D1C, 0x2333,
  0x2333, 0x2333, 0x2333, 0x2333, 0x2333, 0x2333, 0x2333, 0x2333, 0x2333, 0x2333,
  0x557E, 0x557E, 0x5DDF, 0x557E, 0x557D, 0x557D, 0x557D, 0x557D, 0x557D, 0x557D,
  0x557D, 0x557D, 0x557D, 0x557D, 0x557D, 0x557D, 0x557D, 0x557D, 0x557D, 0x557D,
  0x557D, 0x557D, 0x557D, 0x557D, 0x557D, 0x557D, 0x557D, 0x557E, 0x553C, 0x2374,
  0x2332, 0x2333, 0x2333, 0x2333, 0x2333, 0x2333, 0x2333, 0x2333, 0x2353, 0x2333,
  0xF81F, 0x557D, 0x5D9E, 0x555D, 0x557D, 0x5DBF, 0x5DBF, 0x557E, 0x555D, 0x557D,
  0x557D, 0x557D, 0x557D, 0x557D, 0x557D, 0x557D, 0x557D, 0x557D, 0x557D, 0x557D,
  0x557D, 0x557D, 0x557D, 0x557D, 0x557D, 0x557D, 0x557D, 0x557D, 0x555D, 0x2B95,
  0x2332, 0x2333, 0x2333, 0x2333, 0x2333, 0x2333, 0x2333, 0x2333, 0x2353, 0x2333,
  0xF81F, 0xF81F, 0xF81F, 0xF81F, 0x557E, 0x557D, 0x557E, 0x557D, 0x5D9E, 0x557E,
  0x557E, 0x557D, 0x557D, 0x557D, 0x557D, 0x557D, 0x557D, 0x557D, 0x557D, 0x557D,
  0x557D, 0x557D, 0x557D, 0x557D, 0x557D, 0x557D, 0x557D, 0x557D, 0x557E, 0x33F6,
  0x1B12, 0x2333, 0x2333, 0x2333, 0x2333, 0x2333, 0x2333, 0x2333, 0x2374, 0x2333,
  0xF81F, 0xF81F, 0xF81F, 0xF81F, 0xF81F, 0xF81F, 0xF81F, 0xF81F, 0x553C, 0x4D1C,
  0x553C, 0x557E, 0x5DBF, 0x5DBF, 0x559E, 0x557D, 0x555D, 0x557D, 0x555D, 0x557D,
  0x557D, 0x557D, 0x557D, 0x557D, 0x557D, 0x557D, 0x557D, 0x555D, 0x5D9E, 0x3C58,
  0x1B12, 0x2333, 0x2333, 0x2333, 0x2333, 0x2333, 0x2333, 0x2333, 0x2353, 0x2332,
  0xF81F, 0xF81F, 0xF81F, 0xF81F, 0xF81F, 0xF81F, 0xF81F, 0xF81F, 0xF81F, 0x3C38,
  0x3C58, 0x4CDB, 0x557E, 0x555D, 0x557E, 0x5D9E, 0x5DBF, 0x5D9E, 0x557E, 0x555D,
  0x555D, 0x557D, 0x557D, 0x557D, 0x557D, 0x557D, 0x557D, 0x555D, 0x557E, 0x4CDB,
  0x2333, 0x2333, 0x2333, 0x2333, 0x2333, 0x2333, 0x2333, 0x2333, 0x2332, 0x2332,
  0xF81F, 0xF81F, 0xF81F, 0xF81F, 0xF81F, 0xF81F, 0xF81F, 0xF81F, 0x3C59, 0x3C58,
  0x3C79, 0x3417, 0xF81F, 0xF81F, 0xF81F, 0x555D, 0x557E, 0x555D, 0x557D, 0x557E,
  0x557E, 0x557D, 0x557D, 0x557D, 0x557D, 0x557D, 0x557D, 0x557D, 0x557D, 0x555D,
  0x2B74, 0x2332, 0x2333, 0x2333, 0x2333, 0x2333, 0x2333, 0x2354, 0x2333, 0xF81F,
  0xF81F, 0xF81F, 0xF81F, 0xF81F, 0xF81F, 0xF81F, 0xF81F, 0xF81F, 0xF81F, 0x3C38,
  0x3C9A, 0x3C38, 0xF81F, 0xF81F, 0xF81F, 0xF81F, 0xF81F, 0xF81F, 0x559E, 0x4CFB,
  0x4D3C, 0x555D, 0x557D, 0x5DBF, 0x5DBF, 0x557E, 0x557D, 0x557D, 0x557D, 0x559E,
  0x3C38, 0x1B12, 0x2333, 0x2333, 0x2333, 0x2333, 0x2333, 0x2374, 0x2333, 0xF81F,
  0xF81F, 0xF81F, 0xF81F, 0xF81F, 0xF81F, 0xF81F, 0xF81F, 0xF81F, 0xF81F, 0x3C38,
  0x3C9A, 0x3C58, 0x3C38, 0xF81F, 0xF81F, 0xF81F, 0xF81F, 0xF81F, 0x33F6, 0x3C38,
  0x3C9A, 0x3C58, 0x555D, 0x557D, 0x557E, 0x555D, 0x5D9F, 0x5DBF, 0x5D9E, 0x557D,
  0x4D1C, 0x2353, 0x2332, 0x2333, 0x2333, 0x2333, 0x2353, 0x2333, 0xF81F, 0xF81F,
  0xF81F, 0xF81F, 0xF81F, 0xF81F, 0xF81F, 0xF81F, 0xF81F, 0xF81F, 0xF81F, 0x3C38,
  0x3C58, 0x3C79, 0x3C38, 0x3C38, 0xF81F, 0xF81F, 0xF81F, 0x3C58, 0x3C38, 0x3C79,
  0x3C58, 0x3C38, 0xF81F, 0xF81F, 0xF81F, 0xF81F, 0x557D, 0x557D, 0x557E, 0x557D,
  0x5DDF, 0x449A, 0x2333, 0x2333, 0x2333, 0x2333, 0x2354, 0x2333, 0xF81F, 0xF81F,
  0xF81F, 0xF81F, 0xF81F, 0xF81F, 0xF81F, 0xF81F, 0xF81F, 0xF81F, 0xF81F, 0xF81F,
  0x3C58, 0x3C58, 0x3C9A, 0x3C79, 0x3C38, 0x3C58, 0x3C38, 0x3C79, 0x3C9A, 0x3C59,
  0x3C38, 0xF81F, 0xF81F, 0xF81F, 0xF81F, 0xF81F, 0xF81F, 0xF81F, 0xF81F, 0x555D,
  0x557E, 0x557E, 0x3417, 0x2353, 0x2374, 0x2353, 0x2333, 0xF81F, 0xF81F, 0xF81F,
  0xF81F, 0xF81F, 0xF81F, 0xF81F, 0xF81F, 0xF81F, 0xF81F, 0xF81F, 0xF81F, 0xF81F,
  0xF81F, 0x3C58, 0x3C58, 0x3C58, 0x44BA, 0x44DB, 0x44BA, 0x3C58, 0x3C58, 0x3C38,
  0xF81F, 0xF81F, 0xF81F, 0xF81F, 0xF81F, 0xF81F, 0xF81F, 0xF81F, 0xF81F, 0xF81F,
  0xF81F, 0xF81F, 0xF81F, 0x2B94, 0x2353, 0x2333, 0xF81F, 0xF81F, 0xF81F, 0xF81F,
  0xF81F, 0xF81F, 0xF81F, 0xF81F, 0xF81F, 0xF81F, 0xF81F, 0xF81F, 0xF81F, 0xF81F,
  0xF81F, 0xF81F, 0xF81F, 0x3C38, 0x3C58, 0x3C58, 0x3C58, 0x3C58, 0xF81F, 0xF81F,
  0xF81F, 0xF81F, 0xF81F, 0xF81F, 0xF81F, 0xF81F, 0xF81F, 0xF81F, 0xF81F, 0xF81F,
  0xF81F, 0xF81F, 0xF81F, 0xF81F, 0xF81F, 0xF81F, 0xF81F, 0xF81F, 0xF81F, 0xF81F,
  0xF81F, 0xF81F, 0xF81F, 0xF81F, 0xF81F, 0xF81F, 0xF81F, 0xF81F, 0xF81F, 0xF81F,
  0xF81F, 0xF81F, 0xF81F, 0xF81F, 0xF81F, 0xF81F, 0xF81F, 0xF81F, 0xF81F, 0xF81F,
  0xF81F, 0xF81F, 0xF81F, 0xF81F, 0xF81F, 0xF81F, 0xF81F, 0xF81F, 0xF81F, 0xF81F,
  0xF81F, 0xF81F, 0xF81F, 0xF81F, 0xF81F, 0xF81F, 0xF81F, 0xF81F, 0xF81F, 0xF81F,
  0xF81F, 0xF81F, 0xF81F, 0xF81F, 0xF81F, 0xF81F, 0xF81F, 0xF81F, 0xF81F, 0xF81F,
  0xF81F, 0xF81F, 0xF81F, 0xF81F, 0xF81F, 0xF81F, 0xF81F, 0xF81F, 0xF81F, 0xF81F,
  0xF81F, 0xF81F, 0xF81F, 0xF81F, 0xF81F, 0xF81F, 0xF81F, 0xF81F, 0xF81F, 0xF81F,
  0xF81F, 0xF81F, 0xF81F, 0xF81F, 0xF81F, 0xF81F, 0xF81F, 0xF81F, 0xF81F, 0xF81F,
  0xF81F, 0xF81F, 0xF81F, 0xF81F, 0xF81F, 0xF81F, 0xF81F, 0xF81F, 0xF81F, 0xF81F,
  0xF81F, 0xF81F, 0xF81F, 0xF81F, 0xF81F, 0xF81F, 0xF81F, 0xF81F, 0xF81F, 0xF81F,
  0xF81F, 0xF81F, 0xF81F, 0xF81F, 0xF81F, 0xF81F, 0xF81F, 0xF81F, 0xF81F, 0xF81F,
  0xF81F, 0xF81F, 0xF81F, 0xF81F, 0xF81F, 0xF81F, 0xF81F, 0xF81F, 0xF81F, 0xF81F,
  0xF81F, 0xF81F, 0xF81F, 0xF81F, 0xF81F, 0xF81F, 0xF81F, 0xF81F, 0xF81F, 0xF81F,
  0xF81F, 0xF81F, 0xF81F, 0xF81F, 0xF81F, 0xF81F, 0xF81F, 0xF81F, 0xF81F, 0xF81F,
  0xF81F, 0xF81F, 0xF81F, 0xF81F, 0xF81F, 0xF81F, 0xF81F, 0xF81F, 0xF81F, 0xF81F,
  0xF81F, 0xF81F, 0xF81F, 0xF81F, 0xF81F, 0xF81F, 0xF81F, 0xF81F, 0xF81F, 0xF81F,
  0xF81F, 0xF81F, 0xF81F, 0xF81F, 0xF81F, 0xF81F, 0xF81F, 0xF81F, 0xF81F, 0xF81F,
  0xF81F, 0xF81F, 0xF81F, 0xF81F, 0xF81F, 0xF81F, 0xF81F, 0xF81F, 0xF81F, 0xF81F,
  0xF81F, 0xF81F, 0xF81F, 0xF81F, 0xF81F, 0xF81F, 0xF81F, 0xF81F, 0xF81F, 0xF81F,
  0xF81F, 0xF81F, 0xF81F, 0xF81F, 0xF81F, 0xF81F, 0xF81F, 0xF81F, 0xF81F, 0xF81F
};

static const uint16_t kEmoji_wip[1600] PROGMEM = {
  0xF81F, 0xF81F, 0xF81F, 0xF81F, 0xF81F, 0xF81F, 0xF81F, 0xF81F, 0xF81F, 0xF81F,
  0xF81F, 0xF81F, 0xF81F, 0xF81F, 0xF81F, 0xF81F, 0xF81F, 0xF81F, 0xF81F, 0xF81F,
  0xF81F, 0xF81F, 0xF81F, 0xF81F, 0xF81F, 0xF81F, 0xF81F, 0xF81F, 0xF81F, 0xF81F,
  0xF81F, 0xF81F, 0xF81F, 0xF81F, 0xF81F, 0xF81F, 0xF81F, 0xF81F, 0xF81F, 0xF81F,
  0xF81F, 0xF81F, 0xF81F, 0xF81F, 0xF81F, 0xF81F, 0xF81F, 0xF81F, 0xF81F, 0xF81F,
  0xF81F, 0xF81F, 0xF81F, 0xF81F, 0xF81F, 0xF81F, 0xF81F, 0xF81F, 0xF81F, 0xF81F,
  0xF81F, 0xF81F, 0xF81F, 0xF81F, 0xF81F, 0xF81F, 0xF81F, 0xF81F, 0xF81F, 0xF81F,
  0xF81F, 0xF81F, 0xF81F, 0xF81F, 0xF81F, 0xF81F, 0xF81F, 0xF81F, 0xF81F, 0xF81F,
  0xF81F, 0xF81F, 0xF81F, 0xF81F, 0xF81F, 0xF81F, 0xF81F, 0xF81F, 0xF81F, 0xF81F,
  0xF81F, 0xF81F, 0xF81F, 0xF81F, 0xF81F, 0xF81F, 0xF81F, 0xF81F, 0xF81F, 0xF81F,
  0xF81F, 0xF81F, 0xF81F, 0xF81F, 0xF81F, 0xF81F, 0xF81F, 0xF81F, 0xF81F, 0xF81F,
  0xF81F, 0xF81F, 0xF81F, 0xF81F, 0xF81F, 0xF81F, 0xF81F, 0xF81F, 0xF81F, 0xF81F,
  0xF81F, 0xF81F, 0x2966, 0x2966, 0x2986, 0x1906, 0xAC68, 0xFEA9, 0xFE49, 0xFE69,
  0xFE49, 0xFEA9, 0xDDA9, 0x31C6, 0x2166, 0x2966, 0x2986, 0x1106, 0x7B67, 0xFE89,
  0xFE49, 0xFE69, 0xFE49, 0xFE69, 0xFE69, 0x5266, 0x2146, 0x2966, 0x2986, 0x1906,
  0x5267, 0xF649, 0xFE69, 0xFE69, 0xFE49, 0xFE69, 0xFE89, 0x7307, 0xF81F, 0xF81F,
  0xF81F, 0x2966, 0x2986, 0x2986, 0x2146, 0x8BA8, 0xFEAA, 0xFECA, 0xFECA, 0xFEAA,
  0xFEEA, 0xFE6A, 0x62C7, 0x2166, 0x2986, 0x29A6, 0x1946, 0x62E7, 0xF64A, 0xFEEA,
  0xFECA, 0xFECA, 0xFEEA, 0xFEEA, 0x83A8, 0x2986, 0x2986, 0x29A6, 0x2166, 0x4227,
  0xE5C9, 0xFEEA, 0xFECA, 0xFECA, 0xFECA, 0xFF0A, 0xAC68, 0x2986, 0x2966, 0xF81F,
  0x2166, 0x2986, 0x2986, 0x1926, 0x8BA7, 0xFEA9, 0xFE69, 0xFE69, 0xFE49, 0xFE89,
  0xEE09, 0x4A46, 0x1906, 0x2986, 0x2986, 0x1926, 0x62C7, 0xF649, 0xFE89, 0xFE49,
  0xFE49, 0xFE69, 0xFE69, 0x7327, 0x1906, 0x2966, 0x2986, 0x2146, 0x4206, 0xE5C9,
  0xFEA9, 0xFE49, 0xFE69, 0xFE49, 0xFEA9, 0x9C08, 0x1926, 0x2166, 0x29A6, 0x2166,
  0x2986, 0x2986, 0x1926, 0x83A7, 0xFE89, 0xFE69, 0xFE49, 0xFE49, 0xFE89, 0xEE09,
  0x5267, 0x1926, 0x2986, 0x2986, 0x1926, 0x62C7, 0xF649, 0xFE89, 0xFE49, 0xFE49,
  0xFE69, 0xFE69, 0x7327, 0x1926, 0x2986, 0x2986, 0x2146, 0x4206, 0xDDA9, 0xFEA9,
  0xFE49, 0xFE69, 0xFE49, 0xFEA9, 0x9C08, 0x2146, 0x2966, 0x2986, 0x2166, 0x31A6,
  0x2986, 0x1926, 0x8BA7, 0xFE89, 0xFE69, 0xFE49, 0xFE49, 0xFE89, 0xEE09, 0x5267,
  0x1926, 0x2986, 0x2986, 0x1926, 0x62C7, 0xF649, 0xFE69, 0xFE49, 0xFE49, 0xFE69,
  0xFE69, 0x7327, 0x1926, 0x2986, 0x2986, 0x2146, 0x4206, 0xDDA9, 0xFEA9, 0xFE49,
  0xFE69, 0xFE49, 0xFEA9, 0x9C08, 0x1946, 0x2966, 0x2986, 0x2146, 0x29A6, 0xBCC8,
  0x1926, 0x8387, 0xFE89, 0xFE69, 0xFE49, 0xFE49, 0xFE89, 0xEE09, 0x5267, 0x1926,
  0x2986, 0x2986, 0x1926, 0x62C7, 0xF649, 0xFE89, 0xFE49, 0xFE49, 0xFE69, 0xFE69,
  0x7327, 0x1926, 0x2986, 0x2986, 0x2146, 0x4206, 0xDDA9, 0xFE89, 0xFE49, 0xFE69,
  0xFE49, 0xFEA9, 0x9C08, 0x1946, 0x2966, 0x2986, 0x2166, 0x2986, 0xC4E8, 0xFEA9,
  0x8BC7, 0xFE89, 0xFE69, 0xFE49, 0xFE49, 0xFE89, 0xEE09, 0x5267, 0x1926, 0x2986,
  0x2986, 0x1926, 0x62C7, 0xF649, 0xFE69, 0xFE49, 0xFE49, 0xFE69, 0xFE69, 0x7327,
  0x1926, 0x2986, 0x2986, 0x2146, 0x4206, 0xE5A9, 0xFE89, 0xFE49, 0xFE69, 0xFE49,
  0xFEA9, 0x9C08, 0x2146, 0x2986, 0x2986, 0x2166, 0x2986, 0xBCE8, 0xFEA9, 0xFE49,
  0xFE89, 0xFE69, 0xFE49, 0xFE49, 0xFE89, 0xEE09, 0x5267, 0x1926, 0x2986, 0x2986,
  0x1926, 0x62C7, 0xF649, 0xFE89, 0xFE49, 0xFE49, 0xFE69, 0xFE69, 0x7327, 0x1926,
  0x2986, 0x2986, 0x2146, 0x4206, 0xDDA9, 0xFEA9, 0xFE49, 0xFE69, 0xFE49, 0xFEA9,
  0x9C08, 0x2146, 0x2966, 0x2986, 0x2166, 0x2986, 0xC4E8, 0xFEA9, 0xFE49, 0xFE69,
  0xFE49, 0xFE69, 0xFE49, 0xFE89, 0xEE09, 0x5267, 0x1926, 0x2986, 0x2986, 0x1926,
  0x62C7, 0xF649, 0xFE89, 0xFE49, 0xFE49, 0xFE69, 0xFE69, 0x7327, 0x1926, 0x2986,
  0x2986, 0x2146, 0x4206, 0xDDA9, 0xFEA9, 0xFE49, 0xFE69, 0xFE49, 0xFEA9, 0x9C08,
  0x2146, 0x2966, 0x2986, 0x2166, 0x2986, 0xC4E8, 0xFEA9, 0xFE49, 0xFE69, 0xFE49,
  0xFE69, 0xFE49, 0xFE89, 0xEE09, 0x5267, 0x1926, 0x2986, 0x2986, 0x1926, 0x62C7,
  0xF649, 0xFE69, 0xFE49, 0xFE49, 0xFE69, 0xFE69, 0x7327, 0x1926, 0x2986, 0x2986,
  0x2146, 0x4206, 0xDDA9, 0xFEA9, 0xFE49, 0xFE69, 0xFE49, 0xFEA9, 0x9C08, 0x1946,
  0x2966, 0x2986, 0x2166, 0x2986, 0xBCE8, 0xFEA9, 0xFE49, 0xFE69, 0xFE49, 0xFE89,
  0xFE49, 0xFE89, 0xEE09, 0x5267, 0x1926, 0x2986, 0x2986, 0x1926, 0x62C7, 0xF649,
  0xFE89, 0xFE49, 0xFE49, 0xFE69, 0xFE69, 0x7327, 0x1926, 0x2986, 0x2986, 0x2146,
  0x4206, 0xDDA9, 0xFE89, 0xFE49, 0xFE69, 0xFE49, 0xFEA9, 0x9C08, 0x1946, 0x2966,
  0x2986, 0x2166, 0x2986, 0xBCE8, 0xFEA9, 0xFE49, 0xFE69, 0xFE49, 0xFEA9, 0xC508,
  0xFE89, 0xEE09, 0x5267, 0x1926, 0x2986, 0x2986, 0x1926, 0x62C7, 0xF649, 0xFE69,
  0xFE49, 0xFE49, 0xFE69, 0xFE69, 0x7327, 0x1926, 0x2986, 0x2986, 0x2146, 0x4206,
  0xE5A9, 0xFE89, 0xFE49, 0xFE69, 0xFE49, 0xFEA9, 0x9C08, 0x2146, 0x2986, 0x2986,
  0x2166, 0x2986, 0xBCE8, 0xFEA9, 0xFE49, 0xFE69, 0xFE49, 0xFEA9, 0xBCE8, 0x2986,
  0xEDE9, 0x5267, 0x1926, 0x2986, 0x2986, 0x1926, 0x62C7, 0xF649, 0xFE89, 0xFE49,
  0xFE49, 0xFE69, 0xFE69, 0x7327, 0x1926, 0x2986, 0x2986, 0x2146, 0x4206, 0xDDA9,
  0xFEA9, 0xFE49, 0xFE69, 0xFE49, 0xFEA9, 0x9C08, 0x2146, 0x2966, 0x2986, 0x2166,
  0x2986, 0xC4E8, 0xFEA9, 0xFE49, 0xFE69, 0xFE49, 0xFEA9, 0xC4E8, 0x2986, 0x2166,
  0x4A47, 0x1946, 0x2986, 0x2986, 0x1926, 0x62C7, 0xF649, 0xFE89, 0xFE49, 0xFE49,
  0xFE69, 0xFE69, 0x7327, 0x1926, 0x2986, 0x2986, 0x2146, 0x4206, 0xDDA9, 0xFEA9,
  0xFE49, 0xFE69, 0xFE49, 0xFEA9, 0x9C08, 0x2146, 0x2966, 0x2986, 0x2166, 0x2986,
  0xC4E8, 0xFEA9, 0xFE49, 0xFE69, 0xFE49, 0xFEA9, 0xBCE8, 0x2986, 0x2166, 0x2986,
  0x2146, 0x2986, 0x2986, 0x1926, 0x62C7, 0xF649, 0xFE69, 0xFE49, 0xFE49, 0xFE69,
  0xFE69, 0x7327, 0x1926, 0x2986, 0x2986, 0x2146, 0x4206, 0xDDA9, 0xFEA9, 0xFE49,
  0xFE69, 0xFE49, 0xFEA9, 0x9C08, 0x1946, 0x2966, 0x2986, 0x2166, 0x2986, 0xBCE8,
  0xFEA9, 0xFE49, 0xFE69, 0xFE49, 0xFEA9, 0xBCE8, 0x2986, 0x2166, 0x2986, 0x2966,
  0x2986, 0x2986, 0x1906, 0x62C7, 0xF649, 0xFE69, 0xFE49, 0xFE49, 0xFE69, 0xFE69,
  0x7327, 0x1926, 0x2986, 0x2986, 0x2146, 0x4206, 0xDDA9, 0xFE89, 0xFE49, 0xFE49,
  0xFE49, 0xFEA9, 0x9C08, 0x1946, 0x2966, 0x2986, 0x2166, 0x2986, 0xBCE8, 0xFEA9,
  0xFE49, 0xFE69, 0xFE49, 0xFEA9, 0xC4E8, 0x2986, 0x2166, 0x2986, 0x2986, 0x2966,
  0x2986, 0x2146, 0x7327, 0xF649, 0xFE69, 0xFE49, 0xFE49, 0xFE69, 0xFE69, 0x7327,
  0x1926, 0x2986, 0x2986, 0x1946, 0x4206, 0xE5A9, 0xFE89, 0xFE49, 0xFE69, 0xFE69,
  0xFEA9, 0x9C08, 0x2146, 0x2986, 0x2986, 0x2146, 0x2986, 0xBCE8, 0xFEA9, 0xFE49,
  0xFE69, 0xFE49, 0xFEA9, 0xC4E8, 0x2986, 0x2166, 0x2986, 0x2986, 0x2966, 0x2166,
  0xF81F, 0x4A06, 0xEDE9, 0xFE89, 0xFE69, 0xFE69, 0xFE69, 0xF649, 0x7327, 0x1926,
  0x2986, 0x2986, 0x2166, 0x4A26, 0xE5C9, 0xFEA9, 0xFE49, 0xFE69, 0xFE69, 0xFE89,
  0x9C08, 0x2146, 0x2966, 0x2986, 0x2966, 0x31A6, 0xC508, 0xFECA, 0xFE49, 0xFE69,
  0xFE49, 0xFE89, 0xBCE8, 0x2986, 0x2146, 0x2986, 0x2966, 0x2986, 0x2966, 0xF81F,
  0xF81F, 0xF81F, 0xF81F, 0xF81F, 0xAD94, 0xB5D6, 0xA574, 0xA554, 0x84D4, 0x8CD4,
  0x428A, 0x2966, 0x1126, 0xA407, 0xFF6A, 0xEDC9, 0xFE49, 0xF649, 0xFE49, 0xFE09,
  0x08E5, 0x1925, 0x29A6, 0x2166, 0x1925, 0x62E6, 0xFF6A, 0xEE49, 0xF649, 0xE62D,
  0xA574, 0xAD95, 0x8CF4, 0x84B4, 0x9556, 0x8493, 0xF81F, 0xF81F, 0xF81F, 0xF81F,
  0xF81F, 0xF81F, 0xF81F, 0xF81F, 0x9557, 0xA5B9, 0x9557, 0x9557, 0xA597, 0x9D77,
  0xF81F, 0xF81F, 0xF81F, 0xF81F, 0xF81F, 0xF81F, 0xF81F, 0xF81F, 0xF81F, 0xF81F,
  0xF81F, 0xF81F, 0xF81F, 0xF81F, 0xF81F, 0xF81F, 0xF81F, 0xF81F, 0xF81F, 0xF81F,
  0x9557, 0x9D77, 0x9D77, 0x9D77, 0xADF9, 0x9D97, 0xF81F, 0xF81F, 0xF81F, 0xF81F,
  0xF81F, 0xF81F, 0xF81F, 0xF81F, 0x9D56, 0xA5D8, 0x9D56, 0x9D56, 0x9D76, 0x9556,
  0xF81F, 0xF81F, 0xF81F, 0xF81F, 0xF81F, 0xF81F, 0xF81F, 0xF81F, 0xF81F, 0xF81F,
  0xF81F, 0xF81F, 0xF81F, 0xF81F, 0xF81F, 0xF81F, 0xF81F, 0xF81F, 0xF81F, 0xF81F,
  0x9D56, 0x9D76, 0x9D56, 0x9556, 0xA5B8, 0x9556, 0xF81F, 0xF81F, 0xF81F, 0xF81F,
  0xF81F, 0xF81F, 0xF81F, 0xF81F, 0x9D56, 0xA5D8, 0x9D56, 0x9D56, 0x9D77, 0x9D56,
  0xF81F, 0xF81F, 0xF81F, 0xF81F, 0xF81F, 0xF81F, 0xF81F, 0xF81F, 0xF81F, 0xF81F,
  0xF81F, 0xF81F, 0xF81F, 0xF81F, 0xF81F, 0xF81F, 0xF81F, 0xF81F, 0xF81F, 0xF81F,
  0x9D56, 0x9D77, 0x9D56, 0x9D56, 0xA5D8, 0x9D56, 0xF81F, 0xF81F, 0xF81F, 0xF81F,
  0xF81F, 0xF81F, 0xF81F, 0xF81F, 0x9D56, 0xA5D8, 0x9D56, 0x9D56, 0x9D77, 0x9D56,
  0xF81F, 0xF81F, 0xF81F, 0xF81F, 0xF81F, 0xF81F, 0xF81F, 0xF81F, 0xF81F, 0xF81F,
  0xF81F, 0xF81F, 0xF81F, 0xF81F, 0xF81F, 0xF81F, 0xF81F, 0xF81F, 0xF81F, 0xF81F,
  0x9D56, 0x9D77, 0x9D56, 0x9D56, 0xA5D8, 0x9D56, 0xF81F, 0xF81F, 0xF81F, 0xF81F,
  0xF81F, 0xF81F, 0xF81F, 0xF81F, 0x9D56, 0xA5D8, 0x9D56, 0x9D56, 0x9D77, 0x9D56,
  0xF81F, 0xF81F, 0xF81F, 0xF81F, 0xF81F, 0xF81F, 0xF81F, 0xF81F, 0xF81F, 0xF81F,
  0xF81F, 0xF81F, 0xF81F, 0xF81F, 0xF81F, 0xF81F, 0xF81F, 0xF81F, 0xF81F, 0xF81F,
  0x9D56, 0x9D77, 0x9D56, 0x9D56, 0xA5D8, 0x9D56, 0xF81F, 0xF81F, 0xF81F, 0xF81F,
  0xF81F, 0xF81F, 0xF81F, 0xF81F, 0x9D56, 0xA5D8, 0x9D56, 0x9D56, 0x9D77, 0x9D56,
  0xF81F, 0xF81F, 0xF81F, 0xF81F, 0xF81F, 0xF81F, 0xF81F, 0xF81F, 0xF81F, 0xF81F,
  0xF81F, 0xF81F, 0xF81F, 0xF81F, 0xF81F, 0xF81F, 0xF81F, 0xF81F, 0xF81F, 0xF81F,
  0x9D56, 0x9D77, 0x9D56, 0x9D56, 0xA5D8, 0x9D56, 0xF81F, 0xF81F, 0xF81F, 0xF81F,
  0xF81F, 0xF81F, 0xF81F, 0xF81F, 0x9D56, 0xA5D8, 0x9D56, 0x9D56, 0x9D77, 0x9D56,
  0xF81F, 0xF81F, 0xF81F, 0xF81F, 0xF81F, 0xF81F, 0xF81F, 0xF81F, 0xF81F, 0xF81F,
  0xF81F, 0xF81F, 0xF81F, 0xF81F, 0xF81F, 0xF81F, 0xF81F, 0xF81F, 0xF81F, 0xF81F,
  0x9D56, 0x9D77, 0x9D56, 0x9D56, 0xA5D8, 0x9D56, 0xF81F, 0xF81F, 0xF81F, 0xF81F,
  0xF81F, 0xF81F, 0xF81F, 0xF81F, 0x9D56, 0xA5D8, 0x9D56, 0x9D56, 0x9D77, 0x9D56,
  0xF81F, 0xF81F, 0xF81F, 0xF81F, 0xF81F, 0xF81F, 0xF81F, 0xF81F, 0xF81F, 0xF81F,
  0xF81F, 0xF81F, 0xF81F, 0xF81F, 0xF81F, 0xF81F, 0xF81F, 0xF81F, 0xF81F, 0xF81F,
  0x9D56, 0x9D77, 0x9D56, 0x9D56, 0xA5D8, 0x9D56, 0xF81F, 0xF81F, 0xF81F, 0xF81F,
  0xF81F, 0xF81F, 0xF81F, 0xF81F, 0x9D56, 0xA5D8, 0x9D56, 0x9D56, 0x9D77, 0x9D56,
  0xF81F, 0xF81F, 0xF81F, 0xF81F, 0xF81F, 0xF81F, 0xF81F, 0xF81F, 0xF81F, 0xF81F,
  0xF81F, 0xF81F, 0xF81F, 0xF81F, 0xF81F, 0xF81F, 0xF81F, 0xF81F, 0xF81F, 0xF81F,
  0x9D56, 0x9D77, 0x9D56, 0x9D56, 0xA5D8, 0x9D56, 0xF81F, 0xF81F, 0xF81F, 0xF81F,
  0xF81F, 0xF81F, 0xF81F, 0xF81F, 0x9D56, 0xA5D8, 0x9D56, 0x9D56, 0x9D77, 0x9D56,
  0xF81F, 0xF81F, 0xF81F, 0xF81F, 0xF81F, 0xF81F, 0xF81F, 0xF81F, 0xF81F, 0xF81F,
  0xF81F, 0xF81F, 0xF81F, 0xF81F, 0xF81F, 0xF81F, 0xF81F, 0xF81F, 0xF81F, 0xF81F,
  0x9D56, 0x9D77, 0x9D56, 0x9D56, 0xA5D8, 0x9D56, 0xF81F, 0xF81F, 0xF81F, 0xF81F,
  0xF81F, 0xF81F, 0xF81F, 0xF81F, 0x9D56, 0xA5D8, 0x9D56, 0x9D56, 0x9D77, 0x9D56,
  0xF81F, 0xF81F, 0xF81F, 0xF81F, 0xF81F, 0xF81F, 0xF81F, 0xF81F, 0xF81F, 0xF81F,
  0xF81F, 0xF81F, 0xF81F, 0xF81F, 0xF81F, 0xF81F, 0xF81F, 0xF81F, 0xF81F, 0xF81F,
  0x9D56, 0x9D77, 0x9D56, 0x9D56, 0xA5D8, 0x9D56, 0xF81F, 0xF81F, 0xF81F, 0xF81F,
  0xF81F, 0xF81F, 0xF81F, 0xF81F, 0x9D56, 0xA5D8, 0x9D56, 0x9D56, 0x9D77, 0x9D56,
  0xF81F, 0xF81F, 0xF81F, 0xF81F, 0xF81F, 0xF81F, 0xF81F, 0xF81F, 0xF81F, 0xF81F,
  0xF81F, 0xF81F, 0xF81F, 0xF81F, 0xF81F, 0xF81F, 0xF81F, 0xF81F, 0xF81F, 0xF81F,
  0x9D56, 0x9D77, 0x9D56, 0x9D56, 0xA5D8, 0x9D56, 0xF81F, 0xF81F, 0xF81F, 0xF81F,
  0xF81F, 0xF81F, 0xF81F, 0xF81F, 0x9D56, 0xA5B8, 0x9D56, 0x9D56, 0x9D76, 0x9D56,
  0xF81F, 0xF81F, 0xF81F, 0xF81F, 0xF81F, 0xF81F, 0xF81F, 0xF81F, 0xF81F, 0xF81F,
  0xF81F, 0xF81F, 0xF81F, 0xF81F, 0xF81F, 0xF81F, 0xF81F, 0xF81F, 0xF81F, 0xF81F,
  0x9D56, 0x9D76, 0x9D56, 0x9D56, 0xA5B8, 0x9D56, 0xF81F, 0xF81F, 0xF81F, 0xF81F,
  0xF81F, 0xF81F, 0xF81F, 0xF81F, 0x9D56, 0xB63A, 0xA597, 0xA5B8, 0xA5D8, 0x9D77,
  0xF81F, 0xF81F, 0xF81F, 0xF81F, 0xF81F, 0xF81F, 0xF81F, 0xF81F, 0xF81F, 0xF81F,
  0xF81F, 0xF81F, 0xF81F, 0xF81F, 0xF81F, 0xF81F, 0xF81F, 0xF81F, 0xF81F, 0xF81F,
  0x9D77, 0xA5D8, 0xA5B8, 0xA597, 0xB63A, 0x9D56, 0xF81F, 0xF81F, 0xF81F, 0xF81F,
  0xF81F, 0xF81F, 0xF81F, 0xF81F, 0x9D56, 0xA5D8, 0x9D56, 0x9D56, 0x9D77, 0x9556,
  0xF81F, 0xF81F, 0xF81F, 0xF81F, 0xF81F, 0xF81F, 0xF81F, 0xF81F, 0xF81F, 0xF81F,
  0xF81F, 0xF81F, 0xF81F, 0xF81F, 0xF81F, 0xF81F, 0xF81F, 0xF81F, 0xF81F, 0xF81F,
  0x9556, 0x9D77, 0x9D56, 0x9D56, 0xA5D8, 0x9D56, 0xF81F, 0xF81F, 0xF81F, 0xF81F,
  0xF81F, 0xF81F, 0xF81F, 0xF81F, 0xF81F, 0xF81F, 0xF81F, 0xF81F, 0xF81F, 0xF81F,
  0xF81F, 0xF81F, 0xF81F, 0xF81F, 0xF81F, 0xF81F, 0xF81F, 0xF81F, 0xF81F, 0xF81F,
  0xF81F, 0xF81F, 0xF81F, 0xF81F, 0xF81F, 0xF81F, 0xF81F, 0xF81F, 0xF81F, 0xF81F,
  0xF81F, 0xF81F, 0xF81F, 0xF81F, 0xF81F, 0xF81F, 0xF81F, 0xF81F, 0xF81F, 0xF81F,
  0xF81F, 0xF81F, 0xF81F, 0xF81F, 0xF81F, 0xF81F, 0xF81F, 0xF81F, 0xF81F, 0xF81F,
  0xF81F, 0xF81F, 0xF81F, 0xF81F, 0xF81F, 0xF81F, 0xF81F, 0xF81F, 0xF81F, 0xF81F,
  0xF81F, 0xF81F, 0xF81F, 0xF81F, 0xF81F, 0xF81F, 0xF81F, 0xF81F, 0xF81F, 0xF81F,
  0xF81F, 0xF81F, 0xF81F, 0xF81F, 0xF81F, 0xF81F, 0xF81F, 0xF81F, 0xF81F, 0xF81F,
  0xF81F, 0xF81F, 0xF81F, 0xF81F, 0xF81F, 0xF81F, 0xF81F, 0xF81F, 0xF81F, 0xF81F,
  0xF81F, 0xF81F, 0xF81F, 0xF81F, 0xF81F, 0xF81F, 0xF81F, 0xF81F, 0xF81F, 0xF81F,
  0xF81F, 0xF81F, 0xF81F, 0xF81F, 0xF81F, 0xF81F, 0xF81F, 0xF81F, 0xF81F, 0xF81F,
  0xF81F, 0xF81F, 0xF81F, 0xF81F, 0xF81F, 0xF81F, 0xF81F, 0xF81F, 0xF81F, 0xF81F
};

static const uint16_t kEmoji_party[1600] PROGMEM = {
  0xF81F, 0xF81F, 0xF81F, 0xF81F, 0xF81F, 0xF81F, 0xF81F, 0xF81F, 0xF81F, 0xF81F,
  0xF81F, 0xF81F, 0xF81F, 0xF81F, 0xF81F, 0xF81F, 0xF81F, 0xF81F, 0xF81F, 0xF81F,
  0xA47A, 0xAC7B, 0xAC9A, 0xF81F, 0xF81F, 0xF81F, 0xF81F, 0xF81F, 0xF81F, 0xF81F,
  0xF81F, 0xF81F, 0xF81F, 0xF81F, 0xF81F, 0xF81F, 0xF81F, 0xF81F, 0xF81F, 0xF81F,
  0xF81F, 0xF81F, 0xF81F, 0x756A, 0x7DAA, 0x7DAA, 0x7DAA, 0x756A, 0xF81F, 0xF81F,
  0xF81F, 0xF81F, 0xF81F, 0xF81F, 0xF81F, 0xF81F, 0xF81F, 0xF81F, 0xF81F, 0xF81F,
  0xAC7B, 0xC51E, 0xAC9B, 0xAC5A, 0xF81F, 0xF81F, 0xF81F, 0xF81F, 0xF81F, 0xF81F,
  0xF81F, 0xF81F, 0xF81F, 0xF81F, 0xF81F, 0xF81F, 0xF81F, 0xF81F, 0xF81F, 0xF81F,
  0xF81F, 0xF81F, 0x7D8A, 0x758A, 0x7DEB, 0x860B, 0x7DEB, 0x7DCB, 0x7D8B, 0xF81F,
  0xF81F, 0xF81F, 0xF81F, 0xF81F, 0xF81F, 0xF81F, 0xF81F, 0xF81F, 0xF81F, 0xF81F,
  0xA45A, 0xB49C, 0xAC7B, 0xBCDD, 0xA47A, 0xF81F, 0xF81F, 0xF81F, 0xF81F, 0xFE49,
  0xFE69, 0xFE69, 0xFE49, 0xF81F, 0xF81F, 0xF81F, 0xF81F, 0xF81F, 0xF81F, 0xF81F,
  0xF81F, 0xF81F, 0x758A, 0x7DEB, 0x758A, 0x758A, 0x758A, 0x7DEB, 0x758A, 0xF81F,
  0xF81F, 0xF81F, 0xF81F, 0xF81F, 0xF81F, 0xF81F, 0xF81F, 0xF81F, 0xF81F, 0xACBA,
  0xA47A, 0xA45A, 0xAC7B, 0xBCDD, 0xAC7B, 0xF81F, 0xF81F, 0xF81F, 0xF81F, 0xFE69,
  0xFECA, 0xFEAA, 0xFE89, 0xFE69, 0xF81F, 0xF81F, 0xF81F, 0xF81F, 0xF81F, 0xF81F,
  0xF81F, 0xF81F, 0x758A, 0x862B, 0x758A, 0xF81F, 0x758A, 0x860B, 0x758A, 0xF81F,
  0xF81F, 0xF81F, 0xF81F, 0xF81F, 0xF81F, 0xF81F, 0xF81F, 0xF81F, 0xAC7A, 0xB49C,
  0xB4BC, 0xAC7B, 0xAC7B, 0xBCDD, 0xAC7A, 0xF81F, 0xF81F, 0xF81F, 0xFE29, 0xFE8A,
  0xFE49, 0xFE49, 0xFEEA, 0xFE69, 0xF81F, 0xF81F, 0xF81F, 0xF81F, 0xF81F, 0xF81F,
  0xF81F, 0xF81F, 0x758A, 0x8E6C, 0x758A, 0xF81F, 0x756A, 0x758A, 0x758A, 0x758A,
  0xF81F, 0xF81F, 0xF81F, 0xF81F, 0xF81F, 0xF81F, 0xF81F, 0xAC7B, 0xBCDD, 0xAC7A,
  0xAC7B, 0xAC7B, 0xAC9B, 0xAC7A, 0xF81F, 0xF81F, 0xF81F, 0xF81F, 0xF81F, 0xFE69,
  0xFEEA, 0xFECA, 0xFE89, 0xFE69, 0xF81F, 0xF81F, 0xF81F, 0xF81F, 0xF81F, 0xF81F,
  0xF81F, 0xF81F, 0x7D8A, 0x860B, 0x7D8A, 0xF81F, 0x7DAA, 0x758A, 0x7DCB, 0x758B,
  0xF81F, 0xF81F, 0xF81F, 0xF81F, 0xF81F, 0xF81F, 0xF81F, 0xAC5A, 0xB4BC, 0xAC7B,
  0xAC7B, 0xAC7B, 0xF81F, 0xF81F, 0xF81F, 0xF81F, 0xF81F, 0xF81F, 0xF81F, 0xFE4A,
  0xFE69, 0xFE69, 0xFE49, 0xF81F, 0xF81F, 0xF81F, 0xF81F, 0xF81F, 0xF81F, 0xF81F,
  0xF81F, 0xF81F, 0xF81F, 0xF81F, 0xF81F, 0xF81F, 0x756A, 0x758A, 0x7DCB, 0x758A,
  0xF81F, 0xF81F, 0xF81F, 0xA064, 0xA024, 0xB085, 0x9801, 0xAD3F, 0xB4BC, 0xB49B,
  0xAC7A, 0xAC9B, 0xAC9B, 0xF81F, 0xF81F, 0xF81F, 0xF81F, 0xF81F, 0xF81F, 0xF81F,
  0xF81F, 0xF81F, 0xF81F, 0xF81F, 0xF81F, 0xFE49, 0xFE49, 0xF81F, 0xF81F, 0xF81F,
  0xF81F, 0xF81F, 0xF81F, 0xF81F, 0xF81F, 0xF81F, 0x758A, 0x7D8A, 0x758A, 0x758A,
  0xF81F, 0xF81F, 0xC0C6, 0xA024, 0xA823, 0xA824, 0xA023, 0xA024, 0xA354, 0xACBC,
  0xAC7B, 0xB49C, 0xBCFD, 0xAC7A, 0xF81F, 0xF81F, 0xF81F, 0xF81F, 0x6507, 0xF81F,
  0xF81F, 0xF81F, 0xF81F, 0xF81F, 0xFE49, 0xFE89, 0xFECA, 0xFE49, 0xF81F, 0xF81F,
  0xF81F, 0xF81F, 0xF81F, 0xF81F, 0xF81F, 0xF81F, 0x75AA, 0x7DEB, 0x758A, 0x756A,
  0xF81F, 0xF81F, 0xC0E6, 0xA024, 0x9823, 0x9823, 0xA024, 0xA803, 0xA002, 0xA14A,
  0xAC59, 0xAC7B, 0xB49C, 0xAC7A, 0xF81F, 0xF81F, 0x5CA7, 0x5C87, 0x64C7, 0x5C87,
  0xF81F, 0xF81F, 0xF81F, 0xF81F, 0xFE69, 0xFEEA, 0xFEA9, 0xFE49, 0xF81F, 0xF81F,
  0xF81F, 0xF81F, 0xF81F, 0xF81F, 0xF81F, 0xF81F, 0x758A, 0x860B, 0x758A, 0xF81F,
  0xF81F, 0xE9C9, 0xD127, 0x9803, 0xA023, 0xA024, 0xA002, 0xA16B, 0xABF8, 0xB45A,
  0xAC5A, 0xAC5A, 0xB4BC, 0xAC7A, 0xF81F, 0xF81F, 0x5C87, 0x6508, 0x5C87, 0x5CA7,
  0xF81F, 0xF81F, 0xF81F, 0xF81F, 0xF649, 0xFE89, 0xFE89, 0xFE69, 0xF81F, 0xF81F,
  0xF81F, 0xF81F, 0xF81F, 0xF81F, 0xF81F, 0xF81F, 0x758A, 0x860B, 0x758A, 0xF81F,
  0xF81F, 0xD968, 0xE168, 0xA044, 0x9823, 0xA002, 0xA0E8, 0xAC7B, 0xAC9B, 0xAC9B,
  0xACBC, 0xACBC, 0xAC19, 0xACFB, 0xF81F, 0xF81F, 0x5C87, 0x5C87, 0x64E8, 0x5C87,
  0xF81F, 0xF81F, 0xF81F, 0xF81F, 0xF81F, 0xF81F, 0xFE28, 0xF81F, 0xF81F, 0xF81F,
  0xF81F, 0xF81F, 0xF81F, 0xF81F, 0xF81F, 0xF81F, 0x758A, 0x860B, 0x7D8A, 0xF81F,
  0xD9A8, 0xD968, 0xE188, 0xC0C6, 0x9803, 0xA002, 0xA1ED, 0xACDC, 0xAC39, 0xA22F,
  0xA18B, 0xA16A, 0xA065, 0x9802, 0xF81F, 0xF81F, 0xF81F, 0xF81F, 0x64E7, 0xF81F,
  0xF81F, 0xFE4A, 0xFEAA, 0xFE49, 0xF81F, 0xF81F, 0xF81F, 0xF81F, 0xF81F, 0xF81F,
  0xF81F, 0xF81F, 0xF81F, 0xF81F, 0xF81F, 0xF81F, 0x758A, 0x860B, 0x7D6A, 0xF81F,
  0xD988, 0xE989, 0xD968, 0xD968, 0xA864, 0x9802, 0xA129, 0xAC9C, 0xAC7B, 0xAC18,
  0xA2F3, 0x9823, 0xA003, 0xA824, 0xA003, 0xF81F, 0xF81F, 0xF81F, 0xF81F, 0xF81F,
  0xF81F, 0xFE69, 0xFEAA, 0xFF0A, 0xFE09, 0xF81F, 0xF81F, 0xF81F, 0xF81F, 0xF81F,
  0xF81F, 0xF81F, 0xF81F, 0xF81F, 0xF81F, 0x758A, 0x7DAA, 0x7DAA, 0x6E0A, 0xF81F,
  0xD968, 0xE188, 0xD948, 0xE22B, 0xD1CA, 0x9803, 0xA023, 0xA22E, 0xAC5A, 0xACBC,
  0xACBC, 0xA0A6, 0x9803, 0xA023, 0xA824, 0xA003, 0xF81F, 0xF81F, 0xF81F, 0xF81F,
  0xF81F, 0xFE69, 0xFF0A, 0xFEEA, 0xFE4A, 0xF81F, 0xF81F, 0xF81F, 0xF81F, 0xF81F,
  0xF81F, 0xF81F, 0xF81F, 0xF81F, 0xF81F, 0x7D8A, 0x860B, 0x7D6A, 0xF81F, 0xE148,
  0xE989, 0xD968, 0xD988, 0xEAAD, 0xEAEE, 0xB8E6, 0x9803, 0xA003, 0xA0A6, 0xA1ED,
  0xA16A, 0xA003, 0xA023, 0xA023, 0xA023, 0xA824, 0xA003, 0xF81F, 0xF81F, 0xF81F,
  0xF81F, 0xF62A, 0xFEA9, 0xFE67, 0xF81F, 0xF81F, 0xF81F, 0xF81F, 0xF81F, 0xF81F,
  0xF81F, 0xF81F, 0xF81F, 0xF81F, 0xF81F, 0x758A, 0x8E6C, 0x75AA, 0xF81F, 0xD988,
  0xE188, 0xD948, 0xE22B, 0xEAEE, 0xEACD, 0xEA8D, 0xA864, 0x9803, 0xA003, 0x9802,
  0x9802, 0xA023, 0xA023, 0xA023, 0xA023, 0xA023, 0xA824, 0x9824, 0xF81F, 0xF81F,
  0xF81F, 0xF81F, 0xF81F, 0x839F, 0xAC5B, 0xAC7A, 0xA47A, 0xAC7A, 0xAC7B, 0xF81F,
  0xF81F, 0x9339, 0x9B5A, 0xF81F, 0xF81F, 0x7D8B, 0x85CB, 0x666B, 0xE928, 0xE989,
  0xD948, 0xE1C9, 0xEACD, 0xEACD, 0xEACD, 0xEAEE, 0xDA2B, 0xA003, 0x9823, 0xA024,
  0xA024, 0xA023, 0xA023, 0xA023, 0xA023, 0xA024, 0x9823, 0xA802, 0xA803, 0xAD1C,
  0xAC7A, 0xAC7A, 0xAC7A, 0xB49B, 0xBCDD, 0xBCDD, 0xBCDD, 0xBCDD, 0xBCDD, 0xAC7B,
  0x9359, 0x935A, 0x9B7B, 0x9339, 0xF81F, 0xF81F, 0xF81F, 0xF81F, 0xD968, 0xE188,
  0xD968, 0xEA8C, 0xEACD, 0xEACD, 0xEACD, 0xEACD, 0xEAEE, 0xD1CA, 0x9803, 0xA023,
  0xA023, 0xA023, 0xA023, 0xA023, 0xA024, 0xA002, 0xA003, 0xA1AC, 0xA355, 0xAC7A,
  0xB4DD, 0xBCDD, 0xBCDD, 0xAC7A, 0xAC7A, 0xAC7B, 0xAC7B, 0xAC7A, 0xAC7B, 0xAC7A,
  0x9339, 0x9339, 0x9339, 0xA39C, 0x8B39, 0xF81F, 0xF81F, 0xD168, 0xE188, 0xD948,
  0xE20B, 0xEAEE, 0xEACD, 0xEACD, 0xEACD, 0xEACD, 0xEACD, 0xF30E, 0xC948, 0x9803,
  0xA023, 0xA023, 0xA023, 0xA024, 0x9802, 0xA0E8, 0xAB75, 0xAC9B, 0xACDD, 0xACBC,
  0xAC7B, 0xAC7B, 0xAC7A, 0xAC7A, 0xF81F, 0xF81F, 0x9494, 0xF81F, 0xA47B, 0xF81F,
  0x9339, 0x9339, 0x9339, 0xA39C, 0x9339, 0xF81F, 0xF81F, 0xD968, 0xE968, 0xD989,
  0xEAAD, 0xEACD, 0xEACD, 0xEACD, 0xEACD, 0xEACD, 0xEACE, 0xE24B, 0xE188, 0xC0E6,
  0x9803, 0xA003, 0xA024, 0x9802, 0xA16A, 0xAC5A, 0xACBC, 0xAC9B, 0xABB6, 0xAA0E,
  0xA0C7, 0xF81F, 0xF81F, 0xF81F, 0x5485, 0x5C87, 0x5C87, 0x5C86, 0xF81F, 0xF81F,
  0x9359, 0x935A, 0x9B7B, 0x9339, 0xF81F, 0xF81F, 0xD969, 0xE168, 0xD968, 0xE26C,
  0xEAEE, 0xEACD, 0xEACD, 0xEACD, 0xEACD, 0xEACE, 0xEA8C, 0xD968, 0xD968, 0xE188,
  0xC0E6, 0x9803, 0x9824, 0xA001, 0xA290, 0xAD1E, 0xAC39, 0xA20E, 0xA024, 0xA002,
  0xA003, 0xA065, 0xF81F, 0xF81F, 0x5C87, 0x64E8, 0x64A7, 0x5C87, 0xF81F, 0xF81F,
  0xF81F, 0x9339, 0x9B5A, 0xF81F, 0xF81F, 0xF81F, 0xD988, 0xE988, 0xE1E9, 0xEAED,
  0xEACD, 0xEACD, 0xEACD, 0xEACD, 0xEACD, 0xEAAD, 0xD9A9, 0xD968, 0xD968, 0xD968,
  0xE188, 0xC0E6, 0xA024, 0x9803, 0xA086, 0xA22F, 0xA0E7, 0x9802, 0xA023, 0x9824,
  0xA824, 0xA044, 0xF81F, 0xF81F, 0x5C87, 0x64C7, 0x6508, 0x5C87, 0xF81F, 0xF81F,
  0xF81F, 0xF81F, 0xF81F, 0xF81F, 0xF81F, 0xF81F, 0xD968, 0xE149, 0xE24D, 0xEAAE,
  0xEACD, 0xEACD, 0xEACD, 0xEACD, 0xEACD, 0xE1CA, 0xD968, 0xD968, 0xD968, 0xD968,
  0xD968, 0xE188, 0xD127, 0xA044, 0x9803, 0xA002, 0xA003, 0xA024, 0xA023, 0xA023,
  0xA023, 0xA023, 0xA863, 0xF81F, 0xF81F, 0x5C67, 0x5C67, 0xF81F, 0xF81F, 0xF81F,
  0xF81F, 0xF81F, 0xF81F, 0xF81F, 0xF81F, 0xD968, 0xE969, 0xEB8A, 0xF50B, 0xEB8C,
  0xEAAD, 0xEACD, 0xEACD, 0xEACE, 0xE20A, 0xD948, 0xD968, 0xD968, 0xD968, 0xD968,
  0xD968, 0xD968, 0xD988, 0xD968, 0xB085, 0x9803, 0x9823, 0xA023, 0xA023, 0xA023,
  0x9823, 0xA824, 0xA044, 0xF81F, 0xF81F, 0xF81F, 0xF81F, 0xF81F, 0xF81F, 0xF81F,
  0xF81F, 0xF81F, 0xF81F, 0xF81F, 0xF81F, 0xD908, 0xEAC9, 0xFEC9, 0xFEA9, 0xFDEA,
  0xEAED, 0xEAAD, 0xEACE, 0xE22B, 0xD968, 0xD968, 0xD968, 0xD968, 0xD968, 0xD968,
  0xD968, 0xD968, 0xD968, 0xD968, 0xD968, 0xC0E6, 0xA844, 0x9803, 0x9803, 0xA023,
  0xA023, 0xA823, 0xA003, 0x766C, 0x7DAA, 0x758A, 0x7DCB, 0x756A, 0xF81F, 0xF81F,
  0xF81F, 0xF81F, 0xF81F, 0xF81F, 0xD9A8, 0xE129, 0xEB6A, 0xFEC9, 0xFE89, 0xFE29,
  0xEAED, 0xEACE, 0xE28C, 0xD968, 0xD968, 0xD968, 0xD968, 0xD968, 0xD968, 0xD968,
  0xD968, 0xD968, 0xD968, 0xD968, 0xD968, 0xE188, 0xD968, 0xB8A5, 0xA044, 0x9803,
  0xA003, 0xA844, 0xA004, 0x75EB, 0x8E8C, 0x7DCB, 0x860B, 0x758A, 0xF81F, 0xF81F,
  0xF81F, 0xF81F, 0xF81F, 0xF81F, 0xD968, 0xE9EA, 0xEAED, 0xF4CB, 0xFDCA, 0xF40C,
  0xEAAE, 0xEAAD, 0xD989, 0xD968, 0xD968, 0xD968, 0xD968, 0xD968, 0xD968, 0xD968,
  0xD968, 0xD968, 0xD968, 0xD968, 0xD968, 0xD968, 0xD968, 0xE188, 0xE168, 0xD927,
  0xC8E6, 0xB907, 0xF81F, 0x7DAA, 0x7DAA, 0x758A, 0x758A, 0x7DEB, 0x758A, 0xF81F,
  0xF81F, 0xF81F, 0xF81F, 0xD947, 0xE1A9, 0xEAAD, 0xEACD, 0xEA8E, 0xEA8D, 0xEAAE,
  0xEACD, 0xD9A9, 0xD968, 0xD968, 0xD968, 0xD968, 0xD968, 0xD968, 0xD968, 0xD968,
  0xD968, 0xD968, 0xD968, 0xD968, 0xD968, 0xD968, 0xE989, 0xE168, 0xD968, 0xE1A9,
  0xF81F, 0xF81F, 0xF81F, 0xF81F, 0x7DAA, 0x75AA, 0x7DAA, 0x758A, 0x756A, 0xF81F,
  0xF81F, 0xF81F, 0xF81F, 0xD947, 0xF24C, 0xEAEE, 0xEACD, 0xEACD, 0xEACD, 0xEAEE,
  0xE1EA, 0xD948, 0xD968, 0xD968, 0xD968, 0xD968, 0xD968, 0xD968, 0xD968, 0xD968,
  0xD968, 0xD968, 0xD968, 0xD968, 0xE989, 0xE168, 0xE188, 0xD968, 0xF81F, 0xF81F,
  0xF81F, 0xF81F, 0x75AA, 0x7DAA, 0x860B, 0x862B, 0x7DCB, 0x758A, 0xF81F, 0xF81F,
  0xF81F, 0xF81F, 0xD947, 0xE1C9, 0xEACD, 0xEACD, 0xEACD, 0xEACD, 0xEACE, 0xE22B,
  0xD948, 0xD968, 0xD968, 0xD968, 0xD968, 0xD968, 0xD968, 0xD968, 0xD968, 0xD968,
  0xD968, 0xE168, 0xE989, 0xD968, 0xD968, 0xE189, 0xF81F, 0xF81F, 0xF81F, 0xF81F,
  0xF81F, 0xF81F, 0x758A, 0x860B, 0x758A, 0x758A, 0x7D6A, 0xF81F, 0xF81F, 0xF81F,
  0xF81F, 0xF81F, 0xD968, 0xF2AD, 0xEAEE, 0xEACD, 0xEACD, 0xEAEE, 0xE24B, 0xD968,
  0xD968, 0xD968, 0xD968, 0xD968, 0xD968, 0xD968, 0xD968, 0xD968, 0xD968, 0xE188,
  0xE989, 0xE168, 0xD968, 0xD967, 0xF81F, 0xF81F, 0xF81F, 0xF81F, 0xF81F, 0xF81F,
  0xF81F, 0xF81F, 0x7D8A, 0x860B, 0x758A, 0x758A, 0x758A, 0x7D8A, 0x758A, 0xF81F,
  0xF81F, 0xF81F, 0xE22B, 0xEAEE, 0xEACD, 0xEACD, 0xEAEE, 0xE28C, 0xD968, 0xD968,
  0xD968, 0xD968, 0xD968, 0xD968, 0xD968, 0xD968, 0xD968, 0xE188, 0xE188, 0xD968,
  0xE188, 0xF81F, 0xF81F, 0xF81F, 0xF81F, 0xF81F, 0xF81F, 0xF81F, 0xF81F, 0xF81F,
  0xF81F, 0xF81F, 0x758A, 0x862B, 0x7DCB, 0x862B, 0x862B, 0x7DEB, 0x860B, 0x758A,
  0xF81F, 0xD989, 0xFACE, 0xEACD, 0xEACD, 0xEACD, 0xEAAD, 0xD989, 0xD968, 0xD968,
  0xD968, 0xD968, 0xD968, 0xD968, 0xD968, 0xE989, 0xE168, 0xD968, 0xD968, 0xF81F,
  0xF81F, 0xF81F, 0xF81F, 0xF81F, 0xF81F, 0x5C87, 0x5C87, 0x6467, 0xF81F, 0xF81F,
  0xF81F, 0xF81F, 0xF81F, 0x7D8A, 0x758A, 0x758A, 0x758A, 0x758A, 0x7DAA, 0x758A,
  0xF81F, 0xE24C, 0xF2EE, 0xEACD, 0xEACD, 0xEACD, 0xD9A9, 0xD968, 0xD968, 0xD968,
  0xD968, 0xD968, 0xE168, 0xE989, 0xD968, 0xE168, 0xD988, 0xF81F, 0xF81F, 0xF81F,
  0xF81F, 0xF81F, 0xF81F, 0xF81F, 0x5C87, 0x6508, 0x64E8, 0x5C87, 0xF81F, 0xF81F,
  0xF81F, 0xF81F, 0xF81F, 0xF81F, 0xF81F, 0x756A, 0x7D8A, 0x758A, 0x7DCB, 0x758A,
  0xDA0A, 0xF2CE, 0xEACD, 0xEACD, 0xEACE, 0xE1EA, 0xD968, 0xD968, 0xD968, 0xD968,
  0xE188, 0xE989, 0xD968, 0xD968, 0xF81F, 0xF81F, 0xF81F, 0xF81F, 0xF81F, 0xF81F,
  0xF81F, 0xF81F, 0xF81F, 0xF81F, 0x5C87, 0x6508, 0x64E8, 0x5C87, 0xF81F, 0xF81F,
  0xF81F, 0xF81F, 0xF81F, 0xF81F, 0x758A, 0x7DAB, 0x860B, 0x860B, 0x7DAA, 0x7D8B,
  0xEAAD, 0xF2EE, 0xEACD, 0xEACE, 0xE22B, 0xD968, 0xD968, 0xD968, 0xE988, 0xE188,
  0xD968, 0xE168, 0xF81F, 0xF81F, 0xF81F, 0xF81F, 0xF81F, 0xF81F, 0xF81F, 0xF81F,
  0xF81F, 0xF81F, 0xF81F, 0xF81F, 0xF81F, 0x5C87, 0x5C87, 0x64A7, 0xF81F, 0xF81F,
  0xF81F, 0xF81F, 0xF81F, 0xF81F, 0x758A, 0x7DCB, 0x758A, 0x7DAA, 0x7D2A, 0xF81F,
  0xEAAD, 0xEACD, 0xEACE, 0xE26C, 0xD968, 0xE168, 0xE989, 0xE168, 0xD968, 0xD968,
  0xF81F, 0xF81F, 0xF81F, 0xF81F, 0xF81F, 0xF81F, 0xF81F, 0xF81F, 0xF81F, 0xF81F,
  0xF81F, 0xF81F, 0xF81F, 0xF81F, 0xF81F, 0xF81F, 0xF81F, 0xF81F, 0xF81F, 0xF81F,
  0xF81F, 0xF81F, 0xF81F, 0x7DAA, 0x7DCB, 0x7DAA, 0x758A, 0x7D8A, 0x758A, 0xF81F,
  0xE26C, 0xF2EE, 0xEA8D, 0xD988, 0xE988, 0xD968, 0xE168, 0xD968, 0xF81F, 0xF81F,
  0xF81F, 0xF81F, 0xF81F, 0xF81F, 0xF81F, 0xF81F, 0xF81F, 0xF81F, 0xF81F, 0xF81F,
  0xF81F, 0xF81F, 0xF81F, 0xF81F, 0xF81F, 0xF81F, 0xF81F, 0xF81F, 0xF81F, 0xF81F,
  0xF81F, 0xF81F, 0xF81F, 0xF81F, 0x758A, 0x7DEB, 0x7DAA, 0x864C, 0x758A, 0xF81F,
  0xF81F, 0xEA8C, 0xE1A9, 0xD948, 0xD968, 0xD9A9, 0xF81F, 0xF81F, 0xF81F, 0xF81F,
  0xF81F, 0xF81F, 0xF81F, 0xF81F, 0xF81F, 0xF81F, 0xF81F, 0xF81F, 0xF81F, 0xF81F,
  0xF81F, 0xF81F, 0xF81F, 0xF81F, 0xF81F, 0xF81F, 0xF81F, 0xF81F, 0xF81F, 0xF81F,
  0xF81F, 0xF81F, 0xF81F, 0xF81F, 0x7D6A, 0x7DAA, 0x758A, 0x7DAB, 0x758A, 0xF81F
};

static const uint16_t kEmoji_siren[1600] PROGMEM = {
  0xF81F, 0xF81F, 0xF81F, 0xF81F, 0xF81F, 0xF81F, 0xD968, 0xE168, 0xD968, 0xD968,
  0xD968, 0xD968, 0xD968, 0xD968, 0xD968, 0xD968, 0xD968, 0xD968, 0xD968, 0xD968,
  0xD968, 0xD968, 0xD968, 0xD968, 0xD968, 0xD968, 0xD968, 0xD968, 0xD968, 0xD968,
  0xD968, 0xD968, 0xE168, 0xD968, 0xF81F, 0xF81F, 0xF81F, 0xF81F, 0xF81F, 0xF81F,
  0xF81F, 0xF81F, 0xF81F, 0xF81F, 0xF81F, 0xD968, 0xE988, 0xD968, 0xD968, 0xD968,
  0xD968, 0xD968, 0xD968, 0xD968, 0xD968, 0xD968, 0xD968, 0xD968, 0xD968, 0xD948,
  0xD948, 0xD968, 0xD968, 0xD968, 0xD968, 0xD968, 0xD968, 0xD968, 0xD968, 0xD968,
  0xD968, 0xD968, 0xE168, 0xE168, 0xD968, 0xF81F, 0xF81F, 0xF81F, 0xF81F, 0xF81F,
  0xF81F, 0xF81F, 0xF81F, 0xF81F, 0xF81F, 0xD968, 0xE188, 0xD968, 0xD968, 0xD968,
  0xD968, 0xD968, 0xD968, 0xD968, 0xD968, 0xD968, 0xD968, 0xD968, 0xD947, 0xE28C,
  0xE2ED, 0xD927, 0xD968, 0xD968, 0xD968, 0xD968, 0xD968, 0xD968, 0xD968, 0xD968,
  0xD968, 0xD968, 0xD968, 0xE989, 0xD968, 0xF81F, 0xF81F, 0xF81F, 0xF81F, 0xF81F,
  0xF81F, 0xF81F, 0xF81F, 0xF81F, 0xF81F, 0xD968, 0xE168, 0xD968, 0xD968, 0xD968,
  0xD968, 0xD968, 0xD968, 0xD968, 0xD968, 0xD968, 0xD968, 0xD988, 0xD907, 0xE390,
  0xEC32, 0xD947, 0xD968, 0xD968, 0xD968, 0xD968, 0xD968, 0xD968, 0xD968, 0xD968,
  0xD968, 0xD968, 0xD968, 0xE188, 0xD968, 0xF81F, 0xF81F, 0xF81F, 0xF81F, 0xF81F,
  0xF81F, 0xF81F, 0xF81F, 0xF81F, 0xF81F, 0xD968, 0xD968, 0xD968, 0xD968, 0xD968,
  0xD968, 0xD968, 0xD968, 0xD968, 0xD968, 0xD968, 0xD968, 0xD968, 0xD947, 0xE3F1,
  0xEC73, 0xD988, 0xD968, 0xD988, 0xD968, 0xD968, 0xD968, 0xD968, 0xD968, 0xD968,
  0xD968, 0xD968, 0xD968, 0xE168, 0xD968, 0xF81F, 0xF81F, 0xF81F, 0xF81F, 0xF81F,
  0xF81F, 0xF81F, 0xF81F, 0xF81F, 0xD968, 0xD968, 0xD968, 0xD968, 0xD968, 0xD968,
  0xD988, 0xD968, 0xD948, 0xD988, 0xD968, 0xD968, 0xD147, 0xC8E6, 0xC107, 0xE432,
  0xECD5, 0xC947, 0xC8E6, 0xD127, 0xD968, 0xD968, 0xD988, 0xD948, 0xD948, 0xD989,
  0xD968, 0xD968, 0xD968, 0xD968, 0xD968, 0xF81F, 0xF81F, 0xF81F, 0xF81F, 0xF81F,
  0xF81F, 0xF81F, 0xF81F, 0xF81F, 0xD968, 0xD968, 0xD968, 0xD968, 0xD988, 0xD927,
  0xE2CD, 0xEC53, 0xD9CA, 0xD927, 0xD147, 0xC0E6, 0xB8C6, 0xB8A5, 0xC127, 0xECB4,
  0xED16, 0xC1A9, 0xB885, 0xB8C6, 0xC0C6, 0xD127, 0xD947, 0xD9A9, 0xEBF2, 0xE32F,
  0xD927, 0xD968, 0xD968, 0xD968, 0xD968, 0xD968, 0xF81F, 0xF81F, 0xF81F, 0xF81F,
  0xF81F, 0xF81F, 0xF81F, 0xF81F, 0xD968, 0xE168, 0xD968, 0xD968, 0xD968, 0xD968,
  0xD9A9, 0xEC94, 0xECF5, 0xD26C, 0xB885, 0xB8A5, 0xB8E6, 0xB8A5, 0xC9A9, 0xED16,
  0xED16, 0xCA4B, 0xB885, 0xC0E6, 0xB8C6, 0xB865, 0xD20A, 0xEC94, 0xECF5, 0xD9EA,
  0xD948, 0xD968, 0xD968, 0xD968, 0xE168, 0xD968, 0xF81F, 0xF81F, 0xF81F, 0xF81F,
  0xF81F, 0xF81F, 0xF81F, 0xF81F, 0xD968, 0xE988, 0xD968, 0xD968, 0xD968, 0xD968,
  0xD947, 0xDA0B, 0xECF5, 0xED16, 0xDB4F, 0xC0E6, 0xB8A5, 0xB8A5, 0xCA4C, 0xED15,
  0xED16, 0xD2EE, 0xB885, 0xB8A5, 0xB8C6, 0xD2EE, 0xECF5, 0xED36, 0xE28C, 0xD927,
  0xD968, 0xD968, 0xD968, 0xD968, 0xE988, 0xD968, 0xF81F, 0xF81F, 0xF81F, 0xF81F,
  0xF81F, 0xF81F, 0xF81F, 0xF81F, 0xD968, 0xE989, 0xD968, 0xD968, 0xD968, 0xD968,
  0xE188, 0xC8C6, 0xD28C, 0xED36, 0xED16, 0xE453, 0xC9C9, 0xB844, 0xD2EE, 0xED16,
  0xED36, 0xDB90, 0xB844, 0xC168, 0xE3F2, 0xED16, 0xF536, 0xDB2F, 0xC8C6, 0xD988,
  0xD968, 0xD968, 0xD968, 0xD968, 0xE989, 0xD968, 0xF81F, 0xF81F, 0xF81F, 0xF81F,
  0xF81F, 0xF81F, 0xF81F, 0xF81F, 0xD968, 0xE989, 0xD968, 0xD968, 0xD968, 0xD968,
  0xD948, 0xB8C6, 0xB8A5, 0xDBB1, 0xED16, 0xED16, 0xECF5, 0xD28C, 0xDBB1, 0xED36,
  0xED16, 0xE412, 0xCA6C, 0xECB4, 0xED16, 0xED16, 0xE432, 0xC0E6, 0xB8A5, 0xD148,
  0xD968, 0xD968, 0xD968, 0xD968, 0xE989, 0xD968, 0xF81F, 0xF81F, 0xF81F, 0xF81F,
  0xF81F, 0xF81F, 0xF81F, 0xF81F, 0xD968, 0xE989, 0xD968, 0xD968, 0xD968, 0xD968,
  0xC907, 0xB8C6, 0xB8A5, 0xC127, 0xECB4, 0xECF5, 0xECF5, 0xED16, 0xECD5, 0xECF5,
  0xECF5, 0xECF5, 0xED16, 0xECF5, 0xECF5, 0xECF5, 0xC9A9, 0xB8A5, 0xB8C6, 0xC0E6,
  0xD968, 0xD968, 0xD968, 0xD968, 0xE989, 0xD968, 0xF81F, 0xF81F, 0xF81F, 0xF81F,
  0xF81F, 0xF81F, 0xF81F, 0xF81F, 0xD968, 0xE188, 0xD968, 0xD968, 0xD968, 0xD968,
  0xC0E6, 0xB8C6, 0xB8C6, 0xB865, 0xC9EA, 0xECF5, 0xECF5, 0xECF5, 0xECF5, 0xECF5,
  0xECF5, 0xECF5, 0xECF5, 0xECD5, 0xED16, 0xD26C, 0xB864, 0xB8C6, 0xB8C6, 0xC0E6,
  0xD968, 0xD988, 0xD968, 0xD968, 0xE188, 0xD968, 0xF81F, 0xF81F, 0xF81F, 0xF81F,
  0xF81F, 0xF81F, 0xF81F, 0xF81F, 0xD968, 0xE168, 0xD968, 0xD968, 0xD948, 0xD107,
  0xB864, 0xB885, 0xB8C6, 0xC107, 0xC127, 0xE3F1, 0xED16, 0xECD5, 0xECF5, 0xECF5,
  0xECF5, 0xECF5, 0xECF5, 0xED16, 0xE453, 0xC188, 0xC107, 0xB8E6, 0xB885, 0xB864,
  0xD0E6, 0xD948, 0xD968, 0xD968, 0xE168, 0xD968, 0xF81F, 0xF81F, 0xF81F, 0xF81F,
  0xF81F, 0xF81F, 0xF81F, 0xF81F, 0xD968, 0xD968, 0xD968, 0xD9A9, 0xE20A, 0xDA6C,
  0xD2AD, 0xDB4F, 0xE3D1, 0xE473, 0xECF5, 0xECF5, 0xECF5, 0xECF5, 0xECF5, 0xECF5,
  0xECF5, 0xECF5, 0xECF5, 0xECF5, 0xECF5, 0xECF5, 0xEC74, 0xE3F2, 0xDB70, 0xD2CD,
  0xDA6C, 0xE22B, 0xD9A9, 0xD968, 0xD968, 0xD968, 0xF81F, 0xF81F, 0xF81F, 0xF81F,
  0xF81F, 0xF81F, 0xF81F, 0xD968, 0xE188, 0xD948, 0xD9EA, 0xEC94, 0xED15, 0xED36,
  0xF577, 0xF577, 0xF556, 0xED16, 0xECF5, 0xECF5, 0xECF5, 0xECF5, 0xECF5, 0xECF5,
  0xECF5, 0xECF5, 0xECF5, 0xECF5, 0xECF5, 0xECF5, 0xED16, 0xED36, 0xF577, 0xF577,
  0xED36, 0xECF5, 0xECD5, 0xE22B, 0xD947, 0xE188, 0xD968, 0xF81F, 0xF81F, 0xF81F,
  0xF81F, 0xF81F, 0xF81F, 0xD968, 0xE168, 0xD968, 0xD988, 0xD9EA, 0xE26C, 0xDACD,
  0xDB2F, 0xDBD1, 0xE432, 0xECB4, 0xED36, 0xECF5, 0xECF5, 0xECF5, 0xECF5, 0xECF5,
  0xECF5, 0xECF5, 0xECF5, 0xECF5, 0xECF5, 0xED36, 0xECB5, 0xE453, 0xE3D1, 0xDB2F,
  0xDACD, 0xE26C, 0xD9EA, 0xD988, 0xD968, 0xE168, 0xD968, 0xF81F, 0xF81F, 0xF81F,
  0xF81F, 0xF81F, 0xF81F, 0xD968, 0xE188, 0xD968, 0xD968, 0xD948, 0xD948, 0xD107,
  0xB865, 0xB8A5, 0xC0E6, 0xC168, 0xC189, 0xE3F1, 0xED16, 0xECF5, 0xECF5, 0xECF5,
  0xECF5, 0xECF5, 0xECF5, 0xED16, 0xE453, 0xC9CA, 0xC168, 0xC107, 0xB8A5, 0xB864,
  0xD0E6, 0xD948, 0xD948, 0xD968, 0xD968, 0xE188, 0xD968, 0xF81F, 0xF81F, 0xF81F,
  0xF81F, 0xF81F, 0xF81F, 0xD968, 0xE989, 0xD968, 0xD968, 0xD968, 0xD968, 0xD968,
  0xC0E6, 0xB8C6, 0xB8C6, 0xB864, 0xC189, 0xECD5, 0xECF5, 0xECD5, 0xECF5, 0xECF5,
  0xECF5, 0xECF5, 0xECD5, 0xECF5, 0xECF5, 0xCA0B, 0xB864, 0xB8C6, 0xB8C6, 0xB8C6,
  0xD948, 0xD988, 0xD968, 0xD968, 0xD968, 0xE989, 0xD968, 0xF81F, 0xF81F, 0xF81F,
  0xF81F, 0xF81F, 0xF81F, 0xD968, 0xE989, 0xD968, 0xD968, 0xD968, 0xD968, 0xD968,
  0xC907, 0xB8C6, 0xB8A5, 0xC107, 0xE473, 0xED16, 0xECF5, 0xED16, 0xECF5, 0xECF5,
  0xECF5, 0xECF5, 0xED16, 0xECF5, 0xECF5, 0xECD5, 0xC168, 0xB8A5, 0xB8C6, 0xC0E6,
  0xD968, 0xD968, 0xD968, 0xD968, 0xD968, 0xE989, 0xD968, 0xF81F, 0xF81F, 0xF81F,
  0xF81F, 0xF81F, 0xF81F, 0xD968, 0xE989, 0xD968, 0xD968, 0xD968, 0xD968, 0xD968,
  0xD148, 0xB8C6, 0xB8A5, 0xDB70, 0xED16, 0xECF5, 0xED16, 0xD2EE, 0xE3D1, 0xED36,
  0xED16, 0xE432, 0xD2CD, 0xECF5, 0xED16, 0xED16, 0xE3F2, 0xB8C6, 0xB8A6, 0xD127,
  0xD968, 0xD968, 0xD968, 0xD968, 0xD968, 0xE989, 0xD968, 0xF81F, 0xF81F, 0xF81F,
  0xF81F, 0xF81F, 0xF81F, 0xD968, 0xE988, 0xD968, 0xD968, 0xD968, 0xD968, 0xD968,
  0xD988, 0xC8C6, 0xCA4B, 0xED16, 0xED16, 0xEC94, 0xCA2B, 0xB844, 0xD2EE, 0xED16,
  0xED36, 0xDB90, 0xB844, 0xC9CA, 0xE453, 0xED16, 0xED36, 0xD2EE, 0xC0C6, 0xD988,
  0xD968, 0xD968, 0xD968, 0xD968, 0xD968, 0xE188, 0xD968, 0xF81F, 0xF81F, 0xF81F,
  0xF81F, 0xF81F, 0xF81F, 0xD968, 0xE188, 0xD968, 0xD968, 0xD968, 0xD968, 0xD968,
  0xD947, 0xD9EA, 0xECB4, 0xED36, 0xDBB1, 0xC127, 0xB885, 0xB885, 0xD26C, 0xED16,
  0xED16, 0xD30E, 0xB885, 0xB8A5, 0xC0E6, 0xDB4F, 0xED16, 0xED15, 0xDA4B, 0xD947,
  0xD968, 0xD968, 0xD968, 0xD968, 0xD968, 0xE168, 0xD968, 0xF81F, 0xF81F, 0xF81F,
  0xF81F, 0xF81F, 0xF81F, 0xD968, 0xE168, 0xD968, 0xD968, 0xD968, 0xD968, 0xD968,
  0xD988, 0xEC53, 0xED16, 0xDACD, 0xB8A5, 0xB8A5, 0xB8E6, 0xB8A5, 0xC9C9, 0xED16,
  0xED16, 0xCA4B, 0xB885, 0xC0E6, 0xB8A5, 0xB885, 0xD24C, 0xECD5, 0xECB4, 0xD9C9,
  0xD968, 0xD968, 0xD968, 0xD968, 0xD968, 0xD968, 0xD968, 0xD988, 0xF81F, 0xF81F,
  0xF81F, 0xF81F, 0xD968, 0xD968, 0xD968, 0xD968, 0xD968, 0xD968, 0xD988, 0xD927,
  0xE2CD, 0xEC94, 0xE22B, 0xD927, 0xC927, 0xC0E6, 0xB8C6, 0xB8A5, 0xC127, 0xECD5,
  0xED16, 0xC9A9, 0xB885, 0xB8C6, 0xC0C6, 0xC907, 0xD927, 0xD9CA, 0xEC53, 0xE34F,
  0xD927, 0xD968, 0xD968, 0xD968, 0xD968, 0xD968, 0xE168, 0xD967, 0xF81F, 0xF81F,
  0xF81F, 0xF81F, 0xD968, 0xE168, 0xD968, 0xD968, 0xD968, 0xD968, 0xD968, 0xD968,
  0xD9A9, 0xD989, 0xD947, 0xD988, 0xD968, 0xD968, 0xD127, 0xC0E6, 0xC107, 0xE453,
  0xECF5, 0xC147, 0xC0C6, 0xC927, 0xD948, 0xD968, 0xD988, 0xD948, 0xD968, 0xD9A9,
  0xD968, 0xD968, 0xD968, 0xD968, 0xD968, 0xD968, 0xE988, 0xD968, 0xF81F, 0xF81F,
  0xF81F, 0xF81F, 0xD968, 0xE988, 0xD968, 0xD968, 0xD968, 0xD968, 0xD968, 0xD968,
  0xD968, 0xD968, 0xD968, 0xD968, 0xD968, 0xD968, 0xD968, 0xD968, 0xD947, 0xE3F1,
  0xEC74, 0xD988, 0xD968, 0xD988, 0xD968, 0xD968, 0xD968, 0xD968, 0xD968, 0xD968,
  0xD968, 0xD968, 0xD968, 0xD968, 0xD968, 0xD968, 0xE988, 0xD968, 0xF81F, 0xF81F,
  0xF81F, 0xF81F, 0xD968, 0xE988, 0xD968, 0xD968, 0xD968, 0xD968, 0xD968, 0xD968,
  0xD968, 0xD968, 0xD968, 0xD968, 0xD968, 0xD968, 0xD968, 0xD988, 0xD927, 0xE3B0,
  0xEC32, 0xD948, 0xD968, 0xD968, 0xD968, 0xD968, 0xD968, 0xD968, 0xD968, 0xD968,
  0xD968, 0xD968, 0xD968, 0xD968, 0xD968, 0xD968, 0xE988, 0xD968, 0xF81F, 0xF81F,
  0xF81F, 0xF81F, 0xD968, 0xE988, 0xD968, 0xD968, 0xD968, 0xD968, 0xD968, 0xD968,
  0xD968, 0xD968, 0xD968, 0xD968, 0xD968, 0xD968, 0xD968, 0xD968, 0xD927, 0xE2CD,
  0xE30E, 0xD927, 0xD988, 0xD968, 0xD968, 0xD968, 0xD968, 0xD968, 0xD968, 0xD968,
  0xD968, 0xD968, 0xD968, 0xD968, 0xD968, 0xD968, 0xE988, 0xD968, 0xF81F, 0xF81F,
  0xF81F, 0xF81F, 0xD968, 0xE988, 0xD968, 0xD968, 0xD968, 0xD968, 0xD968, 0xD968,
  0xD968, 0xD968, 0xD968, 0xD968, 0xD968, 0xD968, 0xD968, 0xD968, 0xD968, 0xD968,
  0xD968, 0xD968, 0xD968, 0xD968, 0xD968, 0xD968, 0xD968, 0xD968, 0xD968, 0xD968,
  0xD968, 0xD968, 0xD968, 0xD968, 0xD968, 0xD968, 0xE988, 0xD968, 0xF81F, 0xF81F,
  0xF81F, 0xF81F, 0xD948, 0xE968, 0xD948, 0xD968, 0xD968, 0xD968, 0xD968, 0xD968,
  0xD968, 0xD968, 0xD968, 0xD968, 0xD968, 0xD968, 0xD968, 0xD968, 0xD968, 0xD968,
  0xD968, 0xD968, 0xD968, 0xD968, 0xD968, 0xD968, 0xD968, 0xD968, 0xD968, 0xD968,
  0xD968, 0xD968, 0xD968, 0xD968, 0xD968, 0xD968, 0xE168, 0xD968, 0xF81F, 0xF81F,
  0xCEBB, 0xCEDC, 0xD639, 0xCDF9, 0xCE19, 0xCE19, 0xCE19, 0xCE19, 0xCE19, 0xCE19,
  0xCE19, 0xCE19, 0xCE19, 0xCE19, 0xCE19, 0xCE19, 0xCE19, 0xCE19, 0xCE19, 0xCE19,
  0xCE19, 0xCE19, 0xCE19, 0xCE19, 0xCE19, 0xCE19, 0xCE19, 0xCE19, 0xCE19, 0xCE19,
  0xCE19, 0xCE19, 0xCE19, 0xCE19, 0xCE19, 0xCE19, 0xCDF9, 0xD639, 0xCEBB, 0xC69B,
  0xD6DB, 0xE77E, 0xCEFC, 0xCEFC, 0xCEFC, 0xCEFC, 0xCEFC, 0xCEFC, 0xCEFC, 0xCEFC,
  0xCEFC, 0xCEFC, 0xCEFC, 0xCEFC, 0xCEFC, 0xCEFC, 0xCEFC, 0xCEFC, 0xCEFC, 0xCEFC,
  0xCEFC, 0xCEFC, 0xCEFC, 0xCEFC, 0xCEFC, 0xCEFC, 0xCEFC, 0xCEFC, 0xCEFC, 0xCEFC,
  0xCEFC, 0xCEFC, 0xCEFC, 0xCEFC, 0xCEFC, 0xCEFC, 0xCEFC, 0xCEFC, 0xE77E, 0xD6DB,
  0xADB8, 0xB619, 0xADB8, 0xADB8, 0xADB8, 0xADB8, 0xADB8, 0xADB8, 0xADB8, 0xADB8,
  0xADB8, 0xADB8, 0xADB8, 0xADB8, 0xADB8, 0xADB8, 0xADB8, 0xADB8, 0xADB8, 0xADB8,
  0xADB8, 0xADB8, 0xADB8, 0xADB8, 0xADB8, 0xADB8, 0xADB8, 0xADB8, 0xADB8, 0xADB8,
  0xADB8, 0xADB8, 0xADB8, 0xADB8, 0xADB8, 0xADB8, 0xADB8, 0xADB8, 0xB619, 0xADB8,
  0x9556, 0x9D76, 0x9536, 0x9536, 0x9536, 0x9536, 0x9536, 0x9536, 0x9536, 0x9536,
  0x9536, 0x9536, 0x9536, 0x9536, 0x9536, 0x9536, 0x9536, 0x9536, 0x9536, 0x9536,
  0x9536, 0x9536, 0x9536, 0x9536, 0x9536, 0x9536, 0x9536, 0x9536, 0x9536, 0x9536,
  0x9536, 0x9536, 0x9536, 0x9536, 0x9536, 0x9536, 0x9536, 0x9536, 0x9D76, 0x9556,
  0x9D56, 0x9D77, 0x9D56, 0x9D56, 0x9D56, 0x9D56, 0x9D56, 0x9D56, 0x9D56, 0x9D56,
  0x9D56, 0x9D56, 0x9D56, 0x9D56, 0x9D56, 0x9D56, 0x9D56, 0x9D56, 0x9D56, 0x9D56,
  0x9D56, 0x9D56, 0x9D56, 0x9D56, 0x9D56, 0x9D56, 0x9D56, 0x9D56, 0x9D56, 0x9D56,
  0x9D56, 0x9D56, 0x9D56, 0x9D56, 0x9D56, 0x9D56, 0x9D56, 0x9D56, 0x9D77, 0x9D56,
  0x9D56, 0x9D56, 0x9D56, 0x9D56, 0x9D56, 0x9D56, 0x9D56, 0x9D56, 0x9D56, 0x9D56,
  0x9D56, 0x9D56, 0x9D56, 0x9D56, 0x9D56, 0x9D56, 0x9D56, 0x9D56, 0x9D56, 0x9D56,
  0x9D56, 0x9D56, 0x9D56, 0x9D56, 0x9D56, 0x9D56, 0x9D56, 0x9D56, 0x9D56, 0x9D56,
  0x9D56, 0x9D56, 0x9D56, 0x9D56, 0x9D56, 0x9D56, 0x9D56, 0x9D56, 0x9D56, 0x9D56,
  0x9D76, 0x9D56, 0x9D56, 0x9D56, 0x9D56, 0x9D56, 0x9D56, 0x9D56, 0x9D56, 0x9D56,
  0x9D56, 0x9D56, 0x9D56, 0x9D56, 0x9D56, 0x9D56, 0x9D56, 0x9D56, 0x9D56, 0x9D56,
  0x9D56, 0x9D56, 0x9D56, 0x9D56, 0x9D56, 0x9D56, 0x9D56, 0x9D56, 0x9D56, 0x9D56,
  0x9D56, 0x9D56, 0x9D56, 0x9D56, 0x9D56, 0x9D56, 0x9D56, 0x9D56, 0x9D56, 0x9D76,
  0x9D56, 0x9D77, 0x9D56, 0x9D56, 0x9D56, 0x9D56, 0x9D56, 0x9D56, 0x9D56, 0x9D56,
  0x9D56, 0x9D56, 0x9D56, 0x9D56, 0x9D56, 0x9D56, 0x9D56, 0x9D56, 0x9D56, 0x9D56,
  0x9D56, 0x9D56, 0x9D56, 0x9D56, 0x9D56, 0x9D56, 0x9D56, 0x9D56, 0x9D56, 0x9D56,
  0x9D56, 0x9D56, 0x9D56, 0x9D56, 0x9D56, 0x9D56, 0x9D56, 0x9D56, 0x9D77, 0x9D56,
  0x9D56, 0x9D77, 0x9D56, 0x9D56, 0x9D56, 0x9D56, 0x9D56, 0x9D56, 0x9D56, 0x9D56,
  0x9D56, 0x9D56, 0x9D56, 0x9D56, 0x9D56, 0x9D56, 0x9D56, 0x9D56, 0x9D56, 0x9D56,
  0x9D56, 0x9D56, 0x9D56, 0x9D56, 0x9D56, 0x9D56, 0x9D56, 0x9D56, 0x9D56, 0x9D56,
  0x9D56, 0x9D56, 0x9D56, 0x9D56, 0x9D56, 0x9D56, 0x9D56, 0x9D56, 0x9D77, 0x9D56
};

static const uint16_t kEmoji_sparkles[1600] PROGMEM = {
  0xF81F, 0xF81F, 0xF81F, 0xF81F, 0xF81F, 0xF81F, 0xF81F, 0xF81F, 0xF81F, 0xF81F,
  0xF81F, 0xF81F, 0xF81F, 0xF81F, 0xF81F, 0xF81F, 0xF81F, 0xF81F, 0xF81F, 0xF81F,
  0xF81F, 0xF81F, 0xF81F, 0xF81F, 0xF81F, 0xF81F, 0xF81F, 0xF81F, 0xF81F, 0xF81F,
  0xF81F, 0xF81F, 0xF81F, 0xF81F, 0xF81F, 0xF81F, 0xF81F, 0xF81F, 0xF81F, 0xF81F,
  0xF81F, 0xF81F, 0xF81F, 0xF81F, 0xF81F, 0xF81F, 0xF81F, 0xF81F, 0xF81F, 0xF81F,
  0xF81F, 0xF81F, 0xF81F, 0xF81F, 0xF81F, 0xF81F, 0xF81F, 0xF81F, 0xF81F, 0xF81F,
  0xF81F, 0xF81F, 0xF81F, 0xF81F, 0xF81F, 0xF81F, 0xF81F, 0xF81F, 0xF81F, 0xF81F,
  0xF81F, 0xF81F, 0xF81F, 0xF81F, 0xF81F, 0xF81F, 0xF81F, 0xF81F, 0xF81F, 0xF81F,
  0xF81F, 0xF81F, 0xF81F, 0xF81F, 0xF81F, 0xF81F, 0xFECA, 0xF81F, 0xF81F, 0xF81F,
  0xF81F, 0xF81F, 0xF81F, 0xF81F, 0xF81F, 0xF81F, 0xF81F, 0xF81F, 0xF81F, 0xF81F,
  0xF81F, 0xF81F, 0xFD66, 0xFDC6, 0xFD66, 0xF81F, 0xF81F, 0xF81F, 0xF81F, 0xF81F,
  0xF81F, 0xF81F, 0xF81F, 0xF81F, 0xF81F, 0xF81F, 0xF81F, 0xF81F, 0xF81F, 0xF81F,
  0xF81F, 0xF81F, 0xF81F, 0xF81F, 0xF81F, 0xFE69, 0xFF6B, 0xFE69, 0xF81F, 0xF81F,
  0xF81F, 0xF81F, 0xF81F, 0xF81F, 0xF81F, 0xF81F, 0xF81F, 0xF81F, 0xF81F, 0xF81F,
  0xF81F, 0xF81F, 0xFD66, 0xFE27, 0xFD66, 0xF81F, 0xF81F, 0xF81F, 0xF81F, 0xF81F,
  0xF81F, 0xF81F, 0xF81F, 0xF81F, 0xF81F, 0xF81F, 0xF81F, 0xF81F, 0xF81F, 0xF81F,
  0xF81F, 0xF81F, 0xF81F, 0xF81F, 0xF81F, 0xFE49, 0xFE89, 0xFE69, 0xF81F, 0xF81F,
  0xF81F, 0xF81F, 0xF81F, 0xF81F, 0xF81F, 0xF81F, 0xF81F, 0xF81F, 0xF81F, 0xF81F,
  0xF81F, 0xFD66, 0xFD66, 0xFD66, 0xFD46, 0xFD45, 0xF81F, 0xF81F, 0xF81F, 0xF81F,
  0xF81F, 0xF81F, 0xF81F, 0xF81F, 0xF81F, 0xF81F, 0xF81F, 0xF81F, 0xF81F, 0xF81F,
  0xF81F, 0xF81F, 0xF81F, 0xF81F, 0xFE49, 0xFEAA, 0xFE49, 0xFEAA, 0xFE69, 0xF81F,
  0xF81F, 0xF81F, 0xF81F, 0xF81F, 0xF81F, 0xF81F, 0xF81F, 0xF81F, 0xF81F, 0xF81F,
  0xF81F, 0xFD46, 0xFDA6, 0xFD66, 0xFDA6, 0xFD66, 0xF81F, 0xF81F, 0xF81F, 0xF81F,
  0xF81F, 0xF81F, 0xF81F, 0xF81F, 0xF81F, 0xF81F, 0xF81F, 0xF81F, 0xF81F, 0xF81F,
  0xF81F, 0xF81F, 0xFE69, 0xFE49, 0xFE69, 0xFE69, 0xFE49, 0xFE69, 0xFE69, 0xFE69,
  0xFE49, 0xF81F, 0xF81F, 0xF81F, 0xF81F, 0xF81F, 0xF81F, 0xF81F, 0xF81F, 0xF81F,
  0xF81F, 0xFD46, 0xFDA6, 0xFD66, 0xFDA6, 0xFD46, 0xF81F, 0xF81F, 0xF81F, 0xF81F,
  0xF81F, 0xF81F, 0xF81F, 0xF81F, 0xF81F, 0xF81F, 0xF81F, 0xF81F, 0xF81F, 0xF81F,
  0xF81F, 0xFE49, 0xFEEA, 0xFE89, 0xFE69, 0xFE69, 0xFE69, 0xFE69, 0xFE69, 0xFE89,
  0xFEEA, 0xFE49, 0xF81F, 0xF81F, 0xF81F, 0xF81F, 0xF81F, 0xF81F, 0xF81F, 0xF81F,
  0xF81F, 0xFD46, 0xFD86, 0xFD46, 0xFD66, 0xFD66, 0xF81F, 0xF81F, 0xF81F, 0xF81F,
  0xF81F, 0xF81F, 0xF81F, 0xF81F, 0xF81F, 0xF81F, 0xF81F, 0xF81F, 0xF81F, 0xF81F,
  0xF81F, 0xFE69, 0xFECA, 0xFEAA, 0xFE69, 0xFE69, 0xFE69, 0xFE69, 0xFE69, 0xFE8A,
  0xFECA, 0xFE49, 0xF81F, 0xF81F, 0xF81F, 0xF81F, 0xF81F, 0xF81F, 0xF81F, 0xF81F,
  0xFD66, 0xFD86, 0xFD46, 0xFD66, 0xFD66, 0xFD86, 0xFD46, 0xF81F, 0xF81F, 0xF81F,
  0xF81F, 0xF81F, 0xF81F, 0xF81F, 0xF81F, 0xF81F, 0xF81F, 0xF81F, 0xF81F, 0xF81F,
  0xF81F, 0xF81F, 0xFE49, 0xFE69, 0xFE69, 0xFE69, 0xFE49, 0xFE69, 0xFE69, 0xFE69,
  0xFE49, 0xF81F, 0xF81F, 0xF81F, 0xF81F, 0xF81F, 0xF81F, 0xF81F, 0xF81F, 0xF81F,
  0xFD66, 0xFDA6, 0xFD46, 0xFD66, 0xFD66, 0xFDA6, 0xFD46, 0xF81F, 0xF81F, 0xF81F,
  0xF81F, 0xF81F, 0xF81F, 0xF81F, 0xF81F, 0xF81F, 0xF81F, 0xF81F, 0xF81F, 0xF81F,
  0xF81F, 0xF81F, 0xF81F, 0xF81F, 0xFE69, 0xFEAA, 0xFE49, 0xFEAA, 0xFE69, 0xF81F,
  0xF81F, 0xF81F, 0xF81F, 0xF81F, 0xF81F, 0xF81F, 0xF81F, 0xF81F, 0xF81F, 0xF81F,
  0xFD46, 0xFD86, 0xFD66, 0xFD66, 0xFD46, 0xFD86, 0xFD66, 0xF81F, 0xF81F, 0xF81F,
  0xF81F, 0xF81F, 0xF81F, 0xF81F, 0xF81F, 0xF81F, 0xF81F, 0xF81F, 0xF81F, 0xF81F,
  0xF81F, 0xF81F, 0xF81F, 0xF81F, 0xF81F, 0xFE69, 0xFE89, 0xFE69, 0xF81F, 0xF81F,
  0xF81F, 0xF81F, 0xF81F, 0xF81F, 0xF81F, 0xF81F, 0xF81F, 0xF81F, 0xF81F, 0xFD46,
  0xFD66, 0xFD66, 0xFD66, 0xFD66, 0xFD66, 0xFD66, 0xFDA6, 0xFD66, 0xF81F, 0xF81F,
  0xF81F, 0xF81F, 0xF81F, 0xF81F, 0xF81F, 0xF81F, 0xF81F, 0xF81F, 0xF81F, 0xF81F,
  0xF81F, 0xF81F, 0xF81F, 0xF81F, 0xF81F, 0xFE69, 0xFF6B, 0xFE49, 0xF81F, 0xF81F,
  0xF81F, 0xF81F, 0xF81F, 0xF81F, 0xF81F, 0xF81F, 0xF81F, 0xF81F, 0xF81F, 0xFD46,
  0xFDA6, 0xFD66, 0xFD66, 0xFD66, 0xFD66, 0xFD66, 0xFDA6, 0xFD66, 0xF81F, 0xF81F,
  0xF81F, 0xF81F, 0xF81F, 0xF81F, 0xF81F, 0xF81F, 0xF81F, 0xF81F, 0xF81F, 0xF81F,
  0xF81F, 0xF81F, 0xF81F, 0xF81F, 0xF81F, 0xF81F, 0xFEAA, 0xF81F, 0xF81F, 0xF81F,
  0xF81F, 0xF81F, 0xF81F, 0xF81F, 0xF81F, 0xF81F, 0xF81F, 0xF81F, 0xF81F, 0xFD46,
  0xFD86, 0xFD66, 0xFD66, 0xFD66, 0xFD66, 0xFD46, 0xFD86, 0xFD46, 0xF81F, 0xF81F,
  0xF81F, 0xF81F, 0xF81F, 0xF81F, 0xF81F, 0xF81F, 0xF81F, 0xF81F, 0xF81F, 0xF81F,
  0xF81F, 0xF81F, 0xF81F, 0xF81F, 0xF81F, 0xF81F, 0xF81F, 0xF81F, 0xF81F, 0xF81F,
  0xF81F, 0xF81F, 0xF81F, 0xF81F, 0xF81F, 0xF81F, 0xF81F, 0xF81F, 0xFD46, 0xFD66,
  0xFD66, 0xFD66, 0xFD66, 0xFD66, 0xFD66, 0xFD66, 0xFD66, 0xFD66, 0xFD66, 0xF81F,
  0xF81F, 0xF81F, 0xF81F, 0xF81F, 0xF81F, 0xF81F, 0xF81F, 0xF81F, 0xF81F, 0xF81F,
  0xF81F, 0xF81F, 0xF81F, 0xF81F, 0xF81F, 0xF81F, 0xF81F, 0xF81F, 0xF81F, 0xF81F,
  0xF81F, 0xF81F, 0xF81F, 0xF81F, 0xF81F, 0xF81F, 0xFD66, 0xFD66, 0xFD46, 0xFD66,
  0xFD46, 0xFD66, 0xFD66, 0xFD66, 0xFD66, 0xFD66, 0xFD46, 0xFD86, 0xFD66, 0xFD46,
  0xFD66, 0xF81F, 0xF81F, 0xF81F, 0xF81F, 0xF81F, 0xF81F, 0xF81F, 0xF81F, 0xF81F,
  0xF81F, 0xF81F, 0xF81F, 0xF81F, 0xF81F, 0xF81F, 0xF81F, 0xF81F, 0xF81F, 0xF81F,
  0xF81F, 0xF81F, 0xF81F, 0xF81F, 0xFD46, 0xFD46, 0xFD66, 0xFDC6, 0xFD86, 0xFD46,
  0xFD66, 0xFD66, 0xFD66, 0xFD66, 0xFD66, 0xFD66, 0xFD66, 0xFD46, 0xFD86, 0xFDA6,
  0xFD66, 0xFD66, 0xFD66, 0xFD45, 0xF81F, 0xF81F, 0xF81F, 0xF81F, 0xF81F, 0xF81F,
  0xF81F, 0xF81F, 0xF81F, 0xF81F, 0xF81F, 0xF81F, 0xF81F, 0xF81F, 0xF81F, 0xF81F,
  0xF81F, 0xFD66, 0xFD66, 0xFD66, 0xFDA6, 0xFD86, 0xFD66, 0xFD46, 0xFD46, 0xFD66,
  0xFD66, 0xFD66, 0xFD66, 0xFD66, 0xFD66, 0xFD66, 0xFD66, 0xFD66, 0xFD46, 0xFD46,
  0xFD66, 0xFD86, 0xFDA6, 0xFD66, 0xFD46, 0xFD66, 0xF81F, 0xF81F, 0xF81F, 0xF81F,
  0xF81F, 0xF81F, 0xF81F, 0xF81F, 0xF81F, 0xF81F, 0xF81F, 0xF81F, 0xFD65, 0xFD66,
  0xFD66, 0xFDA6, 0xFDA6, 0xFD66, 0xFD66, 0xFD46, 0xFD46, 0xFD66, 0xFD66, 0xFD66,
  0xFD66, 0xFD66, 0xFD66, 0xFD66, 0xFD66, 0xFD66, 0xFD66, 0xFD66, 0xFD66, 0xFD66,
  0xFD46, 0xFD46, 0xFD46, 0xFD66, 0xFDA6, 0xFDA6, 0xFD66, 0xFD66, 0xFD66, 0xF81F,
  0xF81F, 0xF81F, 0xF81F, 0xF81F, 0xF81F, 0xF81F, 0xF81F, 0xF81F, 0xFD66, 0xFDE7,
  0xFD66, 0xFD66, 0xFD66, 0xFD66, 0xFD66, 0xFD66, 0xFD66, 0xFD66, 0xFD66, 0xFD66,
  0xFD66, 0xFD66, 0xFD66, 0xFD66, 0xFD66, 0xFD66, 0xFD66, 0xFD66, 0xFD66, 0xFD66,
  0xFD66, 0xFD66, 0xFD66, 0xFD66, 0xFD66, 0xFD66, 0xFD66, 0xFDE7, 0xFD46, 0xF81F,
  0xF81F, 0xF81F, 0xF81F, 0xF81F, 0xF81F, 0xF81F, 0xF81F, 0xF81F, 0xFD46, 0xFD86,
  0xFD86, 0xFD86, 0xFD66, 0xFD66, 0xFD66, 0xFD66, 0xFD66, 0xFD66, 0xFD66, 0xFD66,
  0xFD66, 0xFD66, 0xFD66, 0xFD66, 0xFD66, 0xFD66, 0xFD66, 0xFD66, 0xFD66, 0xFD66,
  0xFD66, 0xFD66, 0xFD46, 0xFD66, 0xFD66, 0xFD86, 0xFDA6, 0xFD86, 0xFD66, 0xF81F,
  0xF81F, 0xF81F, 0xF81F, 0xF81F, 0xF81F, 0xF81F, 0xF81F, 0xF81F, 0xF81F, 0xFD46,
  0xFD46, 0xFD66, 0xFD86, 0xFDA6, 0xFD86, 0xFD46, 0xFD46, 0xFD46, 0xFD66, 0xFD66,
  0xFD66, 0xFD66, 0xFD66, 0xFD66, 0xFD66, 0xFD66, 0xFD66, 0xFD66, 0xFD66, 0xFD46,
  0xFD46, 0xFD46, 0xFD66, 0xFDA6, 0xFD86, 0xFD66, 0xFD46, 0xFD66, 0xF81F, 0xF81F,
  0xF81F, 0xF81F, 0xF81F, 0xF81F, 0xF81F, 0xF81F, 0xF81F, 0xF81F, 0xF81F, 0xF81F,
  0xF81F, 0xF81F, 0xFD66, 0xFD46, 0xFD66, 0xFDA6, 0xFD86, 0xFD66, 0xFD66, 0xFD66,
  0xFD66, 0xFD66, 0xFD66, 0xFD66, 0xFD66, 0xFD66, 0xFD66, 0xFD66, 0xFD66, 0xFD66,
  0xFD86, 0xFDA6, 0xFD66, 0xFD66, 0xFD66, 0xF81F, 0xF81F, 0xF81F, 0xF81F, 0xF81F,
  0xF81F, 0xF81F, 0xF81F, 0xF81F, 0xF81F, 0xF81F, 0xF81F, 0xF81F, 0xF81F, 0xF81F,
  0xF81F, 0xF81F, 0xF81F, 0xF81F, 0xF81F, 0xFD66, 0xFD66, 0xFD66, 0xFDA6, 0xFD66,
  0xFD66, 0xFD66, 0xFD66, 0xFD66, 0xFD66, 0xFD66, 0xFD66, 0xFD46, 0xFDA6, 0xFD66,
  0xFD66, 0xFD46, 0xFD25, 0xF81F, 0xF81F, 0xF81F, 0xF81F, 0xF81F, 0xF81F, 0xF81F,
  0xF81F, 0xF81F, 0xF81F, 0xF81F, 0xF81F, 0xF81F, 0xF81F, 0xF81F, 0xF81F, 0xF81F,
  0xF81F, 0xF81F, 0xF81F, 0xF81F, 0xF81F, 0xF81F, 0xF81F, 0xFD46, 0xFD46, 0xFD86,
  0xFD46, 0xFD66, 0xFD66, 0xFD66, 0xFD66, 0xFD66, 0xFD66, 0xFD86, 0xFD66, 0xFD66,
  0xF81F, 0xF81F, 0xF81F, 0xF81F, 0xF81F, 0xF81F, 0xF81F, 0xF81F, 0xF81F, 0xF81F,
  0xF81F, 0xF81F, 0xF81F, 0xF81F, 0xF81F, 0xF81F, 0xF81F, 0xF81F, 0xF81F, 0xF81F,
  0xFE69, 0xFEA9, 0xF81F, 0xF81F, 0xF81F, 0xF81F, 0xF81F, 0xF81F, 0xF81F, 0xFD66,
  0xFD66, 0xFD66, 0xFD66, 0xFD66, 0xFD66, 0xFD46, 0xFD66, 0xFD66, 0xF81F, 0xF81F,
  0xF81F, 0xF81F, 0xF81F, 0xF81F, 0xF81F, 0xF81F, 0xF81F, 0xF81F, 0xF81F, 0xF81F,
  0xF81F, 0xF81F, 0xF81F, 0xF81F, 0xF81F, 0xF81F, 0xF81F, 0xF81F, 0xF81F, 0xF81F,
  0xFE49, 0xFF6B, 0xFE69, 0xF81F, 0xF81F, 0xF81F, 0xF81F, 0xF81F, 0xF81F, 0xFD46,
  0xFDA6, 0xFD66, 0xFD66, 0xFD66, 0xFD66, 0xFD66, 0xFDA6, 0xFD46, 0xF81F, 0xF81F,
  0xF81F, 0xF81F, 0xF81F, 0xF81F, 0xF81F, 0xF81F, 0xF81F, 0xF81F, 0xF81F, 0xF81F,
  0xF81F, 0xF81F, 0xF81F, 0xF81F, 0xF81F, 0xF81F, 0xF81F, 0xF81F, 0xF81F, 0xFE69,
  0xFE49, 0xFEAA, 0xFE49, 0xF81F, 0xF81F, 0xF81F, 0xF81F, 0xF81F, 0xF81F, 0xFD46,
  0xFDA6, 0xFD66, 0xFD66, 0xFD66, 0xFD66, 0xFD66, 0xFDA6, 0xFD66, 0xF81F, 0xF81F,
  0xF81F, 0xF81F, 0xF81F, 0xF81F, 0xF81F, 0xF81F, 0xF81F, 0xF81F, 0xF81F, 0xF81F,
  0xF81F, 0xF81F, 0xF81F, 0xF81F, 0xF81F, 0xF81F, 0xF81F, 0xF81F, 0xF81F, 0xFE69,
  0xFEAA, 0xFE69, 0xFE69, 0xF81F, 0xF81F, 0xF81F, 0xF81F, 0xF81F, 0xF81F, 0xFD66,
  0xFD66, 0xFD66, 0xFD66, 0xFD66, 0xFD66, 0xFD46, 0xFD66, 0xFD46, 0xF81F, 0xF81F,
  0xF81F, 0xF81F, 0xF81F, 0xF81F, 0xF81F, 0xF81F, 0xF81F, 0xF81F, 0xF81F, 0xF81F,
  0xF81F, 0xF81F, 0xF81F, 0xF81F, 0xF81F, 0xF81F, 0xF81F, 0xF81F, 0xF81F, 0xFE69,
  0xFECA, 0xFE49, 0xFEAA, 0xFE49, 0xF81F, 0xF81F, 0xF81F, 0xF81F, 0xF81F, 0xF81F,
  0xFD46, 0xFD86, 0xFD66, 0xFD66, 0xFD66, 0xFD86, 0xFD46, 0xF81F, 0xF81F, 0xF81F,
  0xF81F, 0xF81F, 0xF81F, 0xF81F, 0xF81F, 0xF81F, 0xF81F, 0xF81F, 0xF81F, 0xF81F,
  0xF81F, 0xF81F, 0xF81F, 0xF81F, 0xF81F, 0xF81F, 0xF81F, 0xFE49, 0xFE69, 0xFE69,
  0xFE69, 0xFE49, 0xFE69, 0xFE49, 0xFE69, 0xFE49, 0xF81F, 0xF81F, 0xF81F, 0xF81F,
  0xFD66, 0xFDC6, 0xFD66, 0xFD66, 0xFD46, 0xFDA6, 0xFD66, 0xF81F, 0xF81F, 0xF81F,
  0xF81F, 0xF81F, 0xF81F, 0xF81F, 0xF81F, 0xF81F, 0xF81F, 0xF81F, 0xF81F, 0xF81F,
  0xF81F, 0xF81F, 0xF81F, 0xF81F, 0xF81F, 0xF81F, 0xFE49, 0xFECA, 0xFE89, 0xFE69,
  0xFE69, 0xFE69, 0xFE69, 0xFE69, 0xFEAA, 0xFECA, 0xFE69, 0xF81F, 0xF81F, 0xF81F,
  0xFD66, 0xFD66, 0xFD46, 0xFD66, 0xFD66, 0xFD86, 0xFD46, 0xF81F, 0xF81F, 0xF81F,
  0xF81F, 0xF81F, 0xF81F, 0xF81F, 0xF81F, 0xF81F, 0xF81F, 0xF81F, 0xF81F, 0xF81F,
  0xF81F, 0xF81F, 0xF81F, 0xF81F, 0xF81F, 0xF81F, 0xFE69, 0xFECA, 0xFE89, 0xFE69,
  0xFE69, 0xFE69, 0xFE69, 0xFE69, 0xFE89, 0xFF0A, 0xFE49, 0xF81F, 0xF81F, 0xF81F,
  0xF81F, 0xFD66, 0xFD86, 0xFD66, 0xFD66, 0xFD66, 0xF81F, 0xF81F, 0xF81F, 0xF81F,
  0xF81F, 0xF81F, 0xF81F, 0xF81F, 0xF81F, 0xF81F, 0xF81F, 0xF81F, 0xF81F, 0xF81F,
  0xF81F, 0xF81F, 0xF81F, 0xF81F, 0xF81F, 0xF81F, 0xFE49, 0xFE69, 0xFE49, 0xFE69,
  0xFE69, 0xFE69, 0xFE69, 0xFE69, 0xFE69, 0xFE49, 0xF81F, 0xF81F, 0xF81F, 0xF81F,
  0xF81F, 0xFD66, 0xFDA6, 0xFD46, 0xFDA6, 0xFD46, 0xF81F, 0xF81F, 0xF81F, 0xF81F,
  0xF81F, 0xF81F, 0xF81F, 0xF81F, 0xF81F, 0xF81F, 0xF81F, 0xF81F, 0xF81F, 0xF81F,
  0xF81F, 0xF81F, 0xF81F, 0xF81F, 0xF81F, 0xF81F, 0xF81F, 0xF81F, 0xF81F, 0xFE69,
  0xFEAA, 0xFE49, 0xFECA, 0xFE49, 0xF81F, 0xF81F, 0xF81F, 0xF81F, 0xF81F, 0xF81F,
  0xF81F, 0xFD66, 0xFDA6, 0xFD66, 0xFDA6, 0xFD46, 0xF81F, 0xF81F, 0xF81F, 0xF81F,
  0xF81F, 0xF81F, 0xF81F, 0xF81F, 0xF81F, 0xF81F, 0xF81F, 0xF81F, 0xF81F, 0xF81F,
  0xF81F, 0xF81F, 0xF81F, 0xF81F, 0xF81F, 0xF81F, 0xF81F, 0xF81F, 0xF81F, 0xFE49,
  0xFECA, 0xFE69, 0xFE49, 0xFE89, 0xF81F, 0xF81F, 0xF81F, 0xF81F, 0xF81F, 0xF81F,
  0xF81F, 0xFD67, 0xFD66, 0xFD86, 0xFD46, 0xFD46, 0xF81F, 0xF81F, 0xF81F, 0xF81F,
  0xF81F, 0xF81F, 0xF81F, 0xF81F, 0xF81F, 0xF81F, 0xF81F, 0xF81F, 0xF81F, 0xF81F,
  0xF81F, 0xF81F, 0xF81F, 0xF81F, 0xF81F, 0xF81F, 0xF81F, 0xF81F, 0xF81F, 0xFE49,
  0xFE69, 0xFE8A, 0xFE69, 0xF81F, 0xF81F, 0xF81F, 0xF81F, 0xF81F, 0xF81F, 0xF81F,
  0xF81F, 0xF81F, 0xFD66, 0xFE27, 0xFD46, 0xF81F, 0xF81F, 0xF81F, 0xF81F, 0xF81F,
  0xF81F, 0xF81F, 0xF81F, 0xF81F, 0xF81F, 0xF81F, 0xF81F, 0xF81F, 0xF81F, 0xF81F,
  0xF81F, 0xF81F, 0xF81F, 0xF81F, 0xF81F, 0xF81F, 0xF81F, 0xF81F, 0xF81F, 0xF81F,
  0xFE49, 0xFF0A, 0xFE69, 0xF81F, 0xF81F, 0xF81F, 0xF81F, 0xF81F, 0xF81F, 0xF81F,
  0xF81F, 0xF81F, 0xFD66, 0xFDC6, 0xFD66, 0xF81F, 0xF81F, 0xF81F, 0xF81F, 0xF81F,
  0xF81F, 0xF81F, 0xF81F, 0xF81F, 0xF81F, 0xF81F, 0xF81F, 0xF81F, 0xF81F, 0xF81F,
  0xF81F, 0xF81F, 0xF81F, 0xF81F, 0xF81F, 0xF81F, 0xF81F, 0xF81F, 0xF81F, 0xF81F,
  0xFE69, 0xFEAA, 0xFE69, 0xF81F, 0xF81F, 0xF81F, 0xF81F, 0xF81F, 0xF81F, 0xF81F,
  0xF81F, 0xF81F, 0xF81F, 0xF81F, 0xF81F, 0xF81F, 0xF81F, 0xF81F, 0xF81F, 0xF81F,
  0xF81F, 0xF81F, 0xF81F, 0xF81F, 0xF81F, 0xF81F, 0xF81F, 0xF81F, 0xF81F, 0xF81F,
  0xF81F, 0xF81F, 0xF81F, 0xF81F, 0xF81F, 0xF81F, 0xF81F, 0xF81F, 0xF81F, 0xF81F,
  0xF81F, 0xF81F, 0xF81F, 0xF81F, 0xF81F, 0xF81F, 0xF81F, 0xF81F, 0xF81F, 0xF81F,
  0xF81F, 0xF81F, 0xF81F, 0xF81F, 0xF81F, 0xF81F, 0xF81F, 0xF81F, 0xF81F, 0xF81F,
  0xF81F, 0xF81F, 0xF81F, 0xF81F, 0xF81F, 0xF81F, 0xF81F, 0xF81F, 0xF81F, 0xF81F
};

static const uint16_t kEmoji_search[1600] PROGMEM = {
  0xF81F, 0xF81F, 0xF81F, 0xF81F, 0xF81F, 0xF81F, 0xF81F, 0xF81F, 0xF81F, 0xF81F,
  0x8CD4, 0x8CD4, 0x84D4, 0x84D4, 0x8CD4, 0x8CD4, 0x84D4, 0x84D4, 0x8CD4, 0x84D4,
  0xF81F, 0xF81F, 0xF81F, 0xF81F, 0xF81F, 0xF81F, 0xF81F, 0xF81F, 0xF81F, 0xF81F,
  0xF81F, 0xF81F, 0xF81F, 0xF81F, 0xF81F, 0xF81F, 0xF81F, 0xF81F, 0xF81F, 0xF81F,
  0xF81F, 0xF81F, 0xF81F, 0xF81F, 0xF81F, 0xF81F, 0xF81F, 0xF81F, 0x8CB4, 0x8CD4,
  0x8CD5, 0x9516, 0x8CF5, 0x8CF5, 0x8CD5, 0x8CF5, 0x8CF5, 0x8CF5, 0x9516, 0x8CD4,
  0x8CD4, 0x8CD4, 0xF81F, 0xF81F, 0xF81F, 0xF81F, 0xF81F, 0xF81F, 0xF81F, 0xF81F,
  0xF81F, 0xF81F, 0xF81F, 0xF81F, 0xF81F, 0xF81F, 0xF81F, 0xF81F, 0xF81F, 0xF81F,
  0xF81F, 0xF81F, 0xF81F, 0xF81F, 0xF81F, 0xF81F, 0x84D4, 0x8CD4, 0x9516, 0x8CF5,
  0x8CD4, 0x8CD4, 0x8CD4, 0x8CD4, 0x8CD4, 0x8CD4, 0x8CD4, 0x8CD4, 0x8CD4, 0x8CD4,
  0x8CF5, 0x9516, 0x84D4, 0x8CD4, 0xF81F, 0xF81F, 0xF81F, 0xF81F, 0xF81F, 0xF81F,
  0xF81F, 0xF81F, 0xF81F, 0xF81F, 0xF81F, 0xF81F, 0xF81F, 0xF81F, 0xF81F, 0xF81F,
  0xF81F, 0xF81F, 0xF81F, 0xF81F, 0xF81F, 0x8CB4, 0x8CF5, 0x8CF5, 0x8CD4, 0x8CD4,
  0x8CD4, 0x8CD4, 0x84B4, 0x84B4, 0x84B4, 0x84B4, 0x84B4, 0x84B4, 0x8CD4, 0x8CD4,
  0x8CD4, 0x8CD4, 0x8CF5, 0x8CF5, 0x8CD5, 0xF81F, 0xF81F, 0xF81F, 0xF81F, 0xF81F,
  0xF81F, 0xF81F, 0xF81F, 0xF81F, 0xF81F, 0xF81F, 0xF81F, 0xF81F, 0xF81F, 0xF81F,
  0xF81F, 0xF81F, 0xF81F, 0xF81F, 0x8CD4, 0x9516, 0x8CD4, 0x84D4, 0x8CD4, 0x84D4,
  0x84B4, 0x8CD4, 0x9536, 0x9D98, 0x9DB9, 0x9DB9, 0x9D98, 0x9536, 0x8CD5, 0x84B4,
  0x84D4, 0x8CD4, 0x8CD4, 0x8CD4, 0x9516, 0x84D4, 0xF81F, 0xF81F, 0xF81F, 0xF81F,
  0xF81F, 0xF81F, 0xF81F, 0xF81F, 0xF81F, 0xF81F, 0xF81F, 0xF81F, 0xF81F, 0xF81F,
  0xF81F, 0xF81F, 0xF81F, 0x84D4, 0x9516, 0x8CD4, 0x84D4, 0x8CD4, 0x84B4, 0x8CD5,
  0x9DB8, 0xB69C, 0xBEFE, 0xBEFE, 0xBF1F, 0xBF1F, 0xBEFE, 0xBEFE, 0xB6BD, 0xA5D9,
  0x8CF5, 0x84B4, 0x8CD4, 0x8CD4, 0x8CD4, 0x9536, 0x8CD4, 0xF81F, 0xF81F, 0xF81F,
  0xF81F, 0xF81F, 0xF81F, 0xF81F, 0xF81F, 0xF81F, 0xF81F, 0xF81F, 0xF81F, 0xF81F,
  0xF81F, 0xF81F, 0x8CD4, 0x8CF5, 0x8CD4, 0x84D4, 0x8CD4, 0x84B4, 0x9556, 0xB69C,
  0xBF1F, 0xBEFF, 0xBEFE, 0xBEFE, 0xBEFE, 0xBEFE, 0xBEFE, 0xBEFE, 0xBEFE, 0xBF1F,
  0xB6BD, 0x9D98, 0x84B4, 0x8CD4, 0x8CD4, 0x8CD4, 0x9516, 0x84B4, 0xF81F, 0xF81F,
  0xF81F, 0xF81F, 0xF81F, 0xF81F, 0xF81F, 0xF81F, 0xF81F, 0xF81F, 0xF81F, 0xF81F,
  0xF81F, 0xF81F, 0x84D4, 0x8CF5, 0x84D4, 0x8CD4, 0x84B4, 0x9D78, 0xBEFE, 0xBF1F,
  0xBEFE, 0xBEFE, 0xBEFE, 0xBEFE, 0xBEFE, 0xBEFE, 0xBEFE, 0xBEFE, 0xBEFE, 0xBEFE,
  0xBEFE, 0xBF1F, 0x9DB9, 0x84B4, 0x8CD4, 0x84D4, 0x8CF5, 0x8CF5, 0x8CB4, 0xF81F,
  0xF81F, 0xF81F, 0xF81F, 0xF81F, 0xF81F, 0xF81F, 0xF81F, 0xF81F, 0xF81F, 0xF81F,
  0xF81F, 0x84B4, 0x9516, 0x84D4, 0x8CD4, 0x84B4, 0x9557, 0xBEFE, 0xBEFE, 0xBEFE,
  0xBEFE, 0xBEFE, 0xBEFE, 0xBEFE, 0xBEFE, 0xBEFE, 0xBEFE, 0xBEFE, 0xBEFE, 0xBEFE,
  0xBEFE, 0xBEFE, 0xBF1F, 0x9D98, 0x84B4, 0x8CD4, 0x8CD4, 0x9516, 0x8CD4, 0xF81F,
  0xF81F, 0xF81F, 0xF81F, 0xF81F, 0xF81F, 0xF81F, 0xF81F, 0xF81F, 0xF81F, 0xF81F,
  0xF81F, 0x84D4, 0x8CF5, 0x8CD4, 0x84D4, 0x8CF5, 0xB69D, 0xBEFF, 0xBEFE, 0xBEFE,
  0xBEFE, 0xBEFE, 0xBEFE, 0xBEFE, 0xBEFE, 0xBEFE, 0xBEFE, 0xBEFE, 0xBEFE, 0xBEFE,
  0xBEFE, 0xBEFE, 0xBEFE, 0xBEDE, 0x9516, 0x84B4, 0x8CD4, 0x8CD4, 0x8CD4, 0x84B4,
  0xF81F, 0xF81F, 0xF81F, 0xF81F, 0xF81F, 0xF81F, 0xF81F, 0xF81F, 0xF81F, 0xF81F,
  0x8CD4, 0x8CD5, 0x8CD4, 0x8CD4, 0x84B4, 0xA5D9, 0xBF1F, 0xBEFE, 0xBEFE, 0xBEFE,
  0xBEFE, 0xBEFE, 0xBEFE, 0xBEFE, 0xBEFE, 0xBEFE, 0xBEFE, 0xBEFE, 0xBEFE, 0xBEFE,
  0xBEFE, 0xBEFE, 0xBEFE, 0xBF1F, 0xAE3A, 0x84B4, 0x8CD4, 0x84D4, 0x9516, 0x84D4,
  0xF81F, 0xF81F, 0xF81F, 0xF81F, 0xF81F, 0xF81F, 0xF81F, 0xF81F, 0xF81F, 0xF81F,
  0x84B4, 0x8D15, 0x8CD4, 0x8CD4, 0x8CD5, 0xB69D, 0xBEFE, 0xBEFE, 0xBEFE, 0xBEFE,
  0xBEFE, 0xBEFE, 0xBEFE, 0xBEFE, 0xBEFE, 0xBEFE, 0xBEFE, 0xBEFE, 0xBEFE, 0xBEFE,
  0xBEFE, 0xBEFE, 0xBEFE, 0xBEFE, 0xBEDE, 0x8D16, 0x84D4, 0x8CD4, 0x8D15, 0x8CB4,
  0xF81F, 0xF81F, 0xF81F, 0xF81F, 0xF81F, 0xF81F, 0xF81F, 0xF81F, 0xF81F, 0xF81F,
  0x8CD4, 0x8CF5, 0x8CD4, 0x84B4, 0x9556, 0xBEFE, 0xBEFE, 0xBEFE, 0xBEFE, 0xBEFE,
  0xBEFE, 0xBEFE, 0xBEFE, 0xBEFE, 0xBEFE, 0xBEFE, 0xBEFE, 0xBEFE, 0xBEFE, 0xBEFE,
  0xBEFE, 0xBEFE, 0xBEFE, 0xBEFE, 0xBF1F, 0x9DB8, 0x84B4, 0x8CD4, 0x8CF5, 0x8CD4,
  0xF81F, 0xF81F, 0xF81F, 0xF81F, 0xF81F, 0xF81F, 0xF81F, 0xF81F, 0xF81F, 0xF81F,
  0x8CD4, 0x8CF5, 0x8CD4, 0x84B4, 0x9DB8, 0xBF1F, 0xBEFE, 0xBEFE, 0xBEFE, 0xBEFE,
  0xBEFE, 0xBEFE, 0xBEFE, 0xBEFE, 0xBEFE, 0xBEFE, 0xBEFE, 0xBEFE, 0xBEFE, 0xBEFE,
  0xBEFE, 0xBEFE, 0xBEFE, 0xBEFE, 0xBF1F, 0xA61A, 0x84B4, 0x8CD4, 0x8CD4, 0x8CD4,
  0xF81F, 0xF81F, 0xF81F, 0xF81F, 0xF81F, 0xF81F, 0xF81F, 0xF81F, 0xF81F, 0xF81F,
  0x84D4, 0x8CD4, 0x8CD5, 0x8493, 0xA5FA, 0xBF1F, 0xBEFE, 0xBEFE, 0xBEFE, 0xBEFE,
  0xBEFE, 0xBEFE, 0xBEFE, 0xBEFE, 0xBEFE, 0xBEFE, 0xBEFE, 0xBEFE, 0xBEFE, 0xBEFE,
  0xBEFE, 0xBEFE, 0xBEFE, 0xBEFE, 0xBF1F, 0xAE3B, 0x84B4, 0x8CD4, 0x8CD4, 0x8CD4,
  0x8CD5, 0xF81F, 0xF81F, 0xF81F, 0xF81F, 0xF81F, 0xF81F, 0xF81F, 0xF81F, 0xF81F,
  0x8CD4, 0x8CD4, 0x8CD5, 0x8493, 0xA5FA, 0xBF1F, 0xBEFE, 0xBEFE, 0xBEFE, 0xBEFE,
  0xBEFE, 0xBEFE, 0xBEFE, 0xBEFE, 0xBEFE, 0xBEFE, 0xBEFE, 0xBEFE, 0xBEFE, 0xBEFE,
  0xBEFE, 0xBEFE, 0xBEFE, 0xBEFE, 0xBF1F, 0xAE3B, 0x84B4, 0x8CD4, 0x8CD4, 0x8CD4,
  0x8CD5, 0xF81F, 0xF81F, 0xF81F, 0xF81F, 0xF81F, 0xF81F, 0xF81F, 0xF81F, 0xF81F,
  0x8CD4, 0x8CD4, 0x8CD4, 0x84B4, 0xA5D9, 0xBF1F, 0xBEFE, 0xBEFE, 0xBEFE, 0xBEFE,
  0xBEFE, 0xBEFE, 0xBEFE, 0xBEFE, 0xBEFE, 0xBEFE, 0xBEFE, 0xBEFE, 0xBEFE, 0xBEFE,
  0xBEFE, 0xBEFE, 0xBEFE, 0xBEFE, 0xBF1F, 0xAE3B, 0x84B4, 0x8CD4, 0x8CD4, 0x84D4,
  0x8CB4, 0xF81F, 0xF81F, 0xF81F, 0xF81F, 0xF81F, 0xF81F, 0xF81F, 0xF81F, 0xF81F,
  0x8CD4, 0x8CF5, 0x8CD4, 0x84B4, 0x9D77, 0xBEFE, 0xBEFE, 0xBEFE, 0xBEFE, 0xBEFE,
  0xBEFE, 0xBEFE, 0xBEFE, 0xBEFE, 0xBEFE, 0xBEFE, 0xBEFE, 0xBEFE, 0xBEFE, 0xBEFE,
  0xBEFE, 0xBEFE, 0xBEFE, 0xBEFE, 0xBF1F, 0xA5D9, 0x84B3, 0x8CD4, 0x8CD5, 0x84D4,
  0xF81F, 0xF81F, 0xF81F, 0xF81F, 0xF81F, 0xF81F, 0xF81F, 0xF81F, 0xF81F, 0xF81F,
  0x8CD4, 0x8D15, 0x8CD4, 0x84D4, 0x8CF5, 0xBEDE, 0xBEFE, 0xBEFE, 0xBEFE, 0xBEFE,
  0xBEFE, 0xBEFE, 0xBEFE, 0xBEFE, 0xBEFE, 0xBEFE, 0xBEFE, 0xBEFE, 0xBEFE, 0xBEFE,
  0xBEFE, 0xBEFE, 0xBEFE, 0xBEFE, 0xBEFE, 0x9557, 0x84B4, 0x8CD4, 0x8CF5, 0x84D4,
  0xF81F, 0xF81F, 0xF81F, 0xF81F, 0xF81F, 0xF81F, 0xF81F, 0xF81F, 0xF81F, 0xF81F,
  0x8CD4, 0x8CF5, 0x8CD4, 0x8CD4, 0x84B4, 0xAE3A, 0xBF1F, 0xBEFE, 0xBEFE, 0xBEFE,
  0xBEFE, 0xBEFE, 0xBEFE, 0xBEFE, 0xBEFE, 0xBEFE, 0xBEFE, 0xBEFE, 0xBEFE, 0xBEFE,
  0xBEFE, 0xBEFE, 0xBEFE, 0xBEFF, 0xB67C, 0x8CD4, 0x8CD4, 0x8CD4, 0x9536, 0x84D4,
  0xF81F, 0xF81F, 0xF81F, 0xF81F, 0xF81F, 0xF81F, 0xF81F, 0xF81F, 0xF81F, 0xF81F,
  0xF81F, 0x84D4, 0x8CF5, 0x8CD4, 0x84B4, 0x9536, 0xBEDE, 0xBEFE, 0xBEFE, 0xBEFE,
  0xBEFE, 0xBEFE, 0xBEFE, 0xBEFE, 0xBEFE, 0xBEFE, 0xBEFE, 0xBEFE, 0xBEFE, 0xBEFE,
  0xBEFE, 0xBEFE, 0xBEFE, 0xBF1F, 0x9D78, 0x84B4, 0x8CD4, 0x8CD4, 0x8CF5, 0x8CD4,
  0xF81F, 0xF81F, 0xF81F, 0xF81F, 0xF81F, 0xF81F, 0xF81F, 0xF81F, 0xF81F, 0xF81F,
  0xF81F, 0x8CD4, 0x9516, 0x8CD4, 0x8CD4, 0x84B4, 0xA5D9, 0xBF1F, 0xBEFE, 0xBEFE,
  0xBEFE, 0xBEFE, 0xBEFE, 0xBEFE, 0xBEFE, 0xBEFE, 0xBEFE, 0xBEFE, 0xBEFE, 0xBEFE,
  0xBEFE, 0xBEDE, 0xBF1F, 0xAE3B, 0x84B4, 0x8CD4, 0x8CD4, 0x8CF5, 0x84B4, 0xF81F,
  0xF81F, 0xF81F, 0xF81F, 0xF81F, 0xF81F, 0xF81F, 0xF81F, 0xF81F, 0xF81F, 0xF81F,
  0xF81F, 0x84B4, 0x8CD5, 0x8CD5, 0x84D4, 0x8CD4, 0x84B4, 0xAE3B, 0xBF1F, 0xBEFE,
  0xBEFE, 0xBEFE, 0xBEFE, 0xBEFE, 0xBEFE, 0xBEFE, 0xBEFE, 0xBEFE, 0xBEFE, 0xBEFE,
  0xBEFE, 0xBF1F, 0xB67C, 0x8CD5, 0x84D4, 0x8CD4, 0x8CD4, 0x9516, 0x8CD4, 0xF81F,
  0xF81F, 0xF81F, 0xF81F, 0xF81F, 0xF81F, 0xF81F, 0xF81F, 0xF81F, 0xF81F, 0xF81F,
  0xF81F, 0xF81F, 0x84B4, 0x9536, 0x84D4, 0x8CD4, 0x8CD4, 0x84D4, 0xA5FA, 0xBEFE,
  0xBF1F, 0xBEFE, 0xBEFE, 0xBEFE, 0xBEFE, 0xBEFE, 0xBEFE, 0xBEFE, 0xBEFE, 0xBEFE,
  0xBF1F, 0xAE3B, 0x8CF5, 0x84B4, 0x8CD4, 0x84D4, 0x8D15, 0x84B4, 0xF81F, 0xF81F,
  0xF81F, 0xF81F, 0xF81F, 0xF81F, 0xF81F, 0xF81F, 0xF81F, 0xF81F, 0xF81F, 0xF81F,
  0xF81F, 0xF81F, 0xF81F, 0x8CD4, 0x9516, 0x84B4, 0x8CD4, 0x8CD4, 0x84B4, 0x9557,
  0xAE7C, 0xBEFE, 0xBF1F, 0xBF1F, 0xBF1F, 0xBF1F, 0xBF1F, 0xBF1F, 0xBEFE, 0xB69D,
  0x9D98, 0x84B4, 0x84D4, 0x8CD4, 0x8CD4, 0x84D4, 0x9515, 0x9D56, 0xF81F, 0xF81F,
  0xF81F, 0xF81F, 0xF81F, 0xF81F, 0xF81F, 0xF81F, 0xF81F, 0xF81F, 0xF81F, 0xF81F,
  0xF81F, 0xF81F, 0xF81F, 0xF81F, 0x8CD5, 0x9516, 0x84D4, 0x8CD4, 0x8CD4, 0x84B4,
  0x84D4, 0x9557, 0xA5F9, 0xAE3B, 0xB67C, 0xB67C, 0xAE5B, 0xA61A, 0x9577, 0x8CD5,
  0x84B4, 0x8CD4, 0x8CD4, 0x8CD4, 0x84D4, 0x8CD4, 0x9536, 0xA5B8, 0x9515, 0x638F,
  0x63B0, 0x63AF, 0xF81F, 0xF81F, 0xF81F, 0xF81F, 0xF81F, 0xF81F, 0xF81F, 0xF81F,
  0xF81F, 0xF81F, 0xF81F, 0xF81F, 0xF81F, 0x8CF5, 0x9516, 0x84D4, 0x84D4, 0x8CD4,
  0x8CD4, 0x84B4, 0x84B4, 0x84B4, 0x8CD4, 0x8CD5, 0x84D4, 0x84B4, 0x84B4, 0x8CD4,
  0x8CD4, 0x8CD4, 0x8CD4, 0x8D15, 0x8CF5, 0x9536, 0x9D76, 0x9515, 0x7431, 0x6BD0,
  0x6BD0, 0x6BF1, 0x63B0, 0xF81F, 0xF81F, 0xF81F, 0xF81F, 0xF81F, 0xF81F, 0xF81F,
  0xF81F, 0xF81F, 0xF81F, 0xF81F, 0xF81F, 0xF81F, 0x8CF5, 0x8CF5, 0x8D15, 0x8CD4,
  0x8CD4, 0x8CD4, 0x8CD4, 0x8CD4, 0x84D4, 0x84D4, 0x8CD4, 0x8CD4, 0x8CD4, 0x8CD4,
  0x8CD4, 0x8CF5, 0x8D15, 0x84D4, 0x9536, 0xA5B8, 0x9515, 0x6BF0, 0x638F, 0x63AF,
  0x63AF, 0x63AF, 0x6BF0, 0x63B0, 0xF81F, 0xF81F, 0xF81F, 0xF81F, 0xF81F, 0xF81F,
  0xF81F, 0xF81F, 0xF81F, 0xF81F, 0xF81F, 0xF81F, 0xF81F, 0x8CD4, 0x8CD5, 0x8CD5,
  0x9536, 0x8CF5, 0x8CD5, 0x8CD4, 0x8CD4, 0x8CD4, 0x8CD4, 0x8CD5, 0x8CF5, 0x9516,
  0x8CF5, 0x8CD4, 0x8CF4, 0xF81F, 0xF81F, 0x9535, 0x7411, 0x638F, 0x63B0, 0x63AF,
  0x63AF, 0x63AF, 0x63AF, 0x6BF0, 0x63AF, 0xF81F, 0xF81F, 0xF81F, 0xF81F, 0xF81F,
  0xF81F, 0xF81F, 0xF81F, 0xF81F, 0xF81F, 0xF81F, 0xF81F, 0xF81F, 0xF81F, 0x8CD4,
  0x84D4, 0x84D4, 0x84D4, 0x8CD4, 0x8CD5, 0x8CF5, 0x8CD4, 0x8CD4, 0x8CD4, 0x8CF5,
  0x8CD4, 0xF81F, 0xF81F, 0xF81F, 0xF81F, 0x638F, 0x6BD0, 0x63AF, 0x63AF, 0x63AF,
  0x63AF, 0x63AF, 0x63AF, 0x63AF, 0x6BF0, 0x63B0, 0xF81F, 0xF81F, 0xF81F, 0xF81F,
  0xF81F, 0xF81F, 0xF81F, 0xF81F, 0xF81F, 0xF81F, 0xF81F, 0xF81F, 0xF81F, 0xF81F,
  0xF81F, 0xF81F, 0xF81F, 0x8CD4, 0x84D4, 0x8CD4, 0x8CD4, 0xF81F, 0xF81F, 0xF81F,
  0xF81F, 0xF81F, 0xF81F, 0xF81F, 0xF81F, 0x63B0, 0x63B0, 0x63AF, 0x63AF, 0x63AF,
  0x63AF, 0x63AF, 0x63AF, 0x63AF, 0x63AF, 0x6BF0, 0x63AF, 0xF81F, 0xF81F, 0xF81F,
  0xF81F, 0xF81F, 0xF81F, 0xF81F, 0xF81F, 0xF81F, 0xF81F, 0xF81F, 0xF81F, 0xF81F,
  0xF81F, 0xF81F, 0xF81F, 0xF81F, 0xF81F, 0xF81F, 0xF81F, 0xF81F, 0xF81F, 0xF81F,
  0xF81F, 0xF81F, 0xF81F, 0xF81F, 0xF81F, 0x63AF, 0x6BF1, 0x638F, 0x63AF, 0x63AF,
  0x63AF, 0x63AF, 0x63AF, 0x63AF, 0x63AF, 0x63AF, 0x6BF0, 0x63B0, 0xF81F, 0xF81F,
  0xF81F, 0xF81F, 0xF81F, 0xF81F, 0xF81F, 0xF81F, 0xF81F, 0xF81F, 0xF81F, 0xF81F,
  0xF81F, 0xF81F, 0xF81F, 0xF81F, 0xF81F, 0xF81F, 0xF81F, 0xF81F, 0xF81F, 0xF81F,
  0xF81F, 0xF81F, 0xF81F, 0xF81F, 0xF81F, 0x63AF, 0x6BB0, 0x6BD0, 0x63AF, 0x63AF,
  0x63AF, 0x63AF, 0x63AF, 0x63AF, 0x63AF, 0x63AF, 0x63AF, 0x6BF1, 0x63AF, 0xF81F,
  0xF81F, 0xF81F, 0xF81F, 0xF81F, 0xF81F, 0xF81F, 0xF81F, 0xF81F, 0xF81F, 0xF81F,
  0xF81F, 0xF81F, 0xF81F, 0xF81F, 0xF81F, 0xF81F, 0xF81F, 0xF81F, 0xF81F, 0xF81F,
  0xF81F, 0xF81F, 0xF81F, 0xF81F, 0xF81F, 0xF81F, 0xF81F, 0x6BD0, 0x6BD0, 0x63AF,
  0x63AF, 0x63AF, 0x63AF, 0x63AF, 0x63AF, 0x63AF, 0x63AF, 0x63AF, 0x6BF0, 0x63AF,
  0xF81F, 0xF81F, 0xF81F, 0xF81F, 0xF81F, 0xF81F, 0xF81F, 0xF81F, 0xF81F, 0xF81F,
  0xF81F, 0xF81F, 0xF81F, 0xF81F, 0xF81F, 0xF81F, 0xF81F, 0xF81F, 0xF81F, 0xF81F,
  0xF81F, 0xF81F, 0xF81F, 0xF81F, 0xF81F, 0xF81F, 0xF81F, 0xF81F, 0x6BB0, 0x6BD0,
  0x63AF, 0x63AF, 0x63AF, 0x63AF, 0x63AF, 0x63AF, 0x63AF, 0x63AF, 0x6BD0, 0x63AF,
  0xF81F, 0xF81F, 0xF81F, 0xF81F, 0xF81F, 0xF81F, 0xF81F, 0xF81F, 0xF81F, 0xF81F,
  0xF81F, 0xF81F, 0xF81F, 0xF81F, 0xF81F, 0xF81F, 0xF81F, 0xF81F, 0xF81F, 0xF81F,
  0xF81F, 0xF81F, 0xF81F, 0xF81F, 0xF81F, 0xF81F, 0xF81F, 0xF81F, 0xF81F, 0x63B0,
  0x6BD0, 0x63AF, 0x63AF, 0x63AF, 0x63AF, 0x63AF, 0x63AF, 0x63AF, 0x63B0, 0x63AF,
  0xF81F, 0xF81F, 0xF81F, 0xF81F, 0xF81F, 0xF81F, 0xF81F, 0xF81F, 0xF81F, 0xF81F,
  0xF81F, 0xF81F, 0xF81F, 0xF81F, 0xF81F, 0xF81F, 0xF81F, 0xF81F, 0xF81F, 0xF81F,
  0xF81F, 0xF81F, 0xF81F, 0xF81F, 0xF81F, 0xF81F, 0xF81F, 0xF81F, 0xF81F, 0xF81F,
  0x63B0, 0x6BD0, 0x63AF, 0x63AF, 0x63AF, 0x63AF, 0x63AF, 0x63AF, 0x6BD0, 0x63AF,
  0xF81F, 0xF81F, 0xF81F, 0xF81F, 0xF81F, 0xF81F, 0xF81F, 0xF81F, 0xF81F, 0xF81F,
  0xF81F, 0xF81F, 0xF81F, 0xF81F, 0xF81F, 0xF81F, 0xF81F, 0xF81F, 0xF81F, 0xF81F,
  0xF81F, 0xF81F, 0xF81F, 0xF81F, 0xF81F, 0xF81F, 0xF81F, 0xF81F, 0xF81F, 0xF81F,
  0xF81F, 0x6BB0, 0x6BD0, 0x63AF, 0x63AF, 0x63AF, 0x63AF, 0x63AF, 0x6BF1, 0x63AF,
  0xF81F, 0xF81F, 0xF81F, 0xF81F, 0xF81F, 0xF81F, 0xF81F, 0xF81F, 0xF81F, 0xF81F,
  0xF81F, 0xF81F, 0xF81F, 0xF81F, 0xF81F, 0xF81F, 0xF81F, 0xF81F, 0xF81F, 0xF81F,
  0xF81F, 0xF81F, 0xF81F, 0xF81F, 0xF81F, 0xF81F, 0xF81F, 0xF81F, 0xF81F, 0xF81F,
  0xF81F, 0xF81F, 0x6BD0, 0x6BF1, 0x63B0, 0x63AF, 0x63B0, 0x6BF1, 0x63AF, 0xF81F,
  0xF81F, 0xF81F, 0xF81F, 0xF81F, 0xF81F, 0xF81F, 0xF81F, 0xF81F, 0xF81F, 0xF81F,
  0xF81F, 0xF81F, 0xF81F, 0xF81F, 0xF81F, 0xF81F, 0xF81F, 0xF81F, 0xF81F, 0xF81F,
  0xF81F, 0xF81F, 0xF81F, 0xF81F, 0xF81F, 0xF81F, 0xF81F, 0xF81F, 0xF81F, 0xF81F,
  0xF81F, 0xF81F, 0xF81F, 0x63AF, 0x63AF, 0x63B0, 0x63B0, 0x63AF, 0xF81F, 0xF81F
};

static const uint16_t kEmoji_brain[1600] PROGMEM = {
  0xF81F, 0xF81F, 0xF81F, 0xF81F, 0xF81F, 0xF81F, 0xF81F, 0xF81F, 0xF81F, 0xF81F,
  0xF81F, 0xF81F, 0xF81F, 0xF81F, 0xF81F, 0xF81F, 0xF81F, 0xF81F, 0xF81F, 0xF81F,
  0xF81F, 0xF81F, 0xF81F, 0xF81F, 0xF81F, 0xF81F, 0xF81F, 0xF81F, 0xF81F, 0xF81F,
  0xF81F, 0xF81F, 0xF81F, 0xF81F, 0xF81F, 0xF81F, 0xF81F, 0xF81F, 0xF81F, 0xF81F,
  0xF81F, 0xF81F, 0xF81F, 0xF81F, 0xF81F, 0xF81F, 0xF81F, 0xF81F, 0xF81F, 0xF81F,
  0xF81F, 0xF81F, 0xF81F, 0xF81F, 0xF81F, 0xF81F, 0xF81F, 0xF81F, 0xF81F, 0xF81F,
  0xF81F, 0xF81F, 0xF81F, 0xF81F, 0xF81F, 0xF81F, 0xF81F, 0xF81F, 0xF81F, 0xF81F,
  0xF81F, 0xF81F, 0xF81F, 0xF81F, 0xF81F, 0xF81F, 0xF81F, 0xF81F, 0xF81F, 0xF81F,
  0xF81F, 0xF81F, 0xF81F, 0xF81F, 0xF81F, 0xF81F, 0xF81F, 0xF81F, 0xF81F, 0xF81F,
  0xF81F, 0xF81F, 0xF81F, 0xF81F, 0xF81F, 0xF81F, 0xF81F, 0xF81F, 0xF81F, 0xF81F,
  0xF81F, 0xF81F, 0xF81F, 0xF81F, 0xF81F, 0xF81F, 0xF81F, 0xF81F, 0xF81F, 0xF81F,
  0xF81F, 0xF81F, 0xF81F, 0xF81F, 0xF81F, 0xF81F, 0xF81F, 0xF81F, 0xF81F, 0xF81F,
  0xF81F, 0xF81F, 0xF81F, 0xF81F, 0xF81F, 0xF81F, 0xF81F, 0xF81F, 0xF81F, 0xF81F,
  0xF81F, 0xF81F, 0xF81F, 0xF81F, 0xF81F, 0xF81F, 0xF81F, 0xF81F, 0xF81F, 0xF81F,
  0xF81F, 0xF81F, 0xF81F, 0xF81F, 0xF81F, 0xF81F, 0xF81F, 0xF81F, 0xF81F, 0xF81F,
  0xF81F, 0xF81F, 0xF81F, 0xF81F, 0xF81F, 0xF81F, 0xF81F, 0xF81F, 0xF81F, 0xF81F,
  0xF81F, 0xF81F, 0xF81F, 0xF81F, 0xF81F, 0xF81F, 0xF81F, 0xF81F, 0xF81F, 0xF81F,
  0xF81F, 0xF81F, 0xF81F, 0xF81F, 0xF81F, 0xF577, 0xF557, 0xF557, 0xF557, 0xF557,
  0xF557, 0xF577, 0xF557, 0xF557, 0xF557, 0xF81F, 0xF81F, 0xF81F, 0xF81F, 0xF81F,
  0xF81F, 0xF81F, 0xF81F, 0xF81F, 0xF81F, 0xF81F, 0xF81F, 0xF81F, 0xF81F, 0xF81F,
  0xF81F, 0xF81F, 0xF81F, 0xF81F, 0xF81F, 0xF81F, 0xF81F, 0xF81F, 0xF81F, 0xF81F,
  0xF81F, 0xF556, 0xF536, 0xF557, 0xF557, 0xF577, 0xFDB8, 0xFDD9, 0xFDB8, 0xFDB8,
  0xFDB8, 0xFDB8, 0xFDD9, 0xFD77, 0xF557, 0xF577, 0xF577, 0xFD97, 0xF537, 0xF81F,
  0xF81F, 0xF81F, 0xF81F, 0xF81F, 0xF81F, 0xF81F, 0xF81F, 0xF81F, 0xF81F, 0xF81F,
  0xF81F, 0xF81F, 0xF81F, 0xF81F, 0xF81F, 0xF81F, 0xF81F, 0xF81F, 0xF81F, 0xF557,
  0xFD77, 0xFD77, 0xFDD9, 0xFDB8, 0xFD77, 0xF577, 0xF577, 0xF557, 0xF557, 0xF557,
  0xF577, 0xF577, 0xF557, 0xF557, 0xF557, 0xF4D5, 0xFCF5, 0xFD98, 0xFDB8, 0xFD77,
  0xF81F, 0xF81F, 0xF81F, 0xF81F, 0xF81F, 0xF81F, 0xF81F, 0xF81F, 0xF81F, 0xF81F,
  0xF81F, 0xF81F, 0xF81F, 0xF81F, 0xF81F, 0xF81F, 0xF81F, 0xF557, 0xF577, 0xFD98,
  0xFDB8, 0xF536, 0xEBD1, 0xEB0E, 0xEAEE, 0xEB2F, 0xF536, 0xF577, 0xF557, 0xF577,
  0xF4B4, 0xEB90, 0xF536, 0xF577, 0xF516, 0xEB0E, 0xEAEE, 0xEACE, 0xEBD1, 0xFDB8,
  0xF577, 0xF536, 0xF81F, 0xF81F, 0xF81F, 0xF81F, 0xF81F, 0xF81F, 0xF81F, 0xF81F,
  0xF81F, 0xF81F, 0xF81F, 0xF81F, 0xF81F, 0xF81F, 0xF557, 0xFD98, 0xFD98, 0xF577,
  0xF4F6, 0xEB0E, 0xEAEE, 0xEC32, 0xF473, 0xEC12, 0xF536, 0xF577, 0xF557, 0xF597,
  0xEB90, 0xEB2F, 0xF577, 0xF557, 0xF557, 0xF516, 0xF4F5, 0xF453, 0xEACD, 0xEB4F,
  0xFD77, 0xF577, 0xF577, 0xF81F, 0xF81F, 0xF81F, 0xF81F, 0xF81F, 0xF81F, 0xF81F,
  0xF81F, 0xF81F, 0xF81F, 0xF81F, 0xF81F, 0xF557, 0xFDB8, 0xF577, 0xF557, 0xF597,
  0xEBD1, 0xEB2F, 0xF557, 0xF598, 0xF598, 0xF597, 0xF557, 0xF557, 0xF577, 0xF557,
  0xEB2F, 0xEC12, 0xF598, 0xF557, 0xF557, 0xF597, 0xF598, 0xF598, 0xF4F5, 0xEB0E,
  0xF4D5, 0xF577, 0xFDB8, 0xF577, 0xF577, 0xF81F, 0xF81F, 0xF81F, 0xF81F, 0xF81F,
  0xF81F, 0xF81F, 0xF81F, 0xF81F, 0xF557, 0xFDB8, 0xF557, 0xF557, 0xF577, 0xF577,
  0xF536, 0xF556, 0xF577, 0xF536, 0xF556, 0xF577, 0xF597, 0xF577, 0xF557, 0xF577,
  0xEB70, 0xEBB1, 0xF598, 0xF557, 0xF577, 0xF4F5, 0xF4D5, 0xF597, 0xF598, 0xF557,
  0xF557, 0xF557, 0xF557, 0xFDB8, 0xF557, 0xF81F, 0xF81F, 0xF81F, 0xF81F, 0xF81F,
  0xF81F, 0xF81F, 0xF81F, 0xF556, 0xFDB8, 0xF557, 0xF557, 0xF557, 0xF516, 0xF557,
  0xF577, 0xF557, 0xF597, 0xEC32, 0xEB2F, 0xF4F5, 0xF4B4, 0xF4F5, 0xF557, 0xF598,
  0xEC12, 0xEB0E, 0xF557, 0xF557, 0xF598, 0xEC53, 0xEACD, 0xEC12, 0xEBF2, 0xF557,
  0xF577, 0xF557, 0xF577, 0xF557, 0xFDB8, 0xF556, 0xF81F, 0xF81F, 0xF81F, 0xF81F,
  0xF81F, 0xF81F, 0xF557, 0xF577, 0xF577, 0xF557, 0xF597, 0xF494, 0xEB2F, 0xF577,
  0xF557, 0xF557, 0xF577, 0xF516, 0xEB2F, 0xEAAD, 0xEACD, 0xF453, 0xF577, 0xF577,
  0xF4D5, 0xEACD, 0xF4D5, 0xF577, 0xF557, 0xF557, 0xEB2F, 0xEAAD, 0xEBB1, 0xF557,
  0xF557, 0xF557, 0xF536, 0xF577, 0xF577, 0xFD97, 0xF536, 0xF81F, 0xF81F, 0xF81F,
  0xF81F, 0xF81F, 0xF557, 0xFDB8, 0xF557, 0xF557, 0xF597, 0xF453, 0xEAEE, 0xF557,
  0xF557, 0xF557, 0xF557, 0xF597, 0xEB90, 0xEB70, 0xF516, 0xF557, 0xF557, 0xF557,
  0xF577, 0xEAEE, 0xF473, 0xF597, 0xF557, 0xF577, 0xEB0E, 0xF453, 0xF5B8, 0xF557,
  0xF557, 0xF597, 0xEBF1, 0xEB70, 0xF536, 0xFD98, 0xF557, 0xF81F, 0xF81F, 0xF81F,
  0xF81F, 0xED56, 0xFD98, 0xF557, 0xF557, 0xF557, 0xF597, 0xF4B5, 0xEACE, 0xF515,
  0xF577, 0xF557, 0xF577, 0xF536, 0xEAEE, 0xF494, 0xF598, 0xF557, 0xF557, 0xF577,
  0xF494, 0xEAAD, 0xF473, 0xF577, 0xF557, 0xF577, 0xEAEE, 0xF473, 0xF577, 0xF557,
  0xF557, 0xF577, 0xF4D5, 0xEAEE, 0xEB70, 0xF557, 0xFDB8, 0xF557, 0xF81F, 0xF81F,
  0xF81F, 0xF557, 0xFDB8, 0xF557, 0xF557, 0xF557, 0xF577, 0xF536, 0xEAEE, 0xF473,
  0xF5B8, 0xF577, 0xF577, 0xF4F5, 0xEACE, 0xF516, 0xF577, 0xF557, 0xF577, 0xF473,
  0xEACD, 0xEB2F, 0xEAEE, 0xF4F5, 0xF577, 0xF577, 0xEB2F, 0xEBD1, 0xF577, 0xF557,
  0xF577, 0xF557, 0xF598, 0xF4D5, 0xEAAD, 0xF494, 0xFDB8, 0xF557, 0xF81F, 0xF81F,
  0xF81F, 0xF557, 0xFD97, 0xF557, 0xF557, 0xF557, 0xF557, 0xF597, 0xEBB0, 0xEB4F,
  0xF4D5, 0xF4F5, 0xF597, 0xF4B4, 0xEACE, 0xF536, 0xF577, 0xF557, 0xF577, 0xF516,
  0xF4D5, 0xF536, 0xF4B4, 0xF536, 0xF557, 0xF577, 0xF453, 0xF453, 0xF598, 0xF557,
  0xF4D5, 0xF557, 0xF557, 0xF577, 0xEB4F, 0xEBD1, 0xFDB8, 0xF556, 0xF81F, 0xF81F,
  0xF557, 0xF557, 0xF577, 0xF557, 0xF577, 0xF597, 0xF557, 0xF597, 0xF474, 0xEA8D,
  0xEACD, 0xEBB1, 0xF597, 0xF4F5, 0xEACD, 0xF4F5, 0xF577, 0xF557, 0xF557, 0xF557,
  0xF597, 0xF597, 0xF5B8, 0xF598, 0xF598, 0xF598, 0xF5B8, 0xF5B8, 0xF4F5, 0xEB90,
  0xEAEE, 0xF536, 0xF577, 0xF577, 0xEB90, 0xEBB1, 0xF598, 0xFD98, 0xF556, 0xF81F,
  0xF577, 0xFD98, 0xF557, 0xF557, 0xF4D5, 0xEBD1, 0xF557, 0xF577, 0xEB2F, 0xEB70,
  0xF516, 0xF536, 0xF577, 0xF536, 0xEB0E, 0xEC12, 0xF598, 0xF557, 0xF577, 0xF597,
  0xF536, 0xF473, 0xEBB1, 0xEB70, 0xEB70, 0xEBD1, 0xEBB1, 0xEB4F, 0xEACD, 0xEB0E,
  0xF4B4, 0xF577, 0xF577, 0xF557, 0xEB0E, 0xEC12, 0xF597, 0xFD98, 0xF557, 0xF81F,
  0xF557, 0xFDD9, 0xF4B5, 0xEB0E, 0xEAEE, 0xEB6F, 0xF557, 0xF557, 0xF432, 0xF4F5,
  0xF597, 0xF577, 0xF577, 0xF5B8, 0xEC32, 0xEB0E, 0xF557, 0xF577, 0xF516, 0xEBF2,
  0xEAEE, 0xEACE, 0xEB70, 0xEBB1, 0xEBB1, 0xEB70, 0xEB70, 0xEBD1, 0xF494, 0xF577,
  0xF577, 0xF557, 0xF577, 0xF516, 0xEB2F, 0xF4F5, 0xF577, 0xF577, 0xF557, 0xF557,
  0xF557, 0xFD98, 0xF536, 0xEC32, 0xEACD, 0xF453, 0xF598, 0xF557, 0xF597, 0xF577,
  0xF577, 0xF577, 0xF4F5, 0xF473, 0xEBD1, 0xEA8C, 0xEB2F, 0xEB2F, 0xEACD, 0xEAEE,
  0xF432, 0xF536, 0xF577, 0xF597, 0xF597, 0xF577, 0xF577, 0xF598, 0xF577, 0xEBD1,
  0xF4D5, 0xF577, 0xF557, 0xF557, 0xF557, 0xF577, 0xF557, 0xF557, 0xF577, 0xF557,
  0xF557, 0xF557, 0xF577, 0xF5B8, 0xEBD1, 0xEB0F, 0xF577, 0xF577, 0xF557, 0xF577,
  0xF4F5, 0xEB4F, 0xEACD, 0xEAEE, 0xEB4F, 0xEBB0, 0xEBD1, 0xEC12, 0xF4B4, 0xF557,
  0xF597, 0xF577, 0xF577, 0xF577, 0xF557, 0xF557, 0xF557, 0xF557, 0xF556, 0xEB0E,
  0xEBF1, 0xF5B8, 0xF577, 0xF577, 0xF557, 0xF557, 0xF557, 0xF577, 0xF557, 0xFD57,
  0xF81F, 0xF557, 0xFD98, 0xF577, 0xF516, 0xEACE, 0xEB90, 0xF556, 0xF598, 0xF4B4,
  0xEACD, 0xEB4F, 0xF4B4, 0xF536, 0xF577, 0xF597, 0xF598, 0xF597, 0xF577, 0xF577,
  0xF557, 0xF557, 0xEC12, 0xF4F5, 0xF598, 0xF577, 0xF577, 0xF577, 0xF5B8, 0xEBF2,
  0xEA8C, 0xEBD1, 0xF494, 0xF557, 0xF557, 0xF557, 0xF557, 0xFD97, 0xF557, 0xF81F,
  0xF81F, 0xF557, 0xFDB8, 0xF557, 0xF577, 0xF4D5, 0xEAEE, 0xEAEE, 0xEBD1, 0xEACD,
  0xEBD1, 0xF577, 0xF577, 0xF577, 0xF577, 0xF597, 0xF557, 0xF557, 0xF557, 0xF557,
  0xF577, 0xF598, 0xEB2F, 0xEB90, 0xF516, 0xF516, 0xF536, 0xF516, 0xEC12, 0xEACD,
  0xEB90, 0xEB2F, 0xEB2F, 0xF536, 0xF577, 0xF557, 0xF577, 0xFDB8, 0xF557, 0xF81F,
  0xF81F, 0xF81F, 0xF557, 0xFDD9, 0xF556, 0xF577, 0xF536, 0xEC12, 0xEAAD, 0xEB70,
  0xF577, 0xF557, 0xF557, 0xF577, 0xF4F5, 0xF432, 0xF577, 0xF597, 0xF597, 0xF598,
  0xF536, 0xEBF2, 0xEAEE, 0xEACD, 0xEACD, 0xEACE, 0xEB0E, 0xEACD, 0xEAEE, 0xEC32,
  0xF577, 0xF577, 0xF577, 0xF557, 0xF557, 0xEB90, 0xF4D5, 0xFDD9, 0xF556, 0xF81F,
  0xF81F, 0xF81F, 0xF81F, 0xF577, 0xFDB8, 0xFD77, 0xF577, 0xF536, 0xEACD, 0xF494,
  0xF597, 0xF557, 0xF557, 0xF598, 0xF494, 0xEA8C, 0xEB70, 0xEBB0, 0xEBF2, 0xF432,
  0xEB0E, 0xEACE, 0xF453, 0xF516, 0xF4F5, 0xF4D5, 0xF433, 0xEACD, 0xF4B4, 0xF598,
  0xF557, 0xF557, 0xF557, 0xF598, 0xF4B4, 0xEAAD, 0xF4F5, 0xFDD9, 0xF557, 0xF81F,
  0xF81F, 0xF81F, 0xF81F, 0xF81F, 0xFD77, 0xFD77, 0xFDB8, 0xFD77, 0xF412, 0xF536,
  0xF577, 0xF557, 0xF577, 0xF494, 0xEAEE, 0xEB2F, 0xEBB0, 0xEB90, 0xEB2F, 0xEA6C,
  0xEB90, 0xF556, 0xF597, 0xF577, 0xF577, 0xF597, 0xF557, 0xEBF2, 0xF516, 0xF577,
  0xF557, 0xF557, 0xF577, 0xF516, 0xEAEE, 0xEB90, 0xFD98, 0xF557, 0xF577, 0xF81F,
  0xF81F, 0xF81F, 0xF81F, 0xF81F, 0xF81F, 0xF81F, 0xFD77, 0xF577, 0xF597, 0xF577,
  0xF557, 0xF557, 0xF557, 0xEB4F, 0xEBB1, 0xF557, 0xF598, 0xF598, 0xF577, 0xEB90,
  0xF494, 0xF598, 0xF536, 0xF557, 0xF577, 0xF557, 0xF557, 0xF577, 0xF577, 0xF557,
  0xF557, 0xF577, 0xF473, 0xEAAD, 0xEB4F, 0xF516, 0xFDD9, 0xF556, 0xF81F, 0xF81F,
  0xF81F, 0xF81F, 0xF81F, 0xF81F, 0xF81F, 0xF81F, 0xF81F, 0xF81F, 0xF556, 0xFDB8,
  0xF557, 0xF557, 0xF577, 0xF516, 0xF557, 0xF577, 0xF557, 0xF557, 0xF557, 0xF536,
  0xF557, 0xF577, 0xF598, 0xF597, 0xF556, 0xF577, 0xF5B8, 0xF597, 0xF577, 0xF557,
  0xF557, 0xF557, 0xF4D5, 0xEC53, 0xF557, 0xFDD9, 0xF557, 0xF81F, 0xF81F, 0xF81F,
  0xF81F, 0xF81F, 0xF81F, 0xF81F, 0xF81F, 0xF81F, 0xF81F, 0xF81F, 0xF81F, 0xF557,
  0xFDD9, 0xF557, 0xF557, 0xF577, 0xF557, 0xF557, 0xF557, 0xF557, 0xF577, 0xF598,
  0xF598, 0xF536, 0xEC12, 0xE2AD, 0xE22B, 0xE26C, 0xEB4F, 0xEC53, 0xF516, 0xF577,
  0xF598, 0xF5B8, 0xF5B8, 0xFDF9, 0xFD98, 0xF557, 0xF81F, 0xF81F, 0xF81F, 0xF81F,
  0xF81F, 0xF81F, 0xF81F, 0xF81F, 0xF81F, 0xF81F, 0xF81F, 0xF81F, 0xF81F, 0xF81F,
  0xF577, 0xFDB8, 0xFDB8, 0xFD98, 0xFD98, 0xFDB8, 0xFD98, 0xF597, 0xF516, 0xEC12,
  0xE30E, 0xE1C9, 0xD927, 0xD948, 0xE1C9, 0xE1CA, 0xD9A9, 0xD9A9, 0xD9A9, 0xE26C,
  0xE32F, 0xEBB1, 0xEC12, 0xF516, 0xFD77, 0xF81F, 0xF81F, 0xF81F, 0xF81F, 0xF81F,
  0xF81F, 0xF81F, 0xF81F, 0xF81F, 0xF81F, 0xF81F, 0xF81F, 0xF81F, 0xF81F, 0xF81F,
  0xF81F, 0xF577, 0xF557, 0xF557, 0xF557, 0xF598, 0xEC12, 0xF28C, 0xE1CA, 0xE168,
  0xD927, 0xD968, 0xE22B, 0xEAAD, 0xEAEE, 0xEAEE, 0xEAEE, 0xEACD, 0xEA8D, 0xE26C,
  0xE20A, 0xEA0B, 0xE20A, 0xF81F, 0xF81F, 0xF81F, 0xF81F, 0xF81F, 0xF81F, 0xF81F,
  0xF81F, 0xF81F, 0xF81F, 0xF81F, 0xF81F, 0xF81F, 0xF81F, 0xF81F, 0xF81F, 0xF81F,
  0xF81F, 0xF81F, 0xF81F, 0xF81F, 0xF81F, 0xF81F, 0xF81F, 0xD927, 0xE168, 0xD968,
  0xE1C9, 0xEAAD, 0xEAEE, 0xEACD, 0xEACD, 0xEACD, 0xEACD, 0xEACD, 0xEACE, 0xEACE,
  0xEAEE, 0xFB0F, 0xEAEE, 0xF81F, 0xF81F, 0xF81F, 0xF81F, 0xF81F, 0xF81F, 0xF81F,
  0xF81F, 0xF81F, 0xF81F, 0xF81F, 0xF81F, 0xF81F, 0xF81F, 0xF81F, 0xF81F, 0xF81F,
  0xF81F, 0xF81F, 0xF81F, 0xF81F, 0xF81F, 0xF81F, 0xF81F, 0xF81F, 0xF81F, 0xF81F,
  0xEAEE, 0xEAEE, 0xFAEE, 0xEACD, 0xEACD, 0xEACD, 0xEACD, 0xEACD, 0xEACD, 0xEACE,
  0xFAEE, 0xEACD, 0xF81F, 0xF81F, 0xF81F, 0xF81F, 0xF81F, 0xF81F, 0xF81F, 0xF81F,
  0xF81F, 0xF81F, 0xF81F, 0xF81F, 0xF81F, 0xF81F, 0xF81F, 0xF81F, 0xF81F, 0xF81F,
  0xF81F, 0xF81F, 0xF81F, 0xF81F, 0xF81F, 0xF81F, 0xF81F, 0xF81F, 0xF81F, 0xF81F,
  0xF81F, 0xE2AD, 0xEACE, 0xEACD, 0xF2EE, 0xFB0E, 0xFB0E, 0xFAEE, 0xF2EE, 0xEACE,
  0xEACD, 0xF81F, 0xF81F, 0xF81F, 0xF81F, 0xF81F, 0xF81F, 0xF81F, 0xF81F, 0xF81F,
  0xF81F, 0xF81F, 0xF81F, 0xF81F, 0xF81F, 0xF81F, 0xF81F, 0xF81F, 0xF81F, 0xF81F,
  0xF81F, 0xF81F, 0xF81F, 0xF81F, 0xF81F, 0xF81F, 0xF81F, 0xF81F, 0xF81F, 0xF81F,
  0xF81F, 0xF81F, 0xF81F, 0xE2AD, 0xEACD, 0xEACD, 0xEACD, 0xEACD, 0xEACE, 0xF81F,
  0xF81F, 0xF81F, 0xF81F, 0xF81F, 0xF81F, 0xF81F, 0xF81F, 0xF81F, 0xF81F, 0xF81F,
  0xF81F, 0xF81F, 0xF81F, 0xF81F, 0xF81F, 0xF81F, 0xF81F, 0xF81F, 0xF81F, 0xF81F,
  0xF81F, 0xF81F, 0xF81F, 0xF81F, 0xF81F, 0xF81F, 0xF81F, 0xF81F, 0xF81F, 0xF81F,
  0xF81F, 0xF81F, 0xF81F, 0xF81F, 0xF81F, 0xF81F, 0xF81F, 0xF81F, 0xF81F, 0xF81F,
  0xF81F, 0xF81F, 0xF81F, 0xF81F, 0xF81F, 0xF81F, 0xF81F, 0xF81F, 0xF81F, 0xF81F,
  0xF81F, 0xF81F, 0xF81F, 0xF81F, 0xF81F, 0xF81F, 0xF81F, 0xF81F, 0xF81F, 0xF81F,
  0xF81F, 0xF81F, 0xF81F, 0xF81F, 0xF81F, 0xF81F, 0xF81F, 0xF81F, 0xF81F, 0xF81F,
  0xF81F, 0xF81F, 0xF81F, 0xF81F, 0xF81F, 0xF81F, 0xF81F, 0xF81F, 0xF81F, 0xF81F,
  0xF81F, 0xF81F, 0xF81F, 0xF81F, 0xF81F, 0xF81F, 0xF81F, 0xF81F, 0xF81F, 0xF81F,
  0xF81F, 0xF81F, 0xF81F, 0xF81F, 0xF81F, 0xF81F, 0xF81F, 0xF81F, 0xF81F, 0xF81F,
  0xF81F, 0xF81F, 0xF81F, 0xF81F, 0xF81F, 0xF81F, 0xF81F, 0xF81F, 0xF81F, 0xF81F,
  0xF81F, 0xF81F, 0xF81F, 0xF81F, 0xF81F, 0xF81F, 0xF81F, 0xF81F, 0xF81F, 0xF81F,
  0xF81F, 0xF81F, 0xF81F, 0xF81F, 0xF81F, 0xF81F, 0xF81F, 0xF81F, 0xF81F, 0xF81F,
  0xF81F, 0xF81F, 0xF81F, 0xF81F, 0xF81F, 0xF81F, 0xF81F, 0xF81F, 0xF81F, 0xF81F,
  0xF81F, 0xF81F, 0xF81F, 0xF81F, 0xF81F, 0xF81F, 0xF81F, 0xF81F, 0xF81F, 0xF81F,
  0xF81F, 0xF81F, 0xF81F, 0xF81F, 0xF81F, 0xF81F, 0xF81F, 0xF81F, 0xF81F, 0xF81F,
  0xF81F, 0xF81F, 0xF81F, 0xF81F, 0xF81F, 0xF81F, 0xF81F, 0xF81F, 0xF81F, 0xF81F
};

static const uint16_t kEmoji_thought[1600] PROGMEM = {
  0xF81F, 0xF81F, 0xF81F, 0xF81F, 0xF81F, 0xF81F, 0xF81F, 0xF81F, 0xF81F, 0xF81F,
  0xF81F, 0xF81F, 0xF81F, 0xF81F, 0xF81F, 0xF81F, 0xF81F, 0xF81F, 0xF81F, 0xF81F,
  0xF81F, 0xF81F, 0xF81F, 0xF81F, 0xF81F, 0xF81F, 0xF81F, 0xF81F, 0xF81F, 0xF81F,
  0xF81F, 0xF81F, 0xF81F, 0xF81F, 0xF81F, 0xF81F, 0xF81F, 0xF81F, 0xF81F, 0xF81F,
  0xF81F, 0xF81F, 0xF81F, 0xF81F, 0xF81F, 0xF81F, 0xF81F, 0xF81F, 0xF81F, 0xF81F,
  0xF81F, 0xF81F, 0xF81F, 0xBEDE, 0xBF1E, 0xBEFE, 0xBEFE, 0xBEFE, 0xBEFE, 0xBEFE,
  0xBF1E, 0xBEFE, 0xF81F, 0xF81F, 0xF81F, 0xF81F, 0xF81F, 0xF81F, 0xF81F, 0xF81F,
  0xF81F, 0xF81F, 0xF81F, 0xF81F, 0xF81F, 0xF81F, 0xF81F, 0xF81F, 0xF81F, 0xF81F,
  0xF81F, 0xF81F, 0xF81F, 0xF81F, 0xF81F, 0xF81F, 0xF81F, 0xF81F, 0xF81F, 0xF81F,
  0xF81F, 0xBEFE, 0xBEFE, 0xC73F, 0xCF7F, 0xC75F, 0xC73F, 0xC73F, 0xC73F, 0xC75F,
  0xCF7F, 0xBEFE, 0xBEFE, 0xBEFE, 0xF81F, 0xF81F, 0xF81F, 0xF81F, 0xF81F, 0xF81F,
  0xF81F, 0xF81F, 0xF81F, 0xF81F, 0xF81F, 0xF81F, 0xF81F, 0xF81F, 0xF81F, 0xF81F,
  0xF81F, 0xF81F, 0xF81F, 0xF81F, 0xF81F, 0xF81F, 0xF81F, 0xF81F, 0xF81F, 0xBEDE,
  0xC71F, 0xCF5F, 0xC73F, 0xBEFE, 0xBEFE, 0xBEFE, 0xBEFE, 0xBEFE, 0xBEFE, 0xBEFE,
  0xBEFE, 0xBEFE, 0xC75F, 0xC71F, 0xC71F, 0xF81F, 0xF81F, 0xF81F, 0xF81F, 0xF81F,
  0xF81F, 0xF81F, 0xF81F, 0xF81F, 0xF81F, 0xF81F, 0xF81F, 0xF81F, 0xF81F, 0xF81F,
  0xF81F, 0xF81F, 0xF81F, 0xF81F, 0xF81F, 0xF81F, 0xF81F, 0xF81F, 0xBEDE, 0xC73F,
  0xC73F, 0xBEFE, 0xBEFE, 0xBEFE, 0xBEFE, 0xBEFE, 0xBEFE, 0xBEFE, 0xBEFE, 0xBEFE,
  0xBEFE, 0xBEFE, 0xBEFE, 0xBEFE, 0xCF5F, 0xBEFE, 0xF81F, 0xF81F, 0xF81F, 0xF81F,
  0xF81F, 0xF81F, 0xF81F, 0xF81F, 0xF81F, 0xF81F, 0xF81F, 0xF81F, 0xF81F, 0xF81F,
  0xF81F, 0xF81F, 0xF81F, 0xF81F, 0xF81F, 0xF81F, 0xF81F, 0xBEDE, 0xC73F, 0xBEFE,
  0xBEFE, 0xBEFE, 0xBEFE, 0xBEFE, 0xBEFE, 0xBEFE, 0xBEFE, 0xBEFE, 0xBEFE, 0xBEFE,
  0xBEFE, 0xBEFE, 0xBEFE, 0xBEFE, 0xBEFE, 0xCF5F, 0xBEFE, 0xF81F, 0xBEFD, 0xBEDE,
  0xBEFE, 0xBEFE, 0xBEFE, 0xBF1E, 0xF81F, 0xF81F, 0xF81F, 0xF81F, 0xF81F, 0xF81F,
  0xF81F, 0xF81F, 0xF81F, 0xF81F, 0xF81F, 0xF81F, 0xBEFF, 0xC71E, 0xC71F, 0xBEFE,
  0xBEFE, 0xBEFE, 0xBEFE, 0xBEFE, 0xBEFE, 0xBEFE, 0xBEFE, 0xBEFE, 0xBEFE, 0xBEFE,
  0xBEFE, 0xBEFE, 0xBEFE, 0xBEFE, 0xBEFE, 0xBEFE, 0xC71F, 0xBEFE, 0xBEFE, 0xCF5F,
  0xCF9F, 0xCF9F, 0xCF5F, 0xC71F, 0xC71F, 0xBEDE, 0xF81F, 0xF81F, 0xF81F, 0xF81F,
  0xF81F, 0xF81F, 0xF81F, 0xF81F, 0xF81F, 0xF81F, 0xBEDE, 0xCF5F, 0xBEFE, 0xBEFE,
  0xBEFE, 0xBEFE, 0xBEFE, 0xBEFE, 0xBEFE, 0xBEFE, 0xBEFE, 0xBEFE, 0xBEFE, 0xBEFE,
  0xBEFE, 0xBEFE, 0xBEFE, 0xBEFE, 0xBEFE, 0xBEFE, 0xBEFE, 0xC71F, 0xC71F, 0xBEFE,
  0xBEFE, 0xBEFE, 0xBEFE, 0xBEFE, 0xC75F, 0xC71F, 0xBEDE, 0xF81F, 0xF81F, 0xF81F,
  0xF81F, 0xF81F, 0xF81F, 0xF81F, 0xF81F, 0xBEDE, 0xC73F, 0xBEFE, 0xBEFE, 0xBEFE,
  0xBEFE, 0xBEFE, 0xBEFE, 0xBEFE, 0xBEFE, 0xBEFE, 0xBEFE, 0xBEFE, 0xBEFE, 0xBEFE,
  0xBEFE, 0xBEFE, 0xBEFE, 0xBEFE, 0xBEFE, 0xBEFE, 0xBEFE, 0xBEFE, 0xBEFE, 0xBEFE,
  0xBEFE, 0xBEFE, 0xBEFE, 0xBEFE, 0xBEFE, 0xBEFE, 0xC73F, 0xBEFE, 0xF81F, 0xF81F,
  0xF81F, 0xF81F, 0xF81F, 0xF81F, 0xF81F, 0xBEFE, 0xC75F, 0xBEFE, 0xBEFE, 0xBEFE,
  0xBEFE, 0xBEFE, 0xBEFE, 0xBEFE, 0xBEFE, 0xBEFE, 0xBEFE, 0xBEFE, 0xBEFE, 0xBEFE,
  0xBEFE, 0xBEFE, 0xBEFE, 0xBEFE, 0xBEFE, 0xBEFE, 0xBEFE, 0xBEFE, 0xBEFE, 0xBEFE,
  0xBEFE, 0xBEFE, 0xBEFE, 0xBEFE, 0xBEFE, 0xBEFE, 0xC71F, 0xBEFE, 0xF81F, 0xF81F,
  0xF81F, 0xF81F, 0xF81F, 0xBEFE, 0xC71F, 0xBEFE, 0xBEFE, 0xBEFE, 0xBEFE, 0xBEFE,
  0xBEFE, 0xBEFE, 0xBEFE, 0xBEFE, 0xBEFE, 0xBEFE, 0xBEFE, 0xBEFE, 0xBEFE, 0xBEFE,
  0xBEFE, 0xBEFE, 0xBEFE, 0xBEFE, 0xBEFE, 0xBEFE, 0xBEFE, 0xBEFE, 0xBEFE, 0xBEFE,
  0xBEFE, 0xBEFE, 0xBEFE, 0xBEFE, 0xBEFE, 0xBEFE, 0xBEFE, 0xCF7F, 0xBEFE, 0xF81F,
  0xF81F, 0xF81F, 0xBEFE, 0xC75F, 0xC75F, 0xBEFE, 0xBEFE, 0xBEFE, 0xBEFE, 0xBEFE,
  0xBEFE, 0xBEFE, 0xBEFE, 0xBEFE, 0xBEFE, 0xBEFE, 0xBEFE, 0xBEFE, 0xBEFE, 0xBEFE,
  0xBEFE, 0xBEFE, 0xBEFE, 0xBEFE, 0xBEFE, 0xBEFE, 0xBEFE, 0xBEFE, 0xBEFE, 0xBEFE,
  0xBEFE, 0xBEFE, 0xBEFE, 0xBEFE, 0xBEFE, 0xBEFE, 0xBEFE, 0xC73F, 0xBEFE, 0xF81F,
  0xF81F, 0xBEDE, 0xCF7F, 0xBEFE, 0xBEFE, 0xBEFE, 0xBEFE, 0xBEFE, 0xBEFE, 0xBEFE,
  0xBEFE, 0xBEFE, 0xBEFE, 0xBEFE, 0xBEFE, 0xBEFE, 0xBEFE, 0xBEFE, 0xBEFE, 0xBEFE,
  0xBEFE, 0xBEFE, 0xBEFE, 0xBEFE, 0xBEFE, 0xBEFE, 0xBEFE, 0xBEFE, 0xBEFE, 0xBEFE,
  0xBEFE, 0xBEFE, 0xBEFE, 0xBEFE, 0xBEFE, 0xBEFE, 0xBEFE, 0xC73F, 0xBEFE, 0xF81F,
  0xBEFE, 0xC73F, 0xBEFE, 0xBEFE, 0xBEFE, 0xBEFE, 0xBEFE, 0xBEFE, 0xBEFE, 0xBEFE,
  0xBEFE, 0xBEFE, 0xBEFE, 0xBEFE, 0xBEFE, 0xBEFE, 0xBEFE, 0xBEFE, 0xBEFE, 0xBEFE,
  0xBEFE, 0xBEFE, 0xBEFE, 0xBEFE, 0xBEFE, 0xBEFE, 0xBEFE, 0xBEFE, 0xBEFE, 0xBEFE,
  0xBEFE, 0xBEFE, 0xBEFE, 0xBEFE, 0xBEFE, 0xBEFE, 0xBEFE, 0xC73F, 0xBEFE, 0xF81F,
  0xBEFE, 0xC73F, 0xBEFE, 0xBEFE, 0xBEFE, 0xBEFE, 0xBEFE, 0xBEFE, 0xBEFE, 0xBEFE,
  0xBEFE, 0xBEFE, 0xBEFE, 0xBEFE, 0xBEFE, 0xBEFE, 0xBEFE, 0xBEFE, 0xBEFE, 0xBEFE,
  0xBEFE, 0xBEFE, 0xBEFE, 0xBEFE, 0xBEFE, 0xBEFE, 0xBEFE, 0xBEFE, 0xBEFE, 0xBEFE,
  0xBEFE, 0xBEFE, 0xBEFE, 0xBEFE, 0xBEFE, 0xBEFE, 0xBEFE, 0xC73F, 0xBEFE, 0xF81F,
  0xBEFE, 0xBEFE, 0xBEFE, 0xBEFE, 0xBEFE, 0xBEFE, 0xBEFE, 0xBEFE, 0xBEFE, 0xBEFE,
  0xBEFE, 0xBEFE, 0xBEFE, 0xBEFE, 0xBEFE, 0xBEFE, 0xBEFE, 0xBEFE, 0xBEFE, 0xBEFE,
  0xBEFE, 0xBEFE, 0xBEFE, 0xBEFE, 0xBEFE, 0xBEFE, 0xBEFE, 0xBEFE, 0xBEFE, 0xBEFE,
  0xBEFE, 0xBEFE, 0xBEFE, 0xBEFE, 0xBEFE, 0xBEFE, 0xBEFE, 0xC75F, 0xBEFE, 0xF81F,
  0xBEFE, 0xBEFE, 0xBEFE, 0xBEFE, 0xBEFE, 0xBEFE, 0xBEFE, 0xBEFE, 0xBEFE, 0xBEFE,
  0xBEFE, 0xBEFE, 0xBEFE, 0xBEFE, 0xBEFE, 0xBEFE, 0xBEFE, 0xBEFE, 0xBEFE, 0xBEFE,
  0xBEFE, 0xBEFE, 0xBEFE, 0xBEFE, 0xBEFE, 0xBEFE, 0xBEFE, 0xBEFE, 0xBEFE, 0xBEFE,
  0xBEFE, 0xBEFE, 0xBEFE, 0xBEFE, 0xBEFE, 0xBEFE, 0xBEFE, 0xCF5F, 0xBEFE, 0xF81F,
  0xBEFE, 0xBEFE, 0xBEFE, 0xBEFE, 0xBEFE, 0xBEFE, 0xBEFE, 0xBEFE, 0xBEFE, 0xBEFE,
  0xBEFE, 0xBEFE, 0xBEFE, 0xBEFE, 0xBEFE, 0xBEFE, 0xBEFE, 0xBEFE, 0xBEFE, 0xBEFE,
  0xBEFE, 0xBEFE, 0xBEFE, 0xBEFE, 0xBEFE, 0xBEFE, 0xBEFE, 0xBEFE, 0xBEFE, 0xBEFE,
  0xBEFE, 0xBEFE, 0xBEFE, 0xBEFE, 0xBEFE, 0xBEFE, 0xCF5F, 0xBEDE, 0xF81F, 0xF81F,
  0xBEFE, 0xC71F, 0xBEFE, 0xBEFE, 0xBEFE, 0xBEFE, 0xBEFE, 0xBEFE, 0xBEFE, 0xBEFE,
  0xBEFE, 0xBEFE, 0xBEFE, 0xBEFE, 0xBEFE, 0xBEFE, 0xBEFE, 0xBEFE, 0xBEFE, 0xBEFE,
  0xBEFE, 0xBEFE, 0xBEFE, 0xBEFE, 0xBEFE, 0xBEFE, 0xBEFE, 0xBEFE, 0xBEFE, 0xBEFE,
  0xBEFE, 0xBEFE, 0xBEFE, 0xBEFE, 0xBEFE, 0xC75F, 0xC71F, 0xC73F, 0xF81F, 0xF81F,
  0xBEFE, 0xCF5F, 0xBEFE, 0xBEFE, 0xBEFE, 0xBEFE, 0xBEFE, 0xBEFE, 0xBEFE, 0xBEFE,
  0xBEFE, 0xBEFE, 0xBEFE, 0xBEFE, 0xBEFE, 0xBEFE, 0xBEFE, 0xBEFE, 0xBEFE, 0xBEFE,
  0xBEFE, 0xBEFE, 0xBEFE, 0xBEFE, 0xBEFE, 0xBEFE, 0xBEFE, 0xBEFE, 0xBEFE, 0xBEFE,
  0xBEFE, 0xBEFE, 0xBEFE, 0xBEFE, 0xC73F, 0xC71F, 0xBEFE, 0xF81F, 0xF81F, 0xF81F,
  0xF81F, 0xBEFE, 0xCF5F, 0xBEFE, 0xBEFE, 0xBEFE, 0xBEFE, 0xBEFE, 0xBEFE, 0xBEFE,
  0xBEFE, 0xBEFE, 0xBEFE, 0xBEFE, 0xBEFE, 0xBEFE, 0xBEFE, 0xBEFE, 0xBEFE, 0xBEFE,
  0xBEFE, 0xBEFE, 0xBEFE, 0xBEFE, 0xBEFE, 0xBEFE, 0xBEFE, 0xBEFE, 0xBEFE, 0xBEFE,
  0xBEFE, 0xBEFE, 0xBEFE, 0xC73F, 0xBF1E, 0xF81F, 0xF81F, 0xF81F, 0xF81F, 0xF81F,
  0xF81F, 0xBEFE, 0xBEFE, 0xCF7F, 0xBEFE, 0xBEFE, 0xBEFE, 0xBEFE, 0xBEFE, 0xBEFE,
  0xBEFE, 0xBEFE, 0xBEFE, 0xBEFE, 0xBEFE, 0xBEFE, 0xBEFE, 0xBEFE, 0xBEFE, 0xBEFE,
  0xBEFE, 0xBEFE, 0xBEFE, 0xBEFE, 0xBEFE, 0xBEFE, 0xBEFE, 0xBEFE, 0xBEFE, 0xBEFE,
  0xBEFE, 0xBEFE, 0xBEFE, 0xCF7F, 0xBEFE, 0xF81F, 0xF81F, 0xF81F, 0xF81F, 0xF81F,
  0xF81F, 0xF81F, 0xF81F, 0xC71F, 0xC71F, 0xC71F, 0xBEFE, 0xBEFE, 0xBEFE, 0xBEFE,
  0xBEFE, 0xBEFE, 0xBEFE, 0xBEFE, 0xBEFE, 0xBEFE, 0xBEFE, 0xBEFE, 0xBEFE, 0xBEFE,
  0xBEFE, 0xBEFE, 0xBEFE, 0xBEFE, 0xBEFE, 0xBEFE, 0xBEFE, 0xBEFE, 0xBEFE, 0xBEFE,
  0xBEFE, 0xBEFE, 0xBEFE, 0xCF9F, 0xBEFE, 0xF81F, 0xF81F, 0xF81F, 0xF81F, 0xF81F,
  0xF81F, 0xF81F, 0xF81F, 0xF81F, 0xC71E, 0xBEFE, 0xCF5F, 0xBEFE, 0xBEFE, 0xBEFE,
  0xBEFE, 0xBEFE, 0xBEFE, 0xBEFE, 0xBEFE, 0xBEFE, 0xBEFE, 0xBEFE, 0xBEFE, 0xBEFE,
  0xBEFE, 0xBEFE, 0xBEFE, 0xBEFE, 0xBEFE, 0xBEFE, 0xBEFE, 0xBEFE, 0xBEFE, 0xBEFE,
  0xBEFE, 0xBEFE, 0xBEFE, 0xCF9F, 0xBEFE, 0xF81F, 0xF81F, 0xF81F, 0xF81F, 0xF81F,
  0xF81F, 0xF81F, 0xF81F, 0xF81F, 0xF81F, 0xBEDE, 0xC75F, 0xBEFE, 0xBEFE, 0xBEFE,
  0xBEFE, 0xBEFE, 0xBEFE, 0xBEFE, 0xBEFE, 0xBEFE, 0xBEFE, 0xBEFE, 0xBEFE, 0xBEFE,
  0xBEFE, 0xBEFE, 0xBEFE, 0xBEFE, 0xBEFE, 0xBEFE, 0xBEFE, 0xBEFE, 0xBEFE, 0xBEFE,
  0xBEFE, 0xBEFE, 0xBEFE, 0xC73F, 0xBEFE, 0xF81F, 0xF81F, 0xF81F, 0xF81F, 0xF81F,
  0xF81F, 0xF81F, 0xF81F, 0xF81F, 0xF81F, 0xC71E, 0xBEFE, 0xBF1E, 0xBEFE, 0xBEFE,
  0xBEFE, 0xBEFE, 0xBEFE, 0xBEFE, 0xBEFE, 0xBEFE, 0xBEFE, 0xBEFE, 0xBEFE, 0xBEFE,
  0xBEFE, 0xBEFE, 0xBEFE, 0xBEFE, 0xBEFE, 0xBEFE, 0xBEFE, 0xBEFE, 0xBEFE, 0xBEFE,
  0xBEFE, 0xBEFE, 0xBF1E, 0xBEFE, 0xBF3E, 0xF81F, 0xF81F, 0xF81F, 0xF81F, 0xF81F,
  0xF81F, 0xF81F, 0xF81F, 0xF81F, 0xF81F, 0xF81F, 0xBEFE, 0xCF5F, 0xBEFE, 0xBEFE,
  0xBEFE, 0xBEFE, 0xBEFE, 0xBEFE, 0xBEFE, 0xBEFE, 0xBEFE, 0xBEFE, 0xBEFE, 0xBEFE,
  0xBEFE, 0xBEFE, 0xBEFE, 0xBEFE, 0xBEFE, 0xBEFE, 0xBEFE, 0xBEFE, 0xBEFE, 0xBEFE,
  0xBEFE, 0xBEFE, 0xCF5F, 0xBEFE, 0xF81F, 0xF81F, 0xF81F, 0xF81F, 0xF81F, 0xF81F,
  0xF81F, 0xF81F, 0xF81F, 0xF81F, 0xF81F, 0xF81F, 0xBEDE, 0xC71E, 0xC71F, 0xBEFE,
  0xBEFE, 0xBEFE, 0xBEFE, 0xBEFE, 0xBEFE, 0xBEFE, 0xBEFE, 0xBEFE, 0xBEDE, 0xC71F,
  0xC71F, 0xBEDE, 0xBEFE, 0xBEFE, 0xBEFE, 0xBEFE, 0xBEFE, 0xBEFE, 0xBEFE, 0xBEFE,
  0xBEFE, 0xC71F, 0xC71E, 0xBEFE, 0xF81F, 0xF81F, 0xF81F, 0xF81F, 0xF81F, 0xF81F,
  0xF81F, 0xF81F, 0xF81F, 0xF81F, 0xF81F, 0xF81F, 0xF81F, 0xBEDE, 0xC71F, 0xC73F,
  0xBEFE, 0xBEFE, 0xBEFE, 0xBEFE, 0xBEFE, 0xBEFE, 0xBEFE, 0xBEFE, 0xCF5F, 0xBEFE,
  0xBEFE, 0xCF5F, 0xBEFE, 0xBEFE, 0xBEFE, 0xBEFE, 0xBEFE, 0xBEFE, 0xBEFE, 0xBEFE,
  0xC73F, 0xC71E, 0xBEDE, 0xF81F, 0xF81F, 0xF81F, 0xF81F, 0xF81F, 0xF81F, 0xF81F,
  0xF81F, 0xF81F, 0xF81F, 0xF81F, 0xF81F, 0xF81F, 0xF81F, 0xF81F, 0xBEDE, 0xC71F,
  0xCF7F, 0xC73F, 0xBEFE, 0xBEFE, 0xBEFE, 0xBEFE, 0xC75F, 0xCF5F, 0xC71F, 0xBEDE,
  0xBEDE, 0xC71F, 0xCF5F, 0xC75F, 0xBEFE, 0xBEFE, 0xBEFE, 0xBEFE, 0xC73F, 0xCF7F,
  0xC71F, 0xBEDE, 0xF81F, 0xF81F, 0xF81F, 0xF81F, 0xF81F, 0xF81F, 0xF81F, 0xF81F,
  0xF81F, 0xF81F, 0xF81F, 0xF81F, 0xF81F, 0xF81F, 0xF81F, 0xF81F, 0xF81F, 0xF81F,
  0xBEFE, 0xC71F, 0xBEFE, 0xBF1E, 0xBF1E, 0xBEFE, 0xC71F, 0xC71F, 0xF81F, 0xF81F,
  0xF81F, 0xF81F, 0xC71F, 0xC71F, 0xBEFE, 0xBF1E, 0xBF1E, 0xBEFE, 0xC71F, 0xBEFE,
  0xF81F, 0xF81F, 0xF81F, 0xF81F, 0xF81F, 0xF81F, 0xF81F, 0xF81F, 0xF81F, 0xF81F,
  0xF81F, 0xF81F, 0xBEDE, 0xBEFE, 0xC71F, 0xC71F, 0xBEDE, 0xF81F, 0xF81F, 0xF81F,
  0xF81F, 0xF81F, 0xF81F, 0xBEDD, 0xBEDD, 0xF81F, 0xF81F, 0xF81F, 0xF81F, 0xF81F,
  0xF81F, 0xF81F, 0xF81F, 0xF81F, 0xF81F, 0xBEDD, 0xBEDD, 0xF81F, 0xF81F, 0xF81F,
  0xF81F, 0xF81F, 0xF81F, 0xF81F, 0xF81F, 0xF81F, 0xF81F, 0xF81F, 0xF81F, 0xF81F,
  0xF81F, 0xBEFE, 0xC75F, 0xC73F, 0xC71F, 0xC75F, 0xC71F, 0xBEFE, 0xF81F, 0xF81F,
  0xF81F, 0xF81F, 0xF81F, 0xF81F, 0xF81F, 0xF81F, 0xF81F, 0xF81F, 0xF81F, 0xF81F,
  0xF81F, 0xF81F, 0xF81F, 0xF81F, 0xF81F, 0xF81F, 0xF81F, 0xF81F, 0xF81F, 0xF81F,
  0xF81F, 0xF81F, 0xF81F, 0xF81F, 0xF81F, 0xF81F, 0xF81F, 0xF81F, 0xF81F, 0xF81F,
  0xF81F, 0xBEFE, 0xC73F, 0xBEFE, 0xBEFE, 0xBEDE, 0xCF5F, 0xBEFE, 0xF81F, 0xF81F,
  0xF81F, 0xF81F, 0xF81F, 0xF81F, 0xF81F, 0xF81F, 0xF81F, 0xF81F, 0xF81F, 0xF81F,
  0xF81F, 0xF81F, 0xF81F, 0xF81F, 0xF81F, 0xF81F, 0xF81F, 0xF81F, 0xF81F, 0xF81F,
  0xF81F, 0xF81F, 0xF81F, 0xF81F, 0xF81F, 0xF81F, 0xF81F, 0xF81F, 0xF81F, 0xF81F,
  0xF81F, 0xBEFE, 0xC71F, 0xBEFE, 0xBEFE, 0xBEFE, 0xC73F, 0xBEDE, 0xF81F, 0xF81F,
  0xF81F, 0xF81F, 0xF81F, 0xF81F, 0xF81F, 0xF81F, 0xF81F, 0xF81F, 0xF81F, 0xF81F,
  0xF81F, 0xF81F, 0xF81F, 0xF81F, 0xF81F, 0xF81F, 0xF81F, 0xF81F, 0xF81F, 0xF81F,
  0xF81F, 0xF81F, 0xF81F, 0xF81F, 0xF81F, 0xF81F, 0xF81F, 0xF81F, 0xF81F, 0xF81F,
  0xF81F, 0xBEFE, 0xC75F, 0xBEFE, 0xBEFE, 0xBEFE, 0xCF5F, 0xBEFE, 0xF81F, 0xF81F,
  0xF81F, 0xF81F, 0xF81F, 0xF81F, 0xF81F, 0xF81F, 0xF81F, 0xF81F, 0xF81F, 0xF81F,
  0xF81F, 0xF81F, 0xF81F, 0xF81F, 0xF81F, 0xF81F, 0xF81F, 0xF81F, 0xF81F, 0xF81F,
  0xF81F, 0xF81F, 0xF81F, 0xF81F, 0xF81F, 0xF81F, 0xF81F, 0xF81F, 0xF81F, 0xF81F,
  0xF81F, 0xBEDE, 0xC73F, 0xCF5F, 0xC73F, 0xCF7F, 0xC71F, 0xBEDE, 0xF81F, 0xF81F,
  0xF81F, 0xF81F, 0xF81F, 0xF81F, 0xF81F, 0xF81F, 0xF81F, 0xF81F, 0xF81F, 0xF81F,
  0xF81F, 0xF81F, 0xF81F, 0xF81F, 0xF81F, 0xF81F, 0xF81F, 0xF81F, 0xF81F, 0xF81F,
  0xF81F, 0xF81F, 0xF81F, 0xF81F, 0xF81F, 0xF81F, 0xF81F, 0xF81F, 0xF81F, 0xF81F,
  0xF81F, 0xF81F, 0xBEDE, 0xBF1E, 0xC71F, 0xBF1E, 0xBEBE, 0xF81F, 0xF81F, 0xF81F,
  0xF81F, 0xF81F, 0xF81F, 0xF81F, 0xF81F, 0xF81F, 0xF81F, 0xF81F, 0xF81F, 0xF81F,
  0xF81F, 0xF81F, 0xF81F, 0xF81F, 0xF81F, 0xF81F, 0xF81F, 0xF81F, 0xF81F, 0xF81F,
  0xF81F, 0xF81F, 0xF81F, 0xF81F, 0xF81F, 0xF81F, 0xF81F, 0xF81F, 0xF81F, 0xF81F,
  0xF81F, 0xF81F, 0xF81F, 0xF81F, 0xF81F, 0xF81F, 0xF81F, 0xF81F, 0xF81F, 0xF81F,
  0xF81F, 0xF81F, 0xF81F, 0xF81F, 0xF81F, 0xF81F, 0xF81F, 0xF81F, 0xF81F, 0xF81F,
  0xF81F, 0xF81F, 0xF81F, 0xF81F, 0xF81F, 0xF81F, 0xF81F, 0xF81F, 0xF81F, 0xF81F,
  0xF81F, 0xF81F, 0xF81F, 0xF81F, 0xF81F, 0xF81F, 0xF81F, 0xF81F, 0xF81F, 0xF81F,
  0xF81F, 0xF81F, 0xF81F, 0xF81F, 0xF81F, 0xF81F, 0xF81F, 0xF81F, 0xF81F, 0xF81F,
  0xF81F, 0xF81F, 0xF81F, 0xF81F, 0xF81F, 0xF81F, 0xF81F, 0xF81F, 0xF81F, 0xF81F,
  0xF81F, 0xF81F, 0xF81F, 0xF81F, 0xF81F, 0xF81F, 0xF81F, 0xF81F, 0xF81F, 0xF81F,
  0xF81F, 0xF81F, 0xF81F, 0xF81F, 0xF81F, 0xF81F, 0xF81F, 0xF81F, 0xF81F, 0xF81F
};

static const uint16_t kEmoji_bulb[1600] PROGMEM = {
  0xF81F, 0xF81F, 0xF81F, 0xF81F, 0xF81F, 0xF81F, 0xF81F, 0xF81F, 0xF81F, 0xF81F,
  0xF81F, 0xF81F, 0xF81F, 0xF81F, 0xF81F, 0xF81F, 0xFED0, 0xFED0, 0xFED0, 0xFED0,
  0xFED0, 0xFED0, 0xFED0, 0xFED0, 0xFED0, 0xF81F, 0xF81F, 0xF81F, 0xF81F, 0xF81F,
  0xF81F, 0xF81F, 0xF81F, 0xF81F, 0xF81F, 0xF81F, 0xF81F, 0xF81F, 0xF81F, 0xF81F,
  0xF81F, 0xF81F, 0xF81F, 0xF81F, 0xF81F, 0xF81F, 0xF81F, 0xF81F, 0xF81F, 0xF81F,
  0xF81F, 0xF81F, 0xF81F, 0xF81F, 0xFED0, 0xFED0, 0xFF11, 0xFF31, 0xFEF0, 0xFEF0,
  0xFEF0, 0xFEF0, 0xFF11, 0xFF11, 0xFEF0, 0xFEF0, 0xFECF, 0xF81F, 0xF81F, 0xF81F,
  0xF81F, 0xF81F, 0xF81F, 0xF81F, 0xF81F, 0xF81F, 0xF81F, 0xF81F, 0xF81F, 0xF81F,
  0xF81F, 0xF81F, 0xF81F, 0xF81F, 0xF81F, 0xF81F, 0xF81F, 0xF81F, 0xF81F, 0xF81F,
  0xF81F, 0xF81F, 0xFEAF, 0xFEF0, 0xFF31, 0xFEF0, 0xFED0, 0xFED0, 0xFED0, 0xFED0,
  0xFED0, 0xFED0, 0xFED0, 0xFED0, 0xFEF0, 0xFF31, 0xFEF0, 0xFEB0, 0xF81F, 0xF81F,
  0xF81F, 0xF81F, 0xF81F, 0xF81F, 0xF81F, 0xF81F, 0xF81F, 0xF81F, 0xF81F, 0xF81F,
  0xF81F, 0xF81F, 0xF81F, 0xF81F, 0xF81F, 0xF81F, 0xF81F, 0xF81F, 0xF81F, 0xF81F,
  0xF81F, 0xFEB0, 0xFF11, 0xFEF0, 0xFED0, 0xFED0, 0xFED0, 0xFED0, 0xFED0, 0xFED0,
  0xFED0, 0xFED0, 0xFED0, 0xFED0, 0xFED0, 0xFED0, 0xFEF0, 0xFF11, 0xFED0, 0xF81F,
  0xF81F, 0xF81F, 0xF81F, 0xF81F, 0xF81F, 0xF81F, 0xF81F, 0xF81F, 0xF81F, 0xF81F,
  0xF81F, 0xF81F, 0xF81F, 0xF81F, 0xF81F, 0xF81F, 0xF81F, 0xF81F, 0xF81F, 0xF81F,
  0xFEB0, 0xFF31, 0xFED0, 0xFEB0, 0xFED0, 0xFED0, 0xFED0, 0xFED0, 0xFED0, 0xFED0,
  0xFED0, 0xFED0, 0xFED0, 0xFED0, 0xFED0, 0xFED0, 0xFED0, 0xFED0, 0xFF31, 0xFEB0,
  0xF81F, 0xF81F, 0xF81F, 0xF81F, 0xF81F, 0xF81F, 0xF81F, 0xF81F, 0xF81F, 0xF81F,
  0xF81F, 0xF81F, 0xF81F, 0xF81F, 0xF81F, 0xF81F, 0xF81F, 0xF81F, 0xF81F, 0xFED0,
  0xFEF0, 0xFEF0, 0xFED0, 0xFED0, 0xFED0, 0xFED0, 0xFED0, 0xFED0, 0xFED0, 0xFED0,
  0xFED0, 0xFED0, 0xFED0, 0xFED0, 0xFED0, 0xFED0, 0xFED0, 0xFEB0, 0xFEF0, 0xFEF0,
  0xFEB0, 0xF81F, 0xF81F, 0xF81F, 0xF81F, 0xF81F, 0xF81F, 0xF81F, 0xF81F, 0xF81F,
  0xF81F, 0xF81F, 0xF81F, 0xF81F, 0xF81F, 0xF81F, 0xF81F, 0xF81F, 0xF81F, 0xFED0,
  0xFF31, 0xFED0, 0xFED0, 0xFED0, 0xFED0, 0xFED0, 0xFED0, 0xFED0, 0xFED0, 0xFED0,
  0xFED0, 0xFED0, 0xFED0, 0xFED0, 0xFED0, 0xFED0, 0xFED0, 0xFED0, 0xFED0, 0xFF11,
  0xFEB0, 0xF81F, 0xF81F, 0xF81F, 0xF81F, 0xF81F, 0xF81F, 0xF81F, 0xF81F, 0xF81F,
  0xF81F, 0xF81F, 0xF81F, 0xF81F, 0xF81F, 0xF81F, 0xF81F, 0xF81F, 0xFED0, 0xFEF0,
  0xFED0, 0xFED0, 0xFED0, 0xFED0, 0xFED0, 0xFED0, 0xFED0, 0xFED0, 0xFED0, 0xFED0,
  0xFED0, 0xFED0, 0xFED0, 0xFED0, 0xFED0, 0xFED0, 0xFED0, 0xFED0, 0xFED0, 0xFED0,
  0xFF11, 0xFEAF, 0xF81F, 0xF81F, 0xF81F, 0xF81F, 0xF81F, 0xF81F, 0xF81F, 0xF81F,
  0xF81F, 0xF81F, 0xF81F, 0xF81F, 0xF81F, 0xF81F, 0xF81F, 0xF81F, 0xFED0, 0xFF31,
  0xFED0, 0xFED0, 0xFED0, 0xFED0, 0xFED0, 0xFED0, 0xFED0, 0xFED0, 0xFED0, 0xFED0,
  0xFED0, 0xFED0, 0xFED0, 0xFED0, 0xFED0, 0xFED0, 0xFED0, 0xFED0, 0xFED0, 0xFED0,
  0xFF31, 0xFEB0, 0xF81F, 0xF81F, 0xF81F, 0xF81F, 0xF81F, 0xF81F, 0xF81F, 0xF81F,
  0xF81F, 0xF81F, 0xF81F, 0xF81F, 0xF81F, 0xF81F, 0xF81F, 0xF81F, 0xFED0, 0xFEF0,
  0xFED0, 0xFED0, 0xFED0, 0xFED0, 0xFED0, 0xFED0, 0xFED0, 0xFED0, 0xFED0, 0xFED0,
  0xFED0, 0xFED0, 0xFED0, 0xFED0, 0xFED0, 0xFED0, 0xFED0, 0xFED0, 0xFED0, 0xFED0,
  0xFEF0, 0xFED0, 0xF81F, 0xF81F, 0xF81F, 0xF81F, 0xF81F, 0xF81F, 0xF81F, 0xF81F,
  0xF81F, 0xF81F, 0xF81F, 0xF81F, 0xF81F, 0xF81F, 0xF81F, 0xFED0, 0xFEF0, 0xFED0,
  0xFED0, 0xFED0, 0xFED0, 0xFED0, 0xFED0, 0xFED0, 0xFED0, 0xFED0, 0xFED0, 0xFED0,
  0xFED0, 0xFED0, 0xFED0, 0xFED0, 0xFED0, 0xFED0, 0xFED0, 0xFED0, 0xFED0, 0xFED0,
  0xFED0, 0xFEF0, 0xFED0, 0xF81F, 0xF81F, 0xF81F, 0xF81F, 0xF81F, 0xF81F, 0xF81F,
  0xF81F, 0xF81F, 0xF81F, 0xF81F, 0xF81F, 0xF81F, 0xF81F, 0xFED0, 0xFF31, 0xFED0,
  0xFED0, 0xFED0, 0xFED0, 0xFED0, 0xFEAE, 0xFE6A, 0xFE8C, 0xFED0, 0xFED0, 0xFED0,
  0xFED0, 0xFED0, 0xFED0, 0xFE8C, 0xFE6A, 0xFEAE, 0xFED0, 0xFED0, 0xFED0, 0xFED0,
  0xFED0, 0xFF31, 0xFED0, 0xF81F, 0xF81F, 0xF81F, 0xF81F, 0xF81F, 0xF81F, 0xF81F,
  0xF81F, 0xF81F, 0xF81F, 0xF81F, 0xF81F, 0xF81F, 0xF81F, 0xFEF0, 0xFF11, 0xFED0,
  0xFED0, 0xFED0, 0xFED0, 0xFED1, 0xFE8C, 0xFE48, 0xFE69, 0xFE8C, 0xFED0, 0xFED0,
  0xFED0, 0xFED0, 0xFE8C, 0xFE69, 0xFE48, 0xFE8C, 0xFED1, 0xFED0, 0xFED0, 0xFED0,
  0xFED0, 0xFF31, 0xFED0, 0xF81F, 0xF81F, 0xF81F, 0xF81F, 0xF81F, 0xF81F, 0xF81F,
  0xF81F, 0xF81F, 0xF81F, 0xF81F, 0xF81F, 0xF81F, 0xF81F, 0xFEB0, 0xFF31, 0xFED0,
  0xFED0, 0xFED0, 0xFED0, 0xFED0, 0xFECF, 0xFE6B, 0xFE69, 0xFE49, 0xFE8C, 0xFED0,
  0xFED0, 0xFE8C, 0xFE49, 0xFE69, 0xFE6B, 0xFECF, 0xFED0, 0xFED0, 0xFED0, 0xFED0,
  0xFED0, 0xFF11, 0xFED0, 0xF81F, 0xF81F, 0xF81F, 0xF81F, 0xF81F, 0xF81F, 0xF81F,
  0xF81F, 0xF81F, 0xF81F, 0xF81F, 0xF81F, 0xF81F, 0xF81F, 0xFEF0, 0xFEF0, 0xFED0,
  0xFED0, 0xFED0, 0xFED0, 0xFED0, 0xFED0, 0xFECF, 0xFE6A, 0xFE49, 0xFE69, 0xFE8C,
  0xFE8C, 0xFE69, 0xFE49, 0xFE6A, 0xFECF, 0xFED0, 0xFED0, 0xFED0, 0xFED0, 0xFED0,
  0xFED0, 0xFED0, 0xFED0, 0xF81F, 0xF81F, 0xF81F, 0xF81F, 0xF81F, 0xF81F, 0xF81F,
  0xF81F, 0xF81F, 0xF81F, 0xF81F, 0xF81F, 0xF81F, 0xF81F, 0xF81F, 0xFED0, 0xFF11,
  0xFED0, 0xFED0, 0xFED0, 0xFED0, 0xFED0, 0xFED0, 0xFECF, 0xFE6A, 0xFE49, 0xFE69,
  0xFE69, 0xFE49, 0xFE6A, 0xFECF, 0xFED0, 0xFED0, 0xFED0, 0xFED0, 0xFED0, 0xFED0,
  0xFF11, 0xFED0, 0xF81F, 0xF81F, 0xF81F, 0xF81F, 0xF81F, 0xF81F, 0xF81F, 0xF81F,
  0xF81F, 0xF81F, 0xF81F, 0xF81F, 0xF81F, 0xF81F, 0xF81F, 0xF81F, 0xFEB0, 0xFF31,
  0xFED0, 0xFED0, 0xFED0, 0xFED0, 0xFED0, 0xFED0, 0xFED0, 0xFECF, 0xFE6B, 0xFE69,
  0xFE69, 0xFE6B, 0xFECF, 0xFED0, 0xFED0, 0xFED0, 0xFED0, 0xFED0, 0xFED0, 0xFED0,
  0xFF31, 0xFED0, 0xF81F, 0xF81F, 0xF81F, 0xF81F, 0xF81F, 0xF81F, 0xF81F, 0xF81F,
  0xF81F, 0xF81F, 0xF81F, 0xF81F, 0xF81F, 0xF81F, 0xF81F, 0xF81F, 0xFE8F, 0xFED0,
  0xFED0, 0xFED0, 0xFED0, 0xFED0, 0xFED0, 0xFED0, 0xFED0, 0xFED0, 0xFEAF, 0xFE69,
  0xFE69, 0xFEAF, 0xFED0, 0xFED0, 0xFED0, 0xFED0, 0xFED0, 0xFED0, 0xFED0, 0xFEF0,
  0xFED0, 0xFECF, 0xF81F, 0xF81F, 0xF81F, 0xF81F, 0xF81F, 0xF81F, 0xF81F, 0xF81F,
  0xF81F, 0xF81F, 0xF81F, 0xF81F, 0xF81F, 0xF81F, 0xF81F, 0xF81F, 0xF81F, 0xFEB0,
  0xFF51, 0xFEB0, 0xFED0, 0xFED0, 0xFED0, 0xFED0, 0xFED0, 0xFED0, 0xFEAF, 0xFE69,
  0xFE69, 0xFEAF, 0xFED0, 0xFED0, 0xFED0, 0xFED0, 0xFED0, 0xFED0, 0xFEB0, 0xFF51,
  0xFEB0, 0xF81F, 0xF81F, 0xF81F, 0xF81F, 0xF81F, 0xF81F, 0xF81F, 0xF81F, 0xF81F,
  0xF81F, 0xF81F, 0xF81F, 0xF81F, 0xF81F, 0xF81F, 0xF81F, 0xF81F, 0xF81F, 0xF81F,
  0xFED0, 0xFF11, 0xFED0, 0xFED0, 0xFED0, 0xFED0, 0xFED0, 0xFED0, 0xFEAF, 0xFE69,
  0xFE69, 0xFEAF, 0xFED0, 0xFED0, 0xFED0, 0xFED0, 0xFED0, 0xFED0, 0xFF11, 0xFED0,
  0xF81F, 0xF81F, 0xF81F, 0xF81F, 0xF81F, 0xF81F, 0xF81F, 0xF81F, 0xF81F, 0xF81F,
  0xF81F, 0xF81F, 0xF81F, 0xF81F, 0xF81F, 0xF81F, 0xF81F, 0xF81F, 0xF81F, 0xF81F,
  0xFEF0, 0xFF10, 0xFED0, 0xFED0, 0xFED0, 0xFED0, 0xFED0, 0xFED0, 0xFEAF, 0xFE69,
  0xFE69, 0xFEAF, 0xFED0, 0xFED0, 0xFED0, 0xFED0, 0xFED0, 0xFEF0, 0xFEF0, 0xFEB0,
  0xF81F, 0xF81F, 0xF81F, 0xF81F, 0xF81F, 0xF81F, 0xF81F, 0xF81F, 0xF81F, 0xF81F,
  0xF81F, 0xF81F, 0xF81F, 0xF81F, 0xF81F, 0xF81F, 0xF81F, 0xF81F, 0xF81F, 0xF81F,
  0xF81F, 0xFEB0, 0xFF31, 0xFEB0, 0xFED0, 0xFED0, 0xFED0, 0xFED0, 0xFEAF, 0xFE69,
  0xFE69, 0xFEAF, 0xFED0, 0xFED0, 0xFED0, 0xFED0, 0xFEB0, 0xFF31, 0xFEB0, 0xF81F,
  0xF81F, 0xF81F, 0xF81F, 0xF81F, 0xF81F, 0xF81F, 0xF81F, 0xF81F, 0xF81F, 0xF81F,
  0xF81F, 0xF81F, 0xF81F, 0xF81F, 0xF81F, 0xF81F, 0xF81F, 0xF81F, 0xF81F, 0xF81F,
  0xF81F, 0xF81F, 0xFEF0, 0xFEF0, 0xFED0, 0xFED0, 0xFED0, 0xFED0, 0xFEAF, 0xFE69,
  0xFE69, 0xFEAF, 0xFED0, 0xFED0, 0xFED0, 0xFED0, 0xFEF0, 0xFED0, 0xF81F, 0xF81F,
  0xF81F, 0xF81F, 0xF81F, 0xF81F, 0xF81F, 0xF81F, 0xF81F, 0xF81F, 0xF81F, 0xF81F,
  0xF81F, 0xF81F, 0xF81F, 0xF81F, 0xF81F, 0xF81F, 0xF81F, 0xF81F, 0xF81F, 0xF81F,
  0xF81F, 0xF81F, 0xFEB0, 0xFF31, 0xFED0, 0xFED0, 0xFED0, 0xFED0, 0xFEAF, 0xFE69,
  0xFE69, 0xFEAF, 0xFED0, 0xFED0, 0xFED0, 0xFED0, 0xFF31, 0xFED0, 0xF81F, 0xF81F,
  0xF81F, 0xF81F, 0xF81F, 0xF81F, 0xF81F, 0xF81F, 0xF81F, 0xF81F, 0xF81F, 0xF81F,
  0xF81F, 0xF81F, 0xF81F, 0xF81F, 0xF81F, 0xF81F, 0xF81F, 0xF81F, 0xF81F, 0xF81F,
  0xF81F, 0xF81F, 0xFED0, 0xFEF0, 0xFED0, 0xFED0, 0xFED0, 0xFED0, 0xFEAF, 0xFE69,
  0xFE69, 0xFEAF, 0xFED0, 0xFED0, 0xFED0, 0xFED0, 0xFED0, 0xFED1, 0xF81F, 0xF81F,
  0xF81F, 0xF81F, 0xF81F, 0xF81F, 0xF81F, 0xF81F, 0xF81F, 0xF81F, 0xF81F, 0xF81F,
  0xF81F, 0xF81F, 0xF81F, 0xF81F, 0xF81F, 0xF81F, 0xF81F, 0xF81F, 0xF81F, 0xF81F,
  0xF81F, 0xF81F, 0xF81F, 0xFEB0, 0xFEF0, 0xFEB0, 0xFED0, 0xFED0, 0xFEAF, 0xFE69,
  0xFE69, 0xFEAF, 0xFED0, 0xFED0, 0xFED0, 0xFF10, 0xFEAF, 0xF81F, 0xF81F, 0xF81F,
  0xF81F, 0xF81F, 0xF81F, 0xF81F, 0xF81F, 0xF81F, 0xF81F, 0xF81F, 0xF81F, 0xF81F,
  0xF81F, 0xF81F, 0xF81F, 0xF81F, 0xF81F, 0xF81F, 0xF81F, 0xF81F, 0xF81F, 0xF81F,
  0xF81F, 0xF81F, 0xF81F, 0xFED0, 0xFF30, 0xFEF0, 0xFEF0, 0xFED0, 0xFECF, 0xFE68,
  0xFE48, 0xFEAE, 0xFED0, 0xFED0, 0xF6D2, 0xF6F3, 0xEED5, 0xC69C, 0xF81F, 0xF81F,
  0xF81F, 0xF81F, 0xF81F, 0xF81F, 0xF81F, 0xF81F, 0xF81F, 0xF81F, 0xF81F, 0xF81F,
  0xF81F, 0xF81F, 0xF81F, 0xF81F, 0xF81F, 0xF81F, 0xF81F, 0xF81F, 0xF81F, 0xF81F,
  0xF81F, 0xF81F, 0xF81F, 0xEE51, 0xEED2, 0xE651, 0xE671, 0xEE92, 0xEE91, 0xF66D,
  0xEE90, 0xE6B6, 0xDEB8, 0xD6B9, 0xCEBA, 0xCEBB, 0xDF5E, 0xCEBB, 0xF81F, 0xF81F,
  0xF81F, 0xF81F, 0xF81F, 0xF81F, 0xF81F, 0xF81F, 0xF81F, 0xF81F, 0xF81F, 0xF81F,
  0xF81F, 0xF81F, 0xF81F, 0xF81F, 0xF81F, 0xF81F, 0xF81F, 0xF81F, 0xF81F, 0xF81F,
  0xF81F, 0xF81F, 0xF81F, 0xA5D8, 0xB61A, 0xB619, 0xB63A, 0xBE5B, 0xC69B, 0xCEBC,
  0xCEBC, 0xCEBC, 0xCEDC, 0xCEDC, 0xCEDC, 0xCEBB, 0xD6FC, 0xCEBB, 0xF81F, 0xF81F,
  0xF81F, 0xF81F, 0xF81F, 0xF81F, 0xF81F, 0xF81F, 0xF81F, 0xF81F, 0xF81F, 0xF81F,
  0xF81F, 0xF81F, 0xF81F, 0xF81F, 0xF81F, 0xF81F, 0xF81F, 0xF81F, 0xF81F, 0xF81F,
  0xF81F, 0xF81F, 0xCEBB, 0xDF1D, 0xD6DB, 0xD6DC, 0xD6FC, 0xD6DC, 0xCEDB, 0xCEBB,
  0xCEBB, 0xC67A, 0xBE39, 0xB619, 0xADD8, 0xAE19, 0x9D77, 0xF81F, 0xF81F, 0xF81F,
  0xF81F, 0xF81F, 0xF81F, 0xF81F, 0xF81F, 0xF81F, 0xF81F, 0xF81F, 0xF81F, 0xF81F,
  0xF81F, 0xF81F, 0xF81F, 0xF81F, 0xF81F, 0xF81F, 0xF81F, 0xF81F, 0xF81F, 0xF81F,
  0xF81F, 0xF81F, 0xCEBB, 0xDF1D, 0xCE9B, 0xC67A, 0xBE39, 0xB619, 0xADD8, 0xA5B7,
  0x9D76, 0x9D56, 0x9536, 0x9536, 0x9536, 0xA597, 0x9D56, 0xF81F, 0xF81F, 0xF81F,
  0xF81F, 0xF81F, 0xF81F, 0xF81F, 0xF81F, 0xF81F, 0xF81F, 0xF81F, 0xF81F, 0xF81F,
  0xF81F, 0xF81F, 0xF81F, 0xF81F, 0xF81F, 0xF81F, 0xF81F, 0xF81F, 0xF81F, 0xF81F,
  0xF81F, 0xF81F, 0xF81F, 0xA597, 0xA5B8, 0x9556, 0x9536, 0x9536, 0x9536, 0x9536,
  0x9D76, 0xA597, 0xADB8, 0xB5F8, 0xBE39, 0xC67A, 0xD6DC, 0xCEBB, 0xF81F, 0xF81F,
  0xF81F, 0xF81F, 0xF81F, 0xF81F, 0xF81F, 0xF81F, 0xF81F, 0xF81F, 0xF81F, 0xF81F,
  0xF81F, 0xF81F, 0xF81F, 0xF81F, 0xF81F, 0xF81F, 0xF81F, 0xF81F, 0xF81F, 0xF81F,
  0xF81F, 0xF81F, 0xF81F, 0x9536, 0xA5D8, 0xA597, 0xA5B8, 0xB5F9, 0xBE39, 0xC67A,
  0xC69A, 0xCEBB, 0xCEDC, 0xD6DC, 0xD6DC, 0xCEDB, 0xE77E, 0xCEBB, 0xF81F, 0xF81F,
  0xF81F, 0xF81F, 0xF81F, 0xF81F, 0xF81F, 0xF81F, 0xF81F, 0xF81F, 0xF81F, 0xF81F,
  0xF81F, 0xF81F, 0xF81F, 0xF81F, 0xF81F, 0xF81F, 0xF81F, 0xF81F, 0xF81F, 0xF81F,
  0xF81F, 0xF81F, 0xCEBB, 0xCEBB, 0xCE9B, 0xCEBB, 0xCEDB, 0xD6DC, 0xD6DC, 0xD6DC,
  0xD6DC, 0xCEDB, 0xCEBB, 0xC69B, 0xC67A, 0xBE5A, 0xBE39, 0xCEBB, 0xF81F, 0xF81F,
  0xF81F, 0xF81F, 0xF81F, 0xF81F, 0xF81F, 0xF81F, 0xF81F, 0xF81F, 0xF81F, 0xF81F,
  0xF81F, 0xF81F, 0xF81F, 0xF81F, 0xF81F, 0xF81F, 0xF81F, 0xF81F, 0xF81F, 0xF81F,
  0xF81F, 0xF81F, 0xCEBB, 0xEFBF, 0xD6DB, 0xCEBB, 0xCEBB, 0xCE9B, 0xBE5A, 0xBE39,
  0xB5F8, 0xADD8, 0xA597, 0x9D76, 0x9D56, 0xA5B8, 0x9536, 0xF81F, 0xF81F, 0xF81F,
  0xF81F, 0xF81F, 0xF81F, 0xF81F, 0xF81F, 0xF81F, 0xF81F, 0xF81F, 0xF81F, 0xF81F,
  0xF81F, 0xF81F, 0xF81F, 0xF81F, 0xF81F, 0xF81F, 0xF81F, 0xF81F, 0xF81F, 0xF81F,
  0xF81F, 0xF81F, 0xCEBB, 0xCEBB, 0xBE3A, 0xADF9, 0x9D76, 0x9556, 0x9536, 0x9536,
  0x9535, 0x9536, 0x9536, 0x9536, 0x9D77, 0xA5D8, 0x9D56, 0xF81F, 0xF81F, 0xF81F,
  0xF81F, 0xF81F, 0xF81F, 0xF81F, 0xF81F, 0xF81F, 0xF81F, 0xF81F, 0xF81F, 0xF81F,
  0xF81F, 0xF81F, 0xF81F, 0xF81F, 0xF81F, 0xF81F, 0xF81F, 0xF81F, 0xF81F, 0xF81F,
  0xF81F, 0xF81F, 0xF81F, 0xF81F, 0x9536, 0xA597, 0xB639, 0xADB8, 0xADD8, 0xADD8,
  0xADD8, 0xADD8, 0xADD8, 0xB639, 0xA5B7, 0x9556, 0xF81F, 0xF81F, 0xF81F, 0xF81F,
  0xF81F, 0xF81F, 0xF81F, 0xF81F, 0xF81F, 0xF81F, 0xF81F, 0xF81F, 0xF81F, 0xF81F,
  0xF81F, 0xF81F, 0xF81F, 0xF81F, 0xF81F, 0xF81F, 0xF81F, 0xF81F, 0xF81F, 0xF81F,
  0xF81F, 0xF81F, 0xF81F, 0xF81F, 0xF81F, 0xF81F, 0xDF1C, 0xDF3D, 0xDF3D, 0xD71C,
  0xD71C, 0xDF3D, 0xDF3D, 0xD71C, 0xF81F, 0xF81F, 0xF81F, 0xF81F, 0xF81F, 0xF81F,
  0xF81F, 0xF81F, 0xF81F, 0xF81F, 0xF81F, 0xF81F, 0xF81F, 0xF81F, 0xF81F, 0xF81F,
  0xF81F, 0xF81F, 0xF81F, 0xF81F, 0xF81F, 0xF81F, 0xF81F, 0xF81F, 0xF81F, 0xF81F,
  0xF81F, 0xF81F, 0xF81F, 0xF81F, 0xF81F, 0xF81F, 0xF81F, 0xCE9B, 0xCEBB, 0xCEDB,
  0xCEDB, 0xCEBB, 0xCE9B, 0xF81F, 0xF81F, 0xF81F, 0xF81F, 0xF81F, 0xF81F, 0xF81F,
  0xF81F, 0xF81F, 0xF81F, 0xF81F, 0xF81F, 0xF81F, 0xF81F, 0xF81F, 0xF81F, 0xF81F,
  0xF81F, 0xF81F, 0xF81F, 0xF81F, 0xF81F, 0xF81F, 0xF81F, 0xF81F, 0xF81F, 0xF81F,
  0xF81F, 0xF81F, 0xF81F, 0xF81F, 0xF81F, 0xF81F, 0xF81F, 0xF81F, 0xF81F, 0xF81F,
  0xF81F, 0xF81F, 0xF81F, 0xF81F, 0xF81F, 0xF81F, 0xF81F, 0xF81F, 0xF81F, 0xF81F,
  0xF81F, 0xF81F, 0xF81F, 0xF81F, 0xF81F, 0xF81F, 0xF81F, 0xF81F, 0xF81F, 0xF81F
};

static const uint16_t kEmoji_wand[1600] PROGMEM = {
  0xF81F, 0xF81F, 0xF81F, 0xF81F, 0xF81F, 0xF81F, 0xF81F, 0xF81F, 0xF81F, 0xF81F,
  0xF81F, 0xF81F, 0xF81F, 0xF81F, 0xF81F, 0xF81F, 0xF81F, 0xF81F, 0xF81F, 0xF81F,
  0xF81F, 0xF81F, 0xF81F, 0xF81F, 0xF81F, 0xF81F, 0xF81F, 0xF81F, 0xF81F, 0xF81F,
  0xF81F, 0xF81F, 0xF81F, 0xF81F, 0xF81F, 0xF81F, 0xF81F, 0xF81F, 0xF81F, 0xF81F,
  0xF81F, 0xF81F, 0xF81F, 0xF81F, 0xF81F, 0xF81F, 0xF81F, 0xF81F, 0xF81F, 0xF81F,
  0xF81F, 0xF81F, 0xF81F, 0xF81F, 0xF81F, 0xF81F, 0xF81F, 0xFD46, 0xFDC6, 0xFD46,
  0xF81F, 0xF81F, 0xF81F, 0xF81F, 0xF81F, 0xF81F, 0xF81F, 0xF81F, 0xF81F, 0xF81F,
  0xF81F, 0xF81F, 0xF81F, 0xF81F, 0xF81F, 0xDF1D, 0xF7BE, 0xF7BF, 0xF81F, 0xF81F,
  0xF81F, 0xF81F, 0xF81F, 0xF81F, 0xF81F, 0xF81F, 0xF81F, 0xF81F, 0xF81F, 0xF81F,
  0xF81F, 0xF81F, 0xF81F, 0xF81F, 0xF81F, 0xF81F, 0xF81F, 0xFD66, 0xFDC6, 0xFD46,
  0xF81F, 0xF81F, 0xF81F, 0xF81F, 0xF81F, 0xF81F, 0xF81F, 0xF81F, 0xF81F, 0xF81F,
  0xF81F, 0xF81F, 0xF81F, 0xF81F, 0xD71C, 0xEF9E, 0xFFFF, 0xF7DF, 0xE75D, 0xF81F,
  0xF81F, 0xF81F, 0xF81F, 0xF81F, 0xF81F, 0xF81F, 0xF81F, 0xF81F, 0xF81F, 0xF81F,
  0xF81F, 0xF81F, 0xF81F, 0xF81F, 0xF81F, 0xF81F, 0xFD66, 0xFDA6, 0xFD46, 0xFD86,
  0xFD66, 0xF81F, 0xF81F, 0xF81F, 0xF81F, 0xF81F, 0xF81F, 0xF81F, 0xF81F, 0xF81F,
  0xF81F, 0xF81F, 0xF81F, 0xDF3C, 0xF7BF, 0xFFDF, 0xF7BE, 0xF7DF, 0xE73D, 0xF81F,
  0xF81F, 0xF81F, 0xF81F, 0xF81F, 0xF81F, 0xF81F, 0xF81F, 0xF81F, 0xF81F, 0xF81F,
  0xF81F, 0xF81F, 0xF81F, 0xF81F, 0xF81F, 0xF81F, 0xFD66, 0xFD86, 0xFD66, 0xFDA6,
  0xFD66, 0xF81F, 0xF81F, 0xF81F, 0xF81F, 0xF81F, 0xF81F, 0xF81F, 0xF81F, 0xF81F,
  0xF81F, 0xF81F, 0x10C3, 0x7C31, 0xFFFF, 0xF7BF, 0xE75D, 0xE77E, 0xE73D, 0xF81F,
  0xF81F, 0xF81F, 0xF81F, 0xF81F, 0xF81F, 0xF81F, 0xF81F, 0xF81F, 0xF81F, 0xF81F,
  0xF81F, 0xF81F, 0xF81F, 0xFD66, 0xFD66, 0xFD66, 0xFD66, 0xFD66, 0xFD66, 0xFD46,
  0xFD66, 0xFD66, 0xFD86, 0xFD46, 0xF81F, 0xF81F, 0xF81F, 0xF81F, 0xF81F, 0xF81F,
  0xF81F, 0x1904, 0x426A, 0x5B6F, 0x8CB3, 0xE75D, 0xEF7E, 0xDF3C, 0xF81F, 0xF81F,
  0xF81F, 0xF81F, 0xF81F, 0xF81F, 0xF81F, 0xF81F, 0xF81F, 0xF81F, 0xF81F, 0xF81F,
  0xF81F, 0xF81F, 0xFD66, 0xFDA6, 0xFD86, 0xFD66, 0xFD46, 0xFD66, 0xFD66, 0xFD66,
  0xFD46, 0xFD66, 0xFDA6, 0xFD86, 0xFD66, 0xF81F, 0xF81F, 0xF81F, 0xF81F, 0xF81F,
  0x1904, 0x424A, 0x6BD0, 0x636F, 0x2166, 0x6B6E, 0xE77E, 0xF81F, 0xF81F, 0xF81F,
  0xF81F, 0xF81F, 0xF81F, 0xF81F, 0xF81F, 0xF81F, 0xF81F, 0xF81F, 0xF81F, 0xF81F,
  0xF81F, 0xF81F, 0xFD46, 0xFDC6, 0xFD86, 0xFD66, 0xFD46, 0xFD66, 0xFD66, 0xFD66,
  0xFD46, 0xFD66, 0xFD86, 0xFDC6, 0xFD66, 0xF81F, 0xF81F, 0xF81F, 0xF81F, 0x1904,
  0x424A, 0x6BD0, 0x5B6E, 0x31A7, 0x2966, 0x18E4, 0xF81F, 0xF81F, 0xF81F, 0xF81F,
  0xF81F, 0xF81F, 0xF81F, 0xF81F, 0xF81F, 0xF81F, 0xF81F, 0xF81F, 0xF81F, 0xF81F,
  0xF81F, 0xF81F, 0xF81F, 0xFD46, 0xFD66, 0xFD66, 0xFD66, 0xFD46, 0xFD66, 0xFD66,
  0xFD66, 0xFD66, 0xFD66, 0xFD46, 0xF81F, 0xF81F, 0xF81F, 0xF81F, 0x1904, 0x424A,
  0x6BD0, 0x5B6E, 0x31A7, 0x2966, 0x2986, 0xF81F, 0xF81F, 0xF81F, 0xF81F, 0xF81F,
  0xF81F, 0xF81F, 0xF81F, 0xF81F, 0xF81F, 0xF81F, 0xF81F, 0xF81F, 0xF81F, 0xF81F,
  0xF81F, 0xF81F, 0xF81F, 0xF81F, 0xF81F, 0xFD87, 0xFD66, 0xFD86, 0xFD46, 0xFDA6,
  0xFD46, 0xF81F, 0xF81F, 0xF81F, 0xF81F, 0xF81F, 0xF81F, 0x1904, 0x424A, 0x6BD0,
  0x5B6E, 0x31A7, 0x2966, 0x2986, 0xF81F, 0xF81F, 0xF81F, 0xF81F, 0xF81F, 0xF81F,
  0xF81F, 0xF81F, 0xF81F, 0xF81F, 0xF81F, 0xF81F, 0xF81F, 0xF81F, 0xF81F, 0xF81F,
  0xF81F, 0xF81F, 0xF81F, 0xF81F, 0xF81F, 0xF81F, 0xFD46, 0xFDA6, 0xFD66, 0xFD66,
  0xFD66, 0xF81F, 0xF81F, 0xF81F, 0xF81F, 0xF81F, 0x1904, 0x424A, 0x6BD0, 0x5B6E,
  0x31A7, 0x2966, 0x2986, 0xF81F, 0xF81F, 0xF81F, 0xF81F, 0xF81F, 0xF81F, 0xF81F,
  0xF81F, 0xF81F, 0xF81F, 0xF81F, 0xF81F, 0xF81F, 0xF81F, 0xF81F, 0xF81F, 0xF81F,
  0xF81F, 0xF81F, 0xF81F, 0xF81F, 0xF81F, 0xF81F, 0xFD46, 0xFD66, 0xFDC6, 0xFD46,
  0xF81F, 0xF81F, 0xF81F, 0xF81F, 0xF81F, 0x1904, 0x424A, 0x6BD0, 0x5B6E, 0x31A7,
  0x2166, 0x2966, 0xF81F, 0xF81F, 0xF81F, 0xF81F, 0xF81F, 0xF81F, 0xF81F, 0xF81F,
  0xF81F, 0xF81F, 0xF81F, 0xF81F, 0xF81F, 0xF81F, 0xF81F, 0xF81F, 0xF81F, 0xF81F,
  0xF81F, 0xF81F, 0xF81F, 0xF81F, 0xF81F, 0xF81F, 0xF81F, 0xFD66, 0xFDE6, 0xFD46,
  0xF81F, 0xF81F, 0xF81F, 0xF81F, 0x1904, 0x424A, 0x6BD0, 0x5B6E, 0x31A7, 0x2166,
  0x2966, 0xF81F, 0xF81F, 0xF81F, 0xF81F, 0xF81F, 0xF81F, 0xF81F, 0xF81F, 0xF81F,
  0xF81F, 0xF81F, 0xF81F, 0xF81F, 0xF81F, 0xF81F, 0xF81F, 0xF81F, 0xF81F, 0xF81F,
  0xF81F, 0xF81F, 0xF81F, 0xF81F, 0xF81F, 0xF81F, 0xF81F, 0xF81F, 0xF81F, 0xF81F,
  0xF81F, 0xF81F, 0xF81F, 0x1904, 0x424A, 0x6BD0, 0x5B6E, 0x31A7, 0x2966, 0x2986,
  0xF81F, 0xF81F, 0xF81F, 0xF81F, 0xFD66, 0xFD66, 0xF81F, 0xF81F, 0xF81F, 0xF81F,
  0xF81F, 0xF81F, 0xF81F, 0xF81F, 0xF81F, 0xF81F, 0xF81F, 0xF81F, 0xF81F, 0xF81F,
  0xF81F, 0xF81F, 0xF81F, 0xF81F, 0xF81F, 0xF81F, 0xF81F, 0xF81F, 0xF81F, 0xF81F,
  0xF81F, 0xF81F, 0x1904, 0x424A, 0x6BD0, 0x5B6E, 0x31A7, 0x2966, 0x2986, 0xF81F,
  0xF81F, 0xF81F, 0xF81F, 0xF81F, 0xFD66, 0xFDC6, 0xFD66, 0xF81F, 0xF81F, 0xF81F,
  0xF81F, 0xF81F, 0xF81F, 0xF81F, 0xF81F, 0xF81F, 0xF81F, 0xF81F, 0xF81F, 0xF81F,
  0xF81F, 0xF81F, 0xF81F, 0xF81F, 0xF81F, 0xF81F, 0xF81F, 0xF81F, 0xF81F, 0xF81F,
  0xF81F, 0x1904, 0x424A, 0x6BD0, 0x5B6E, 0x31A7, 0x2966, 0x2986, 0xF81F, 0xF81F,
  0xF81F, 0xF81F, 0xF81F, 0xFD66, 0xFD66, 0xFDA6, 0xFD66, 0xF81F, 0xF81F, 0xF81F,
  0xF81F, 0xF81F, 0xF81F, 0xF81F, 0xF81F, 0xF81F, 0xF81F, 0xF81F, 0xF81F, 0xF81F,
  0xF81F, 0xF81F, 0xF81F, 0xF81F, 0xF81F, 0xF81F, 0xF81F, 0xF81F, 0xF81F, 0xF81F,
  0x1904, 0x424A, 0x6BD0, 0x5B6E, 0x31A7, 0x2166, 0x2966, 0xF81F, 0xF81F, 0xF81F,
  0xF81F, 0xFD26, 0xFD86, 0xFD66, 0xFD66, 0xFD66, 0xFD66, 0xFD66, 0xFD46, 0xF81F,
  0xF81F, 0xF81F, 0xF81F, 0xF81F, 0xF81F, 0xF81F, 0xF81F, 0xF81F, 0xF81F, 0xF81F,
  0xF81F, 0xF81F, 0xF81F, 0xF81F, 0xF81F, 0xF81F, 0xF81F, 0xF81F, 0xF81F, 0x1904,
  0x424A, 0x6BD0, 0x5B6E, 0x31A7, 0x2166, 0x2966, 0xF81F, 0xF81F, 0xF81F, 0xF81F,
  0xF81F, 0xFD66, 0xFDE7, 0xFDA6, 0xFD46, 0xFD46, 0xFD86, 0xFE07, 0xFD46, 0xF81F,
  0xF81F, 0xF81F, 0xF81F, 0xF81F, 0xF81F, 0xF81F, 0xF81F, 0xF81F, 0xF81F, 0xF81F,
  0xF81F, 0xF81F, 0xF81F, 0xF81F, 0xF81F, 0xF81F, 0xF81F, 0xF81F, 0x1904, 0x424A,
  0x6BD0, 0x5B6E, 0x31A7, 0x2966, 0x2986, 0xF81F, 0xF81F, 0xF81F, 0xF81F, 0xF81F,
  0xF81F, 0xF81F, 0xFD26, 0xFD66, 0xFD66, 0xFD86, 0xFD66, 0xFD46, 0xF81F, 0xF81F,
  0xF81F, 0xF81F, 0xF81F, 0xF81F, 0xF81F, 0xF81F, 0xF81F, 0xF81F, 0xF81F, 0xF81F,
  0xF81F, 0xF81F, 0xF81F, 0xF81F, 0xF81F, 0xF81F, 0xF81F, 0x1904, 0x424A, 0x6BD0,
  0x5B6E, 0x31A7, 0x2966, 0x2986, 0xF81F, 0xF81F, 0xF81F, 0xF81F, 0xF81F, 0xF81F,
  0xF81F, 0xF81F, 0xF81F, 0xF81F, 0xFD66, 0xFDA6, 0xFD46, 0xF81F, 0xF81F, 0xF81F,
  0xF81F, 0xF81F, 0xF81F, 0xF81F, 0xF81F, 0xF81F, 0xF81F, 0xF81F, 0xF81F, 0xF81F,
  0xF81F, 0xF81F, 0xF81F, 0xF81F, 0xF81F, 0xF81F, 0x1904, 0x424A, 0x6BD0, 0x5B6E,
  0x31A7, 0x2966, 0x2986, 0xF81F, 0xF81F, 0xF81F, 0xF81F, 0xF81F, 0xF81F, 0xFD46,
  0xF81F, 0xF81F, 0xF81F, 0xF81F, 0xFD66, 0xFDE7, 0xFD66, 0xF81F, 0xF81F, 0xF81F,
  0xF81F, 0xF81F, 0xF81F, 0xF81F, 0xF81F, 0xF81F, 0xF81F, 0xF81F, 0xF81F, 0xF81F,
  0xF81F, 0xF81F, 0xF81F, 0xF81F, 0xF81F, 0x1904, 0x424A, 0x6BD0, 0x5B6E, 0x31A7,
  0x2166, 0x2966, 0xF81F, 0xF81F, 0xF81F, 0xF81F, 0xF81F, 0xF81F, 0xFD46, 0xFE47,
  0xFD66, 0xF81F, 0xF81F, 0xF81F, 0xFD66, 0xFD66, 0xF81F, 0xF81F, 0xF81F, 0xF81F,
  0xF81F, 0xF81F, 0xF81F, 0xF81F, 0xF81F, 0xF81F, 0xF81F, 0xF81F, 0xF81F, 0xF81F,
  0xF81F, 0xF81F, 0xF81F, 0xF81F, 0x1904, 0x424A, 0x6BD0, 0x5B6E, 0x31A7, 0x2166,
  0x2966, 0xF81F, 0xF81F, 0xF81F, 0xF81F, 0xF81F, 0xF81F, 0xFD46, 0xFD46, 0xFDC6,
  0xFD66, 0xFD46, 0xF81F, 0xF81F, 0xF81F, 0xF81F, 0xF81F, 0xF81F, 0xF81F, 0xF81F,
  0xF81F, 0xF81F, 0xF81F, 0xF81F, 0xF81F, 0xF81F, 0xF81F, 0xF81F, 0xF81F, 0xF81F,
  0xF81F, 0xF81F, 0xF81F, 0x1904, 0x424A, 0x6BD0, 0x5B6E, 0x31A7, 0x2966, 0x2986,
  0xF81F, 0xF81F, 0xF81F, 0xF81F, 0xF81F, 0xF81F, 0xFD66, 0xFE27, 0xFD66, 0xFD46,
  0xFD66, 0xFE27, 0xFD66, 0xF81F, 0xF81F, 0xF81F, 0xF81F, 0xF81F, 0xF81F, 0xF81F,
  0xF81F, 0xF81F, 0xF81F, 0xF81F, 0xF81F, 0xF81F, 0xF81F, 0xF81F, 0xF81F, 0xF81F,
  0xF81F, 0xF81F, 0x1904, 0x424A, 0x6BD0, 0x5B6E, 0x31A7, 0x2966, 0x2986, 0xF81F,
  0xF81F, 0xF81F, 0xF81F, 0xF81F, 0xF81F, 0xF81F, 0xFD46, 0xFD86, 0xFD46, 0xFD86,
  0xFD46, 0xFDA6, 0xFD66, 0xF81F, 0xF81F, 0xF81F, 0xF81F, 0xF81F, 0xF81F, 0xF81F,
  0xF81F, 0xF81F, 0xF81F, 0xF81F, 0xF81F, 0xF81F, 0xF81F, 0xF81F, 0xF81F, 0xF81F,
  0xF81F, 0x1904, 0x424A, 0x6BD0, 0x5B6E, 0x31A7, 0x2966, 0x2986, 0xF81F, 0xF81F,
  0xF81F, 0xF81F, 0xF81F, 0xF81F, 0xF81F, 0xF81F, 0xF81F, 0xF81F, 0xFD46, 0xFE27,
  0xFD66, 0xF81F, 0xF81F, 0xF81F, 0xF81F, 0xF81F, 0xF81F, 0xF81F, 0xF81F, 0xF81F,
  0xF81F, 0xF81F, 0xF81F, 0xF81F, 0xF81F, 0xF81F, 0xF81F, 0xF81F, 0xF81F, 0xF81F,
  0x1904, 0x424A, 0x6BD0, 0x5B6E, 0x31A7, 0x2166, 0x2966, 0xF81F, 0xF81F, 0xF81F,
  0xF81F, 0xF81F, 0xF81F, 0xF81F, 0xF81F, 0xF81F, 0xF81F, 0xF81F, 0xFD66, 0xFD86,
  0xFD46, 0xF81F, 0xF81F, 0xF81F, 0xF81F, 0xF81F, 0xF81F, 0xF81F, 0xF81F, 0xF81F,
  0xF81F, 0xF81F, 0xF81F, 0xF81F, 0xF81F, 0xF81F, 0xF81F, 0xF81F, 0xF81F, 0x1904,
  0x424A, 0x6BD0, 0x5B6E, 0x31A7, 0x2166, 0x2966, 0xF81F, 0xF81F, 0xF81F, 0xF81F,
  0xF81F, 0xF81F, 0xF81F, 0xF81F, 0xF81F, 0xF81F, 0xF81F, 0xF81F, 0xF81F, 0xF81F,
  0xF81F, 0xF81F, 0xF81F, 0xF81F, 0xF81F, 0xF81F, 0xF81F, 0xF81F, 0xF81F, 0xF81F,
  0xF81F, 0xF81F, 0xF81F, 0xF81F, 0xF81F, 0xF81F, 0xF81F, 0xF81F, 0x1904, 0x424A,
  0x6BD0, 0x5B6E, 0x31A7, 0x2966, 0x2986, 0xF81F, 0xF81F, 0xF81F, 0xF81F, 0xF81F,
  0xF81F, 0xF81F, 0xF81F, 0xF81F, 0xF81F, 0xF81F, 0xF81F, 0xF81F, 0xF81F, 0xF81F,
  0xF81F, 0xF81F, 0xF81F, 0xF81F, 0xF81F, 0xF81F, 0xF81F, 0xF81F, 0xF81F, 0xF81F,
  0xF81F, 0xF81F, 0xF81F, 0xF81F, 0xF81F, 0xF81F, 0xF81F, 0x1904, 0x424A, 0x6BD0,
  0x5B6E, 0x31A7, 0x2966, 0x2986, 0xF81F, 0xF81F, 0xF81F, 0xF81F, 0xF81F, 0xF81F,
  0xF81F, 0xF81F, 0xF81F, 0xF81F, 0xF81F, 0xF81F, 0xF81F, 0xF81F, 0xF81F, 0xF81F,
  0xF81F, 0xF81F, 0xF81F, 0xF81F, 0xF81F, 0xF81F, 0xF81F, 0xF81F, 0xF81F, 0xF81F,
  0xF81F, 0xF81F, 0xF81F, 0xF81F, 0xF81F, 0xF81F, 0x1904, 0x424A, 0x6BD0, 0x5B6E,
  0x31A7, 0x2966, 0x2986, 0xF81F, 0xF81F, 0xF81F, 0xF81F, 0xF81F, 0xF81F, 0xF81F,
  0xF81F, 0xF81F, 0xF81F, 0xF81F, 0xF81F, 0xF81F, 0xF81F, 0xF81F, 0xF81F, 0xF81F,
  0xF81F, 0xF81F, 0xF81F, 0xF81F, 0xF81F, 0xF81F, 0xF81F, 0xF81F, 0xF81F, 0xF81F,
  0xF81F, 0xF81F, 0xF81F, 0xF81F, 0xF81F, 0x1924, 0x424A, 0x6BD0, 0x5B6E, 0x31A7,
  0x2166, 0x2966, 0xF81F, 0xF81F, 0xF81F, 0xF81F, 0xF81F, 0xF81F, 0xF81F, 0xF81F,
  0xF81F, 0xF81F, 0xF81F, 0xF81F, 0xF81F, 0xF81F, 0xF81F, 0xF81F, 0xF81F, 0xF81F,
  0xF81F, 0xF81F, 0xF81F, 0xF81F, 0xF81F, 0xF81F, 0xF81F, 0xF81F, 0xF81F, 0xF81F,
  0xF81F, 0xF81F, 0xF81F, 0xF81F, 0x10C3, 0x424A, 0x6BF0, 0x5B6E, 0x31A7, 0x2166,
  0x2966, 0xF81F, 0xF81F, 0xF81F, 0xF81F, 0xF81F, 0xF81F, 0xF81F, 0xF81F, 0xF81F,
  0xF81F, 0xF81F, 0xF81F, 0xF81F, 0xF81F, 0xF81F, 0xF81F, 0xF81F, 0xF81F, 0xF81F,
  0xF81F, 0xF81F, 0xF81F, 0xF81F, 0xF81F, 0xF81F, 0xF81F, 0xF81F, 0xF81F, 0xF81F,
  0xF81F, 0xF81F, 0xF81F, 0xE77D, 0x9D35, 0x638F, 0x5B6E, 0x31C7, 0x2966, 0x2986,
  0xF81F, 0xF81F, 0xF81F, 0xF81F, 0xF81F, 0xF81F, 0xF81F, 0xF81F, 0xF81F, 0xF81F,
  0xF81F, 0xF81F, 0xF81F, 0xF81F, 0xF81F, 0xF81F, 0xF81F, 0xF81F, 0xF81F, 0xF81F,
  0xF81F, 0xF81F, 0xF81F, 0xF81F, 0xF81F, 0xF81F, 0xF81F, 0xF81F, 0xF81F, 0xF81F,
  0xF81F, 0xF81F, 0xDF1C, 0xEF9E, 0xFFFF, 0xADB7, 0x2986, 0x2166, 0x2986, 0xF81F,
  0xF81F, 0xF81F, 0xF81F, 0xF81F, 0xF81F, 0xF81F, 0xF81F, 0xF81F, 0xF81F, 0xF81F,
  0xF81F, 0xF81F, 0xF81F, 0xF81F, 0xF81F, 0xF81F, 0xF81F, 0xF81F, 0xF81F, 0xF81F,
  0xF81F, 0xF81F, 0xF81F, 0xF81F, 0xF81F, 0xF81F, 0xF81F, 0xF81F, 0xF81F, 0xF81F,
  0xF81F, 0xDF3D, 0xEF9E, 0xFFDF, 0xEF9E, 0xEFBF, 0x8C93, 0x1924, 0xF81F, 0xF81F,
  0xF81F, 0xF81F, 0xF81F, 0xF81F, 0xF81F, 0xF81F, 0xF81F, 0xF81F, 0xF81F, 0xF81F,
  0xF81F, 0xF81F, 0xF81F, 0xF81F, 0xF81F, 0xF81F, 0xF81F, 0xF81F, 0xF81F, 0xF81F,
  0xF81F, 0xF81F, 0xF81F, 0xF81F, 0xF81F, 0xF81F, 0xF81F, 0xF81F, 0xF81F, 0xF81F,
  0xF81F, 0xEF7E, 0xFFFF, 0xF7BE, 0xE75E, 0xE77E, 0xF7DF, 0xF81F, 0xF81F, 0xF81F,
  0xF81F, 0xF81F, 0xF81F, 0xF81F, 0xF81F, 0xF81F, 0xF81F, 0xF81F, 0xF81F, 0xF81F,
  0xF81F, 0xF81F, 0xF81F, 0xF81F, 0xF81F, 0xF81F, 0xF81F, 0xF81F, 0xF81F, 0xF81F,
  0xF81F, 0xF81F, 0xF81F, 0xF81F, 0xF81F, 0xF81F, 0xF81F, 0xF81F, 0xF81F, 0xF81F,
  0xF81F, 0xF7DF, 0xF7DF, 0xF7DF, 0xE77E, 0xDF3D, 0xF81F, 0xF81F, 0xF81F, 0xF81F,
  0xF81F, 0xF81F, 0xF81F, 0xF81F, 0xF81F, 0xF81F, 0xF81F, 0xF81F, 0xF81F, 0xF81F,
  0xF81F, 0xF81F, 0xF81F, 0xF81F, 0xF81F, 0xF81F, 0xF81F, 0xF81F, 0xF81F, 0xF81F,
  0xF81F, 0xF81F, 0xF81F, 0xF81F, 0xF81F, 0xF81F, 0xF81F, 0xF81F, 0xF81F, 0xF81F,
  0xF81F, 0xF81F, 0xDF3D, 0xEF9E, 0xE73D, 0xF81F, 0xF81F, 0xF81F, 0xF81F, 0xF81F,
  0xF81F, 0xF81F, 0xF81F, 0xF81F, 0xF81F, 0xF81F, 0xF81F, 0xF81F, 0xF81F, 0xF81F,
  0xF81F, 0xF81F, 0xF81F, 0xF81F, 0xF81F, 0xF81F, 0xF81F, 0xF81F, 0xF81F, 0xF81F,
  0xF81F, 0xF81F, 0xF81F, 0xF81F, 0xF81F, 0xF81F, 0xF81F, 0xF81F, 0xF81F, 0xF81F,
  0xF81F, 0xF81F, 0xF81F, 0xF81F, 0xF81F, 0xF81F, 0xF81F, 0xF81F, 0xF81F, 0xF81F,
  0xF81F, 0xF81F, 0xF81F, 0xF81F, 0xF81F, 0xF81F, 0xF81F, 0xF81F, 0xF81F, 0xF81F,
  0xF81F, 0xF81F, 0xF81F, 0xF81F, 0xF81F, 0xF81F, 0xF81F, 0xF81F, 0xF81F, 0xF81F,
  0xF81F, 0xF81F, 0xF81F, 0xF81F, 0xF81F, 0xF81F, 0xF81F, 0xF81F, 0xF81F, 0xF81F
};

static const uint16_t kEmoji_plug[1600] PROGMEM = {
  0xF81F, 0xF81F, 0xF81F, 0xF81F, 0xF81F, 0xF81F, 0xF81F, 0xF81F, 0xF81F, 0xF81F,
  0x9D77, 0x9D56, 0xF81F, 0xF81F, 0xF81F, 0xF81F, 0xF81F, 0xF81F, 0xF81F, 0xF81F,
  0xF81F, 0xF81F, 0xF81F, 0xF81F, 0xF81F, 0xF81F, 0xF81F, 0xF81F, 0xF81F, 0xF81F,
  0xF81F, 0xF81F, 0xF81F, 0xF81F, 0xF81F, 0xF81F, 0xF81F, 0xF81F, 0xF81F, 0xF81F,
  0xF81F, 0xF81F, 0xF81F, 0xF81F, 0xF81F, 0xF81F, 0xF81F, 0xF81F, 0xF81F, 0x9D56,
  0xADF8, 0x9D76, 0x9D56, 0xF81F, 0xF81F, 0xF81F, 0xF81F, 0xF81F, 0xF81F, 0xF81F,
  0xF81F, 0xF81F, 0xF81F, 0xF81F, 0xF81F, 0xF81F, 0xF81F, 0xF81F, 0xF81F, 0xF81F,
  0xF81F, 0xF81F, 0xF81F, 0xF81F, 0xF81F, 0xF81F, 0xF81F, 0xF81F, 0xF81F, 0xF81F,
  0xF81F, 0xF81F, 0xF81F, 0xF81F, 0xF81F, 0xF81F, 0xF81F, 0xF81F, 0xF81F, 0xF81F,
  0x9D56, 0xA5B7, 0x9D77, 0x9D56, 0xF81F, 0xF81F, 0xF81F, 0xF81F, 0xF81F, 0xF81F,
  0xF81F, 0xF81F, 0xF81F, 0xF81F, 0xF81F, 0xF81F, 0xF81F, 0xF81F, 0xF81F, 0xF81F,
  0xF81F, 0xF81F, 0xF81F, 0xF81F, 0xF81F, 0xF81F, 0xF81F, 0xF81F, 0xF81F, 0xF81F,
  0xF81F, 0xF81F, 0xF81F, 0xF81F, 0xF81F, 0xF81F, 0xF81F, 0xF81F, 0xF81F, 0xF81F,
  0xF81F, 0x9D56, 0xA597, 0x9D77, 0x9D36, 0xF81F, 0xF81F, 0xF81F, 0xF81F, 0xF81F,
  0xF81F, 0xF81F, 0xF81F, 0xF81F, 0xF81F, 0xF81F, 0xF81F, 0xF81F, 0xF81F, 0xF81F,
  0xF81F, 0xF81F, 0xF81F, 0xF81F, 0xF81F, 0xF81F, 0xF81F, 0xF81F, 0xF81F, 0xF81F,
  0xF81F, 0xF81F, 0xF81F, 0xF81F, 0xF81F, 0xF81F, 0xF81F, 0xF81F, 0xF81F, 0xF81F,
  0xF81F, 0xF81F, 0x9D56, 0xA597, 0x9D77, 0x9D56, 0xF81F, 0xF81F, 0xF81F, 0xF81F,
  0xF81F, 0xF81F, 0xF81F, 0xF81F, 0xF81F, 0xF81F, 0xF81F, 0xF81F, 0xF81F, 0xF81F,
  0xF81F, 0xF81F, 0xF81F, 0xF81F, 0xF81F, 0xF81F, 0xF81F, 0xF81F, 0xF81F, 0xF81F,
  0xF81F, 0xF81F, 0xF81F, 0xF81F, 0xF81F, 0xF81F, 0xF81F, 0xF81F, 0xF81F, 0xF81F,
  0xF81F, 0xF81F, 0xF81F, 0x9D56, 0xA597, 0x9D77, 0x9D56, 0xF81F, 0xF81F, 0xF81F,
  0xF81F, 0xF81F, 0xF81F, 0xF81F, 0xF81F, 0xF81F, 0xF81F, 0xF81F, 0xF81F, 0xF81F,
  0xF81F, 0xF81F, 0xF81F, 0xF81F, 0xF81F, 0xF81F, 0xF81F, 0xF81F, 0xF81F, 0xF81F,
  0xF81F, 0xF81F, 0xF81F, 0xF81F, 0xF81F, 0xF81F, 0xF81F, 0xF81F, 0xF81F, 0xF81F,
  0xF81F, 0xF81F, 0xF81F, 0xF81F, 0x9D76, 0xA597, 0x9D77, 0x9D56, 0xF81F, 0xF81F,
  0xF81F, 0xF81F, 0xF81F, 0xF81F, 0xF81F, 0xF81F, 0xF81F, 0xF81F, 0xF81F, 0xF81F,
  0xF81F, 0xF81F, 0xF81F, 0xF81F, 0xF81F, 0xF81F, 0xF81F, 0xF81F, 0xF81F, 0xF81F,
  0xF81F, 0xF81F, 0xF81F, 0xF81F, 0xF81F, 0xF81F, 0xF81F, 0xF81F, 0xF81F, 0xF81F,
  0xF81F, 0xF81F, 0xF81F, 0xF81F, 0xF81F, 0x9D76, 0xA597, 0x9D77, 0x9D36, 0xF81F,
  0xF81F, 0xF81F, 0x31C7, 0xF81F, 0xF81F, 0xF81F, 0xF81F, 0xF81F, 0xF81F, 0xF81F,
  0xF81F, 0xF81F, 0xF81F, 0xF81F, 0xF81F, 0xF81F, 0xF81F, 0xF81F, 0xF81F, 0xF81F,
  0xF81F, 0xF81F, 0x9D56, 0x9D56, 0xF81F, 0xF81F, 0xF81F, 0xF81F, 0xF81F, 0xF81F,
  0xF81F, 0xF81F, 0xF81F, 0xF81F, 0xF81F, 0xF81F, 0x9D56, 0xA597, 0x9D76, 0xA5D8,
  0x29A7, 0x31A7, 0x31A7, 0x31C7, 0x31C7, 0xF81F, 0xF81F, 0xF81F, 0xF81F, 0xF81F,
  0xF81F, 0xF81F, 0xF81F, 0xF81F, 0xF81F, 0xF81F, 0xF81F, 0xF81F, 0xF81F, 0xF81F,
  0xF81F, 0x9D56, 0xA5D8, 0xA5B8, 0x9D56, 0xF81F, 0xF81F, 0xF81F, 0xF81F, 0xF81F,
  0xF81F, 0xF81F, 0xF81F, 0xF81F, 0xF81F, 0xF81F, 0xF81F, 0x9D56, 0xADD8, 0x8CF4,
  0x31E8, 0x31C8, 0x31A7, 0x31C8, 0x31A7, 0xF81F, 0xF81F, 0xF81F, 0xF81F, 0xF81F,
  0xF81F, 0xF81F, 0xF81F, 0xF81F, 0xF81F, 0xF81F, 0xF81F, 0xF81F, 0xF81F, 0xF81F,
  0xF81F, 0xF81F, 0x9D56, 0xA597, 0xA597, 0x9D76, 0xF81F, 0xF81F, 0xF81F, 0xF81F,
  0xF81F, 0xF81F, 0xF81F, 0xF81F, 0xF81F, 0xF81F, 0xF81F, 0xF81F, 0x8CD4, 0x426A,
  0x29A7, 0x31A7, 0x31A7, 0x31C7, 0x31A7, 0xF81F, 0xF81F, 0xF81F, 0xF81F, 0xF81F,
  0xF81F, 0xF81F, 0xF81F, 0xF81F, 0xF81F, 0xF81F, 0xF81F, 0xF81F, 0xF81F, 0xF81F,
  0xF81F, 0xF81F, 0xF81F, 0x9D56, 0xA597, 0xA597, 0x9D56, 0xF81F, 0xF81F, 0xF81F,
  0xF81F, 0xF81F, 0xF81F, 0xF81F, 0xF81F, 0xF81F, 0xF81F, 0xF81F, 0x29A7, 0x31A7,
  0x31A7, 0x31A7, 0x31A7, 0x31C8, 0x31A7, 0xF81F, 0xF81F, 0xF81F, 0xF81F, 0xF81F,
  0xF81F, 0xF81F, 0xF81F, 0xF81F, 0xF81F, 0xF81F, 0xF81F, 0xF81F, 0xF81F, 0xF81F,
  0xF81F, 0xF81F, 0xF81F, 0xF81F, 0x9D56, 0xA597, 0xA597, 0x9D56, 0xF81F, 0xF81F,
  0xF81F, 0xF81F, 0xF81F, 0xF81F, 0xF81F, 0xF81F, 0x29A7, 0x31C7, 0x31C8, 0x31A7,
  0x31A7, 0x31A7, 0x31A7, 0x31C7, 0x31C7, 0x31A7, 0xF81F, 0xF81F, 0xF81F, 0xF81F,
  0xF81F, 0xF81F, 0xF81F, 0xF81F, 0xF81F, 0xF81F, 0xF81F, 0xF81F, 0xF81F, 0xF81F,
  0xF81F, 0xF81F, 0xF81F, 0xF81F, 0xF81F, 0x9D56, 0xA597, 0xA597, 0x9D56, 0xF81F,
  0xF81F, 0xF81F, 0xF81F, 0xF81F, 0xF81F, 0x31C7, 0x31A7, 0x31C8, 0x31A7, 0x31A7,
  0x31A7, 0x31A7, 0x31A7, 0x31A7, 0x31C8, 0x31C7, 0x31A7, 0xF81F, 0xF81F, 0xF81F,
  0xF81F, 0xF81F, 0xF81F, 0xF81F, 0xF81F, 0xF81F, 0xF81F, 0xF81F, 0xF81F, 0xF81F,
  0xF81F, 0xF81F, 0xF81F, 0xF81F, 0xF81F, 0xF81F, 0x9D56, 0xA597, 0xA597, 0x9D76,
  0xF81F, 0xF81F, 0xF81F, 0xF81F, 0x3187, 0x31A7, 0x31C8, 0x31A7, 0x31A7, 0x31A7,
  0x31A7, 0x31A7, 0x31A7, 0x31A7, 0x31A7, 0x31C7, 0x31A7, 0x31A6, 0xF81F, 0xF81F,
  0xF81F, 0xF81F, 0xF81F, 0xF81F, 0xF81F, 0xF81F, 0xF81F, 0xF81F, 0xF81F, 0xF81F,
  0xF81F, 0xF81F, 0xF81F, 0xF81F, 0xF81F, 0xF81F, 0xF81F, 0x9D56, 0xA597, 0xA597,
  0x9D76, 0xF81F, 0xF81F, 0x31E8, 0x31A7, 0x31C8, 0x31A7, 0x31A7, 0x31A7, 0x31A7,
  0x31A7, 0x31A7, 0x31A7, 0x31A7, 0x31A7, 0x31A7, 0x31C7, 0x31C7, 0x2987, 0xF81F,
  0xF81F, 0xF81F, 0xF81F, 0xF81F, 0xF81F, 0xF81F, 0xF81F, 0xF81F, 0xF81F, 0xF81F,
  0xF81F, 0xF81F, 0xF81F, 0xF81F, 0xF81F, 0xF81F, 0xF81F, 0xF81F, 0x9D56, 0xA597,
  0xA597, 0xA597, 0x5B2D, 0x31A7, 0x31C8, 0x31A7, 0x31A7, 0x31A7, 0x31A7, 0x31A7,
  0x31A7, 0x31A7, 0x31A7, 0x31A7, 0x31A7, 0x31A7, 0x31A7, 0x31C7, 0x31C7, 0x29A7,
  0xF81F, 0xF81F, 0xF81F, 0xF81F, 0xF81F, 0xF81F, 0xF81F, 0xF81F, 0xF81F, 0xF81F,
  0xF81F, 0xF81F, 0xF81F, 0xF81F, 0xF81F, 0xF81F, 0xF81F, 0xF81F, 0xF81F, 0x9536,
  0xA5B8, 0x94F5, 0x3A09, 0x31A7, 0x31A7, 0x31A7, 0x31A7, 0x31A7, 0x31A7, 0x31A7,
  0x31A7, 0x31A7, 0x31A7, 0x31A7, 0x31A7, 0x31A7, 0x31A7, 0x31A7, 0x31C8, 0x31A7,
  0xF81F, 0xF81F, 0xF81F, 0xF81F, 0xF81F, 0xF81F, 0xF81F, 0xF81F, 0xF81F, 0xF81F,
  0xF81F, 0xF81F, 0xF81F, 0xF81F, 0xF81F, 0xF81F, 0xF81F, 0xF81F, 0xF81F, 0xF81F,
  0x8493, 0x426A, 0x2986, 0x31C7, 0x31A7, 0x31A7, 0x31A7, 0x31A7, 0x31A7, 0x31A7,
  0x31A7, 0x31A7, 0x31A7, 0x31A7, 0x31A7, 0x31A7, 0x31A7, 0x31A7, 0x31A7, 0x31C8,
  0x31C7, 0xF81F, 0xF81F, 0xF81F, 0xF81F, 0xF81F, 0xF81F, 0xF81F, 0xF81F, 0xF81F,
  0xF81F, 0xF81F, 0xF81F, 0xF81F, 0xF81F, 0xF81F, 0xF81F, 0xF81F, 0xF81F, 0xF81F,
  0x2986, 0x31A7, 0x31A7, 0x31A7, 0x31A7, 0x31A7, 0x31A7, 0x31A7, 0x31A7, 0x31A7,
  0x31A7, 0x31A7, 0x31A7, 0x31A7, 0x31A7, 0x31A7, 0x31A7, 0x31A7, 0x31A7, 0x31C7,
  0x31A7, 0xF81F, 0xF81F, 0xF81F, 0xF81F, 0xF81F, 0xF81F, 0xF81F, 0xF81F, 0xF81F,
  0xF81F, 0xF81F, 0xF81F, 0xF81F, 0xF81F, 0xF81F, 0xF81F, 0xF81F, 0xF81F, 0x31A7,
  0x31E8, 0x31A7, 0x31A7, 0x31A7, 0x31A7, 0x31A7, 0x31A7, 0x31A7, 0x31A7, 0x31A7,
  0x31A7, 0x31A7, 0x31A7, 0x31A7, 0x31A7, 0x31A7, 0x31A7, 0x31A7, 0x31A7, 0x31C7,
  0x31A7, 0xF81F, 0xF81F, 0xF81F, 0xF81F, 0xF81F, 0xF81F, 0xF81F, 0xF81F, 0xF81F,
  0xF81F, 0xF81F, 0xF81F, 0xF81F, 0xF81F, 0xF81F, 0xF81F, 0xF81F, 0xF81F, 0x31A7,
  0x31C8, 0x31A7, 0x31A7, 0x31A7, 0x31A7, 0x31A7, 0x31A7, 0x31A7, 0x31A7, 0x31A7,
  0x31A7, 0x31A7, 0x31A7, 0x31A7, 0x31A7, 0x31A7, 0x31A7, 0x31A7, 0x31A7, 0x31C7,
  0x31A7, 0x2967, 0xF81F, 0xF81F, 0xF81F, 0xF81F, 0xF81F, 0xF81F, 0xF81F, 0xF81F,
  0xF81F, 0xF81F, 0xF81F, 0xF81F, 0xF81F, 0xF81F, 0xF81F, 0xF81F, 0xF81F, 0x31A7,
  0x31C7, 0x31C8, 0x31C7, 0x31A7, 0x31C7, 0x31A7, 0x31A7, 0x31A7, 0x31A7, 0x31A7,
  0x31A7, 0x31A7, 0x31A7, 0x31A7, 0x31A7, 0x31A7, 0x31A7, 0x31A7, 0x31A7, 0x31A7,
  0x31C7, 0x31A7, 0xF81F, 0xF81F, 0xF81F, 0xF81F, 0xF81F, 0xF81F, 0xF81F, 0xF81F,
  0xF81F, 0xF81F, 0xF81F, 0xF81F, 0xF81F, 0xF81F, 0xF81F, 0xF81F, 0xF81F, 0xF81F,
  0x29A7, 0x31C8, 0x31A7, 0x31A7, 0x31A7, 0x31C7, 0x31A7, 0x31A7, 0x31A7, 0x31A7,
  0x31A7, 0x31A7, 0x31A7, 0x31A7, 0x31A7, 0x31A7, 0x31A7, 0x31A7, 0x31A7, 0x31A7,
  0x31A7, 0x31E8, 0x31A7, 0xF81F, 0xF81F, 0xF81F, 0xF81F, 0xF81F, 0xF81F, 0xF81F,
  0xF81F, 0xF81F, 0xF81F, 0xF81F, 0xF81F, 0xF81F, 0xF81F, 0xF81F, 0xF81F, 0xF81F,
  0xF81F, 0xF81F, 0xF81F, 0xF81F, 0x29A7, 0x31C7, 0x31C7, 0x31A7, 0x31A7, 0x31A7,
  0x31A7, 0x31A7, 0x31A7, 0x31A7, 0x31A7, 0x31A7, 0x31A7, 0x31A7, 0x31A7, 0x31A7,
  0x31A7, 0x31A7, 0x31C7, 0x31A7, 0xF81F, 0xF81F, 0xF81F, 0xF81F, 0xF81F, 0xF81F,
  0xF81F, 0xF81F, 0xF81F, 0xF81F, 0xF81F, 0xF81F, 0xF81F, 0xF81F, 0xF81F, 0xF81F,
  0xF81F, 0xF81F, 0xF81F, 0xF81F, 0xF81F, 0x31A7, 0x31C7, 0x31A7, 0x31A7, 0x31A7,
  0x31A7, 0x31A7, 0x31A7, 0x31A7, 0x31A7, 0x31A7, 0x31A7, 0x31A7, 0x31A7, 0x31A7,
  0x31A7, 0x31A7, 0x31C8, 0x29A7, 0xF81F, 0xF81F, 0xF81F, 0xF81F, 0xF81F, 0xF81F,
  0xF81F, 0xF81F, 0xF81F, 0xF81F, 0xF81F, 0xF81F, 0xF81F, 0xF81F, 0xF81F, 0xF81F,
  0xF81F, 0xF81F, 0xF81F, 0xF81F, 0xF81F, 0xF81F, 0x31A7, 0x31C7, 0x31A7, 0x31A7,
  0x31A7, 0x31A7, 0x31A7, 0x31A7, 0x31A7, 0x31A7, 0x31A7, 0x31A7, 0x31A7, 0x31A7,
  0x31A7, 0x31A7, 0x31C8, 0x31A7, 0xF81F, 0xF81F, 0xF81F, 0xF81F, 0xF81F, 0xF81F,
  0xF81F, 0xF81F, 0xF81F, 0xF81F, 0xF81F, 0xF81F, 0xF81F, 0xF81F, 0xF81F, 0xF81F,
  0xF81F, 0xF81F, 0xF81F, 0xF81F, 0xF81F, 0xF81F, 0xF81F, 0x31A7, 0x31C7, 0x31C7,
  0x31A7, 0x31A7, 0x31A7, 0x31A7, 0x31A7, 0x31A7, 0x31A7, 0x31A7, 0x31A7, 0x31A7,
  0x31A7, 0x31A7, 0x31A7, 0x31C7, 0xF81F, 0xF81F, 0xF81F, 0xF81F, 0xF81F, 0xF81F,
  0xF81F, 0xF81F, 0xF81F, 0xF81F, 0xF81F, 0xF81F, 0xF81F, 0xF81F, 0xF81F, 0xF81F,
  0xF81F, 0xF81F, 0xF81F, 0xF81F, 0xF81F, 0xF81F, 0xF81F, 0xF81F, 0x31A7, 0x31C7,
  0x31C8, 0x31C8, 0x31C8, 0x31C7, 0x31A7, 0x31A7, 0x31A7, 0x31A7, 0x31A7, 0x31A7,
  0x31A7, 0x31C7, 0x31A7, 0x31A7, 0xF81F, 0xF81F, 0xF81F, 0xF81F, 0xF81F, 0xF81F,
  0xF81F, 0xF81F, 0xF81F, 0xF81F, 0xF81F, 0xF81F, 0xF81F, 0xF81F, 0xF81F, 0xF81F,
  0xF81F, 0xF81F, 0xF81F, 0xF81F, 0xF81F, 0xF81F, 0xF81F, 0xF81F, 0xF81F, 0x29A7,
  0x31A7, 0x31A7, 0x31A7, 0x31A7, 0x31C8, 0x31A7, 0x31A7, 0x31A7, 0x31A7, 0x31A7,
  0x31A7, 0x31A7, 0x31C7, 0x31A7, 0x29A7, 0xF81F, 0xF81F, 0xF81F, 0xF81F, 0xF81F,
  0xF81F, 0xF81F, 0xF81F, 0xF81F, 0xF81F, 0xF81F, 0xF81F, 0xF81F, 0xF81F, 0xF81F,
  0xF81F, 0xF81F, 0xF81F, 0xF81F, 0xF81F, 0xF81F, 0xF81F, 0xF81F, 0xF81F, 0xF81F,
  0xF81F, 0xF81F, 0xF81F, 0x31C7, 0x31A7, 0x31C8, 0x31C7, 0x31C7, 0x31C8, 0x31C8,
  0x31A7, 0x31A7, 0x31A7, 0x31C8, 0x31A7, 0xF81F, 0xF81F, 0xF81F, 0xF81F, 0xF81F,
  0xF81F, 0xF81F, 0xF81F, 0xF81F, 0xF81F, 0xF81F, 0xF81F, 0xF81F, 0xF81F, 0xF81F,
  0xF81F, 0xF81F, 0xF81F, 0xF81F, 0xF81F, 0xF81F, 0xF81F, 0xF81F, 0xF81F, 0xF81F,
  0xF81F, 0xF81F, 0xF81F, 0xF81F, 0x29A7, 0x31A7, 0x31A7, 0x31A7, 0x31A7, 0x31A7,
  0x31A7, 0x31A7, 0x31A7, 0x31A7, 0x31C8, 0x31A7, 0xF81F, 0xF81F, 0xF81F, 0xF81F,
  0xF81F, 0xF81F, 0xF81F, 0xF81F, 0xF81F, 0xF81F, 0xF81F, 0xF81F, 0xF81F, 0xF81F,
  0xF81F, 0xF81F, 0xF81F, 0xF81F, 0xF81F, 0xF81F, 0xF81F, 0xF81F, 0xF81F, 0xF81F,
  0xF81F, 0xF81F, 0xF81F, 0xF81F, 0xF81F, 0xF81F, 0xF81F, 0xF81F, 0xF81F, 0xF81F,
  0x31A7, 0x31C8, 0x31A7, 0x31A7, 0x31C7, 0x31A7, 0xF81F, 0xF81F, 0xF81F, 0xF81F,
  0xF81F, 0xF81F, 0xF81F, 0xF81F, 0xF81F, 0xF81F, 0xF81F, 0xF81F, 0xF81F, 0xF81F,
  0xF81F, 0xF81F, 0xF81F, 0xF81F, 0xF81F, 0xF81F, 0xF81F, 0xF81F, 0xF81F, 0xF81F,
  0xF81F, 0xF81F, 0xF81F, 0xF81F, 0xF81F, 0xF81F, 0xF81F, 0xF81F, 0xF81F, 0xF81F,
  0xF81F, 0x31A7, 0x31C8, 0x31A7, 0x31A7, 0x31C8, 0x31A7, 0xF81F, 0xF81F, 0xF81F,
  0xF81F, 0xF81F, 0xF81F, 0xF81F, 0xF81F, 0xF81F, 0xF81F, 0xF81F, 0xF81F, 0xF81F,
  0xF81F, 0xF81F, 0xF81F, 0xF81F, 0xF81F, 0xF81F, 0xF81F, 0xF81F, 0xF81F, 0xF81F,
  0xF81F, 0xF81F, 0xF81F, 0xF81F, 0xF81F, 0xF81F, 0xF81F, 0xF81F, 0xF81F, 0xF81F,
  0xF81F, 0x31A8, 0x31C7, 0x31A7, 0x31A7, 0x31C7, 0x29A7, 0xF81F, 0xF81F, 0xF81F,
  0xF81F, 0xF81F, 0xF81F, 0xF81F, 0xF81F, 0xF81F, 0xF81F, 0xF81F, 0xF81F, 0xF81F,
  0xF81F, 0xF81F, 0xF81F, 0xF81F, 0xF81F, 0xF81F, 0xF81F, 0xF81F, 0xF81F, 0xF81F,
  0xF81F, 0xF81F, 0xF81F, 0xF81F, 0xF81F, 0xF81F, 0xF81F, 0xF81F, 0xF81F, 0xF81F,
  0xF81F, 0xF81F, 0x31A7, 0x31C8, 0x31A7, 0x31A7, 0x31C7, 0x31A7, 0xF81F, 0xF81F,
  0xF81F, 0xF81F, 0xF81F, 0xF81F, 0xF81F, 0xF81F, 0xF81F, 0xF81F, 0xF81F, 0xF81F,
  0xF81F, 0xF81F, 0xF81F, 0xF81F, 0xF81F, 0xF81F, 0xF81F, 0xF81F, 0xF81F, 0xF81F,
  0xF81F, 0xF81F, 0xF81F, 0xF81F, 0xF81F, 0xF81F, 0xF81F, 0xF81F, 0xF81F, 0xF81F,
  0xF81F, 0xF81F, 0x31C7, 0x31C8, 0x31A7, 0x31A7, 0x31C8, 0x29A7, 0xF81F, 0xF81F,
  0xF81F, 0xF81F, 0xF81F, 0xF81F, 0xF81F, 0xF81F, 0xF81F, 0xF81F, 0xF81F, 0xF81F,
  0xF81F, 0xF81F, 0xF81F, 0xF81F, 0xF81F, 0xF81F, 0xF81F, 0xF81F, 0xF81F, 0xF81F,
  0xF81F, 0xF81F, 0xF81F, 0xF81F, 0xF81F, 0xF81F, 0xF81F, 0xF81F, 0xF81F, 0xF81F,
  0xF81F, 0xF81F, 0x29A7, 0x31A7, 0x31C7, 0x31A7, 0x31C8, 0x31A7, 0xF81F, 0xF81F,
  0xF81F, 0xF81F, 0xF81F, 0xF81F, 0xF81F, 0xF81F, 0xF81F, 0xF81F, 0xF81F, 0xF81F,
  0xF81F, 0xF81F, 0xF81F, 0xF81F, 0xF81F, 0xF81F, 0xF81F, 0xF81F, 0xF81F, 0xF81F,
  0xF81F, 0xF81F, 0xF81F, 0xF81F, 0xF81F, 0xF81F, 0xF81F, 0xF81F, 0xF81F, 0xF81F,
  0xF81F, 0xF81F, 0xF81F, 0x29A7, 0x31C8, 0x31A7, 0x31C8, 0x31A7, 0xF81F, 0xF81F,
  0xF81F, 0xF81F, 0xF81F, 0xF81F, 0xF81F, 0xF81F, 0xF81F, 0xF81F, 0xF81F, 0xF81F,
  0xF81F, 0xF81F, 0xF81F, 0xF81F, 0xF81F, 0xF81F, 0xF81F, 0xF81F, 0xF81F, 0xF81F,
  0xF81F, 0xF81F, 0xF81F, 0xF81F, 0xF81F, 0xF81F, 0xF81F, 0xF81F, 0xF81F, 0xF81F,
  0xF81F, 0xF81F, 0xF81F, 0x31A7, 0x31C8, 0x31A7, 0x31C8, 0x31A7, 0xF81F, 0xF81F
};

static const uint16_t kEmoji_pause[1600] PROGMEM = {
  0xF81F, 0x3C37, 0x3C58, 0x3C58, 0x3C58, 0x3C38, 0x3C58, 0x3C58, 0x3C58, 0x3C58,
  0x3C58, 0x3C58, 0x3C58, 0x3C58, 0x3C58, 0x3C58, 0x3C58, 0x3C58, 0x3C58, 0x3C58,
  0x3C58, 0x3C58, 0x3C58, 0x3C58, 0x3C58, 0x3C58, 0x3C58, 0x3C58, 0x3C58, 0x3C58,
  0x3C58, 0x3C58, 0x3C58, 0x3C58, 0x3C38, 0x3C58, 0x3C58, 0x3C58, 0x3C37, 0xF81F,
  0x3437, 0x3C58, 0x3C99, 0x3C58, 0x3C58, 0x3C58, 0x3C58, 0x3C58, 0x3C58, 0x3C58,
  0x3C58, 0x3C58, 0x3C58, 0x3C58, 0x3C58, 0x3C58, 0x3C58, 0x3C58, 0x3C58, 0x3C58,
  0x3C58, 0x3C58, 0x3C58, 0x3C58, 0x3C58, 0x3C58, 0x3C58, 0x3C58, 0x3C58, 0x3C58,
  0x3C58, 0x3C58, 0x3C58, 0x3C58, 0x3C58, 0x3C58, 0x3C58, 0x3C99, 0x3C58, 0x3437,
  0x3C58, 0x3C99, 0x3C38, 0x3C58, 0x3C58, 0x3C58, 0x3C58, 0x3C58, 0x3C58, 0x3C58,
  0x3C58, 0x3C58, 0x3C58, 0x3C58, 0x3C58, 0x3C58, 0x3C58, 0x3C58, 0x3C58, 0x3C58,
  0x3C58, 0x3C58, 0x3C58, 0x3C58, 0x3C58, 0x3C58, 0x3C58, 0x3C58, 0x3C58, 0x3C58,
  0x3C58, 0x3C58, 0x3C58, 0x3C58, 0x3C58, 0x3C58, 0x3C58, 0x3C38, 0x3C99, 0x3C58,
  0x3C58, 0x3C58, 0x3C58, 0x3C58, 0x3C58, 0x3C58, 0x3C58, 0x3C58, 0x3C58, 0x3C58,
  0x3C58, 0x3C58, 0x3C58, 0x3C58, 0x3C58, 0x3C58, 0x3C58, 0x3C58, 0x3C58, 0x3C58,
  0x3C58, 0x3C58, 0x3C58, 0x3C58, 0x3C58, 0x3C58, 0x3C58, 0x3C58, 0x3C58, 0x3C58,
  0x3C58, 0x3C58, 0x3C58, 0x3C58, 0x3C58, 0x3C58, 0x3C58, 0x3C58, 0x3C58, 0x3C58,
  0x3C58, 0x3C58, 0x3C58, 0x3C58, 0x3C58, 0x3C58, 0x3C58, 0x3C58, 0x3C58, 0x3C58,
  0x3C58, 0x3C58, 0x3C58, 0x3C58, 0x3C58, 0x3C58, 0x3C58, 0x3C58, 0x3C58, 0x3C58,
  0x3C58, 0x3C58, 0x3C58, 0x3C58, 0x3C58, 0x3C58, 0x3C58, 0x3C58, 0x3C58, 0x3C58,
  0x3C58, 0x3C58, 0x3C58, 0x3C58, 0x3C58, 0x3C58, 0x3C58, 0x3C58, 0x3C58, 0x3C58,
  0x3C58, 0x3C58, 0x3C58, 0x3C58, 0x3C58, 0x3C58, 0x3C58, 0x3C58, 0x3C58, 0x3C58,
  0x3C58, 0x3C58, 0x3C58, 0x3C58, 0x3C58, 0x3C58, 0x3C58, 0x3C58, 0x3C58, 0x3C58,
  0x3C58, 0x3C58, 0x3C58, 0x3C58, 0x3C58, 0x3C58, 0x3C58, 0x3C58, 0x3C58, 0x3C58,
  0x3C58, 0x3C58, 0x3C58, 0x3C58, 0x3C58, 0x3C58, 0x3C58, 0x3C58, 0x3C58, 0x3C58,
  0x3C58, 0x3C58, 0x3C58, 0x3C58, 0x3C58, 0x3C58, 0x3C58, 0x3C58, 0x3C58, 0x3C58,
  0x3C58, 0x3C58, 0x3418, 0x3418, 0x3418, 0x3418, 0x3418, 0x3418, 0x3C58, 0x3C58,
  0x3C58, 0x3C58, 0x3418, 0x3418, 0x3418, 0x3418, 0x3418, 0x3418, 0x3C58, 0x3C58,
  0x3C58, 0x3C58, 0x3C58, 0x3C58, 0x3C58, 0x3C58, 0x3C58, 0x3C58, 0x3C58, 0x3C58,
  0x3C58, 0x3C58, 0x3C58, 0x3C58, 0x3C58, 0x3C58, 0x3C58, 0x3C58, 0x3C58, 0x3C58,
  0x3C58, 0x3438, 0x755A, 0x85BB, 0x859B, 0x859B, 0x85BB, 0x755A, 0x3438, 0x3C58,
  0x3C58, 0x3438, 0x755A, 0x85BB, 0x859B, 0x859B, 0x85BB, 0x755A, 0x3438, 0x3C58,
  0x3C58, 0x3C58, 0x3C58, 0x3C58, 0x3C58, 0x3C58, 0x3C58, 0x3C58, 0x3C58, 0x3C58,
  0x3C58, 0x3C58, 0x3C58, 0x3C58, 0x3C58, 0x3C58, 0x3C58, 0x3C58, 0x3C58, 0x3C58,
  0x3C58, 0x3418, 0xDF5E, 0xFFFF, 0xFFFF, 0xFFFF, 0xFFFF, 0xDF5E, 0x3418, 0x3C58,
  0x3C58, 0x3418, 0xDF5E, 0xFFFF, 0xFFFF, 0xFFFF, 0xFFFF, 0xDF5E, 0x3418, 0x3C58,
  0x3C58, 0x3C58, 0x3C58, 0x3C58, 0x3C58, 0x3C58, 0x3C58, 0x3C58, 0x3C58, 0x3C58,
  0x3C58, 0x3C58, 0x3C58, 0x3C58, 0x3C58, 0x3C58, 0x3C58, 0x3C58, 0x3C58, 0x3C58,
  0x3C58, 0x3418, 0xD73E, 0xFFFF, 0xFFFF, 0xFFFF, 0xFFFF, 0xD73E, 0x3418, 0x3C58,
  0x3C58, 0x3418, 0xD73E, 0xFFFF, 0xFFFF, 0xFFFF, 0xFFFF, 0xD73E, 0x3418, 0x3C58,
  0x3C58, 0x3C58, 0x3C58, 0x3C58, 0x3C58, 0x3C58, 0x3C58, 0x3C58, 0x3C58, 0x3C58,
  0x3C58, 0x3C58, 0x3C58, 0x3C58, 0x3C58, 0x3C58, 0x3C58, 0x3C58, 0x3C58, 0x3C58,
  0x3C58, 0x3418, 0xD73E, 0xFFFF, 0xFFFF, 0xFFFF, 0xFFFF, 0xD73E, 0x3418, 0x3C58,
  0x3C58, 0x3418, 0xD73E, 0xFFFF, 0xFFFF, 0xFFFF, 0xFFFF, 0xD73E, 0x3418, 0x3C58,
  0x3C58, 0x3C58, 0x3C58, 0x3C58, 0x3C58, 0x3C58, 0x3C58, 0x3C58, 0x3C58, 0x3C58,
  0x3C58, 0x3C58, 0x3C58, 0x3C58, 0x3C58, 0x3C58, 0x3C58, 0x3C58, 0x3C58, 0x3C58,
  0x3C58, 0x3418, 0xD73E, 0xFFFF, 0xFFFF, 0xFFFF, 0xFFFF, 0xD73E, 0x3418, 0x3C58,
  0x3C58, 0x3418, 0xD73E, 0xFFFF, 0xFFFF, 0xFFFF, 0xFFFF, 0xD73E, 0x3418, 0x3C58,
  0x3C58, 0x3C58, 0x3C58, 0x3C58, 0x3C58, 0x3C58, 0x3C58, 0x3C58, 0x3C58, 0x3C58,
  0x3C58, 0x3C58, 0x3C58, 0x3C58, 0x3C58, 0x3C58, 0x3C58, 0x3C58, 0x3C58, 0x3C58,
  0x3C58, 0x3418, 0xD73E, 0xFFFF, 0xFFFF, 0xFFFF, 0xFFFF, 0xD73E, 0x3418, 0x3C58,
  0x3C58, 0x3418, 0xD73E, 0xFFFF, 0xFFFF, 0xFFFF, 0xFFFF, 0xD73E, 0x3418, 0x3C58,
  0x3C58, 0x3C58, 0x3C58, 0x3C58, 0x3C58, 0x3C58, 0x3C58, 0x3C58, 0x3C58, 0x3C58,
  0x3C58, 0x3C58, 0x3C58, 0x3C58, 0x3C58, 0x3C58, 0x3C58, 0x3C58, 0x3C58, 0x3C58,
  0x3C58, 0x3418, 0xD73E, 0xFFFF, 0xFFFF, 0xFFFF, 0xFFFF, 0xD73E, 0x3418, 0x3C58,
  0x3C58, 0x3418, 0xD73E, 0xFFFF, 0xFFFF, 0xFFFF, 0xFFFF, 0xD73E, 0x3418, 0x3C58,
  0x3C58, 0x3C58, 0x3C58, 0x3C58, 0x3C58, 0x3C58, 0x3C58, 0x3C58, 0x3C58, 0x3C58,
  0x3C58, 0x3C58, 0x3C58, 0x3C58, 0x3C58, 0x3C58, 0x3C58, 0x3C58, 0x3C58, 0x3C58,
  0x3C58, 0x3418, 0xD73E, 0xFFFF, 0xFFFF, 0xFFFF, 0xFFFF, 0xD73E, 0x3418, 0x3C58,
  0x3C58, 0x3418, 0xD73E, 0xFFFF, 0xFFFF, 0xFFFF, 0xFFFF, 0xD73E, 0x3418, 0x3C58,
  0x3C58, 0x3C58, 0x3C58, 0x3C58, 0x3C58, 0x3C58, 0x3C58, 0x3C58, 0x3C58, 0x3C58,
  0x3C58, 0x3C58, 0x3C58, 0x3C58, 0x3C58, 0x3C58, 0x3C58, 0x3C58, 0x3C58, 0x3C58,
  0x3C58, 0x3418, 0xD73E, 0xFFFF, 0xFFFF, 0xFFFF, 0xFFFF, 0xD73E, 0x3418, 0x3C58,
  0x3C58, 0x3418, 0xD73E, 0xFFFF, 0xFFFF, 0xFFFF, 0xFFFF, 0xD73E, 0x3418, 0x3C58,
  0x3C58, 0x3C58, 0x3C58, 0x3C58, 0x3C58, 0x3C58, 0x3C58, 0x3C58, 0x3C58, 0x3C58,
  0x3C58, 0x3C58, 0x3C58, 0x3C58, 0x3C58, 0x3C58, 0x3C58, 0x3C58, 0x3C58, 0x3C58,
  0x3C58, 0x3418, 0xD73E, 0xFFFF, 0xFFFF, 0xFFFF, 0xFFFF, 0xD73E, 0x3418, 0x3C58,
  0x3C58, 0x3418, 0xD73E, 0xFFFF, 0xFFFF, 0xFFFF, 0xFFFF, 0xD73E, 0x3418, 0x3C58,
  0x3C58, 0x3C58, 0x3C58, 0x3C58, 0x3C58, 0x3C58, 0x3C58, 0x3C58, 0x3C58, 0x3C58,
  0x3C58, 0x3C58, 0x3C58, 0x3C58, 0x3C58, 0x3C58, 0x3C58, 0x3C58, 0x3C58, 0x3C58,
  0x3C58, 0x3418, 0xD73E, 0xFFFF, 0xFFFF, 0xFFFF, 0xFFFF, 0xD73E, 0x3418, 0x3C58,
  0x3C58, 0x3418, 0xD73E, 0xFFFF, 0xFFFF, 0xFFFF, 0xFFFF, 0xD73E, 0x3418, 0x3C58,
  0x3C58, 0x3C58, 0x3C58, 0x3C58, 0x3C58, 0x3C58, 0x3C58, 0x3C58, 0x3C58, 0x3C58,
  0x3C58, 0x3C58, 0x3C58, 0x3C58, 0x3C58, 0x3C58, 0x3C58, 0x3C58, 0x3C58, 0x3C58,
  0x3C58, 0x3418, 0xD73E, 0xFFFF, 0xFFFF, 0xFFFF, 0xFFFF, 0xD73E, 0x3418, 0x3C58,
  0x3C58, 0x3418, 0xD73E, 0xFFFF, 0xFFFF, 0xFFFF, 0xFFFF, 0xD73E, 0x3418, 0x3C58,
  0x3C58, 0x3C58, 0x3C58, 0x3C58, 0x3C58, 0x3C58, 0x3C58, 0x3C58, 0x3C58, 0x3C58,
  0x3C58, 0x3C58, 0x3C58, 0x3C58, 0x3C58, 0x3C58, 0x3C58, 0x3C58, 0x3C58, 0x3C58,
  0x3C58, 0x3418, 0xD73E, 0xFFFF, 0xFFFF, 0xFFFF, 0xFFFF, 0xD73E, 0x3418, 0x3C58,
  0x3C58, 0x3418, 0xD73E, 0xFFFF, 0xFFFF, 0xFFFF, 0xFFFF, 0xD73E, 0x3418, 0x3C58,
  0x3C58, 0x3C58, 0x3C58, 0x3C58, 0x3C58, 0x3C58, 0x3C58, 0x3C58, 0x3C58, 0x3C58,
  0x3C58, 0x3C58, 0x3C58, 0x3C58, 0x3C58, 0x3C58, 0x3C58, 0x3C58, 0x3C58, 0x3C58,
  0x3C58, 0x3418, 0xD73E, 0xFFFF, 0xFFFF, 0xFFFF, 0xFFFF, 0xD73E, 0x3418, 0x3C58,
  0x3C58, 0x3418, 0xD73E, 0xFFFF, 0xFFFF, 0xFFFF, 0xFFFF, 0xD73E, 0x3418, 0x3C58,
  0x3C58, 0x3C58, 0x3C58, 0x3C58, 0x3C58, 0x3C58, 0x3C58, 0x3C58, 0x3C58, 0x3C58,
  0x3C58, 0x3C58, 0x3C58, 0x3C58, 0x3C58, 0x3C58, 0x3C58, 0x3C58, 0x3C58, 0x3C58,
  0x3C58, 0x3418, 0xD73E, 0xFFFF, 0xFFFF, 0xFFFF, 0xFFFF, 0xD73E, 0x3418, 0x3C58,
  0x3C58, 0x3418, 0xD73E, 0xFFFF, 0xFFFF, 0xFFFF, 0xFFFF, 0xD73E, 0x3418, 0x3C58,
  0x3C58, 0x3C58, 0x3C58, 0x3C58, 0x3C58, 0x3C58, 0x3C58, 0x3C58, 0x3C58, 0x3C58,
  0x3C58, 0x3C58, 0x3C58, 0x3C58, 0x3C58, 0x3C58, 0x3C58, 0x3C58, 0x3C58, 0x3C58,
  0x3C58, 0x3418, 0xD73E, 0xFFFF, 0xFFFF, 0xFFFF, 0xFFFF, 0xD73E, 0x3418, 0x3C58,
  0x3C58, 0x3418, 0xD73E, 0xFFFF, 0xFFFF, 0xFFFF, 0xFFFF, 0xD73E, 0x3418, 0x3C58,
  0x3C58, 0x3C58, 0x3C58, 0x3C58, 0x3C58, 0x3C58, 0x3C58, 0x3C58, 0x3C58, 0x3C58,
  0x3C58, 0x3C58, 0x3C58, 0x3C58, 0x3C58, 0x3C58, 0x3C58, 0x3C58, 0x3C58, 0x3C58,
  0x3C58, 0x3418, 0xD73E, 0xFFFF, 0xFFFF, 0xFFFF, 0xFFFF, 0xD73E, 0x3418, 0x3C58,
  0x3C58, 0x3418, 0xD73E, 0xFFFF, 0xFFFF, 0xFFFF, 0xFFFF, 0xD73E, 0x3418, 0x3C58,
  0x3C58, 0x3C58, 0x3C58, 0x3C58, 0x3C58, 0x3C58, 0x3C58, 0x3C58, 0x3C58, 0x3C58,
  0x3C58, 0x3C58, 0x3C58, 0x3C58, 0x3C58, 0x3C58, 0x3C58, 0x3C58, 0x3C58, 0x3C58,
  0x3C58, 0x3418, 0xD73E, 0xFFFF, 0xFFFF, 0xFFFF, 0xFFFF, 0xD73E, 0x3418, 0x3C58,
  0x3C58, 0x3418, 0xD73E, 0xFFFF, 0xFFFF, 0xFFFF, 0xFFFF, 0xD73E, 0x3418, 0x3C58,
  0x3C58, 0x3C58, 0x3C58, 0x3C58, 0x3C58, 0x3C58, 0x3C58, 0x3C58, 0x3C58, 0x3C58,
  0x3C58, 0x3C58, 0x3C58, 0x3C58, 0x3C58, 0x3C58, 0x3C58, 0x3C58, 0x3C58, 0x3C58,
  0x3C58, 0x3418, 0xD73E, 0xFFFF, 0xFFFF, 0xFFFF, 0xFFFF, 0xD73E, 0x3418, 0x3C58,
  0x3C58, 0x3418, 0xD73E, 0xFFFF, 0xFFFF, 0xFFFF, 0xFFFF, 0xD73E, 0x3418, 0x3C58,
  0x3C58, 0x3C58, 0x3C58, 0x3C58, 0x3C58, 0x3C58, 0x3C58, 0x3C58, 0x3C58, 0x3C58,
  0x3C58, 0x3C58, 0x3C58, 0x3C58, 0x3C58, 0x3C58, 0x3C58, 0x3C58, 0x3C58, 0x3C58,
  0x3C58, 0x3418, 0xD73E, 0xFFFF, 0xFFFF, 0xFFFF, 0xFFFF, 0xD73E, 0x3418, 0x3C58,
  0x3C58, 0x3418, 0xD73E, 0xFFFF, 0xFFFF, 0xFFFF, 0xFFFF, 0xD73E, 0x3418, 0x3C58,
  0x3C58, 0x3C58, 0x3C58, 0x3C58, 0x3C58, 0x3C58, 0x3C58, 0x3C58, 0x3C58, 0x3C58,
  0x3C58, 0x3C58, 0x3C58, 0x3C58, 0x3C58, 0x3C58, 0x3C58, 0x3C58, 0x3C58, 0x3C58,
  0x3C58, 0x3418, 0xD73E, 0xFFFF, 0xFFFF, 0xFFFF, 0xFFFF, 0xD73E, 0x3418, 0x3C58,
  0x3C58, 0x3418, 0xD73E, 0xFFFF, 0xFFFF, 0xFFFF, 0xFFFF, 0xD73E, 0x3418, 0x3C58,
  0x3C58, 0x3C58, 0x3C58, 0x3C58, 0x3C58, 0x3C58, 0x3C58, 0x3C58, 0x3C58, 0x3C58,
  0x3C58, 0x3C58, 0x3C58, 0x3C58, 0x3C58, 0x3C58, 0x3C58, 0x3C58, 0x3C58, 0x3C58,
  0x3C58, 0x3418, 0xD73E, 0xFFFF, 0xFFFF, 0xFFFF, 0xFFFF, 0xD73E, 0x3418, 0x3C58,
  0x3C58, 0x3418, 0xD73E, 0xFFFF, 0xFFFF, 0xFFFF, 0xFFFF, 0xD73E, 0x3418, 0x3C58,
  0x3C58, 0x3C58, 0x3C58, 0x3C58, 0x3C58, 0x3C58, 0x3C58, 0x3C58, 0x3C58, 0x3C58,
  0x3C58, 0x3C58, 0x3C58, 0x3C58, 0x3C58, 0x3C58, 0x3C58, 0x3C58, 0x3C58, 0x3C58,
  0x3C58, 0x3418, 0xD73E, 0xFFFF, 0xFFFF, 0xFFFF, 0xFFFF, 0xD73E, 0x3418, 0x3C58,
  0x3C58, 0x3418, 0xD73E, 0xFFFF, 0xFFFF, 0xFFFF, 0xFFFF, 0xD73E, 0x3418, 0x3C58,
  0x3C58, 0x3C58, 0x3C58, 0x3C58, 0x3C58, 0x3C58, 0x3C58, 0x3C58, 0x3C58, 0x3C58,
  0x3C58, 0x3C58, 0x3C58, 0x3C58, 0x3C58, 0x3C58, 0x3C58, 0x3C58, 0x3C58, 0x3C58,
  0x3C58, 0x3418, 0xD73E, 0xFFFF, 0xFFFF, 0xFFFF, 0xFFFF, 0xD73E, 0x3418, 0x3C58,
  0x3C58, 0x3418, 0xD73E, 0xFFFF, 0xFFFF, 0xFFFF, 0xFFFF, 0xD73E, 0x3418, 0x3C58,
  0x3C58, 0x3C58, 0x3C58, 0x3C58, 0x3C58, 0x3C58, 0x3C58, 0x3C58, 0x3C58, 0x3C58,
  0x3C58, 0x3C58, 0x3C58, 0x3C58, 0x3C58, 0x3C58, 0x3C58, 0x3C58, 0x3C58, 0x3C58,
  0x3C58, 0x3418, 0xDF5E, 0xFFFF, 0xFFFF, 0xFFFF, 0xFFFF, 0xDF5E, 0x3418, 0x3C58,
  0x3C58, 0x3418, 0xDF5E, 0xFFFF, 0xFFFF, 0xFFFF, 0xFFFF, 0xDF5E, 0x3418, 0x3C58,
  0x3C58, 0x3C58, 0x3C58, 0x3C58, 0x3C58, 0x3C58, 0x3C58, 0x3C58, 0x3C58, 0x3C58,
  0x3C58, 0x3C58, 0x3C58, 0x3C58, 0x3C58, 0x3C58, 0x3C58, 0x3C58, 0x3C58, 0x3C58,
  0x3C58, 0x3C38, 0x5CF9, 0x651A, 0x651A, 0x651A, 0x651A, 0x5CF9, 0x3C38, 0x3C58,
  0x3C58, 0x3C38, 0x5CF9, 0x651A, 0x651A, 0x651A, 0x651A, 0x5CF9, 0x3C38, 0x3C58,
  0x3C58, 0x3C58, 0x3C58, 0x3C58, 0x3C58, 0x3C58, 0x3C58, 0x3C58, 0x3C58, 0x3C58,
  0x3C58, 0x3C58, 0x3C58, 0x3C58, 0x3C58, 0x3C58, 0x3C58, 0x3C58, 0x3C58, 0x3C58,
  0x3C58, 0x3C58, 0x3418, 0x3418, 0x3418, 0x3418, 0x3418, 0x3418, 0x3C58, 0x3C58,
  0x3C58, 0x3C58, 0x3418, 0x3418, 0x3418, 0x3418, 0x3418, 0x3418, 0x3C58, 0x3C58,
  0x3C58, 0x3C58, 0x3C58, 0x3C58, 0x3C58, 0x3C58, 0x3C58, 0x3C58, 0x3C58, 0x3C58,
  0x3C58, 0x3C58, 0x3C58, 0x3C58, 0x3C58, 0x3C58, 0x3C58, 0x3C58, 0x3C58, 0x3C58,
  0x3C58, 0x3C58, 0x3C58, 0x3C58, 0x3C58, 0x3C58, 0x3C58, 0x3C58, 0x3C58, 0x3C58,
  0x3C58, 0x3C58, 0x3C58, 0x3C58, 0x3C58, 0x3C58, 0x3C58, 0x3C58, 0x3C58, 0x3C58,
  0x3C58, 0x3C58, 0x3C58, 0x3C58, 0x3C58, 0x3C58, 0x3C58, 0x3C58, 0x3C58, 0x3C58,
  0x3C58, 0x3C58, 0x3C58, 0x3C58, 0x3C58, 0x3C58, 0x3C58, 0x3C58, 0x3C58, 0x3C58,
  0x3C58, 0x3C58, 0x3C58, 0x3C58, 0x3C58, 0x3C58, 0x3C58, 0x3C58, 0x3C58, 0x3C58,
  0x3C58, 0x3C58, 0x3C58, 0x3C58, 0x3C58, 0x3C58, 0x3C58, 0x3C58, 0x3C58, 0x3C58,
  0x3C58, 0x3C58, 0x3C58, 0x3C58, 0x3C58, 0x3C58, 0x3C58, 0x3C58, 0x3C58, 0x3C58,
  0x3C58, 0x3C58, 0x3C58, 0x3C58, 0x3C58, 0x3C58, 0x3C58, 0x3C58, 0x3C58, 0x3C58,
  0x3C58, 0x3C58, 0x3C58, 0x3C58, 0x3C58, 0x3C58, 0x3C58, 0x3C58, 0x3C58, 0x3C58,
  0x3C58, 0x3C58, 0x3C58, 0x3C58, 0x3C58, 0x3C58, 0x3C58, 0x3C58, 0x3C58, 0x3C58,
  0x3C58, 0x3C58, 0x3C58, 0x3C58, 0x3C58, 0x3C58, 0x3C58, 0x3C58, 0x3C58, 0x3C58,
  0x3C58, 0x3C99, 0x3C38, 0x3C58, 0x3C58, 0x3C58, 0x3C58, 0x3C58, 0x3C58, 0x3C58,
  0x3C58, 0x3C58, 0x3C58, 0x3C58, 0x3C58, 0x3C58, 0x3C58, 0x3C58, 0x3C58, 0x3C58,
  0x3C58, 0x3C58, 0x3C58, 0x3C58, 0x3C58, 0x3C58, 0x3C58, 0x3C58, 0x3C58, 0x3C58,
  0x3C58, 0x3C58, 0x3C58, 0x3C58, 0x3C58, 0x3C58, 0x3C58, 0x3C38, 0x3C99, 0x3C58,
  0x3437, 0x3C58, 0x3C99, 0x3C58, 0x3C58, 0x3C58, 0x3C58, 0x3C58, 0x3C58, 0x3C58,
  0x3C58, 0x3C58, 0x3C58, 0x3C58, 0x3C58, 0x3C58, 0x3C58, 0x3C58, 0x3C58, 0x3C58,
  0x3C58, 0x3C58, 0x3C58, 0x3C58, 0x3C58, 0x3C58, 0x3C58, 0x3C58, 0x3C58, 0x3C58,
  0x3C58, 0x3C58, 0x3C58, 0x3C58, 0x3C58, 0x3C58, 0x3C58, 0x3C99, 0x3C58, 0x3437,
  0xF81F, 0x3C37, 0x3C58, 0x3C58, 0x3C58, 0x3C38, 0x3C58, 0x3C58, 0x3C58, 0x3C58,
  0x3C58, 0x3C58, 0x3C58, 0x3C58, 0x3C58, 0x3C58, 0x3C58, 0x3C58, 0x3C58, 0x3C58,
  0x3C58, 0x3C58, 0x3C58, 0x3C58, 0x3C58, 0x3C58, 0x3C58, 0x3C58, 0x3C58, 0x3C58,
  0x3C58, 0x3C58, 0x3C58, 0x3C58, 0x3C38, 0x3C58, 0x3C58, 0x3C58, 0x3C37, 0xF81F
};

static const uint16_t kEmoji_retry[1600] PROGMEM = {
  0xF81F, 0x3C37, 0x3C58, 0x3C58, 0x3C58, 0x3C38, 0x3C58, 0x3C58, 0x3C58, 0x3C58,
  0x3C58, 0x3C58, 0x3C58, 0x3C58, 0x3C58, 0x3C58, 0x3C58, 0x3C58, 0x3C58, 0x3C58,
  0x3C58, 0x3C58, 0x3C58, 0x3C58, 0x3C58, 0x3C58, 0x3C58, 0x3C58, 0x3C58, 0x3C58,
  0x3C58, 0x3C58, 0x3C58, 0x3C58, 0x3C38, 0x3C58, 0x3C58, 0x3C58, 0x3C37, 0xF81F,
  0x3437, 0x3C58, 0x3C99, 0x3C58, 0x3C58, 0x3C58, 0x3C58, 0x3C58, 0x3C58, 0x3C58,
  0x3C58, 0x3C58, 0x3C58, 0x3C58, 0x3C58, 0x3C58, 0x3C58, 0x3C58, 0x3C58, 0x3C58,
  0x3C58, 0x3C58, 0x3C58, 0x3C58, 0x3C58, 0x3C58, 0x3C58, 0x3C58, 0x3C58, 0x3C58,
  0x3C58, 0x3C58, 0x3C58, 0x3C58, 0x3C58, 0x3C58, 0x3C58, 0x3C99, 0x3C58, 0x3437,
  0x3C58, 0x3C99, 0x3C38, 0x3C58, 0x3C58, 0x3C58, 0x3C58, 0x3C58, 0x3C58, 0x3C58,
  0x3C58, 0x3C58, 0x3C58, 0x3C58, 0x3C58, 0x3C58, 0x3C58, 0x3C58, 0x3C58, 0x3C58,
  0x3C58, 0x3C58, 0x3C58, 0x3C58, 0x3C58, 0x3C58, 0x3C58, 0x3C58, 0x3C58, 0x3C58,
  0x3C58, 0x3C58, 0x3C58, 0x3C58, 0x3C58, 0x3C58, 0x3C58, 0x3C38, 0x3C99, 0x3C58,
  0x3C58, 0x3C58, 0x3C58, 0x3C58, 0x3C58, 0x3C58, 0x3C58, 0x3C58, 0x3C58, 0x3C58,
  0x3C58, 0x3C58, 0x3C58, 0x3C58, 0x3C58, 0x3C38, 0x3418, 0x2C17, 0x2BF7, 0x2BF7,
  0x2C17, 0x2BF7, 0x2C17, 0x3418, 0x3C38, 0x3C58, 0x3C58, 0x3C58, 0x3C58, 0x3C58,
  0x3C58, 0x3C58, 0x3C58, 0x3C58, 0x3C58, 0x3C58, 0x3C58, 0x3C58, 0x3C58, 0x3C58,
  0x3C58, 0x3C58, 0x3C58, 0x3C58, 0x3C58, 0x3C38, 0x3C58, 0x3C58, 0x3C58, 0x3C58,
  0x3C58, 0x3C58, 0x3C58, 0x3418, 0x3438, 0x4C98, 0x6D3A, 0x95FB, 0xAE5C, 0xAE7C,
  0xAE7C, 0xA65C, 0x95FB, 0x6D3A, 0x4C98, 0x3438, 0x3418, 0x3C58, 0x3C58, 0x3C58,
  0x3C58, 0x3C58, 0x3C58, 0x3C58, 0x3C58, 0x3C58, 0x3C58, 0x3C58, 0x3C58, 0x3C58,
  0x3C58, 0x3C58, 0x3C58, 0x3C58, 0x3C38, 0x4478, 0x3C38, 0x3C38, 0x3C58, 0x3C58,
  0x3C58, 0x3438, 0x3438, 0x6D3A, 0xB69D, 0xF7BF, 0xFFFF, 0xFFFF, 0xFFFF, 0xFFFF,
  0xFFFF, 0xFFFF, 0xFFFF, 0xFFFF, 0xF7BF, 0xB69D, 0x6D3A, 0x3438, 0x3438, 0x3C58,
  0x3C58, 0x3C58, 0x3C58, 0x3C58, 0x3C58, 0x3C58, 0x3C58, 0x3C58, 0x3C58, 0x3C58,
  0x3C58, 0x3C58, 0x3C58, 0x3C58, 0x2C17, 0x7D9A, 0xAE7C, 0x3418, 0x3C58, 0x3C58,
  0x2C17, 0x64F9, 0xC6FD, 0xFFFF, 0xFFFF, 0xFFFF, 0xFFFF, 0xFFFF, 0xFFFF, 0xFFFF,
  0xFFFF, 0xFFFF, 0xFFFF, 0xFFFF, 0xFFFF, 0xFFFF, 0xFFFF, 0xC6FD, 0x64F9, 0x2C17,
  0x3C58, 0x3C58, 0x3C58, 0x3C58, 0x3C58, 0x3C58, 0x3C58, 0x3C58, 0x3C58, 0x3C58,
  0x3C58, 0x3C58, 0x3C58, 0x3C58, 0x2BF7, 0x85BB, 0xFFFF, 0xAE5C, 0x3418, 0x3438,
  0x95FB, 0xF7DF, 0xFFFF, 0xFFFF, 0xFFFF, 0xFFFF, 0xFFFF, 0xFFFF, 0xFFFF, 0xFFFF,
  0xFFFF, 0xFFFF, 0xFFFF, 0xFFFF, 0xFFFF, 0xFFFF, 0xFFFF, 0xFFFF, 0xF7DF, 0x95FB,
  0x3438, 0x3C38, 0x3C58, 0x3C58, 0x3C58, 0x3C58, 0x3C58, 0x3C58, 0x3C58, 0x3C58,
  0x3C58, 0x3C58, 0x3C58, 0x3C58, 0x2BF7, 0x95FB, 0xFFFF, 0xFFFF, 0xA65C, 0xAE5C,
  0xFFFF, 0xFFFF, 0xFFFF, 0xFFFF, 0xFFFF, 0xFFFF, 0xFFFF, 0xFFFF, 0xF7DF, 0xF7BF,
  0xF7BF, 0xF7DF, 0xFFFF, 0xFFFF, 0xFFFF, 0xFFFF, 0xFFFF, 0xFFFF, 0xFFFF, 0xFFFF,
  0xAE7C, 0x3C38, 0x3C38, 0x3C58, 0x3C58, 0x3C58, 0x3C58, 0x3C58, 0x3C58, 0x3C58,
  0x3C58, 0x3C58, 0x3C58, 0x3C58, 0x3417, 0xA65C, 0xFFFF, 0xFFFF, 0xFFFF, 0xFFFF,
  0xFFFF, 0xFFFF, 0xFFFF, 0xFFFF, 0xFFFF, 0xEF9F, 0xA65C, 0x757A, 0x54D9, 0x4CB9,
  0x4CB9, 0x54D9, 0x757A, 0xA65C, 0xEF9F, 0xFFFF, 0xFFFF, 0xFFFF, 0xFFFF, 0xFFFF,
  0xFFFF, 0xAE7C, 0x3438, 0x3C58, 0x3C58, 0x3C58, 0x3C58, 0x3C58, 0x3C58, 0x3C58,
  0x3C58, 0x3C58, 0x3C58, 0x3C58, 0x3438, 0xB69D, 0xFFFF, 0xFFFF, 0xFFFF, 0xFFFF,
  0xFFFF, 0xFFFF, 0xFFFF, 0xF7DF, 0x961B, 0x4478, 0x2C17, 0x3417, 0x3438, 0x3438,
  0x3438, 0x3438, 0x3417, 0x2C17, 0x4478, 0x961B, 0xF7DF, 0xFFFF, 0xFFFF, 0xFFFF,
  0xFFFF, 0xFFFF, 0x95FB, 0x2C17, 0x3C58, 0x3C58, 0x3C58, 0x3C58, 0x3C58, 0x3C58,
  0x3C58, 0x3C58, 0x3C58, 0x3C58, 0x3C38, 0xC6DD, 0xFFFF, 0xFFFF, 0xFFFF, 0xFFFF,
  0xFFFF, 0xFFFF, 0xD73E, 0x5CF9, 0x2C17, 0x3C38, 0x3C58, 0x3C58, 0x3C58, 0x3C58,
  0x3C58, 0x3C58, 0x3C58, 0x3C58, 0x3C38, 0x2BF7, 0x5CF9, 0xDF5E, 0xFFFF, 0xFFFF,
  0xFFFF, 0xFFFF, 0xF7DF, 0x5CF9, 0x3438, 0x3C58, 0x3C58, 0x3C58, 0x3C58, 0x3C58,
  0x3C58, 0x3C58, 0x3C58, 0x3C38, 0x3C58, 0xD73E, 0xFFFF, 0xFFFF, 0xFFFF, 0xFFFF,
  0xFFFF, 0xFFFF, 0xAE7C, 0x2BF7, 0x3C58, 0x3C58, 0x3C58, 0x3C58, 0x3C58, 0x3C58,
  0x3C58, 0x3C58, 0x3C58, 0x3C58, 0x3C58, 0x3C58, 0x3418, 0x4C98, 0xDF5E, 0xFFFF,
  0xFFFF, 0xFFFF, 0xFFFF, 0xCEFD, 0x3438, 0x3C58, 0x3C58, 0x3C58, 0x3C58, 0x3C58,
  0x3C58, 0x3C58, 0x3C58, 0x3C38, 0x4458, 0xE77E, 0xFFFF, 0xFFFF, 0xFFFF, 0xFFFF,
  0xFFFF, 0xFFFF, 0xFFFF, 0xAE5C, 0x3418, 0x3C38, 0x3C58, 0x3C58, 0x3C58, 0x3C58,
  0x3C58, 0x3C58, 0x3C58, 0x3C58, 0x3C58, 0x3C58, 0x3C58, 0x3418, 0x5CF9, 0xF7DF,
  0xFFFF, 0xFFFF, 0xFFFF, 0xFFFF, 0x6D3A, 0x3418, 0x3C58, 0x3C58, 0x3C58, 0x3C58,
  0x3C58, 0x3C58, 0x3C58, 0x3C38, 0x4478, 0xF7DF, 0xFFFF, 0xFFFF, 0xFFFF, 0xFFFF,
  0xFFFF, 0xFFFF, 0xFFFF, 0xFFFF, 0xB69D, 0x3C58, 0x3C58, 0x3C58, 0x3C58, 0x3C58,
  0x3C58, 0x3C58, 0x3C58, 0x3C58, 0x3C58, 0x3C58, 0x3C58, 0x3C58, 0x2BF7, 0x9E1B,
  0xFFFF, 0xFFFF, 0xFFFF, 0xFFFF, 0xB69D, 0x3418, 0x3C58, 0x3C58, 0x3C58, 0x3C58,
  0x3C58, 0x3C58, 0x3C58, 0x3438, 0x54D9, 0xFFFF, 0xFFFF, 0xFFFF, 0xEF9F, 0xDF5E,
  0xCF1E, 0xC6DD, 0xB67C, 0xA63C, 0x95FB, 0x54B9, 0x3438, 0x3C58, 0x3C58, 0x3C58,
  0x3C58, 0x3C58, 0x3C58, 0x3C58, 0x3C58, 0x3C58, 0x3C58, 0x3C58, 0x3C38, 0x4478,
  0xEF9F, 0xFFFF, 0xFFFF, 0xFFFF, 0xEFBF, 0x4498, 0x3C38, 0x3C58, 0x3C58, 0x3C58,
  0x3C58, 0x3C58, 0x3C58, 0x3C38, 0x4478, 0x755A, 0x5CF9, 0x54B9, 0x4C99, 0x4478,
  0x3C58, 0x3438, 0x2C17, 0x2BF7, 0x2BF7, 0x3C38, 0x3C58, 0x3C58, 0x3C58, 0x3C58,
  0x3C58, 0x3C58, 0x3C58, 0x3C58, 0x3C58, 0x3C58, 0x3C58, 0x3C58, 0x3C58, 0x3418,
  0xA65C, 0xFFFF, 0xFFFF, 0xFFFF, 0xFFFF, 0x6D3A, 0x3418, 0x3C58, 0x3C58, 0x3C58,
  0x3C58, 0x3C58, 0x3C58, 0x3C58, 0x3438, 0x2BF7, 0x2C17, 0x2BF7, 0x2C17, 0x3438,
  0x3C58, 0x3C58, 0x3C58, 0x3C58, 0x3C58, 0x3C58, 0x3C58, 0x3C58, 0x3C58, 0x3C58,
  0x3C58, 0x3C58, 0x3C58, 0x3C58, 0x3C58, 0x3C58, 0x3C58, 0x3C58, 0x3C58, 0x2C18,
  0x757A, 0xFFFF, 0xFFFF, 0xFFFF, 0xFFFF, 0x95FB, 0x2C17, 0x3C58, 0x3C58, 0x3C58,
  0x3C58, 0x3C58, 0x3C58, 0x3C38, 0x4478, 0x54B9, 0x5CD9, 0x6D3A, 0x7D7A, 0x4478,
  0x3C38, 0x3C58, 0x3C58, 0x3C58, 0x3C58, 0x3C58, 0x3C58, 0x3C58, 0x3C58, 0x3C58,
  0x3C58, 0x3C58, 0x3C58, 0x3C58, 0x3C58, 0x3C58, 0x3C58, 0x3C58, 0x3C58, 0x3438,
  0x54D9, 0xF7DF, 0xFFFF, 0xFFFF, 0xFFFF, 0xA65C, 0x2BF7, 0x3C58, 0x3C58, 0x3C58,
  0x3C58, 0x3C58, 0x3C58, 0x2BF7, 0x9E1C, 0xFFFF, 0xFFFF, 0xFFFF, 0xF7DF, 0x54B9,
  0x3438, 0x3C58, 0x3C58, 0x3C58, 0x3C58, 0x3C58, 0x3C58, 0x3C58, 0x3C58, 0x3C58,
  0x3C58, 0x3C58, 0x3C58, 0x3C58, 0x3C58, 0x3C58, 0x3C58, 0x3C58, 0x3C58, 0x3438,
  0x4C99, 0xEFBF, 0xFFFF, 0xFFFF, 0xFFFF, 0xAE5C, 0x2BF7, 0x3C58, 0x3C58, 0x3C58,
  0x3C58, 0x3C58, 0x3C58, 0x2BF7, 0xAE5C, 0xFFFF, 0xFFFF, 0xFFFF, 0xEFBF, 0x4C99,
  0x3438, 0x3C58, 0x3C58, 0x3C58, 0x3C58, 0x3C58, 0x3C58, 0x3C58, 0x3C58, 0x3C58,
  0x3C58, 0x3C58, 0x3C58, 0x3C58, 0x3C58, 0x3C58, 0x3C58, 0x3C58, 0x3C58, 0x3438,
  0x54B9, 0xF7DF, 0xFFFF, 0xFFFF, 0xFFFF, 0x9E1C, 0x2BF7, 0x3C58, 0x3C58, 0x3C58,
  0x3C58, 0x3C58, 0x3C58, 0x2BF7, 0xA65C, 0xFFFF, 0xFFFF, 0xFFFF, 0xF7DF, 0x54D9,
  0x3438, 0x3C58, 0x3C58, 0x3C58, 0x3C58, 0x3C58, 0x3C58, 0x3C58, 0x3C58, 0x3C58,
  0x3C58, 0x3C58, 0x3C58, 0x3C58, 0x3C58, 0x3C58, 0x3C58, 0x3C58, 0x3C58, 0x3C58,
  0x4478, 0x755A, 0x6D3A, 0x5CD9, 0x54B9, 0x4478, 0x3C38, 0x3C58, 0x3C58, 0x3C58,
  0x3C58, 0x3C58, 0x3C58, 0x2C17, 0x95FB, 0xFFFF, 0xFFFF, 0xFFFF, 0xFFFF, 0x757A,
  0x2C18, 0x3C58, 0x3C58, 0x3C58, 0x3C58, 0x3C58, 0x3C58, 0x3C58, 0x3C58, 0x3C58,
  0x3C58, 0x3C58, 0x3C58, 0x3C58, 0x3C58, 0x3C58, 0x3C58, 0x3C58, 0x3C58, 0x3C58,
  0x3C38, 0x2C17, 0x2BF7, 0x2C17, 0x2BF7, 0x3438, 0x3C58, 0x3C58, 0x3C58, 0x3C58,
  0x3C58, 0x3C58, 0x3C58, 0x3418, 0x6D3A, 0xFFFF, 0xFFFF, 0xFFFF, 0xFFFF, 0xA65C,
  0x3418, 0x3C58, 0x3C58, 0x3C58, 0x3C58, 0x3C58, 0x3C58, 0x3C58, 0x3C58, 0x3C58,
  0x3C58, 0x3C58, 0x3C58, 0x3C58, 0x3C38, 0x2BF7, 0x2BF7, 0x2C17, 0x3438, 0x3C58,
  0x4478, 0x4C99, 0x54B9, 0x5CF9, 0x755A, 0x4478, 0x3C38, 0x3C58, 0x3C58, 0x3C58,
  0x3C58, 0x3C58, 0x3C58, 0x3C38, 0x4498, 0xEFBF, 0xFFFF, 0xFFFF, 0xFFFF, 0xEF9F,
  0x4478, 0x3C38, 0x3C58, 0x3C58, 0x3C58, 0x3C58, 0x3C58, 0x3C58, 0x3C58, 0x3C58,
  0x3C58, 0x3C58, 0x3C58, 0x3438, 0x54B9, 0x95FB, 0xA63C, 0xB67C, 0xC6DD, 0xCF1E,
  0xDF5E, 0xEF9F, 0xFFFF, 0xFFFF, 0xFFFF, 0x54D9, 0x3438, 0x3C58, 0x3C58, 0x3C58,
  0x3C58, 0x3C58, 0x3C58, 0x3C58, 0x3418, 0xB69D, 0xFFFF, 0xFFFF, 0xFFFF, 0xFFFF,
  0x9E1B, 0x2BF7, 0x3C58, 0x3C58, 0x3C58, 0x3C58, 0x3C58, 0x3C58, 0x3C58, 0x3C58,
  0x3C58, 0x3C58, 0x3C58, 0x3C58, 0x3C58, 0xB69D, 0xFFFF, 0xFFFF, 0xFFFF, 0xFFFF,
  0xFFFF, 0xFFFF, 0xFFFF, 0xFFFF, 0xF7DF, 0x4478, 0x3C38, 0x3C58, 0x3C58, 0x3C58,
  0x3C58, 0x3C58, 0x3C58, 0x3C58, 0x3418, 0x6D3A, 0xFFFF, 0xFFFF, 0xFFFF, 0xFFFF,
  0xF7DF, 0x5CF9, 0x3418, 0x3C58, 0x3C58, 0x3C58, 0x3C58, 0x3C58, 0x3C58, 0x3C58,
  0x3C58, 0x3C58, 0x3C58, 0x3C58, 0x3C38, 0x3418, 0xAE5C, 0xFFFF, 0xFFFF, 0xFFFF,
  0xFFFF, 0xFFFF, 0xFFFF, 0xFFFF, 0xE77E, 0x4458, 0x3C38, 0x3C58, 0x3C58, 0x3C58,
  0x3C58, 0x3C58, 0x3C58, 0x3C58, 0x3C58, 0x3438, 0xCEFD, 0xFFFF, 0xFFFF, 0xFFFF,
  0xFFFF, 0xDF5E, 0x4C98, 0x3418, 0x3C58, 0x3C58, 0x3C58, 0x3C58, 0x3C58, 0x3C58,
  0x3C58, 0x3C58, 0x3C58, 0x3C58, 0x3C58, 0x3C58, 0x2BF7, 0xAE7C, 0xFFFF, 0xFFFF,
  0xFFFF, 0xFFFF, 0xFFFF, 0xFFFF, 0xD73E, 0x3C58, 0x3C38, 0x3C58, 0x3C58, 0x3C58,
  0x3C58, 0x3C58, 0x3C58, 0x3C58, 0x3C58, 0x3438, 0x5CF9, 0xF7DF, 0xFFFF, 0xFFFF,
  0xFFFF, 0xFFFF, 0xDF5E, 0x5CF9, 0x2BF7, 0x3C38, 0x3C58, 0x3C58, 0x3C58, 0x3C58,
  0x3C58, 0x3C58, 0x3C58, 0x3C58, 0x3C38, 0x2C17, 0x5CF9, 0xD73E, 0xFFFF, 0xFFFF,
  0xFFFF, 0xFFFF, 0xFFFF, 0xFFFF, 0xC6DD, 0x3C38, 0x3C58, 0x3C58, 0x3C58, 0x3C58,
  0x3C58, 0x3C58, 0x3C58, 0x3C58, 0x3C58, 0x3C58, 0x2C17, 0x95FB, 0xFFFF, 0xFFFF,
  0xFFFF, 0xFFFF, 0xFFFF, 0xF7DF, 0x961B, 0x4478, 0x2C17, 0x3417, 0x3438, 0x3438,
  0x3438, 0x3438, 0x3417, 0x2C17, 0x4478, 0x961B, 0xF7DF, 0xFFFF, 0xFFFF, 0xFFFF,
  0xFFFF, 0xFFFF, 0xFFFF, 0xFFFF, 0xB69D, 0x3438, 0x3C58, 0x3C58, 0x3C58, 0x3C58,
  0x3C58, 0x3C58, 0x3C58, 0x3C58, 0x3C58, 0x3C58, 0x3C58, 0x3438, 0xAE7C, 0xFFFF,
  0xFFFF, 0xFFFF, 0xFFFF, 0xFFFF, 0xFFFF, 0xEF9F, 0xA65C, 0x757A, 0x54D9, 0x4CB9,
  0x4CB9, 0x54D9, 0x757A, 0xA65C, 0xEF9F, 0xFFFF, 0xFFFF, 0xFFFF, 0xFFFF, 0xFFFF,
  0xFFFF, 0xFFFF, 0xFFFF, 0xFFFF, 0xA65C, 0x3417, 0x3C58, 0x3C58, 0x3C58, 0x3C58,
  0x3C58, 0x3C58, 0x3C58, 0x3C58, 0x3C58, 0x3C58, 0x3C58, 0x3C38, 0x3C38, 0xAE7C,
  0xFFFF, 0xFFFF, 0xFFFF, 0xFFFF, 0xFFFF, 0xFFFF, 0xFFFF, 0xFFFF, 0xF7DF, 0xF7BF,
  0xF7BF, 0xF7DF, 0xFFFF, 0xFFFF, 0xFFFF, 0xFFFF, 0xFFFF, 0xFFFF, 0xFFFF, 0xFFFF,
  0xAE5C, 0xA65C, 0xFFFF, 0xFFFF, 0x95FB, 0x2BF7, 0x3C58, 0x3C58, 0x3C58, 0x3C58,
  0x3C58, 0x3C58, 0x3C58, 0x3C58, 0x3C58, 0x3C58, 0x3C58, 0x3C58, 0x3C38, 0x3438,
  0x95FB, 0xF7DF, 0xFFFF, 0xFFFF, 0xFFFF, 0xFFFF, 0xFFFF, 0xFFFF, 0xFFFF, 0xFFFF,
  0xFFFF, 0xFFFF, 0xFFFF, 0xFFFF, 0xFFFF, 0xFFFF, 0xFFFF, 0xFFFF, 0xF7DF, 0x95FB,
  0x3438, 0x3418, 0xAE5C, 0xFFFF, 0x85BB, 0x2BF7, 0x3C58, 0x3C58, 0x3C58, 0x3C58,
  0x3C58, 0x3C58, 0x3C58, 0x3C58, 0x3C58, 0x3C58, 0x3C58, 0x3C58, 0x3C58, 0x3C58,
  0x2C17, 0x64F9, 0xC6FD, 0xFFFF, 0xFFFF, 0xFFFF, 0xFFFF, 0xFFFF, 0xFFFF, 0xFFFF,
  0xFFFF, 0xFFFF, 0xFFFF, 0xFFFF, 0xFFFF, 0xFFFF, 0xFFFF, 0xC6FD, 0x64F9, 0x2C17,
  0x3C58, 0x3C58, 0x3418, 0xAE7C, 0x7D9A, 0x2C17, 0x3C58, 0x3C58, 0x3C58, 0x3C58,
  0x3C58, 0x3C58, 0x3C58, 0x3C58, 0x3C58, 0x3C58, 0x3C58, 0x3C58, 0x3C58, 0x3C58,
  0x3C58, 0x3438, 0x3438, 0x6D3A, 0xB69D, 0xF7BF, 0xFFFF, 0xFFFF, 0xFFFF, 0xFFFF,
  0xFFFF, 0xFFFF, 0xFFFF, 0xFFFF, 0xF7BF, 0xB69D, 0x6D3A, 0x3438, 0x3438, 0x3C58,
  0x3C58, 0x3C58, 0x3C38, 0x3C38, 0x4478, 0x3C38, 0x3C58, 0x3C58, 0x3C58, 0x3C58,
  0x3C58, 0x3C58, 0x3C58, 0x3C58, 0x3C58, 0x3C58, 0x3C58, 0x3C58, 0x3C58, 0x3C58,
  0x3C58, 0x3C58, 0x3C58, 0x3418, 0x3438, 0x4C98, 0x6D3A, 0x95FB, 0xA65C, 0xAE7C,
  0xAE5C, 0xA65C, 0x95FB, 0x6D3A, 0x4C98, 0x3438, 0x3418, 0x3C58, 0x3C58, 0x3C58,
  0x3C58, 0x3C58, 0x3C58, 0x3C58, 0x3C38, 0x3C58, 0x3C58, 0x3C58, 0x3C58, 0x3C58,
  0x3C58, 0x3C58, 0x3C58, 0x3C58, 0x3C58, 0x3C58, 0x3C58, 0x3C58, 0x3C58, 0x3C58,
  0x3C58, 0x3C58, 0x3C58, 0x3C58, 0x3C58, 0x3C38, 0x3418, 0x2C17, 0x2BF7, 0x2C17,
  0x2BF7, 0x2BF7, 0x2C17, 0x3418, 0x3C38, 0x3C58, 0x3C58, 0x3C58, 0x3C58, 0x3C58,
  0x3C58, 0x3C58, 0x3C58, 0x3C58, 0x3C58, 0x3C58, 0x3C58, 0x3C58, 0x3C58, 0x3C58,
  0x3C58, 0x3C99, 0x3C38, 0x3C58, 0x3C58, 0x3C58, 0x3C58, 0x3C58, 0x3C58, 0x3C58,
  0x3C58, 0x3C58, 0x3C58, 0x3C58, 0x3C58, 0x3C58, 0x3C58, 0x3C58, 0x3C58, 0x3C58,
  0x3C58, 0x3C58, 0x3C58, 0x3C58, 0x3C58, 0x3C58, 0x3C58, 0x3C58, 0x3C58, 0x3C58,
  0x3C58, 0x3C58, 0x3C58, 0x3C58, 0x3C58, 0x3C58, 0x3C58, 0x3C38, 0x3C99, 0x3C58,
  0x3437, 0x3C58, 0x3C99, 0x3C58, 0x3C58, 0x3C58, 0x3C58, 0x3C58, 0x3C58, 0x3C58,
  0x3C58, 0x3C58, 0x3C58, 0x3C58, 0x3C58, 0x3C58, 0x3C58, 0x3C58, 0x3C58, 0x3C58,
  0x3C58, 0x3C58, 0x3C58, 0x3C58, 0x3C58, 0x3C58, 0x3C58, 0x3C58, 0x3C58, 0x3C58,
  0x3C58, 0x3C58, 0x3C58, 0x3C58, 0x3C58, 0x3C58, 0x3C58, 0x3C99, 0x3C58, 0x3437,
  0xF81F, 0x3C37, 0x3C58, 0x3C58, 0x3C58, 0x3C38, 0x3C58, 0x3C58, 0x3C58, 0x3C58,
  0x3C58, 0x3C58, 0x3C58, 0x3C58, 0x3C58, 0x3C58, 0x3C58, 0x3C58, 0x3C58, 0x3C58,
  0x3C58, 0x3C58, 0x3C58, 0x3C58, 0x3C58, 0x3C58, 0x3C58, 0x3C58, 0x3C58, 0x3C58,
  0x3C58, 0x3C58, 0x3C58, 0x3C58, 0x3C38, 0x3C58, 0x3C58, 0x3C58, 0x3C37, 0xF81F
};

static const uint16_t kEmoji_blocked[1600] PROGMEM = {
  0xF81F, 0xF81F, 0xF81F, 0xF81F, 0xF81F, 0xF81F, 0xF81F, 0xF81F, 0xF81F, 0xF81F,
  0xF81F, 0xF81F, 0xF81F, 0xF81F, 0xD968, 0xD968, 0xD968, 0xD968, 0xD968, 0xD968,
  0xD968, 0xD968, 0xD968, 0xD968, 0xD968, 0xD968, 0xF81F, 0xF81F, 0xF81F, 0xF81F,
  0xF81F, 0xF81F, 0xF81F, 0xF81F, 0xF81F, 0xF81F, 0xF81F, 0xF81F, 0xF81F, 0xF81F,
  0xF81F, 0xF81F, 0xF81F, 0xF81F, 0xF81F, 0xF81F, 0xF81F, 0xF81F, 0xF81F, 0xF81F,
  0xF81F, 0xE168, 0xE168, 0xD968, 0xE168, 0xE989, 0xE168, 0xD968, 0xD968, 0xD968,
  0xD968, 0xD968, 0xD968, 0xE168, 0xE989, 0xE168, 0xD968, 0xE168, 0xE168, 0xF81F,
  0xF81F, 0xF81F, 0xF81F, 0xF81F, 0xF81F, 0xF81F, 0xF81F, 0xF81F, 0xF81F, 0xF81F,
  0xF81F, 0xF81F, 0xF81F, 0xF81F, 0xF81F, 0xF81F, 0xF81F, 0xF81F, 0xF81F, 0xD988,
  0xE168, 0xE168, 0xE989, 0xE168, 0xD968, 0xD968, 0xD968, 0xD968, 0xD968, 0xD968,
  0xD968, 0xD968, 0xD968, 0xD968, 0xD968, 0xD968, 0xE168, 0xE989, 0xE168, 0xE168,
  0xD988, 0xF81F, 0xF81F, 0xF81F, 0xF81F, 0xF81F, 0xF81F, 0xF81F, 0xF81F, 0xF81F,
  0xF81F, 0xF81F, 0xF81F, 0xF81F, 0xF81F, 0xF81F, 0xF81F, 0xF81F, 0xD968, 0xE168,
  0xE988, 0xD968, 0xD968, 0xD968, 0xD968, 0xD968, 0xD968, 0xD968, 0xD968, 0xD968,
  0xD968, 0xD968, 0xD968, 0xD968, 0xD968, 0xD968, 0xD968, 0xD968, 0xD968, 0xE988,
  0xE168, 0xD968, 0xF81F, 0xF81F, 0xF81F, 0xF81F, 0xF81F, 0xF81F, 0xF81F, 0xF81F,
  0xF81F, 0xF81F, 0xF81F, 0xF81F, 0xF81F, 0xF81F, 0xF81F, 0xD968, 0xE989, 0xD968,
  0xD968, 0xD968, 0xD968, 0xD968, 0xD968, 0xD968, 0xD968, 0xE188, 0xE989, 0xE989,
  0xE989, 0xE989, 0xE188, 0xD968, 0xD968, 0xD968, 0xD968, 0xD968, 0xD968, 0xD968,
  0xD968, 0xE989, 0xD968, 0xF81F, 0xF81F, 0xF81F, 0xF81F, 0xF81F, 0xF81F, 0xF81F,
  0xF81F, 0xF81F, 0xF81F, 0xF81F, 0xF81F, 0xF81F, 0xD968, 0xE989, 0xD968, 0xD968,
  0xD968, 0xD968, 0xD968, 0xD968, 0xE989, 0xE188, 0xD968, 0xD968, 0xD968, 0xD968,
  0xD968, 0xD968, 0xD968, 0xD968, 0xE188, 0xE989, 0xD968, 0xD968, 0xD968, 0xD968,
  0xD968, 0xD968, 0xE989, 0xD968, 0xF81F, 0xF81F, 0xF81F, 0xF81F, 0xF81F, 0xF81F,
  0xF81F, 0xF81F, 0xF81F, 0xF81F, 0xF81F, 0xD968, 0xE989, 0xD968, 0xD968, 0xD968,
  0xD968, 0xD968, 0xE188, 0xE168, 0xD968, 0xD968, 0xF81F, 0xF81F, 0xF81F, 0xF81F,
  0xF81F, 0xF81F, 0xF81F, 0xF81F, 0xD968, 0xD968, 0xD968, 0xE988, 0xD968, 0xD968,
  0xD968, 0xD968, 0xD968, 0xE989, 0xD968, 0xF81F, 0xF81F, 0xF81F, 0xF81F, 0xF81F,
  0xF81F, 0xF81F, 0xF81F, 0xF81F, 0xD968, 0xE989, 0xD968, 0xD968, 0xD968, 0xD968,
  0xD968, 0xE168, 0xD968, 0xD968, 0xF81F, 0xF81F, 0xF81F, 0xF81F, 0xF81F, 0xF81F,
  0xF81F, 0xF81F, 0xF81F, 0xF81F, 0xF81F, 0xF81F, 0xD968, 0xD968, 0xE989, 0xD968,
  0xD968, 0xD968, 0xD968, 0xD968, 0xE989, 0xD968, 0xF81F, 0xF81F, 0xF81F, 0xF81F,
  0xF81F, 0xF81F, 0xF81F, 0xD968, 0xE989, 0xD968, 0xD968, 0xD968, 0xD968, 0xD968,
  0xD968, 0xE168, 0xE168, 0xF81F, 0xF81F, 0xF81F, 0xF81F, 0xF81F, 0xF81F, 0xF81F,
  0xF81F, 0xF81F, 0xF81F, 0xF81F, 0xF81F, 0xF81F, 0xF81F, 0xF81F, 0xD968, 0xD968,
  0xE168, 0xD968, 0xD968, 0xD968, 0xD968, 0xE989, 0xD968, 0xF81F, 0xF81F, 0xF81F,
  0xF81F, 0xF81F, 0xD968, 0xE168, 0xE168, 0xD968, 0xD968, 0xD968, 0xD968, 0xD968,
  0xD968, 0xD968, 0xE988, 0xD968, 0xD967, 0xF81F, 0xF81F, 0xF81F, 0xF81F, 0xF81F,
  0xF81F, 0xF81F, 0xF81F, 0xF81F, 0xF81F, 0xF81F, 0xF81F, 0xF81F, 0xF81F, 0xD968,
  0xE168, 0xE168, 0xD968, 0xD968, 0xD968, 0xE168, 0xE168, 0xD968, 0xF81F, 0xF81F,
  0xF81F, 0xF81F, 0xD968, 0xE988, 0xD968, 0xD968, 0xD968, 0xD968, 0xD968, 0xD968,
  0xD968, 0xD968, 0xD968, 0xE188, 0xE168, 0xD188, 0xF81F, 0xF81F, 0xF81F, 0xF81F,
  0xF81F, 0xF81F, 0xF81F, 0xF81F, 0xF81F, 0xF81F, 0xF81F, 0xF81F, 0xF81F, 0xF81F,
  0xD968, 0xE168, 0xE168, 0xD968, 0xD968, 0xD968, 0xE988, 0xD968, 0xF81F, 0xF81F,
  0xF81F, 0xE188, 0xE168, 0xD968, 0xD968, 0xD968, 0xD968, 0xE168, 0xE168, 0xD968,
  0xD968, 0xD968, 0xD968, 0xD968, 0xE188, 0xE168, 0xD968, 0xF81F, 0xF81F, 0xF81F,
  0xF81F, 0xF81F, 0xF81F, 0xF81F, 0xF81F, 0xF81F, 0xF81F, 0xF81F, 0xF81F, 0xF81F,
  0xF81F, 0xD968, 0xE989, 0xD968, 0xD968, 0xD968, 0xD968, 0xE168, 0xE188, 0xF81F,
  0xF81F, 0xD968, 0xE989, 0xD968, 0xD968, 0xD968, 0xE188, 0xD968, 0xD968, 0xE989,
  0xD968, 0xD968, 0xD968, 0xD968, 0xD968, 0xE188, 0xD968, 0xD967, 0xF81F, 0xF81F,
  0xF81F, 0xF81F, 0xF81F, 0xF81F, 0xF81F, 0xF81F, 0xF81F, 0xF81F, 0xF81F, 0xF81F,
  0xF81F, 0xF81F, 0xD968, 0xE188, 0xD968, 0xD968, 0xD968, 0xE989, 0xD968, 0xF81F,
  0xF81F, 0xD968, 0xE168, 0xD968, 0xD968, 0xD968, 0xE168, 0xD988, 0xF81F, 0xE168,
  0xE188, 0xD968, 0xD968, 0xD968, 0xD968, 0xD968, 0xE168, 0xD968, 0xD967, 0xF81F,
  0xF81F, 0xF81F, 0xF81F, 0xF81F, 0xF81F, 0xF81F, 0xF81F, 0xF81F, 0xF81F, 0xF81F,
  0xF81F, 0xF81F, 0xD968, 0xE168, 0xD968, 0xD968, 0xD968, 0xE168, 0xD968, 0xF81F,
  0xD968, 0xE168, 0xD968, 0xD968, 0xD968, 0xE989, 0xD968, 0xF81F, 0xF81F, 0xD168,
  0xE168, 0xE188, 0xD968, 0xD968, 0xD968, 0xD968, 0xD968, 0xE188, 0xD968, 0xD968,
  0xF81F, 0xF81F, 0xF81F, 0xF81F, 0xF81F, 0xF81F, 0xF81F, 0xF81F, 0xF81F, 0xF81F,
  0xF81F, 0xF81F, 0xF81F, 0xD968, 0xE989, 0xD968, 0xD968, 0xD968, 0xE168, 0xD968,
  0xD968, 0xE989, 0xD968, 0xD968, 0xD968, 0xE188, 0xD968, 0xF81F, 0xF81F, 0xF81F,
  0xD968, 0xD968, 0xE188, 0xD968, 0xD968, 0xD968, 0xD968, 0xD968, 0xE188, 0xE168,
  0xD188, 0xF81F, 0xF81F, 0xF81F, 0xF81F, 0xF81F, 0xF81F, 0xF81F, 0xF81F, 0xF81F,
  0xF81F, 0xF81F, 0xF81F, 0xD968, 0xE188, 0xD968, 0xD968, 0xD968, 0xE989, 0xD968,
  0xD968, 0xE168, 0xD968, 0xD968, 0xD968, 0xD968, 0xF81F, 0xF81F, 0xF81F, 0xF81F,
  0xF81F, 0xD967, 0xD968, 0xE168, 0xD968, 0xD968, 0xD968, 0xD968, 0xD968, 0xE188,
  0xE168, 0xD968, 0xF81F, 0xF81F, 0xF81F, 0xF81F, 0xF81F, 0xF81F, 0xF81F, 0xF81F,
  0xF81F, 0xF81F, 0xF81F, 0xF81F, 0xD968, 0xD968, 0xD968, 0xD968, 0xE168, 0xD968,
  0xD968, 0xD968, 0xD968, 0xD968, 0xE188, 0xD968, 0xF81F, 0xF81F, 0xF81F, 0xF81F,
  0xF81F, 0xF81F, 0xD967, 0xD968, 0xE188, 0xD968, 0xD968, 0xD968, 0xD968, 0xD968,
  0xE188, 0xD968, 0xD967, 0xF81F, 0xF81F, 0xF81F, 0xF81F, 0xF81F, 0xF81F, 0xF81F,
  0xF81F, 0xF81F, 0xF81F, 0xF81F, 0xD968, 0xE188, 0xD968, 0xD968, 0xD968, 0xD968,
  0xD968, 0xD968, 0xD968, 0xD968, 0xE989, 0xD968, 0xF81F, 0xF81F, 0xF81F, 0xF81F,
  0xF81F, 0xF81F, 0xF81F, 0xD968, 0xE168, 0xE188, 0xD968, 0xD968, 0xD968, 0xD968,
  0xD968, 0xE168, 0xD968, 0xD967, 0xF81F, 0xF81F, 0xF81F, 0xF81F, 0xF81F, 0xF81F,
  0xF81F, 0xF81F, 0xF81F, 0xF81F, 0xD968, 0xE989, 0xD968, 0xD968, 0xD968, 0xD968,
  0xD968, 0xD968, 0xD968, 0xD968, 0xE989, 0xD968, 0xF81F, 0xF81F, 0xF81F, 0xF81F,
  0xF81F, 0xF81F, 0xF81F, 0xF81F, 0xD188, 0xE168, 0xE188, 0xD968, 0xD968, 0xD968,
  0xD968, 0xD968, 0xE188, 0xD968, 0xD968, 0xF81F, 0xF81F, 0xF81F, 0xF81F, 0xF81F,
  0xF81F, 0xF81F, 0xF81F, 0xF81F, 0xD968, 0xE989, 0xD968, 0xD968, 0xD968, 0xD968,
  0xD968, 0xD968, 0xD968, 0xD968, 0xE989, 0xD968, 0xF81F, 0xF81F, 0xF81F, 0xF81F,
  0xF81F, 0xF81F, 0xF81F, 0xF81F, 0xF81F, 0xD968, 0xD968, 0xE188, 0xD968, 0xD968,
  0xD968, 0xD968, 0xD968, 0xE188, 0xE168, 0xD188, 0xF81F, 0xF81F, 0xF81F, 0xF81F,
  0xF81F, 0xF81F, 0xF81F, 0xF81F, 0xD968, 0xE989, 0xD968, 0xD968, 0xD968, 0xD968,
  0xD968, 0xD968, 0xD968, 0xD968, 0xE989, 0xD968, 0xF81F, 0xF81F, 0xF81F, 0xF81F,
  0xF81F, 0xF81F, 0xF81F, 0xF81F, 0xF81F, 0xF81F, 0xD967, 0xD968, 0xE168, 0xD968,
  0xD968, 0xD968, 0xD968, 0xD968, 0xE188, 0xE168, 0xD968, 0xF81F, 0xF81F, 0xF81F,
  0xF81F, 0xF81F, 0xF81F, 0xF81F, 0xD968, 0xE989, 0xD968, 0xD968, 0xD968, 0xD968,
  0xD968, 0xD968, 0xD968, 0xD968, 0xE188, 0xD968, 0xF81F, 0xF81F, 0xF81F, 0xF81F,
  0xF81F, 0xF81F, 0xF81F, 0xF81F, 0xF81F, 0xF81F, 0xF81F, 0xD967, 0xD968, 0xE188,
  0xD968, 0xD968, 0xD968, 0xD968, 0xD968, 0xE188, 0xD968, 0xD967, 0xF81F, 0xF81F,
  0xF81F, 0xF81F, 0xF81F, 0xF81F, 0xD968, 0xE188, 0xD968, 0xD968, 0xD968, 0xD968,
  0xD968, 0xE168, 0xD968, 0xD968, 0xD968, 0xD968, 0xF81F, 0xF81F, 0xF81F, 0xF81F,
  0xF81F, 0xF81F, 0xF81F, 0xF81F, 0xF81F, 0xF81F, 0xF81F, 0xF81F, 0xD968, 0xE168,
  0xE188, 0xD968, 0xD968, 0xD968, 0xD968, 0xD968, 0xE168, 0xD968, 0xD967, 0xF81F,
  0xF81F, 0xF81F, 0xF81F, 0xF81F, 0xD968, 0xD968, 0xD968, 0xD968, 0xE168, 0xD968,
  0xD968, 0xE989, 0xD968, 0xD968, 0xD968, 0xE188, 0xD968, 0xF81F, 0xF81F, 0xF81F,
  0xF81F, 0xF81F, 0xF81F, 0xF81F, 0xF81F, 0xF81F, 0xF81F, 0xF81F, 0xF81F, 0xD188,
  0xE168, 0xE188, 0xD968, 0xD968, 0xD968, 0xD968, 0xD968, 0xE188, 0xD968, 0xD968,
  0xF81F, 0xF81F, 0xF81F, 0xD968, 0xE188, 0xD968, 0xD968, 0xD968, 0xE989, 0xD968,
  0xD968, 0xE168, 0xD968, 0xD968, 0xD968, 0xE989, 0xD968, 0xF81F, 0xF81F, 0xF81F,
  0xF81F, 0xF81F, 0xF81F, 0xF81F, 0xF81F, 0xF81F, 0xF81F, 0xF81F, 0xF81F, 0xF81F,
  0xD968, 0xD968, 0xE188, 0xD968, 0xD968, 0xD968, 0xD968, 0xD968, 0xE188, 0xE168,
  0xD168, 0xF81F, 0xF81F, 0xD968, 0xE989, 0xD968, 0xD968, 0xD968, 0xE168, 0xD968,
  0xF81F, 0xD968, 0xE168, 0xD968, 0xD968, 0xD968, 0xE168, 0xD968, 0xF81F, 0xF81F,
  0xF81F, 0xF81F, 0xF81F, 0xF81F, 0xF81F, 0xF81F, 0xF81F, 0xF81F, 0xF81F, 0xF81F,
  0xF81F, 0xD967, 0xD968, 0xE168, 0xD968, 0xD968, 0xD968, 0xD968, 0xD968, 0xE188,
  0xE168, 0xF81F, 0xD988, 0xE168, 0xD968, 0xD968, 0xD968, 0xE168, 0xD968, 0xF81F,
  0xF81F, 0xD968, 0xE989, 0xD968, 0xD968, 0xD968, 0xE188, 0xD968, 0xF81F, 0xF81F,
  0xF81F, 0xF81F, 0xF81F, 0xF81F, 0xF81F, 0xF81F, 0xF81F, 0xF81F, 0xF81F, 0xF81F,
  0xF81F, 0xF81F, 0xD967, 0xD968, 0xE188, 0xD968, 0xD968, 0xD968, 0xD968, 0xD968,
  0xE989, 0xD968, 0xD968, 0xE188, 0xD968, 0xD968, 0xD968, 0xE989, 0xD968, 0xF81F,
  0xF81F, 0xE188, 0xE168, 0xD968, 0xD968, 0xD968, 0xD968, 0xE988, 0xD968, 0xF81F,
  0xF81F, 0xF81F, 0xF81F, 0xF81F, 0xF81F, 0xF81F, 0xF81F, 0xF81F, 0xF81F, 0xF81F,
  0xF81F, 0xF81F, 0xF81F, 0xD968, 0xE168, 0xE188, 0xD968, 0xD968, 0xD968, 0xD968,
  0xD968, 0xE168, 0xE168, 0xD968, 0xD968, 0xD968, 0xD968, 0xE168, 0xE188, 0xF81F,
  0xF81F, 0xF81F, 0xD968, 0xE988, 0xD968, 0xD968, 0xD968, 0xE168, 0xE168, 0xD968,
  0xF81F, 0xF81F, 0xF81F, 0xF81F, 0xF81F, 0xF81F, 0xF81F, 0xF81F, 0xF81F, 0xF81F,
  0xF81F, 0xF81F, 0xF81F, 0xF81F, 0xD188, 0xE168, 0xE188, 0xD968, 0xD968, 0xD968,
  0xD968, 0xD968, 0xD968, 0xD968, 0xD968, 0xD968, 0xE988, 0xD968, 0xF81F, 0xF81F,
  0xF81F, 0xF81F, 0xD968, 0xE168, 0xE168, 0xD968, 0xD968, 0xD968, 0xE168, 0xE168,
  0xD968, 0xF81F, 0xF81F, 0xF81F, 0xF81F, 0xF81F, 0xF81F, 0xF81F, 0xF81F, 0xF81F,
  0xF81F, 0xF81F, 0xF81F, 0xF81F, 0xF81F, 0xD967, 0xD968, 0xE988, 0xD968, 0xD968,
  0xD968, 0xD968, 0xD968, 0xD968, 0xD968, 0xE168, 0xE168, 0xD968, 0xF81F, 0xF81F,
  0xF81F, 0xF81F, 0xF81F, 0xD968, 0xE989, 0xD968, 0xD968, 0xD968, 0xD968, 0xE168,
  0xD968, 0xD968, 0xF81F, 0xF81F, 0xF81F, 0xF81F, 0xF81F, 0xF81F, 0xF81F, 0xF81F,
  0xF81F, 0xF81F, 0xF81F, 0xF81F, 0xF81F, 0xF81F, 0xF81F, 0xE168, 0xE168, 0xD968,
  0xD968, 0xD968, 0xD968, 0xD968, 0xD968, 0xE989, 0xD968, 0xF81F, 0xF81F, 0xF81F,
  0xF81F, 0xF81F, 0xF81F, 0xF81F, 0xD968, 0xE989, 0xD968, 0xD968, 0xD968, 0xD968,
  0xD968, 0xE989, 0xD968, 0xD968, 0xF81F, 0xF81F, 0xF81F, 0xF81F, 0xF81F, 0xF81F,
  0xF81F, 0xF81F, 0xF81F, 0xF81F, 0xF81F, 0xF81F, 0xD968, 0xD968, 0xE168, 0xD968,
  0xD968, 0xD968, 0xD968, 0xD968, 0xE989, 0xD968, 0xF81F, 0xF81F, 0xF81F, 0xF81F,
  0xF81F, 0xF81F, 0xF81F, 0xF81F, 0xF81F, 0xD968, 0xE989, 0xD968, 0xD968, 0xD968,
  0xD968, 0xD968, 0xE988, 0xD968, 0xD968, 0xD968, 0xF81F, 0xF81F, 0xF81F, 0xF81F,
  0xF81F, 0xF81F, 0xF81F, 0xF81F, 0xD968, 0xD968, 0xE168, 0xE188, 0xD968, 0xD968,
  0xD968, 0xD968, 0xD968, 0xE989, 0xD968, 0xF81F, 0xF81F, 0xF81F, 0xF81F, 0xF81F,
  0xF81F, 0xF81F, 0xF81F, 0xF81F, 0xF81F, 0xF81F, 0xD968, 0xE989, 0xD968, 0xD968,
  0xD968, 0xD968, 0xD968, 0xD968, 0xE989, 0xE188, 0xD968, 0xD968, 0xD968, 0xD968,
  0xD968, 0xD968, 0xD968, 0xD968, 0xE188, 0xE989, 0xD968, 0xD968, 0xD968, 0xD968,
  0xD968, 0xD968, 0xE989, 0xD968, 0xF81F, 0xF81F, 0xF81F, 0xF81F, 0xF81F, 0xF81F,
  0xF81F, 0xF81F, 0xF81F, 0xF81F, 0xF81F, 0xF81F, 0xF81F, 0xD968, 0xE989, 0xD968,
  0xD968, 0xD968, 0xD968, 0xD968, 0xD968, 0xD968, 0xD968, 0xE188, 0xE989, 0xE989,
  0xE989, 0xE989, 0xE188, 0xD968, 0xD968, 0xD968, 0xD968, 0xD968, 0xD968, 0xD968,
  0xD968, 0xE989, 0xD968, 0xF81F, 0xF81F, 0xF81F, 0xF81F, 0xF81F, 0xF81F, 0xF81F,
  0xF81F, 0xF81F, 0xF81F, 0xF81F, 0xF81F, 0xF81F, 0xF81F, 0xF81F, 0xD968, 0xE168,
  0xE988, 0xD968, 0xD968, 0xD968, 0xD968, 0xD968, 0xD968, 0xD968, 0xD968, 0xD968,
  0xD968, 0xD968, 0xD968, 0xD968, 0xD968, 0xD968, 0xD968, 0xD968, 0xD968, 0xE988,
  0xE168, 0xD968, 0xF81F, 0xF81F, 0xF81F, 0xF81F, 0xF81F, 0xF81F, 0xF81F, 0xF81F,
  0xF81F, 0xF81F, 0xF81F, 0xF81F, 0xF81F, 0xF81F, 0xF81F, 0xF81F, 0xF81F, 0xD988,
  0xE168, 0xE168, 0xE989, 0xE168, 0xD968, 0xD968, 0xD968, 0xD968, 0xD968, 0xD968,
  0xD968, 0xD968, 0xD968, 0xD968, 0xD968, 0xD968, 0xE168, 0xE989, 0xE168, 0xE168,
  0xD988, 0xF81F, 0xF81F, 0xF81F, 0xF81F, 0xF81F, 0xF81F, 0xF81F, 0xF81F, 0xF81F,
  0xF81F, 0xF81F, 0xF81F, 0xF81F, 0xF81F, 0xF81F, 0xF81F, 0xF81F, 0xF81F, 0xF81F,
  0xF81F, 0xE168, 0xE168, 0xD968, 0xE168, 0xE989, 0xE168, 0xD968, 0xD968, 0xD968,
  0xD968, 0xD968, 0xD968, 0xE168, 0xE989, 0xE168, 0xD968, 0xE168, 0xE168, 0xF81F,
  0xF81F, 0xF81F, 0xF81F, 0xF81F, 0xF81F, 0xF81F, 0xF81F, 0xF81F, 0xF81F, 0xF81F,
  0xF81F, 0xF81F, 0xF81F, 0xF81F, 0xF81F, 0xF81F, 0xF81F, 0xF81F, 0xF81F, 0xF81F,
  0xF81F, 0xF81F, 0xF81F, 0xF81F, 0xD968, 0xD968, 0xD968, 0xD968, 0xD968, 0xD968,
  0xD968, 0xD968, 0xD968, 0xD968, 0xD968, 0xD968, 0xF81F, 0xF81F, 0xF81F, 0xF81F,
  0xF81F, 0xF81F, 0xF81F, 0xF81F, 0xF81F, 0xF81F, 0xF81F, 0xF81F, 0xF81F, 0xF81F
};

static const uint16_t kEmoji_pin[1600] PROGMEM = {
  0xF81F, 0xF81F, 0xF81F, 0xF81F, 0xF81F, 0xF81F, 0xF81F, 0xF81F, 0xF81F, 0xF81F,
  0xF81F, 0xF81F, 0xF81F, 0xF81F, 0xF81F, 0xF81F, 0xF81F, 0xF81F, 0xF81F, 0xF81F,
  0xF81F, 0xF81F, 0xF81F, 0xF81F, 0xF81F, 0xD968, 0xE168, 0xD968, 0xD968, 0xE188,
  0xD968, 0xF81F, 0xF81F, 0xF81F, 0xF81F, 0xF81F, 0xF81F, 0xF81F, 0xF81F, 0xF81F,
  0xF81F, 0xF81F, 0xF81F, 0xF81F, 0xF81F, 0xF81F, 0xF81F, 0xF81F, 0xF81F, 0xF81F,
  0xF81F, 0xF81F, 0xF81F, 0xF81F, 0xF81F, 0xF81F, 0xF81F, 0xF81F, 0xF81F, 0xF81F,
  0xF81F, 0xF81F, 0xF81F, 0xF81F, 0xD968, 0xE188, 0xE188, 0xD968, 0xD968, 0xE188,
  0xE188, 0xD968, 0xF81F, 0xF81F, 0xF81F, 0xF81F, 0xF81F, 0xF81F, 0xF81F, 0xF81F,
  0xF81F, 0xF81F, 0xF81F, 0xF81F, 0xF81F, 0xF81F, 0xF81F, 0xF81F, 0xF81F, 0xF81F,
  0xF81F, 0xF81F, 0xF81F, 0xF81F, 0xF81F, 0xF81F, 0xF81F, 0xF81F, 0xF81F, 0xF81F,
  0xF81F, 0xF81F, 0xF81F, 0xD968, 0xE188, 0xD968, 0xD968, 0xD968, 0xD968, 0xD968,
  0xD968, 0xE989, 0xD968, 0xF81F, 0xF81F, 0xF81F, 0xF81F, 0xF81F, 0xF81F, 0xF81F,
  0xF81F, 0xF81F, 0xF81F, 0xF81F, 0xF81F, 0xF81F, 0xF81F, 0xF81F, 0xF81F, 0xF81F,
  0xF81F, 0xF81F, 0xF81F, 0xF81F, 0xF81F, 0xF81F, 0xF81F, 0xF81F, 0xF81F, 0xF81F,
  0xF81F, 0xF81F, 0xF81F, 0xD968, 0xE989, 0xD968, 0xD968, 0xD968, 0xD968, 0xD968,
  0xD968, 0xD968, 0xE989, 0xD968, 0xF81F, 0xF81F, 0xF81F, 0xF81F, 0xF81F, 0xF81F,
  0xF81F, 0xF81F, 0xF81F, 0xF81F, 0xF81F, 0xF81F, 0xF81F, 0xF81F, 0xF81F, 0xF81F,
  0xF81F, 0xF81F, 0xF81F, 0xF81F, 0xF81F, 0xF81F, 0xF81F, 0xF81F, 0xF81F, 0xF81F,
  0xF81F, 0xF81F, 0xF81F, 0xD968, 0xE168, 0xD968, 0xD968, 0xD968, 0xD968, 0xD968,
  0xD968, 0xD968, 0xD968, 0xE989, 0xD968, 0xF81F, 0xF81F, 0xF81F, 0xF81F, 0xF81F,
  0xF81F, 0xF81F, 0xF81F, 0xF81F, 0xF81F, 0xF81F, 0xF81F, 0xF81F, 0xF81F, 0xF81F,
  0xF81F, 0xF81F, 0xF81F, 0xF81F, 0xF81F, 0xF81F, 0xF81F, 0xF81F, 0xF81F, 0xF81F,
  0xF81F, 0xF81F, 0xF81F, 0xD968, 0xE168, 0xD968, 0xD968, 0xD968, 0xD968, 0xD968,
  0xD968, 0xD968, 0xD968, 0xD968, 0xE989, 0xD968, 0xF81F, 0xF81F, 0xF81F, 0xF81F,
  0xF81F, 0xF81F, 0xF81F, 0xF81F, 0xF81F, 0xF81F, 0xF81F, 0xF81F, 0xF81F, 0xF81F,
  0xF81F, 0xF81F, 0xF81F, 0xF81F, 0xF81F, 0xF81F, 0xF81F, 0xF81F, 0xF81F, 0xF81F,
  0xF81F, 0xF81F, 0xB8A6, 0xD948, 0xD968, 0xD968, 0xD968, 0xD968, 0xD968, 0xD968,
  0xD968, 0xD968, 0xD968, 0xD968, 0xD968, 0xE989, 0xD968, 0xF81F, 0xF81F, 0xF81F,
  0xF81F, 0xF81F, 0xF81F, 0xF81F, 0xF81F, 0xF81F, 0xF81F, 0xF81F, 0xF81F, 0xF81F,
  0xF81F, 0xF81F, 0xF81F, 0xF81F, 0xF81F, 0xF81F, 0xF81F, 0xF81F, 0xF81F, 0xF81F,
  0xF81F, 0xB8C6, 0xC0C6, 0xC907, 0xD968, 0xD968, 0xD968, 0xD968, 0xD968, 0xD968,
  0xD968, 0xD968, 0xD968, 0xD968, 0xD968, 0xD968, 0xE989, 0xD968, 0xF81F, 0xF81F,
  0xF81F, 0xF81F, 0xF81F, 0xF81F, 0xF81F, 0xF81F, 0xF81F, 0xF81F, 0xF81F, 0xF81F,
  0xF81F, 0xF81F, 0xF81F, 0xF81F, 0xF81F, 0xF81F, 0xF81F, 0xF81F, 0xF81F, 0xF81F,
  0xC0C6, 0xC8C6, 0xB8C6, 0xB8C6, 0xD127, 0xD968, 0xD968, 0xD968, 0xD968, 0xD968,
  0xD968, 0xD968, 0xD968, 0xD968, 0xD968, 0xD968, 0xD968, 0xE989, 0xD968, 0xF81F,
  0xF81F, 0xF81F, 0xF81F, 0xF81F, 0xF81F, 0xF81F, 0xF81F, 0xF81F, 0xF81F, 0xF81F,
  0xF81F, 0xF81F, 0xF81F, 0xF81F, 0xF81F, 0xF81F, 0xF81F, 0xF81F, 0xB8A5, 0xB8C6,
  0xC8C6, 0xB8C6, 0xB8C6, 0xB8C6, 0xB8C6, 0xD127, 0xD988, 0xD968, 0xD968, 0xD968,
  0xD968, 0xD968, 0xD968, 0xD968, 0xD968, 0xD968, 0xD968, 0xD968, 0xE188, 0xD968,
  0xF81F, 0xF81F, 0xF81F, 0xF81F, 0xF81F, 0xF81F, 0xF81F, 0xF81F, 0xF81F, 0xF81F,
  0xE168, 0xD968, 0xD968, 0xD968, 0xE148, 0xF81F, 0xF81F, 0xB8C6, 0xC0C6, 0xC0C6,
  0xB8C6, 0xB8C6, 0xB8C6, 0xB8C6, 0xB8C6, 0xB8C6, 0xD127, 0xD968, 0xD968, 0xD968,
  0xD968, 0xD968, 0xD968, 0xD968, 0xD968, 0xD968, 0xD968, 0xD968, 0xE188, 0xD968,
  0xF81F, 0xF81F, 0xF81F, 0xF81F, 0xF81F, 0xF81F, 0xF81F, 0xF81F, 0xF81F, 0xD968,
  0xE168, 0xE989, 0xE989, 0xE989, 0xE168, 0xD988, 0xB8A5, 0xC0C6, 0xC0C6, 0xB8C6,
  0xB8C6, 0xB8C6, 0xB8C6, 0xB8C6, 0xB8C6, 0xB8C6, 0xB8C6, 0xD127, 0xD968, 0xD968,
  0xD968, 0xD968, 0xD968, 0xD968, 0xD968, 0xD968, 0xD968, 0xD968, 0xD968, 0xD968,
  0xF81F, 0xF81F, 0xF81F, 0xF81F, 0xF81F, 0xF81F, 0xF81F, 0xF81F, 0xD968, 0xF189,
  0xD968, 0xD968, 0xD968, 0xD968, 0xE168, 0xE168, 0xD127, 0xB8C6, 0xB8C6, 0xB8C6,
  0xB8C6, 0xB8C6, 0xB8C6, 0xB8C6, 0xB8C6, 0xB8C6, 0xB8C6, 0xB8C6, 0xD127, 0xD968,
  0xD968, 0xD968, 0xD968, 0xD968, 0xD968, 0xD968, 0xD968, 0xD968, 0xD968, 0xD968,
  0xF81F, 0xF81F, 0xF81F, 0xF81F, 0xF81F, 0xF81F, 0xF81F, 0xD968, 0xE188, 0xD968,
  0xD968, 0xD968, 0xD968, 0xD968, 0xD968, 0xD968, 0xD968, 0xC907, 0xB8C6, 0xB8C6,
  0xB8C6, 0xB8C6, 0xB8C6, 0xB8C6, 0xB8C6, 0xB8C6, 0xB8C6, 0xB8C6, 0xB8C6, 0xD127,
  0xD968, 0xD968, 0xD968, 0xD968, 0xD968, 0xD968, 0xD968, 0xD968, 0xE188, 0xD968,
  0xF81F, 0xF81F, 0xF81F, 0xF81F, 0xF81F, 0xF81F, 0xF81F, 0xD968, 0xE988, 0xD968,
  0xD968, 0xD968, 0xD968, 0xD968, 0xD968, 0xD968, 0xD968, 0xD968, 0xC907, 0xB8C6,
  0xB8C6, 0xB8C6, 0xB8C6, 0xB8C6, 0xB8C6, 0xB8C6, 0xB8C6, 0xB8C6, 0xB8C6, 0xB8C6,
  0xD127, 0xD988, 0xD968, 0xD968, 0xD968, 0xD968, 0xD968, 0xD968, 0xE168, 0xD968,
  0xF81F, 0xF81F, 0xF81F, 0xF81F, 0xF81F, 0xF81F, 0xF81F, 0xD968, 0xE188, 0xD968,
  0xD968, 0xD968, 0xD968, 0xD968, 0xD968, 0xD968, 0xD968, 0xD968, 0xD968, 0xC907,
  0xB8C6, 0xB8C6, 0xB8C6, 0xB8C6, 0xB8C6, 0xB8C6, 0xB8C6, 0xB8C6, 0xB8C6, 0xB8C6,
  0xB8C6, 0xC927, 0xD968, 0xD968, 0xE168, 0xE168, 0xE989, 0xE188, 0xD968, 0xF81F,
  0xF81F, 0xF81F, 0xF81F, 0xF81F, 0xF81F, 0xF81F, 0xF81F, 0xD968, 0xE988, 0xD968,
  0xD968, 0xD968, 0xD968, 0xD968, 0xD968, 0xD968, 0xD968, 0xD968, 0xD968, 0xD968,
  0xC907, 0xB8C6, 0xB8C6, 0xB8C6, 0xB8C6, 0xB8C6, 0xB8C6, 0xB8C6, 0xB8C6, 0xB8C6,
  0xB8C6, 0xB8C6, 0xC907, 0xD147, 0xD968, 0xD968, 0xD968, 0xD968, 0xF81F, 0xF81F,
  0xF81F, 0xF81F, 0xF81F, 0xF81F, 0xF81F, 0xF81F, 0xF81F, 0xD968, 0xE168, 0xD968,
  0xD968, 0xD968, 0xD968, 0xD968, 0xD968, 0xD968, 0xD968, 0xD968, 0xD968, 0xD968,
  0xD968, 0xC907, 0xB8C6, 0xB8C6, 0xB8C6, 0xB8C6, 0xB8C6, 0xB8C6, 0xB8C6, 0xB8C6,
  0xB8C6, 0xB8C6, 0xC0C6, 0xB8A5, 0xF81F, 0xF81F, 0xF81F, 0xF81F, 0xF81F, 0xF81F,
  0xF81F, 0xF81F, 0xF81F, 0xF81F, 0xF81F, 0xF81F, 0xF81F, 0xF81F, 0xD968, 0xE989,
  0xD968, 0xD968, 0xD968, 0xD968, 0xD968, 0xD968, 0xD968, 0xD968, 0xD968, 0xD968,
  0xD968, 0xD968, 0xC907, 0xB8C6, 0xB8C6, 0xB8C6, 0xB8C6, 0xB8C6, 0xB8C6, 0xB8C6,
  0xB8C6, 0xC8C6, 0xB8C6, 0xF81F, 0xF81F, 0xF81F, 0xF81F, 0xF81F, 0xF81F, 0xF81F,
  0xF81F, 0xF81F, 0xF81F, 0xF81F, 0xF81F, 0xF81F, 0xF81F, 0xF81F, 0xF81F, 0xD968,
  0xE989, 0xD968, 0xD968, 0xD968, 0xD968, 0xD968, 0xD968, 0xD968, 0xD968, 0xD968,
  0xD968, 0xD968, 0xD968, 0xC907, 0xB8C6, 0xB8C6, 0xB8C6, 0xB8C6, 0xB8C6, 0xB8C6,
  0xC8C6, 0xB8C6, 0xF81F, 0xF81F, 0xF81F, 0xF81F, 0xF81F, 0xF81F, 0xF81F, 0xF81F,
  0xF81F, 0xF81F, 0xF81F, 0xF81F, 0xF81F, 0xF81F, 0xF81F, 0xF81F, 0xF81F, 0xF81F,
  0xD968, 0xE989, 0xD968, 0xD968, 0xD968, 0xD968, 0xD968, 0xD968, 0xD968, 0xD968,
  0xD968, 0xD968, 0xD968, 0xD968, 0xC907, 0xB8C6, 0xB8C6, 0xB8C6, 0xB8C6, 0xC0C6,
  0xB8C6, 0xF81F, 0xF81F, 0xF81F, 0xF81F, 0xF81F, 0xF81F, 0xF81F, 0xF81F, 0xF81F,
  0xF81F, 0xF81F, 0xF81F, 0xF81F, 0xF81F, 0xF81F, 0xF81F, 0xF81F, 0xF81F, 0xF81F,
  0xF81F, 0xD968, 0xE989, 0xD968, 0xD968, 0xD968, 0xD968, 0xD968, 0xD968, 0xD968,
  0xD968, 0xD968, 0xD968, 0xD968, 0xD968, 0xC907, 0xB8C6, 0xB8C6, 0xC0C6, 0xC0C6,
  0xC0C6, 0xF81F, 0xF81F, 0xF81F, 0xF81F, 0xF81F, 0xF81F, 0xF81F, 0xF81F, 0xF81F,
  0xF81F, 0xF81F, 0xF81F, 0xF81F, 0xF81F, 0xF81F, 0xF81F, 0xF81F, 0xF81F, 0xF81F,
  0xF81F, 0xF81F, 0xE148, 0xE168, 0xD968, 0xD968, 0xD968, 0xD968, 0xD968, 0xD968,
  0xD968, 0xD968, 0xD968, 0xD968, 0xD968, 0xD968, 0xC907, 0xB8C6, 0xC0C6, 0xB8C6,
  0xF81F, 0xF81F, 0xF81F, 0xF81F, 0xF81F, 0xF81F, 0xF81F, 0xF81F, 0xF81F, 0xF81F,
  0xF81F, 0xF81F, 0xF81F, 0xF81F, 0xF81F, 0xF81F, 0xF81F, 0xF81F, 0xF81F, 0xF81F,
  0xF81F, 0xF81F, 0x9576, 0xCAEE, 0xE127, 0xD968, 0xD968, 0xD968, 0xD968, 0xD968,
  0xD968, 0xD968, 0xD968, 0xD968, 0xD968, 0xD968, 0xD968, 0xD127, 0xB8A5, 0xF81F,
  0xF81F, 0xF81F, 0xF81F, 0xF81F, 0xF81F, 0xF81F, 0xF81F, 0xF81F, 0xF81F, 0xF81F,
  0xF81F, 0xF81F, 0xF81F, 0xF81F, 0xF81F, 0xF81F, 0xF81F, 0xF81F, 0xF81F, 0xF81F,
  0xF81F, 0x9D36, 0xA5D8, 0x9D56, 0xC2AD, 0xE127, 0xD968, 0xD968, 0xD968, 0xD968,
  0xD968, 0xD968, 0xD968, 0xD968, 0xD968, 0xD968, 0xD968, 0xE168, 0xE168, 0xF81F,
  0xF81F, 0xF81F, 0xF81F, 0xF81F, 0xF81F, 0xF81F, 0xF81F, 0xF81F, 0xF81F, 0xF81F,
  0xF81F, 0xF81F, 0xF81F, 0xF81F, 0xF81F, 0xF81F, 0xF81F, 0xF81F, 0xF81F, 0xF81F,
  0x9D36, 0x9D77, 0x9D56, 0x9D56, 0x9D56, 0xC2AD, 0xE127, 0xD968, 0xD968, 0xD968,
  0xD968, 0xD968, 0xD968, 0xD968, 0xD968, 0xD968, 0xD968, 0xE168, 0xD968, 0xE188,
  0xF81F, 0xF81F, 0xF81F, 0xF81F, 0xF81F, 0xF81F, 0xF81F, 0xF81F, 0xF81F, 0xF81F,
  0xF81F, 0xF81F, 0xF81F, 0xF81F, 0xF81F, 0xF81F, 0xF81F, 0xF81F, 0xF81F, 0x9D56,
  0x9D77, 0x9D77, 0x9D56, 0x9D56, 0x9D56, 0x9D56, 0xCAEE, 0xE168, 0xD968, 0xD968,
  0xD968, 0xD968, 0xD968, 0xD968, 0xD968, 0xD968, 0xD968, 0xD968, 0xE989, 0xD968,
  0xF81F, 0xF81F, 0xF81F, 0xF81F, 0xF81F, 0xF81F, 0xF81F, 0xF81F, 0xF81F, 0xF81F,
  0xF81F, 0xF81F, 0xF81F, 0xF81F, 0xF81F, 0xF81F, 0xF81F, 0xF81F, 0xF81F, 0x9D56,
  0x9D77, 0x9D56, 0x9D56, 0x9D56, 0x9D56, 0xA5B8, 0x9576, 0xD948, 0xE989, 0xD968,
  0xD968, 0xD968, 0xD968, 0xD968, 0xD968, 0xD968, 0xD968, 0xD968, 0xE989, 0xD968,
  0xF81F, 0xF81F, 0xF81F, 0xF81F, 0xF81F, 0xF81F, 0xF81F, 0xF81F, 0xF81F, 0xF81F,
  0xF81F, 0xF81F, 0xF81F, 0xF81F, 0xF81F, 0xF81F, 0xF81F, 0xF81F, 0x9D56, 0xA597,
  0x9D56, 0x9D56, 0x9D56, 0x9D77, 0x9D77, 0x9D36, 0xF81F, 0xF81F, 0xD968, 0xE989,
  0xD968, 0xD968, 0xD968, 0xD968, 0xD968, 0xD968, 0xD968, 0xD968, 0xE989, 0xD968,
  0xF81F, 0xF81F, 0xF81F, 0xF81F, 0xF81F, 0xF81F, 0xF81F, 0xF81F, 0xF81F, 0xF81F,
  0xF81F, 0xF81F, 0xF81F, 0xF81F, 0xF81F, 0xF81F, 0xF81F, 0x9D56, 0xA5B8, 0x9D56,
  0x9D56, 0x9D56, 0x9D77, 0x9D77, 0x9D56, 0xF81F, 0xF81F, 0xF81F, 0xF81F, 0xD968,
  0xE989, 0xD968, 0xD968, 0xD968, 0xD968, 0xD968, 0xD968, 0xD968, 0xD968, 0xD948,
  0xF81F, 0xF81F, 0xF81F, 0xF81F, 0xF81F, 0xF81F, 0xF81F, 0xF81F, 0xF81F, 0xF81F,
  0xF81F, 0xF81F, 0xF81F, 0xF81F, 0xF81F, 0xF81F, 0x9536, 0xA598, 0x9D56, 0x9D56,
  0x9D56, 0xA597, 0x9D56, 0x9556, 0xF81F, 0xF81F, 0xF81F, 0xF81F, 0xF81F, 0xF81F,
  0xD968, 0xE989, 0xD968, 0xD968, 0xD968, 0xD968, 0xD968, 0xF189, 0xD968, 0xF81F,
  0xF81F, 0xF81F, 0xF81F, 0xF81F, 0xF81F, 0xF81F, 0xF81F, 0xF81F, 0xF81F, 0xF81F,
  0xF81F, 0xF81F, 0xF81F, 0xF81F, 0xF81F, 0x9536, 0x9D77, 0x9D77, 0x9D56, 0x9D56,
  0xA5B8, 0x9D76, 0xF81F, 0xF81F, 0xF81F, 0xF81F, 0xF81F, 0xF81F, 0xF81F, 0xF81F,
  0xF81F, 0xD968, 0xE168, 0xE988, 0xE188, 0xE988, 0xE188, 0xD968, 0xF81F, 0xF81F,
  0xF81F, 0xF81F, 0xF81F, 0xF81F, 0xF81F, 0xF81F, 0xF81F, 0xF81F, 0xF81F, 0xF81F,
  0xF81F, 0xF81F, 0xF81F, 0xF81F, 0xF81F, 0x9D76, 0x9D97, 0x9D56, 0x9D56, 0xA597,
  0x9D77, 0xF81F, 0xF81F, 0xF81F, 0xF81F, 0xF81F, 0xF81F, 0xF81F, 0xF81F, 0xF81F,
  0xF81F, 0xF81F, 0xD948, 0xD968, 0xD968, 0xD968, 0xD968, 0xF81F, 0xF81F, 0xF81F,
  0xF81F, 0xF81F, 0xF81F, 0xF81F, 0xF81F, 0xF81F, 0xF81F, 0xF81F, 0xF81F, 0xF81F,
  0xF81F, 0xF81F, 0xF81F, 0xF81F, 0x9D56, 0xA597, 0x9D56, 0x9D97, 0x9D76, 0x9D56,
  0xF81F, 0xF81F, 0xF81F, 0xF81F, 0xF81F, 0xF81F, 0xF81F, 0xF81F, 0xF81F, 0xF81F,
  0xF81F, 0xF81F, 0xF81F, 0xF81F, 0xF81F, 0xF81F, 0xF81F, 0xF81F, 0xF81F, 0xF81F,
  0xF81F, 0xF81F, 0xF81F, 0xF81F, 0xF81F, 0xF81F, 0xF81F, 0xF81F, 0xF81F, 0xF81F,
  0xF81F, 0xF81F, 0xF81F, 0x9556, 0xA5B8, 0x9D56, 0xA5B7, 0x9D77, 0x9D56, 0xF81F,
  0xF81F, 0xF81F, 0xF81F, 0xF81F, 0xF81F, 0xF81F, 0xF81F, 0xF81F, 0xF81F, 0xF81F,
  0xF81F, 0xF81F, 0xF81F, 0xF81F, 0xF81F, 0xF81F, 0xF81F, 0xF81F, 0xF81F, 0xF81F,
  0xF81F, 0xF81F, 0xF81F, 0xF81F, 0xF81F, 0xF81F, 0xF81F, 0xF81F, 0xF81F, 0xF81F,
  0xF81F, 0xF81F, 0x9536, 0x9D77, 0x9D56, 0xA5B8, 0x9D56, 0xF81F, 0xF81F, 0xF81F,
  0xF81F, 0xF81F, 0xF81F, 0xF81F, 0xF81F, 0xF81F, 0xF81F, 0xF81F, 0xF81F, 0xF81F,
  0xF81F, 0xF81F, 0xF81F, 0xF81F, 0xF81F, 0xF81F, 0xF81F, 0xF81F, 0xF81F, 0xF81F,
  0xF81F, 0xF81F, 0xF81F, 0xF81F, 0xF81F, 0xF81F, 0xF81F, 0xF81F, 0xF81F, 0xF81F,
  0xF81F, 0xF81F, 0x9D76, 0xA597, 0x9D77, 0x9D57, 0xF81F, 0xF81F, 0xF81F, 0xF81F,
  0xF81F, 0xF81F, 0xF81F, 0xF81F, 0xF81F, 0xF81F, 0xF81F, 0xF81F, 0xF81F, 0xF81F,
  0xF81F, 0xF81F, 0xF81F, 0xF81F, 0xF81F, 0xF81F, 0xF81F, 0xF81F, 0xF81F, 0xF81F,
  0xF81F, 0xF81F, 0xF81F, 0xF81F, 0xF81F, 0xF81F, 0xF81F, 0xF81F, 0xF81F, 0xF81F,
  0xF81F, 0x9D56, 0xADF9, 0x9D56, 0x9D36, 0xF81F, 0xF81F, 0xF81F, 0xF81F, 0xF81F,
  0xF81F, 0xF81F, 0xF81F, 0xF81F, 0xF81F, 0xF81F, 0xF81F, 0xF81F, 0xF81F, 0xF81F,
  0xF81F, 0xF81F, 0xF81F, 0xF81F, 0xF81F, 0xF81F, 0xF81F, 0xF81F, 0xF81F, 0xF81F,
  0xF81F, 0xF81F, 0xF81F, 0xF81F, 0xF81F, 0xF81F, 0xF81F, 0xF81F, 0xF81F, 0xF81F,
  0x9D56, 0xA5D8, 0x9D77, 0x9535, 0xF81F, 0xF81F, 0xF81F, 0xF81F, 0xF81F, 0xF81F,
  0xF81F, 0xF81F, 0xF81F, 0xF81F, 0xF81F, 0xF81F, 0xF81F, 0xF81F, 0xF81F, 0xF81F,
  0xF81F, 0xF81F, 0xF81F, 0xF81F, 0xF81F, 0xF81F, 0xF81F, 0xF81F, 0xF81F, 0xF81F,
  0xF81F, 0xF81F, 0xF81F, 0xF81F, 0xF81F, 0xF81F, 0xF81F, 0xF81F, 0xF81F, 0xF81F,
  0x9D56, 0x9D56, 0xF81F, 0xF81F, 0xF81F, 0xF81F, 0xF81F, 0xF81F, 0xF81F, 0xF81F,
  0xF81F, 0xF81F, 0xF81F, 0xF81F, 0xF81F, 0xF81F, 0xF81F, 0xF81F, 0xF81F, 0xF81F,
  0xF81F, 0xF81F, 0xF81F, 0xF81F, 0xF81F, 0xF81F, 0xF81F, 0xF81F, 0xF81F, 0xF81F,
  0xF81F, 0xF81F, 0xF81F, 0xF81F, 0xF81F, 0xF81F, 0xF81F, 0xF81F, 0xF81F, 0xF81F
};

static const uint16_t kEmoji_book[1600] PROGMEM = {
  0xF81F, 0xF81F, 0xF81F, 0xF81F, 0xF81F, 0xF81F, 0xF81F, 0xF81F, 0xF81F, 0xF81F,
  0xF81F, 0xF81F, 0xF81F, 0xF81F, 0xF81F, 0xF81F, 0xF81F, 0xF81F, 0xF81F, 0xF81F,
  0xF81F, 0xF81F, 0xF81F, 0xF81F, 0xF81F, 0xF81F, 0xF81F, 0xF81F, 0xF81F, 0xF81F,
  0xF81F, 0xF81F, 0xF81F, 0xF81F, 0xF81F, 0xF81F, 0xF81F, 0xF81F, 0xF81F, 0xF81F,
  0xF81F, 0xF81F, 0xF81F, 0xF81F, 0xF81F, 0xF81F, 0xF81F, 0xF81F, 0xF81F, 0xF81F,
  0xF81F, 0xF81F, 0xF81F, 0xF81F, 0xF81F, 0xF81F, 0xF81F, 0xF81F, 0xF81F, 0xF81F,
  0xF81F, 0xF81F, 0xF81F, 0xF81F, 0xF81F, 0xF81F, 0xF81F, 0xF81F, 0xF81F, 0xF81F,
  0xF81F, 0xF81F, 0xF81F, 0xF81F, 0xF81F, 0xF81F, 0xF81F, 0xF81F, 0xF81F, 0xF81F,
  0xF81F, 0xF81F, 0xF81F, 0xF81F, 0xF81F, 0xF81F, 0xF81F, 0xF81F, 0xF81F, 0xF81F,
  0xF81F, 0xF81F, 0xF81F, 0xF81F, 0xF81F, 0xF81F, 0xF81F, 0xF81F, 0xF81F, 0xF81F,
  0xF81F, 0xF81F, 0xF81F, 0xF81F, 0xF81F, 0xF81F, 0xF81F, 0xF81F, 0xF81F, 0xF81F,
  0xF81F, 0xF81F, 0xF81F, 0xF81F, 0xF81F, 0xF81F, 0xF81F, 0xF81F, 0xF81F, 0xF81F,
  0xF81F, 0xF81F, 0xF81F, 0xF81F, 0xF81F, 0xF81F, 0xF81F, 0xF81F, 0xF81F, 0xF81F,
  0xF81F, 0xF81F, 0xF81F, 0xF81F, 0xF81F, 0xF81F, 0xF81F, 0xF81F, 0xF81F, 0xF81F,
  0xF81F, 0xF81F, 0xF81F, 0xF81F, 0xF81F, 0xF81F, 0xF81F, 0xF81F, 0xF81F, 0xF81F,
  0xF81F, 0xF81F, 0xF81F, 0xF81F, 0xF81F, 0xF81F, 0xF81F, 0xF81F, 0xF81F, 0xF81F,
  0xF81F, 0xF81F, 0xF81F, 0xF81F, 0xF81F, 0xF81F, 0xF81F, 0xF81F, 0xF81F, 0xF81F,
  0xF81F, 0xF81F, 0xF81F, 0xE75D, 0xE75D, 0xE77E, 0xE75D, 0xE75E, 0xF81F, 0xF81F,
  0xF81F, 0xF81F, 0xCEDC, 0xCEBB, 0xCEDC, 0xCEBB, 0xD6DC, 0xF81F, 0xF81F, 0xF81F,
  0xF81F, 0xF81F, 0xF81F, 0xF81F, 0xF81F, 0xF81F, 0xF81F, 0xF81F, 0xF81F, 0xF81F,
  0xF81F, 0xF81F, 0xF81F, 0xF81F, 0xF81F, 0xF81F, 0xF81F, 0xF81F, 0xF81F, 0xF81F,
  0xDF5D, 0xDF5D, 0xE75D, 0xE75D, 0xF7BF, 0xF7DF, 0xF7DF, 0xEF9F, 0xEF9E, 0xF81F,
  0xF81F, 0xD6FC, 0xD71C, 0xDF3D, 0xDF5D, 0xDF3D, 0xCEDB, 0xCEBB, 0xCEBB, 0xCE9B,
  0xF81F, 0xF81F, 0xF81F, 0xF81F, 0xF81F, 0xF81F, 0xF81F, 0xF81F, 0xF81F, 0xF81F,
  0xF81F, 0xF81F, 0xF81F, 0x9D56, 0x9556, 0xBE39, 0xE75D, 0xDF3D, 0xE75D, 0xE73D,
  0xE75D, 0xEFBF, 0xEF9E, 0xE75D, 0xE75D, 0xE75D, 0xE73D, 0xDF3D, 0xF7DF, 0xE75D,
  0xCEBB, 0xDF3D, 0xCEBB, 0xCEBB, 0xCEBB, 0xCEBB, 0xCEBB, 0xD6FC, 0xDF1D, 0xCEBB,
  0xCEBB, 0xCEBB, 0xCEBB, 0xCEDB, 0xADD8, 0x9D77, 0x9D56, 0xF81F, 0xF81F, 0xF81F,
  0xF81F, 0xF81F, 0xA577, 0x9D77, 0xB639, 0xEF9E, 0xF7DF, 0xEFBF, 0xEFBF, 0xEF9E,
  0xE75D, 0xE75D, 0xE73D, 0xE75D, 0xE75D, 0xE75D, 0xE75D, 0xE75D, 0xE73D, 0xE75D,
  0xCEDC, 0xCEBB, 0xCEBB, 0xCEBB, 0xCEBB, 0xCEBB, 0xCEBB, 0xCEBB, 0xCEBB, 0xCEDB,
  0xD6FC, 0xDF1D, 0xDF3D, 0xDF3D, 0xD71D, 0xB619, 0x9D77, 0xA576, 0xF81F, 0xF81F,
  0xF81F, 0x12F2, 0x8D16, 0x9D56, 0xC67A, 0xEF7E, 0xDF3D, 0xE75D, 0xE73D, 0xE73D,
  0xE73D, 0xE75D, 0xE75D, 0xE75D, 0xE75D, 0xE75D, 0xE75D, 0xE75D, 0xE75D, 0xDF3D,
  0xCEBB, 0xCEBB, 0xCEBB, 0xCEBB, 0xCEBB, 0xCEBB, 0xCEBB, 0xCEBB, 0xCEBB, 0xCEBB,
  0xCEBB, 0xCEBB, 0xCEBB, 0xCEBB, 0xD6DC, 0xB619, 0x9D56, 0x8D16, 0x12F2, 0xF81F,
  0x2353, 0x1B33, 0x84F6, 0x9D56, 0xC67A, 0xE77E, 0xE73D, 0xE75D, 0xE75D, 0xE75D,
  0xE75D, 0xE75D, 0xE75D, 0xE75D, 0xE75D, 0xE75D, 0xE75D, 0xE75D, 0xE75D, 0xE73D,
  0xCEBB, 0xCEBB, 0xCEBB, 0xCEBB, 0xCEBB, 0xCEBB, 0xCEBB, 0xCEBB, 0xCEBB, 0xCEBB,
  0xCEBB, 0xCEBB, 0xCEBB, 0xCEBB, 0xD6DC, 0xB619, 0x9D56, 0x84F6, 0x1B33, 0x2353,
  0x2333, 0x1B33, 0x84F5, 0x9D56, 0xC67A, 0xE77E, 0xE73D, 0xE75D, 0xE75D, 0xE75D,
  0xE75D, 0xE75D, 0xE75D, 0xE75D, 0xE75D, 0xE75D, 0xE75D, 0xE75D, 0xE75D, 0xE73D,
  0xCEBB, 0xCEBB, 0xCEBB, 0xCEBB, 0xCEBB, 0xCEBB, 0xCEBB, 0xCEBB, 0xCEBB, 0xCEBB,
  0xCEBB, 0xCEBB, 0xCEBB, 0xCEBB, 0xD6DC, 0xB619, 0x9D56, 0x84F5, 0x1B33, 0x2333,
  0x2333, 0x1B12, 0x84F6, 0x9D56, 0xC67A, 0xE77E, 0xE73D, 0xE75D, 0xE75D, 0xE75D,
  0xE75D, 0xE75D, 0xE75D, 0xE75D, 0xE75D, 0xE75D, 0xE75D, 0xE75D, 0xE75D, 0xE73D,
  0xCEBB, 0xCEBB, 0xCEBB, 0xCEBB, 0xCEBB, 0xCEBB, 0xCEBB, 0xCEBB, 0xCEBB, 0xCEBB,
  0xCEBB, 0xCEBB, 0xCEBB, 0xCEBB, 0xD6DC, 0xB619, 0x9D56, 0x84F6, 0x1B12, 0x2333,
  0x2333, 0x1B13, 0x84F6, 0x9D56, 0xC67A, 0xE77E, 0xE73D, 0xE75D, 0xE75D, 0xE75D,
  0xE75D, 0xE75D, 0xE75D, 0xE75D, 0xE75D, 0xE75D, 0xE75D, 0xE75D, 0xE75D, 0xE73D,
  0xCEBB, 0xCEBB, 0xCEBB, 0xCEBB, 0xCEBB, 0xCEBB, 0xCEBB, 0xCEBB, 0xCEBB, 0xCEBB,
  0xCEBB, 0xCEBB, 0xCEBB, 0xCEBB, 0xD6DC, 0xB619, 0x9D56, 0x84F6, 0x1B13, 0x2333,
  0x2333, 0x1B13, 0x84F6, 0x9D56, 0xC67A, 0xE77E, 0xE73D, 0xE75D, 0xE75D, 0xE75D,
  0xE75D, 0xE75D, 0xE75D, 0xE75D, 0xE75D, 0xE75D, 0xE75D, 0xE75D, 0xE75D, 0xE73D,
  0xCEBB, 0xCEBB, 0xCEBB, 0xCEBB, 0xCEBB, 0xCEBB, 0xCEBB, 0xCEBB, 0xCEBB, 0xCEBB,
  0xCEBB, 0xCEBB, 0xCEBB, 0xCEBB, 0xD6DC, 0xB619, 0x9D56, 0x84F6, 0x1B13, 0x2333,
  0x2333, 0x1B13, 0x84F6, 0x9D56, 0xC67A, 0xE77E, 0xE73D, 0xE75D, 0xE75D, 0xE75D,
  0xE75D, 0xE75D, 0xE75D, 0xE75D, 0xE75D, 0xE75D, 0xE75D, 0xE75D, 0xE75D, 0xE73D,
  0xCEBB, 0xCEBB, 0xCEBB, 0xCEBB, 0xCEBB, 0xCEBB, 0xCEBB, 0xCEBB, 0xCEBB, 0xCEBB,
  0xCEBB, 0xCEBB, 0xCEBB, 0xCEBB, 0xD6DC, 0xB619, 0x9D56, 0x84F6, 0x1B13, 0x2333,
  0x2333, 0x1B13, 0x84F6, 0x9D56, 0xC67A, 0xE77E, 0xE73D, 0xE75D, 0xE75D, 0xE75D,
  0xE75D, 0xE75D, 0xE75D, 0xE75D, 0xE75D, 0xE75D, 0xE75D, 0xE75D, 0xE75D, 0xE73D,
  0xCEBB, 0xCEBB, 0xCEBB, 0xCEBB, 0xCEBB, 0xCEBB, 0xCEBB, 0xCEBB, 0xCEBB, 0xCEBB,
  0xCEBB, 0xCEBB, 0xCEBB, 0xCEBB, 0xD6DC, 0xB619, 0x9D56, 0x84F6, 0x1B13, 0x2333,
  0x2333, 0x1B13, 0x84F6, 0x9D56, 0xC67A, 0xE77E, 0xE73D, 0xE75D, 0xE75D, 0xE75D,
  0xE75D, 0xE75D, 0xE75D, 0xE75D, 0xE75D, 0xE75D, 0xE75D, 0xE75D, 0xE75D, 0xE73D,
  0xCEBB, 0xCEBB, 0xCEBB, 0xCEBB, 0xCEBB, 0xCEBB, 0xCEBB, 0xCEBB, 0xCEBB, 0xCEBB,
  0xCEBB, 0xCEBB, 0xCEBB, 0xCEBB, 0xD6DC, 0xB619, 0x9D56, 0x84F6, 0x1B13, 0x2333,
  0x2333, 0x1B13, 0x84F6, 0x9D56, 0xC67A, 0xE77E, 0xE73D, 0xE75D, 0xE75D, 0xE75D,
  0xE75D, 0xE75D, 0xE75D, 0xE75D, 0xE75D, 0xE75D, 0xE75D, 0xE75D, 0xE75D, 0xE73D,
  0xCEBB, 0xCEBB, 0xCEBB, 0xCEBB, 0xCEBB, 0xCEBB, 0xCEBB, 0xCEBB, 0xCEBB, 0xCEBB,
  0xCEBB, 0xCEBB, 0xCEBB, 0xCEBB, 0xD6DC, 0xB619, 0x9D56, 0x84F6, 0x1B13, 0x2333,
  0x2333, 0x1B13, 0x84F6, 0x9D56, 0xC67A, 0xE77E, 0xE73D, 0xE75D, 0xE75D, 0xE75D,
  0xE75D, 0xE75D, 0xE75D, 0xE75D, 0xE75D, 0xE75D, 0xE75D, 0xE75D, 0xE75D, 0xE73D,
  0xCEBB, 0xCEBB, 0xCEBB, 0xCEBB, 0xCEBB, 0xCEBB, 0xCEBB, 0xCEBB, 0xCEBB, 0xCEBB,
  0xCEBB, 0xCEBB, 0xCEBB, 0xCEBB, 0xD6DC, 0xB619, 0x9D56, 0x84F6, 0x1B13, 0x2333,
  0x2333, 0x1B13, 0x84F6, 0x9D56, 0xC67A, 0xE77E, 0xE73D, 0xE75D, 0xE75D, 0xE75D,
  0xE75D, 0xE75D, 0xE75D, 0xE75D, 0xE75D, 0xE75D, 0xE75D, 0xE75D, 0xE75D, 0xE73D,
  0xCEBB, 0xCEBB, 0xCEBB, 0xCEBB, 0xCEBB, 0xCEBB, 0xCEBB, 0xCEBB, 0xCEBB, 0xCEBB,
  0xCEBB, 0xCEBB, 0xCEBB, 0xCEBB, 0xD6DC, 0xB619, 0x9D56, 0x84F6, 0x1B13, 0x2333,
  0x2333, 0x1B13, 0x84F6, 0x9D56, 0xC67A, 0xE77E, 0xE73D, 0xE75D, 0xE75D, 0xE75D,
  0xE75D, 0xE75D, 0xE75D, 0xE75D, 0xE75D, 0xE75D, 0xE75D, 0xE75D, 0xE75D, 0xE73D,
  0xCEBB, 0xCEBB, 0xCEBB, 0xCEBB, 0xCEBB, 0xCEBB, 0xCEBB, 0xCEBB, 0xCEBB, 0xCEBB,
  0xCEBB, 0xCEBB, 0xCEBB, 0xCEBB, 0xD6DC, 0xB619, 0x9D56, 0x84F6, 0x1B13, 0x2333,
  0x2333, 0x1B13, 0x84F6, 0x9D56, 0xC67A, 0xE77E, 0xE73D, 0xE75D, 0xE75D, 0xE75D,
  0xE75D, 0xE75D, 0xE75D, 0xE75D, 0xE75D, 0xE75D, 0xE75D, 0xE75D, 0xE75D, 0xE73D,
  0xCEBB, 0xCEBB, 0xCEBB, 0xCEBB, 0xCEBB, 0xCEBB, 0xCEBB, 0xCEBB, 0xCEBB, 0xCEBB,
  0xCEBB, 0xCEBB, 0xCEBB, 0xCEBB, 0xD6DC, 0xB619, 0x9D56, 0x84F6, 0x1B13, 0x2333,
  0x2333, 0x1B13, 0x84F6, 0x9D56, 0xC67A, 0xE77E, 0xE73D, 0xE75D, 0xE75D, 0xE75D,
  0xE75D, 0xE75D, 0xE75D, 0xE75D, 0xE75D, 0xE75D, 0xE75D, 0xE75D, 0xE75D, 0xE73D,
  0xCEBB, 0xCEBB, 0xCEBB, 0xCEBB, 0xCEBB, 0xCEBB, 0xCEBB, 0xCEBB, 0xCEBB, 0xCEBB,
  0xCEBB, 0xCEBB, 0xCEBB, 0xCEBB, 0xD6DC, 0xB619, 0x9D56, 0x84F6, 0x1B13, 0x2333,
  0x2333, 0x1B13, 0x84F6, 0x9D56, 0xC67A, 0xE77E, 0xE73D, 0xE75D, 0xE75D, 0xE75D,
  0xE75D, 0xE75D, 0xE75D, 0xE75D, 0xE75D, 0xE75D, 0xE75D, 0xE75D, 0xE75D, 0xE73D,
  0xCEBB, 0xCEBB, 0xCEBB, 0xCEBB, 0xCEBB, 0xCEBB, 0xCEBB, 0xCEBB, 0xCEBB, 0xCEBB,
  0xCEBB, 0xCEBB, 0xCEBB, 0xCEBB, 0xD6DC, 0xB619, 0x9D56, 0x84F6, 0x1B13, 0x2333,
  0x2333, 0x1B13, 0x84F6, 0x9D56, 0xC67A, 0xE77E, 0xE73D, 0xE75D, 0xE75D, 0xE75D,
  0xE75D, 0xE75D, 0xE75D, 0xE75D, 0xE73D, 0xE73D, 0xE73D, 0xE75D, 0xE75D, 0xE73D,
  0xCEBB, 0xCEBB, 0xCEBB, 0xCEBB, 0xCEBB, 0xCEBB, 0xCEBB, 0xCEBB, 0xCEBB, 0xCEBB,
  0xCEBB, 0xCEBB, 0xCEBB, 0xCEBB, 0xD6DC, 0xB619, 0x9D56, 0x84F6, 0x1B13, 0x2333,
  0x2333, 0x1B13, 0x84F6, 0x9D56, 0xC67A, 0xE77E, 0xE73D, 0xE75D, 0xE75D, 0xE75D,
  0xE75D, 0xE73D, 0xE73D, 0xE75D, 0xE75D, 0xE75E, 0xE75E, 0xE75D, 0xE73D, 0xE73D,
  0xCEBB, 0xCEBB, 0xCEBB, 0xCEDB, 0xCEDB, 0xCEDB, 0xCEBB, 0xCEBB, 0xCEBB, 0xCEBB,
  0xCEBB, 0xCEBB, 0xCEBB, 0xCEBB, 0xD6DC, 0xB619, 0x9D56, 0x84F6, 0x1B13, 0x2333,
  0x2333, 0x1B13, 0x84F6, 0x9D56, 0xC67A, 0xE77E, 0xDF3D, 0xE75D, 0xE73D, 0xE73D,
  0xE75D, 0xE75D, 0xE77E, 0xE75D, 0xD6FC, 0xD6DC, 0xD6DC, 0xDF1D, 0xE77E, 0xE73D,
  0xCEBB, 0xCEDB, 0xCE9B, 0xC67A, 0xC65A, 0xC67A, 0xCEBB, 0xCEDC, 0xCEDB, 0xCEBB,
  0xCEBB, 0xCEBB, 0xCEBB, 0xCEBB, 0xD6DC, 0xB619, 0x9D56, 0x84F6, 0x1B13, 0x2333,
  0x2333, 0x1B13, 0x84F6, 0x9D56, 0xBE39, 0xEF7E, 0xE75D, 0xE75D, 0xE75D, 0xE77E,
  0xE75D, 0xD6FC, 0xBE5A, 0xADB8, 0x9D77, 0x9D56, 0x9D56, 0xA597, 0xBE5A, 0xE73D,
  0xCEBB, 0xB5F9, 0x9D77, 0x9D56, 0x9D56, 0x9D76, 0xA597, 0xB619, 0xC67A, 0xCEBB,
  0xCEDC, 0xCEDB, 0xCEBB, 0xCEBB, 0xD6DC, 0xADF8, 0x9D56, 0x84F6, 0x1B13, 0x2333,
  0x2333, 0x1B13, 0x84F5, 0x9D76, 0x9D56, 0xC67A, 0xDF1C, 0xDF1C, 0xD6DC, 0xBE5A,
  0xADD8, 0x9D56, 0x9536, 0x9536, 0x9D56, 0x9D56, 0x9D56, 0x9556, 0x9535, 0xB619,
  0xB5F8, 0x9536, 0x9D56, 0x9D56, 0x9D56, 0x9D56, 0x9556, 0x9536, 0x9D56, 0xA5B7,
  0xB619, 0xC65A, 0xC69B, 0xC69B, 0xBE39, 0x9D56, 0x9D76, 0x7CD5, 0x1B13, 0x2333,
  0x2333, 0x1B12, 0x7CD5, 0xA576, 0x9556, 0x9556, 0x9D56, 0x9D56, 0x9556, 0x9536,
  0x9536, 0x9D56, 0x9D56, 0x9D56, 0x9D56, 0x9D56, 0x9D56, 0x9D56, 0x9D77, 0x9536,
  0x9536, 0x9D77, 0x9D56, 0x9D56, 0x9D56, 0x9D56, 0x9D56, 0x9D56, 0x9D56, 0x9556,
  0x9556, 0x9D56, 0x9D56, 0x9D56, 0x9556, 0x9556, 0xA576, 0x7CD5, 0x1B12, 0x2333,
  0x2333, 0x2333, 0x3BB3, 0x8D36, 0x9D76, 0x9D56, 0x9D56, 0x9D56, 0x9D56, 0x9D56,
  0x9D56, 0x9D56, 0x9D56, 0x9D56, 0x9D56, 0x9D56, 0x9D56, 0x9D56, 0x9D36, 0x52EC,
  0x52EC, 0x9D36, 0x9D56, 0x9D56, 0x9D56, 0x9D56, 0x9D56, 0x9D56, 0x9D56, 0x9D56,
  0x9D56, 0x9D56, 0x9D56, 0x9D56, 0x9D56, 0x9D76, 0x8D36, 0x3BB3, 0x2333, 0x2333,
  0x2312, 0x2353, 0x1B33, 0x2B53, 0x3373, 0x3373, 0x3373, 0x3373, 0x3373, 0x3373,
  0x3373, 0x3373, 0x3373, 0x3373, 0x3373, 0x3373, 0x3373, 0x3393, 0x326C, 0x2145,
  0x2145, 0x326C, 0x3393, 0x3373, 0x3373, 0x3373, 0x3373, 0x3373, 0x3373, 0x3373,
  0x3373, 0x3373, 0x3373, 0x3373, 0x3373, 0x3373, 0x2B53, 0x1B33, 0x2353, 0x2312,
  0xF81F, 0x2332, 0x2353, 0x2354, 0x2374, 0x2374, 0x2374, 0x2374, 0x2374, 0x2374,
  0x2374, 0x2374, 0x2374, 0x2374, 0x2374, 0x2354, 0x2354, 0x1B54, 0x1B12, 0x22D0,
  0x22D0, 0x1B12, 0x1B54, 0x2354, 0x2354, 0x2374, 0x2374, 0x2374, 0x2374, 0x2374,
  0x2374, 0x2374, 0x2374, 0x2374, 0x2374, 0x2374, 0x2354, 0x2353, 0x2332, 0xF81F,
  0xF81F, 0xF81F, 0xF81F, 0x2333, 0x2333, 0x2353, 0x2332, 0x2332, 0x2332, 0x2332,
  0x2332, 0x2332, 0x2332, 0x2332, 0x2332, 0x2333, 0x2332, 0x2333, 0x2374, 0x2395,
  0x2395, 0x2374, 0x2333, 0x2332, 0x2333, 0x2332, 0x2332, 0x2332, 0x2332, 0x2332,
  0x2332, 0x2332, 0x2332, 0x2332, 0x2353, 0x2333, 0x2333, 0xF81F, 0xF81F, 0xF81F,
  0xF81F, 0xF81F, 0xF81F, 0xF81F, 0xF81F, 0xF81F, 0xF81F, 0xF81F, 0xF81F, 0xF81F,
  0xF81F, 0xF81F, 0xF81F, 0xF81F, 0xF81F, 0xF81F, 0xF81F, 0xF81F, 0x2333, 0x2333,
  0x2333, 0x2333, 0xF81F, 0xF81F, 0xF81F, 0xF81F, 0xF81F, 0xF81F, 0xF81F, 0xF81F,
  0xF81F, 0xF81F, 0xF81F, 0xF81F, 0xF81F, 0xF81F, 0xF81F, 0xF81F, 0xF81F, 0xF81F,
  0xF81F, 0xF81F, 0xF81F, 0xF81F, 0xF81F, 0xF81F, 0xF81F, 0xF81F, 0xF81F, 0xF81F,
  0xF81F, 0xF81F, 0xF81F, 0xF81F, 0xF81F, 0xF81F, 0xF81F, 0xF81F, 0xF81F, 0xF81F,
  0xF81F, 0xF81F, 0xF81F, 0xF81F, 0xF81F, 0xF81F, 0xF81F, 0xF81F, 0xF81F, 0xF81F,
  0xF81F, 0xF81F, 0xF81F, 0xF81F, 0xF81F, 0xF81F, 0xF81F, 0xF81F, 0xF81F, 0xF81F,
  0xF81F, 0xF81F, 0xF81F, 0xF81F, 0xF81F, 0xF81F, 0xF81F, 0xF81F, 0xF81F, 0xF81F,
  0xF81F, 0xF81F, 0xF81F, 0xF81F, 0xF81F, 0xF81F, 0xF81F, 0xF81F, 0xF81F, 0xF81F,
  0xF81F, 0xF81F, 0xF81F, 0xF81F, 0xF81F, 0xF81F, 0xF81F, 0xF81F, 0xF81F, 0xF81F,
  0xF81F, 0xF81F, 0xF81F, 0xF81F, 0xF81F, 0xF81F, 0xF81F, 0xF81F, 0xF81F, 0xF81F,
  0xF81F, 0xF81F, 0xF81F, 0xF81F, 0xF81F, 0xF81F, 0xF81F, 0xF81F, 0xF81F, 0xF81F,
  0xF81F, 0xF81F, 0xF81F, 0xF81F, 0xF81F, 0xF81F, 0xF81F, 0xF81F, 0xF81F, 0xF81F,
  0xF81F, 0xF81F, 0xF81F, 0xF81F, 0xF81F, 0xF81F, 0xF81F, 0xF81F, 0xF81F, 0xF81F,
  0xF81F, 0xF81F, 0xF81F, 0xF81F, 0xF81F, 0xF81F, 0xF81F, 0xF81F, 0xF81F, 0xF81F,
  0xF81F, 0xF81F, 0xF81F, 0xF81F, 0xF81F, 0xF81F, 0xF81F, 0xF81F, 0xF81F, 0xF81F,
  0xF81F, 0xF81F, 0xF81F, 0xF81F, 0xF81F, 0xF81F, 0xF81F, 0xF81F, 0xF81F, 0xF81F,
  0xF81F, 0xF81F, 0xF81F, 0xF81F, 0xF81F, 0xF81F, 0xF81F, 0xF81F, 0xF81F, 0xF81F,
  0xF81F, 0xF81F, 0xF81F, 0xF81F, 0xF81F, 0xF81F, 0xF81F, 0xF81F, 0xF81F, 0xF81F,
  0xF81F, 0xF81F, 0xF81F, 0xF81F, 0xF81F, 0xF81F, 0xF81F, 0xF81F, 0xF81F, 0xF81F,
  0xF81F, 0xF81F, 0xF81F, 0xF81F, 0xF81F, 0xF81F, 0xF81F, 0xF81F, 0xF81F, 0xF81F,
  0xF81F, 0xF81F, 0xF81F, 0xF81F, 0xF81F, 0xF81F, 0xF81F, 0xF81F, 0xF81F, 0xF81F,
  0xF81F, 0xF81F, 0xF81F, 0xF81F, 0xF81F, 0xF81F, 0xF81F, 0xF81F, 0xF81F, 0xF81F
};

static const uint16_t kEmoji_puzzle[1600] PROGMEM = {
  0xF81F, 0xF81F, 0xF81F, 0xF81F, 0xF81F, 0xF81F, 0xF81F, 0xF81F, 0xF81F, 0xF81F,
  0xF81F, 0xF81F, 0xF81F, 0xF81F, 0xF81F, 0xF81F, 0xF81F, 0xF81F, 0x7DAB, 0x756A,
  0xF81F, 0xF81F, 0xF81F, 0xF81F, 0xF81F, 0xF81F, 0xF81F, 0xF81F, 0xF81F, 0xF81F,
  0xF81F, 0xF81F, 0xF81F, 0xF81F, 0xF81F, 0xF81F, 0xF81F, 0xF81F, 0xF81F, 0xF81F,
  0xF81F, 0xF81F, 0xF81F, 0xF81F, 0xF81F, 0xF81F, 0xF81F, 0xF81F, 0xF81F, 0xF81F,
  0xF81F, 0xF81F, 0xF81F, 0xF81F, 0xF81F, 0xF81F, 0x7D6A, 0x7DAB, 0x85EC, 0x7DAB,
  0x756A, 0xF81F, 0xF81F, 0xF81F, 0xF81F, 0xF81F, 0xF81F, 0xF81F, 0xF81F, 0xF81F,
  0xF81F, 0xF81F, 0xF81F, 0xF81F, 0xF81F, 0xF81F, 0xF81F, 0xF81F, 0xF81F, 0xF81F,
  0xF81F, 0xF81F, 0xF81F, 0xF81F, 0xF81F, 0xF81F, 0xF81F, 0xF81F, 0xF81F, 0xF81F,
  0xF81F, 0xF81F, 0xF81F, 0xF81F, 0xF81F, 0x758A, 0x7D8B, 0x7DCB, 0x758B, 0x7D8B,
  0x7DAB, 0x756A, 0xF81F, 0xF81F, 0xF81F, 0xF81F, 0xF81F, 0xF81F, 0xF81F, 0xF81F,
  0xF81F, 0xF81F, 0xF81F, 0xF81F, 0xF81F, 0xF81F, 0xF81F, 0xF81F, 0xF81F, 0xF81F,
  0xF81F, 0xF81F, 0xF81F, 0xF81F, 0xF81F, 0xF81F, 0xF81F, 0xF81F, 0xF81F, 0xF81F,
  0xF81F, 0xF81F, 0xF81F, 0xF81F, 0x756B, 0x7DAB, 0x7DAB, 0x758B, 0x7D8B, 0x758B,
  0x7DAB, 0x7DAB, 0x756A, 0xF81F, 0xF81F, 0xF81F, 0xF81F, 0xF81F, 0xF81F, 0xF81F,
  0xF81F, 0x7D8B, 0x7D8B, 0xF81F, 0xF81F, 0xF81F, 0xF81F, 0xF81F, 0xF81F, 0xF81F,
  0xF81F, 0xF81F, 0xF81F, 0xF81F, 0xF81F, 0xF81F, 0xF81F, 0xF81F, 0xF81F, 0xF81F,
  0xF81F, 0xF81F, 0xF81F, 0x756B, 0x7DAB, 0x7D8B, 0x758B, 0x7D8B, 0x7D8B, 0x7D8B,
  0x758B, 0x7DAB, 0x7DAB, 0x754A, 0xF81F, 0xF81F, 0xF81F, 0xF81F, 0xF81F, 0x7D8B,
  0x7DAB, 0x7D8B, 0x7D8B, 0x7DAB, 0x756A, 0xF81F, 0xF81F, 0xF81F, 0xF81F, 0xF81F,
  0xF81F, 0xF81F, 0xF81F, 0xF81F, 0xF81F, 0xF81F, 0xF81F, 0xF81F, 0xF81F, 0xF81F,
  0xF81F, 0xF81F, 0x7D8B, 0x7DAB, 0x7D8B, 0x758B, 0x7D8B, 0x7D8B, 0x7D8B, 0x7D8B,
  0x7D8B, 0x758B, 0x7DAB, 0x7DAB, 0x7D8B, 0xF81F, 0xF81F, 0xF81F, 0x756A, 0x860C,
  0x7DAB, 0x7D8B, 0x7D8B, 0x7DAB, 0x7DCB, 0x7D8B, 0xF81F, 0xF81F, 0xF81F, 0xF81F,
  0xF81F, 0xF81F, 0xF81F, 0xF81F, 0xF81F, 0xF81F, 0xF81F, 0xF81F, 0xF81F, 0xF81F,
  0xF81F, 0xF81F, 0x7D8B, 0x7DAB, 0x7D8B, 0x7D8B, 0x7D8B, 0x7D8B, 0x7D8B, 0x7D8B,
  0x7D8B, 0x7D8B, 0x758B, 0x7DAB, 0x7DAB, 0x7D6B, 0xF81F, 0x7D6A, 0x7DAB, 0x7DAB,
  0x758B, 0x7D8B, 0x7D8B, 0x756B, 0x7DCB, 0x7D8B, 0xF81F, 0xF81F, 0xF81F, 0xF81F,
  0xF81F, 0xF81F, 0xF81F, 0xF81F, 0xF81F, 0xF81F, 0xF81F, 0xF81F, 0xF81F, 0xF81F,
  0xF81F, 0x758B, 0x7DAB, 0x756B, 0x7D8B, 0x7D8B, 0x7D8B, 0x7D8B, 0x7D8B, 0x7D8B,
  0x7D8B, 0x7D8B, 0x7D8B, 0x758B, 0x7DAB, 0x7D8B, 0x758B, 0x7D8B, 0x7DAB, 0x758B,
  0x7D8B, 0x7D8B, 0x7D8B, 0x7D8B, 0x7D8B, 0x7D8B, 0x758A, 0xF81F, 0xF81F, 0xF81F,
  0xF81F, 0xF81F, 0xF81F, 0xF81F, 0xF81F, 0xF81F, 0xF81F, 0xF81F, 0xF81F, 0xF81F,
  0xF81F, 0xF81F, 0x7D8B, 0x860C, 0x7DAB, 0x7D8B, 0x758B, 0x7D8B, 0x7D8B, 0x7D8B,
  0x7D8B, 0x7D8B, 0x7D8B, 0x7D8B, 0x758B, 0x7D8B, 0x7DCB, 0x7DAB, 0x758B, 0x7D8B,
  0x7D8B, 0x7D8B, 0x7D8B, 0x7D8B, 0x7D8B, 0x7D8B, 0x75AA, 0xF81F, 0xF81F, 0xF81F,
  0xF81F, 0xF81F, 0xF81F, 0xF81F, 0xF81F, 0xF81F, 0xF81F, 0xF81F, 0xF81F, 0xF81F,
  0xF81F, 0xF81F, 0x7D8B, 0x7DCB, 0x758B, 0x7D8B, 0x7DCB, 0x7D8B, 0x7D8B, 0x7D8B,
  0x7D8B, 0x7D8B, 0x7D8B, 0x7D8B, 0x7D8B, 0x758B, 0x7D8B, 0x758B, 0x7D8B, 0x7D8B,
  0x7D8B, 0x7D8B, 0x7D8B, 0x758B, 0x7DAB, 0x7D8B, 0xF81F, 0xF81F, 0xF81F, 0xF81F,
  0xF81F, 0xF81F, 0xF81F, 0xF81F, 0xF81F, 0xF81F, 0xF81F, 0xF81F, 0xF81F, 0xF81F,
  0xF81F, 0xF81F, 0xF81F, 0xF81F, 0xF81F, 0x756A, 0x7D8B, 0x7DCB, 0x758B, 0x7D8B,
  0x7D8B, 0x7D8B, 0x7D8B, 0x7D8B, 0x7D8B, 0x7D8B, 0x7D8B, 0x7D8B, 0x7D8B, 0x7D8B,
  0x7D8B, 0x7D8B, 0x758B, 0x7D8B, 0x85EC, 0x7D8B, 0xF81F, 0xF81F, 0xF81F, 0xF81F,
  0xF81F, 0xF81F, 0xF81F, 0xF81F, 0xF81F, 0xF81F, 0xF81F, 0x7D8B, 0xF81F, 0xF81F,
  0xF81F, 0xF81F, 0xF81F, 0xF81F, 0xF81F, 0xF81F, 0x7D8A, 0x7D8B, 0x7D8B, 0x758B,
  0x7D8B, 0x7D8B, 0x7D8B, 0x7D8B, 0x7D8B, 0x7D8B, 0x7D8B, 0x7D8B, 0x7D8B, 0x7D8B,
  0x7D8B, 0x758B, 0x7DAB, 0x7DAB, 0x756A, 0xF81F, 0xF81F, 0xF81F, 0xF81F, 0xF81F,
  0xF81F, 0xF81F, 0xF81F, 0xF81F, 0xF81F, 0x758B, 0x7DAB, 0x7DAB, 0x7DAB, 0x756B,
  0xF81F, 0xF81F, 0xF81F, 0xF81F, 0xF81F, 0xF81F, 0x7D8B, 0x758B, 0x7DAB, 0x758B,
  0x7D8B, 0x7D8B, 0x7D8B, 0x7D8B, 0x7D8B, 0x7D8B, 0x7D8B, 0x7D8B, 0x7D8B, 0x7D8B,
  0x758B, 0x7DAB, 0x7D8B, 0x756B, 0xF81F, 0xF81F, 0xF81F, 0xF81F, 0xF81F, 0xF81F,
  0xF81F, 0xF81F, 0xF81F, 0xF81F, 0x7D6A, 0x7DAB, 0x7DAB, 0x758B, 0x860C, 0x7D8B,
  0xF81F, 0xF81F, 0xF81F, 0xF81F, 0xF81F, 0xF81F, 0x758B, 0x7DEB, 0x758B, 0x7D8B,
  0x7D8B, 0x7D8B, 0x7D8B, 0x7D8B, 0x7D8B, 0x7D8B, 0x7D8B, 0x7D8B, 0x7D8B, 0x7D8B,
  0x7D8B, 0x7DCB, 0x756A, 0xF81F, 0xF81F, 0xF81F, 0xF81F, 0xF81F, 0xF81F, 0xF81F,
  0xF81F, 0xF81F, 0xF81F, 0x756A, 0x7DAB, 0x7D8B, 0x758B, 0x758B, 0x7DAB, 0x7D8B,
  0xF81F, 0xF81F, 0xF81F, 0xF81F, 0xF81F, 0xF81F, 0x7D8B, 0x7DAB, 0x7D8B, 0x7D8B,
  0x7D8B, 0x7D8B, 0x7D8B, 0x7D8B, 0x7D8B, 0x7D8B, 0x7D8B, 0x7D8B, 0x7D8B, 0x7D8B,
  0x7D8B, 0x7D8B, 0x7D8B, 0x756A, 0xF81F, 0xF81F, 0xF81F, 0xF81F, 0xF81F, 0xF81F,
  0xF81F, 0xF81F, 0x756A, 0x7DAB, 0x7DAB, 0x758B, 0x7D8B, 0x758B, 0x7D8B, 0x7D8B,
  0xF81F, 0xF81F, 0xF81F, 0xF81F, 0xF81F, 0x7D8B, 0x7DCB, 0x758B, 0x7D8B, 0x7D8B,
  0x7D8B, 0x7D8B, 0x7D8B, 0x7D8B, 0x7D8B, 0x7D8B, 0x7D8B, 0x7D8B, 0x7D8B, 0x7D8B,
  0x7D8B, 0x756B, 0x7DAB, 0x7DAB, 0x7D6A, 0xF81F, 0xF81F, 0xF81F, 0xF81F, 0xF81F,
  0xF81F, 0x7D6A, 0x7DAB, 0x7DAB, 0x758B, 0x7D8B, 0x7D8B, 0x7D8B, 0x758B, 0x7DCB,
  0x7D8B, 0x758A, 0x7D6A, 0x758B, 0x7D8B, 0x7DCB, 0x758B, 0x7D8B, 0x7D8B, 0x7D8B,
  0x7D8B, 0x7D8B, 0x7D8B, 0x7D8B, 0x7D8B, 0x7D8B, 0x7D8B, 0x7D8B, 0x7D8B, 0x7D8B,
  0x7D8B, 0x7D8B, 0x758B, 0x7DAB, 0x7DAB, 0x756A, 0xF81F, 0xF81F, 0xF81F, 0xF81F,
  0xF81F, 0x7D8B, 0x7DCB, 0x758B, 0x7D8B, 0x7D8B, 0x7D8B, 0x7D8B, 0x7D8B, 0x758B,
  0x7DCB, 0x7D8B, 0x7D8B, 0x7DCB, 0x7DAB, 0x758B, 0x7D8B, 0x7D8B, 0x7D8B, 0x7D8B,
  0x7D8B, 0x7D8B, 0x7D8B, 0x7D8B, 0x7D8B, 0x7D8B, 0x7D8B, 0x7D8B, 0x7D8B, 0x7D8B,
  0x7D8B, 0x7D8B, 0x7D8B, 0x758B, 0x7DAB, 0x7D8B, 0x756A, 0xF81F, 0xF81F, 0xF81F,
  0x7D8B, 0x860C, 0x756B, 0x7D8B, 0x7D8B, 0x7D8B, 0x7D8B, 0x7D8B, 0x7D8B, 0x7D8B,
  0x758B, 0x7D8B, 0x7DAB, 0x7D8B, 0x758B, 0x7D8B, 0x7D8B, 0x7D8B, 0x7D8B, 0x7D8B,
  0x7D8B, 0x7D8B, 0x7D8B, 0x7D8B, 0x7D8B, 0x7D8B, 0x7D8B, 0x7D8B, 0x7D8B, 0x7D8B,
  0x7D8B, 0x7D8B, 0x7D8B, 0x7D8B, 0x758B, 0x7DAB, 0x7DAB, 0x756A, 0xF81F, 0xF81F,
  0x756B, 0x7DAB, 0x7D8B, 0x758B, 0x7D8B, 0x7D8B, 0x7D8B, 0x7D8B, 0x7D8B, 0x7D8B,
  0x7D8B, 0x758B, 0x758B, 0x7D8B, 0x7D8B, 0x7D8B, 0x7D8B, 0x7D8B, 0x7D8B, 0x7D8B,
  0x7D8B, 0x7D8B, 0x7D8B, 0x7D8B, 0x7D8B, 0x7D8B, 0x7D8B, 0x7D8B, 0x7D8B, 0x7D8B,
  0x7D8B, 0x7D8B, 0x7D8B, 0x7D8B, 0x7D8B, 0x758B, 0x7DAB, 0x7DAB, 0x756A, 0xF81F,
  0xF81F, 0x756A, 0x7DAB, 0x7DAB, 0x758B, 0x7D8B, 0x7D8B, 0x7D8B, 0x7D8B, 0x7D8B,
  0x7D8B, 0x7D8B, 0x7D8B, 0x7D8B, 0x7D8B, 0x7D8B, 0x7D8B, 0x7D8B, 0x7D8B, 0x7D8B,
  0x7D8B, 0x7D8B, 0x7D8B, 0x7D8B, 0x7D8B, 0x7D8B, 0x7D8B, 0x758B, 0x758B, 0x7D8B,
  0x7D8B, 0x7D8B, 0x7D8B, 0x7D8B, 0x7D8B, 0x7D8B, 0x758B, 0x7D8B, 0x7DAB, 0x756B,
  0xF81F, 0xF81F, 0x756A, 0x7DAB, 0x7DAB, 0x758B, 0x7D8B, 0x7D8B, 0x7D8B, 0x7D8B,
  0x7D8B, 0x7D8B, 0x7D8B, 0x7D8B, 0x7D8B, 0x7D8B, 0x7D8B, 0x7D8B, 0x7D8B, 0x7D8B,
  0x7D8B, 0x7D8B, 0x7D8B, 0x7D8B, 0x7D8B, 0x758B, 0x7D8B, 0x7DAB, 0x7D8B, 0x758B,
  0x7D8B, 0x7D8B, 0x7D8B, 0x7D8B, 0x7D8B, 0x7D8B, 0x7D8B, 0x756B, 0x860C, 0x7D8B,
  0xF81F, 0xF81F, 0xF81F, 0x756A, 0x7D8B, 0x7DAB, 0x758B, 0x7D8B, 0x7D8B, 0x7D8B,
  0x7D8B, 0x7D8B, 0x7D8B, 0x7D8B, 0x7D8B, 0x7D8B, 0x7D8B, 0x7D8B, 0x7D8B, 0x7D8B,
  0x7D8B, 0x7D8B, 0x7D8B, 0x7D8B, 0x758B, 0x7DAB, 0x7DCB, 0x7D8B, 0x7D8B, 0x7DCB,
  0x758B, 0x7D8B, 0x7D8B, 0x7D8B, 0x7D8B, 0x7D8B, 0x758B, 0x7DCB, 0x7D8B, 0xF81F,
  0xF81F, 0xF81F, 0xF81F, 0xF81F, 0x756A, 0x7DAB, 0x7DAB, 0x758B, 0x7D8B, 0x7D8B,
  0x7D8B, 0x7D8B, 0x7D8B, 0x7D8B, 0x7D8B, 0x7D8B, 0x7D8B, 0x7D8B, 0x7D8B, 0x7D8B,
  0x7D8B, 0x7D8B, 0x7D8B, 0x758B, 0x7DCB, 0x7D8B, 0x758B, 0x7D6A, 0x758A, 0x7D8B,
  0x7DCB, 0x758B, 0x7D8B, 0x7D8B, 0x7D8B, 0x758B, 0x7DAB, 0x7DAB, 0x7D6A, 0xF81F,
  0xF81F, 0xF81F, 0xF81F, 0xF81F, 0xF81F, 0x7D6A, 0x7DAB, 0x7DAB, 0x756B, 0x7D8B,
  0x7D8B, 0x7D8B, 0x7D8B, 0x7D8B, 0x7D8B, 0x7D8B, 0x7D8B, 0x7D8B, 0x7D8B, 0x7D8B,
  0x7D8B, 0x7D8B, 0x758B, 0x7DCB, 0x7D8B, 0xF81F, 0xF81F, 0xF81F, 0xF81F, 0xF81F,
  0x7D8B, 0x7D8B, 0x758B, 0x7D8B, 0x758B, 0x7DAB, 0x7DAB, 0x756A, 0xF81F, 0xF81F,
  0xF81F, 0xF81F, 0xF81F, 0xF81F, 0xF81F, 0xF81F, 0x756A, 0x7D8B, 0x7D8B, 0x7D8B,
  0x7D8B, 0x7D8B, 0x7D8B, 0x7D8B, 0x7D8B, 0x7D8B, 0x7D8B, 0x7D8B, 0x7D8B, 0x7D8B,
  0x7D8B, 0x7D8B, 0x7DAB, 0x7D8B, 0xF81F, 0xF81F, 0xF81F, 0xF81F, 0xF81F, 0xF81F,
  0x7D8B, 0x7DAB, 0x758B, 0x758B, 0x7D8B, 0x7DAB, 0x756A, 0xF81F, 0xF81F, 0xF81F,
  0xF81F, 0xF81F, 0xF81F, 0xF81F, 0xF81F, 0xF81F, 0xF81F, 0x756A, 0x7DCB, 0x7D8B,
  0x7D8B, 0x7D8B, 0x7D8B, 0x7D8B, 0x7D8B, 0x7D8B, 0x7D8B, 0x7D8B, 0x7D8B, 0x7D8B,
  0x7D8B, 0x758B, 0x7DEB, 0x758B, 0xF81F, 0xF81F, 0xF81F, 0xF81F, 0xF81F, 0xF81F,
  0x7D8B, 0x860C, 0x758B, 0x7DAB, 0x7DAB, 0x7D6A, 0xF81F, 0xF81F, 0xF81F, 0xF81F,
  0xF81F, 0xF81F, 0xF81F, 0xF81F, 0xF81F, 0xF81F, 0x756B, 0x7D8B, 0x7DAB, 0x758B,
  0x7D8B, 0x7D8B, 0x7D8B, 0x7D8B, 0x7D8B, 0x7D8B, 0x7D8B, 0x7D8B, 0x7D8B, 0x7D8B,
  0x758B, 0x7DAB, 0x758B, 0x7D8B, 0xF81F, 0xF81F, 0xF81F, 0xF81F, 0xF81F, 0xF81F,
  0x756B, 0x7DAB, 0x7DAB, 0x7DAB, 0x758B, 0xF81F, 0xF81F, 0xF81F, 0xF81F, 0xF81F,
  0xF81F, 0xF81F, 0xF81F, 0xF81F, 0xF81F, 0x756A, 0x7DAB, 0x7DAB, 0x758B, 0x7D8B,
  0x7D8B, 0x7D8B, 0x7D8B, 0x7D8B, 0x7D8B, 0x7D8B, 0x7D8B, 0x7D8B, 0x7D8B, 0x7D8B,
  0x758B, 0x7D8B, 0x7D8B, 0x7D8A, 0xF81F, 0xF81F, 0xF81F, 0xF81F, 0xF81F, 0xF81F,
  0xF81F, 0xF81F, 0x7D8B, 0xF81F, 0xF81F, 0xF81F, 0xF81F, 0xF81F, 0xF81F, 0xF81F,
  0xF81F, 0xF81F, 0xF81F, 0xF81F, 0x7D8B, 0x85EC, 0x7D8B, 0x758B, 0x7D8B, 0x7D8B,
  0x7D8B, 0x7D8B, 0x7D8B, 0x7D8B, 0x7D8B, 0x7D8B, 0x7D8B, 0x7D8B, 0x7D8B, 0x7D8B,
  0x7D8B, 0x758B, 0x7DCB, 0x7D8B, 0x756A, 0xF81F, 0xF81F, 0xF81F, 0xF81F, 0xF81F,
  0xF81F, 0xF81F, 0xF81F, 0xF81F, 0xF81F, 0xF81F, 0xF81F, 0xF81F, 0xF81F, 0xF81F,
  0xF81F, 0xF81F, 0xF81F, 0xF81F, 0x7D8B, 0x7DAB, 0x758B, 0x7D8B, 0x7D8B, 0x7D8B,
  0x7D8B, 0x7D8B, 0x758B, 0x7D8B, 0x758B, 0x7D8B, 0x7D8B, 0x7D8B, 0x7D8B, 0x7D8B,
  0x7D8B, 0x7D8B, 0x7D8B, 0x7DCB, 0x7D8B, 0x758B, 0x7DCB, 0x7D8B, 0xF81F, 0xF81F,
  0xF81F, 0xF81F, 0xF81F, 0xF81F, 0xF81F, 0xF81F, 0xF81F, 0xF81F, 0xF81F, 0xF81F,
  0xF81F, 0xF81F, 0xF81F, 0x75AA, 0x7D8B, 0x7D8B, 0x7D8B, 0x7D8B, 0x7D8B, 0x7D8B,
  0x7D8B, 0x758B, 0x7DAB, 0x7DCB, 0x7D8B, 0x758B, 0x7D8B, 0x7D8B, 0x7D8B, 0x7D8B,
  0x7D8B, 0x7D8B, 0x7D8B, 0x758B, 0x7D8B, 0x7DAB, 0x860C, 0x7D8B, 0xF81F, 0xF81F,
  0xF81F, 0xF81F, 0xF81F, 0xF81F, 0xF81F, 0xF81F, 0xF81F, 0xF81F, 0xF81F, 0xF81F,
  0xF81F, 0xF81F, 0xF81F, 0x758A, 0x7D8B, 0x7D8B, 0x7D8B, 0x7D8B, 0x7D8B, 0x7D8B,
  0x758B, 0x7DAB, 0x7D8B, 0x758B, 0x7D8B, 0x7DAB, 0x758B, 0x7D8B, 0x7D8B, 0x7D8B,
  0x7D8B, 0x7D8B, 0x7D8B, 0x7D8B, 0x7D8B, 0x7D8B, 0x756B, 0x7DAB, 0x758B, 0xF81F,
  0xF81F, 0xF81F, 0xF81F, 0xF81F, 0xF81F, 0xF81F, 0xF81F, 0xF81F, 0xF81F, 0xF81F,
  0xF81F, 0xF81F, 0xF81F, 0xF81F, 0x7D8B, 0x7DCB, 0x756B, 0x7D8B, 0x7D8B, 0x758B,
  0x7DAB, 0x7D8B, 0x7D6A, 0xF81F, 0x7D6B, 0x7DAB, 0x7DAB, 0x758B, 0x7D8B, 0x7D8B,
  0x7D8B, 0x7D8B, 0x7D8B, 0x7D8B, 0x7D8B, 0x7D8B, 0x7DAB, 0x7D8B, 0xF81F, 0xF81F,
  0xF81F, 0xF81F, 0xF81F, 0xF81F, 0xF81F, 0xF81F, 0xF81F, 0xF81F, 0xF81F, 0xF81F,
  0xF81F, 0xF81F, 0xF81F, 0xF81F, 0x7D8B, 0x7DCB, 0x7DAB, 0x7D8B, 0x7D8B, 0x7DAB,
  0x85EB, 0x756B, 0xF81F, 0xF81F, 0xF81F, 0x7D8B, 0x7DAB, 0x7DAB, 0x758B, 0x7D8B,
  0x7D8B, 0x7D8B, 0x7D8B, 0x7D8B, 0x758B, 0x7D8B, 0x7DAB, 0x7D8B, 0xF81F, 0xF81F,
  0xF81F, 0xF81F, 0xF81F, 0xF81F, 0xF81F, 0xF81F, 0xF81F, 0xF81F, 0xF81F, 0xF81F,
  0xF81F, 0xF81F, 0xF81F, 0xF81F, 0xF81F, 0x756A, 0x7DAB, 0x7D8B, 0x7D8B, 0x7DAB,
  0x7D8B, 0xF81F, 0xF81F, 0xF81F, 0xF81F, 0xF81F, 0x754A, 0x7DAB, 0x7DAB, 0x758B,
  0x7D8B, 0x7D8B, 0x7D8B, 0x758B, 0x7D8B, 0x7DAB, 0x756B, 0xF81F, 0xF81F, 0xF81F,
  0xF81F, 0xF81F, 0xF81F, 0xF81F, 0xF81F, 0xF81F, 0xF81F, 0xF81F, 0xF81F, 0xF81F,
  0xF81F, 0xF81F, 0xF81F, 0xF81F, 0xF81F, 0xF81F, 0xF81F, 0x7D8B, 0x7D8B, 0xF81F,
  0xF81F, 0xF81F, 0xF81F, 0xF81F, 0xF81F, 0xF81F, 0xF81F, 0x756A, 0x7DAB, 0x7DAB,
  0x758B, 0x7D8B, 0x758B, 0x7DAB, 0x7DAB, 0x756B, 0xF81F, 0xF81F, 0xF81F, 0xF81F,
  0xF81F, 0xF81F, 0xF81F, 0xF81F, 0xF81F, 0xF81F, 0xF81F, 0xF81F, 0xF81F, 0xF81F,
  0xF81F, 0xF81F, 0xF81F, 0xF81F, 0xF81F, 0xF81F, 0xF81F, 0xF81F, 0xF81F, 0xF81F,
  0xF81F, 0xF81F, 0xF81F, 0xF81F, 0xF81F, 0xF81F, 0xF81F, 0xF81F, 0x756A, 0x7DAB,
  0x7D8B, 0x758B, 0x7DCB, 0x7D8B, 0x758A, 0xF81F, 0xF81F, 0xF81F, 0xF81F, 0xF81F,
  0xF81F, 0xF81F, 0xF81F, 0xF81F, 0xF81F, 0xF81F, 0xF81F, 0xF81F, 0xF81F, 0xF81F,
  0xF81F, 0xF81F, 0xF81F, 0xF81F, 0xF81F, 0xF81F, 0xF81F, 0xF81F, 0xF81F, 0xF81F,
  0xF81F, 0xF81F, 0xF81F, 0xF81F, 0xF81F, 0xF81F, 0xF81F, 0xF81F, 0xF81F, 0x756A,
  0x7DAB, 0x85EC, 0x7DAB, 0x7D6A, 0xF81F, 0xF81F, 0xF81F, 0xF81F, 0xF81F, 0xF81F,
  0xF81F, 0xF81F, 0xF81F, 0xF81F, 0xF81F, 0xF81F, 0xF81F, 0xF81F, 0xF81F, 0xF81F,
  0xF81F, 0xF81F, 0xF81F, 0xF81F, 0xF81F, 0xF81F, 0xF81F, 0xF81F, 0xF81F, 0xF81F,
  0xF81F, 0xF81F, 0xF81F, 0xF81F, 0xF81F, 0xF81F, 0xF81F, 0xF81F, 0xF81F, 0xF81F,
  0x756A, 0x7DAB, 0xF81F, 0xF81F, 0xF81F, 0xF81F, 0xF81F, 0xF81F, 0xF81F, 0xF81F,
  0xF81F, 0xF81F, 0xF81F, 0xF81F, 0xF81F, 0xF81F, 0xF81F, 0xF81F, 0xF81F, 0xF81F
};

static const uint16_t kEmoji_crystal[1600] PROGMEM = {
  0xF81F, 0xF81F, 0xF81F, 0xF81F, 0xF81F, 0xF81F, 0xF81F, 0xF81F, 0xF81F, 0xF81F,
  0xF81F, 0xF81F, 0xF81F, 0xF81F, 0xF81F, 0xAC7B, 0xAC7B, 0xAC7A, 0xAC7B, 0xAC7A,
  0xAC7B, 0xAC7A, 0xAC7B, 0xAC7B, 0xAC7A, 0xF81F, 0xF81F, 0xF81F, 0xF81F, 0xF81F,
  0xF81F, 0xF81F, 0xF81F, 0xF81F, 0xF81F, 0xF81F, 0xF81F, 0xF81F, 0xF81F, 0xF81F,
  0xF81F, 0xF81F, 0xF81F, 0xF81F, 0xF81F, 0xF81F, 0xF81F, 0xF81F, 0xF81F, 0xF81F,
  0xF81F, 0xF81F, 0xAC7A, 0xAC9B, 0xAC7B, 0xAC7B, 0xB4BC, 0xB49C, 0xAC9B, 0xAC7B,
  0xAC7B, 0xAC9B, 0xB49C, 0xB4BC, 0xAC7B, 0xAC7A, 0xAC9B, 0xAC7A, 0xF81F, 0xF81F,
  0xF81F, 0xF81F, 0xF81F, 0xF81F, 0xF81F, 0xF81F, 0xF81F, 0xF81F, 0xF81F, 0xF81F,
  0xF81F, 0xF81F, 0xF81F, 0xF81F, 0xF81F, 0xF81F, 0xF81F, 0xF81F, 0xF81F, 0xF81F,
  0xF81F, 0xAC9B, 0xAC9B, 0xB4BC, 0xAC9B, 0xAC7B, 0xAC9B, 0xAC7B, 0xAC7B, 0xAC7B,
  0xAC7A, 0xAC7B, 0xAC7A, 0xAC7B, 0xAC7B, 0xAC9B, 0xB4BC, 0xAC9B, 0xAC9B, 0xF81F,
  0xF81F, 0xF81F, 0xF81F, 0xF81F, 0xF81F, 0xF81F, 0xF81F, 0xF81F, 0xF81F, 0xF81F,
  0xF81F, 0xF81F, 0xF81F, 0xF81F, 0xF81F, 0xF81F, 0xF81F, 0xF81F, 0xF81F, 0xA45A,
  0xAC9B, 0xB4BC, 0xAC7B, 0xAC7A, 0xAC7A, 0xAC7A, 0x9378, 0x82D6, 0x8317, 0xA43A,
  0xAC7B, 0xAC7B, 0xAC7B, 0xAC7B, 0xAC7B, 0xAC7A, 0xAC7A, 0xAC7B, 0xB4BC, 0xAC7B,
  0xAC7A, 0xF81F, 0xF81F, 0xF81F, 0xF81F, 0xF81F, 0xF81F, 0xF81F, 0xF81F, 0xF81F,
  0xF81F, 0xF81F, 0xF81F, 0xF81F, 0xF81F, 0xF81F, 0xF81F, 0xF81F, 0xA47A, 0xAC9B,
  0xAC9B, 0xAC5A, 0xAC7A, 0xAC7A, 0xAC9B, 0x9398, 0x6A54, 0x7275, 0x6A54, 0x7AD6,
  0xAC7B, 0xAC7B, 0xAC7B, 0xAC7B, 0xAC7B, 0xAC7B, 0xAC7B, 0xAC7A, 0xAC5A, 0xAC9B,
  0xAC9B, 0xAC5A, 0xF81F, 0xF81F, 0xF81F, 0xF81F, 0xF81F, 0xF81F, 0xF81F, 0xF81F,
  0xF81F, 0xF81F, 0xF81F, 0xF81F, 0xF81F, 0xF81F, 0xF81F, 0xAC7A, 0xB4BC, 0xAC7B,
  0xAC7A, 0xAC7B, 0xAC7B, 0xAC7B, 0xAC7B, 0x8316, 0x7275, 0x7295, 0x7275, 0x7275,
  0xA43A, 0xAC7B, 0xAC7B, 0xAC7B, 0xAC7B, 0xAC7B, 0xAC7B, 0xAC7B, 0xAC7B, 0xAC7A,
  0xAC7B, 0xAC9B, 0xAC5A, 0xF81F, 0xF81F, 0xF81F, 0xF81F, 0xF81F, 0xF81F, 0xF81F,
  0xF81F, 0xF81F, 0xF81F, 0xF81F, 0xF81F, 0xF81F, 0xAC5A, 0xB49C, 0xAC7B, 0xAC7A,
  0xAC7B, 0xAC7B, 0xAC7B, 0xAC7A, 0xAC9B, 0x8B78, 0x6A54, 0x7275, 0x7254, 0x7AB5,
  0xAC5A, 0xAC7B, 0xAC7B, 0xAC7B, 0xAC7B, 0xAC7B, 0xAC7B, 0xAC7B, 0xAC7B, 0xAC7B,
  0xAC7A, 0xAC7B, 0xAC9B, 0xAC7A, 0xF81F, 0xF81F, 0xF81F, 0xF81F, 0xF81F, 0xF81F,
  0xF81F, 0xF81F, 0xF81F, 0xF81F, 0xF81F, 0xAC9B, 0xAC7B, 0xAC9B, 0xAC7A, 0xAC7B,
  0xAC7B, 0xAC7B, 0xAC7B, 0xAC7B, 0xAC7B, 0xAC5A, 0x8337, 0x7AB5, 0x7AD6, 0x9BF9,
  0xAC7B, 0xAC7B, 0xAC7B, 0xAC7A, 0xAC7B, 0xAC7B, 0xAC7B, 0xAC7B, 0xAC7B, 0xAC7B,
  0xAC7B, 0xAC7A, 0xAC9B, 0xAC7B, 0xF81F, 0xF81F, 0xF81F, 0xF81F, 0xF81F, 0xF81F,
  0xF81F, 0xF81F, 0xF81F, 0xF81F, 0xF81F, 0xAC5A, 0xB4BC, 0xAC7A, 0xAC7B, 0xAC7B,
  0xAC7B, 0xAC7B, 0xAC7B, 0xAC7B, 0xAC7B, 0xAC7B, 0xAC7B, 0xA45A, 0xAC7B, 0xAC7B,
  0xAC7B, 0xAC7B, 0xAC7B, 0xAC9B, 0xAC7B, 0xA45A, 0xA45A, 0xAC7B, 0xAC9B, 0xAC7B,
  0xAC7B, 0xAC7B, 0xAC7A, 0xB4BC, 0xAC5A, 0xF81F, 0xF81F, 0xF81F, 0xF81F, 0xF81F,
  0xF81F, 0xF81F, 0xF81F, 0xF81F, 0xAC7A, 0xB49C, 0xAC7B, 0xAC7B, 0xAC7B, 0xAC7B,
  0xAC7B, 0xAC7B, 0xAC7B, 0xAC7B, 0xAC7B, 0xAC7B, 0xAC7B, 0xAC7B, 0xAC7B, 0xAC7B,
  0xAC7B, 0xAC7B, 0xAC7B, 0x93B8, 0x82F6, 0x7AB5, 0x7AB6, 0x8317, 0x9BF9, 0xAC9B,
  0xAC7B, 0xAC7B, 0xAC7B, 0xAC7B, 0xAC7B, 0xAC7B, 0xF81F, 0xF81F, 0xF81F, 0xF81F,
  0xF81F, 0xF81F, 0xF81F, 0xF81F, 0xAC7A, 0xB4BC, 0xAC7A, 0xAC7B, 0xAC7B, 0xAC7B,
  0xAC7B, 0xAC7B, 0xAC7B, 0xAC7B, 0xAC7B, 0xAC7B, 0xAC7B, 0xAC7B, 0xAC7B, 0xAC7B,
  0xAC7B, 0xAC7B, 0x8B37, 0x6A54, 0x7275, 0x7275, 0x7275, 0x7254, 0x7275, 0x9BB9,
  0xAC7B, 0xAC7B, 0xAC7B, 0xAC7A, 0xB4BC, 0xAC7A, 0xF81F, 0xF81F, 0xF81F, 0xF81F,
  0xF81F, 0xF81F, 0xF81F, 0xAC7A, 0xAC7B, 0xAC7B, 0xAC7B, 0xAC7B, 0xAC7B, 0xAC7B,
  0xAC7B, 0xAC7B, 0xAC7B, 0xAC7B, 0xAC7B, 0xAC7B, 0xAC7B, 0xAC7B, 0xAC7B, 0xAC7A,
  0xAC9B, 0x9BD9, 0x7254, 0x7275, 0x7275, 0x7275, 0x7275, 0x7275, 0x7275, 0x7295,
  0xA43A, 0xAC7B, 0xAC7B, 0xAC7A, 0xAC7B, 0xAC7B, 0xF81F, 0xF81F, 0xF81F, 0xF81F,
  0xF81F, 0xF81F, 0xF81F, 0xAC7B, 0xB4BC, 0xAC7A, 0xAC7B, 0xAC7B, 0xAC7B, 0xAC7B,
  0xAC7B, 0xAC7B, 0xAC7B, 0xAC7B, 0xAC7B, 0xAC7B, 0xAC7B, 0xAC7B, 0xAC7B, 0xAC7B,
  0xAC7B, 0x82F6, 0x7255, 0x7275, 0x7275, 0x7275, 0x7275, 0x7275, 0x7275, 0x7255,
  0x9398, 0xAC9B, 0xAC7A, 0xAC7B, 0xAC7A, 0xB49C, 0xAC7A, 0xF81F, 0xF81F, 0xF81F,
  0xF81F, 0xF81F, 0xF81F, 0xAC7B, 0xB4BC, 0xAC7A, 0xAC7B, 0xAC7B, 0xAC7B, 0xAC7B,
  0xAC7B, 0xAC7B, 0xAC7B, 0xAC7B, 0xAC7B, 0xAC7B, 0xAC7B, 0xAC7B, 0xAC7B, 0xAC7B,
  0xAC7B, 0x7AB6, 0x7275, 0x7275, 0x7275, 0x7275, 0x7275, 0x7275, 0x7275, 0x7254,
  0x8B57, 0xAC9B, 0xAC7A, 0xAC7B, 0xAC7B, 0xB4BC, 0xAC7B, 0xF81F, 0xF81F, 0xF81F,
  0xF81F, 0xF81F, 0xF81F, 0xAC7A, 0xB49B, 0xAC7A, 0xAC7B, 0xAC7B, 0xAC7B, 0xAC7B,
  0xAC7B, 0xAC7B, 0xAC7B, 0xAC7B, 0xAC7B, 0xAC7B, 0xAC7B, 0xAC7B, 0xAC7B, 0xAC7B,
  0xAC7B, 0x7AD6, 0x7275, 0x7275, 0x7275, 0x7275, 0x7275, 0x7275, 0x7275, 0x7254,
  0x8B78, 0xAC9B, 0xAC7A, 0xAC7B, 0xAC7B, 0xB4BC, 0xAC7A, 0xF81F, 0xF81F, 0xF81F,
  0xF81F, 0xF81F, 0xF81F, 0xAC7A, 0xAC7B, 0xAC7A, 0xAC7B, 0xAC7B, 0xAC7B, 0xAC7B,
  0xAC7B, 0xAC7B, 0xAC7B, 0xAC7B, 0xAC7B, 0xAC7A, 0xAC7A, 0xAC7A, 0xAC7B, 0xAC7B,
  0xAC9B, 0x8B57, 0x7254, 0x7295, 0x7275, 0x7275, 0x7275, 0x7275, 0x7275, 0x7275,
  0x9BD9, 0xAC9B, 0xAC7A, 0xAC7B, 0xAC7A, 0xAC9B, 0xAC7A, 0xF81F, 0xF81F, 0xF81F,
  0xF81F, 0xF81F, 0xAC7A, 0xAC7B, 0xAC7B, 0xAC7A, 0xAC7B, 0xAC7B, 0xAC7B, 0xAC7B,
  0xAC7B, 0xAC7B, 0xAC7B, 0xAC7B, 0xAC7B, 0xAC9B, 0xAC9B, 0xAC9B, 0xAC7B, 0xAC7B,
  0xAC7B, 0xA43A, 0x7A95, 0x7254, 0x7275, 0x7275, 0x7275, 0x7275, 0x6A54, 0x8316,
  0xAC7B, 0xAC7B, 0xAC7B, 0xAC7B, 0xAC7A, 0xAC9B, 0xAC7A, 0xF81F, 0xF81F, 0xF81F,
  0xF81F, 0xF81F, 0xA47A, 0xAC7B, 0xAC7B, 0xAC7A, 0xAC7B, 0xAC7B, 0xAC7B, 0xAC7B,
  0xAC7B, 0xAC7B, 0xAC7B, 0xAC7B, 0x9BF9, 0x8317, 0x7AD6, 0x8317, 0x9BF9, 0xAC7B,
  0xAC7A, 0xAC7B, 0x9BF9, 0x7AD6, 0x7254, 0x7254, 0x7254, 0x7275, 0x8317, 0xA45A,
  0xAC7B, 0xAC7B, 0xAC7B, 0xAC7B, 0xAC7A, 0xAC9B, 0xAC7B, 0xF81F, 0xF81F, 0xF81F,
  0xF81F, 0xF81F, 0xA45A, 0xAC7B, 0xAC7B, 0xAC7A, 0xAC7B, 0xAC7B, 0xAC7B, 0xAC7B,
  0xAC7B, 0xAC7A, 0xAC9B, 0x9BF9, 0x7275, 0x7254, 0x7255, 0x7254, 0x7275, 0x9BD9,
  0xAC9B, 0xAC7A, 0xAC9B, 0xAC7A, 0x9BD9, 0x9378, 0x9398, 0x9BF9, 0xAC7B, 0xAC7B,
  0xAC7B, 0xAC7B, 0xAC7B, 0xAC7B, 0xAC7A, 0xAC9B, 0xAC7A, 0xF81F, 0xF81F, 0xF81F,
  0xF81F, 0xF81F, 0xF81F, 0xAC7A, 0xAC9B, 0xAC7B, 0xAC7B, 0xAC7B, 0xAC7B, 0xAC7B,
  0xAC7B, 0xAC7B, 0xAC7B, 0x82F6, 0x7254, 0x7295, 0x7275, 0x7275, 0x7275, 0x7AD6,
  0xAC7A, 0xAC7B, 0xAC7B, 0xAC7B, 0xAC9B, 0xAC9B, 0xAC9B, 0xAC9B, 0xAC7B, 0xAC7B,
  0xAC7B, 0xAC7B, 0xAC7B, 0xAC7B, 0xAC7A, 0xB49C, 0xAC7A, 0xF81F, 0xF81F, 0xF81F,
  0xF81F, 0xF81F, 0xF81F, 0xAC7A, 0xB4BC, 0xAC7A, 0xAC7B, 0xAC7B, 0xAC7B, 0xAC7B,
  0xAC7B, 0xAC7B, 0xA43A, 0x7A95, 0x7275, 0x7275, 0x7275, 0x7275, 0x7275, 0x7275,
  0xA43A, 0xAC7B, 0xAC7B, 0xAC7B, 0xAC7A, 0xAC7A, 0xAC7A, 0xAC7A, 0xAC7B, 0xAC7B,
  0xAC7B, 0xAC7B, 0xAC7B, 0xAC7B, 0xAC7B, 0xB4BC, 0xAC7A, 0xF81F, 0xF81F, 0xF81F,
  0xF81F, 0xF81F, 0xF81F, 0xAC7A, 0xB4BC, 0xAC7A, 0xAC7B, 0xAC7B, 0xAC7B, 0xAC7B,
  0xAC7B, 0xAC7B, 0xA45A, 0x7AB5, 0x7275, 0x7275, 0x7275, 0x7275, 0x7275, 0x7295,
  0xA45A, 0xAC7B, 0xAC7B, 0xAC7B, 0xAC7B, 0xAC7B, 0xAC7B, 0xAC7B, 0xAC7B, 0xAC7B,
  0xAC7B, 0xAC7B, 0xAC7B, 0xAC7B, 0xAC7B, 0xB4BC, 0xAC7A, 0xF81F, 0xF81F, 0xF81F,
  0xF81F, 0xF81F, 0xF81F, 0xAC7B, 0xB49B, 0xAC7A, 0xAC7B, 0xAC7B, 0xAC7B, 0xAC7B,
  0xAC7B, 0xAC7A, 0xAC9B, 0x8B57, 0x6A54, 0x7275, 0x7275, 0x7275, 0x6A54, 0x8B37,
  0xAC7B, 0xAC7B, 0xAC7B, 0xAC7B, 0xAC7B, 0xAC7B, 0xAC7B, 0xAC7B, 0xAC7B, 0xAC7B,
  0xAC7B, 0xAC7B, 0xAC7B, 0xAC7B, 0xAC7A, 0xAC7B, 0xAC7A, 0xF81F, 0xF81F, 0xF81F,
  0xF81F, 0xF81F, 0xF81F, 0xF81F, 0xAC7A, 0xAC9B, 0xAC7B, 0xAC7B, 0xAC7B, 0xAC7B,
  0xAC7B, 0xAC7B, 0xAC7B, 0xAC5A, 0x8B37, 0x7275, 0x7275, 0x7275, 0x8317, 0xAC5A,
  0xAC7B, 0xAC7B, 0xAC7B, 0xAC7B, 0xAC7B, 0xAC7B, 0xAC7B, 0xAC7B, 0xAC7B, 0xAC7B,
  0xAC7B, 0xAC7B, 0xAC7B, 0xAC7A, 0xB49C, 0xAC7A, 0xF81F, 0xF81F, 0xF81F, 0xF81F,
  0xF81F, 0xF81F, 0xF81F, 0xF81F, 0xAC7B, 0xB4BC, 0xAC7B, 0xAC7B, 0xAC7B, 0xAC7B,
  0xAC7B, 0xAC7B, 0xAC7B, 0xAC7B, 0xAC7B, 0x9C19, 0x9BD9, 0x9C19, 0xAC7B, 0xAC7B,
  0xAC7B, 0xAC7B, 0xAC7B, 0xAC7B, 0xAC7B, 0xAC7B, 0xAC7B, 0xAC7B, 0xAC7B, 0xAC7B,
  0xAC7B, 0xAC7B, 0xAC7B, 0xAC7A, 0xB4BC, 0xAC7A, 0xF81F, 0xF81F, 0xF81F, 0xF81F,
  0xF81F, 0xF81F, 0xF81F, 0xF81F, 0xF81F, 0xAC7B, 0xAC9B, 0xAC7A, 0xAC7B, 0xAC7B,
  0xAC7B, 0xAC7B, 0xAC7B, 0xAC7B, 0xAC7B, 0xAC7B, 0xAC9B, 0xAC7B, 0xAC7B, 0xAC7B,
  0xAC7B, 0xAC7B, 0xAC7B, 0xAC7B, 0xAC7B, 0xAC7B, 0xAC7B, 0xAC7B, 0xAC7B, 0xAC7B,
  0xAC7B, 0xAC7B, 0xAC7A, 0xAC9B, 0xAC5A, 0xF81F, 0xF81F, 0xF81F, 0xF81F, 0xF81F,
  0xF81F, 0xF81F, 0xF81F, 0xF81F, 0xF81F, 0xAC5A, 0xB4BC, 0xAC7B, 0xAC7B, 0xAC7B,
  0xAC7B, 0xAC7B, 0xAC7B, 0xAC7B, 0xAC7B, 0xAC7B, 0xAC7A, 0xAC7B, 0xAC7B, 0xAC7B,
  0xAC7B, 0xAC7B, 0xAC7B, 0xAC7B, 0xAC7B, 0xAC7B, 0xAC7B, 0xAC7B, 0xAC7B, 0xAC7B,
  0xAC7B, 0xAC7B, 0xAC7B, 0xB49C, 0xAC7B, 0xF81F, 0xF81F, 0xF81F, 0xF81F, 0xF81F,
  0xF81F, 0xF81F, 0xF81F, 0xF81F, 0xF81F, 0xF81F, 0xAC5A, 0xB4BC, 0xAC7A, 0xAC7B,
  0xAC7B, 0xAC7B, 0xAC7B, 0xAC7B, 0xAC7B, 0xAC7B, 0xAC7B, 0xAC7B, 0xAC7B, 0xAC7B,
  0xAC7B, 0xAC7B, 0xAC7B, 0xAC7B, 0xAC7B, 0xAC7B, 0xAC7B, 0xAC7B, 0xAC7B, 0xAC7B,
  0xAC7B, 0xAC7A, 0xB4BC, 0xAC5A, 0xF81F, 0xF81F, 0xF81F, 0xF81F, 0xF81F, 0xF81F,
  0xF81F, 0xF81F, 0xF81F, 0xF81F, 0xF81F, 0xF81F, 0xF81F, 0xAC7B, 0xB4BC, 0xAC7A,
  0xAC7B, 0xAC7B, 0xAC7B, 0xAC7B, 0xAC7B, 0xAC7B, 0xAC7B, 0xAC7B, 0xAC7B, 0xAC7B,
  0xAC7B, 0xAC7B, 0xAC7B, 0xAC7B, 0xAC7B, 0xAC7B, 0xAC7B, 0xAC7B, 0xAC7B, 0xAC7B,
  0xAC7A, 0xB4BC, 0xAC7A, 0xF81F, 0xF81F, 0xF81F, 0xF81F, 0xF81F, 0xF81F, 0xF81F,
  0xF81F, 0xF81F, 0xF81F, 0xF81F, 0xF81F, 0xF81F, 0xF81F, 0xF81F, 0xAC9C, 0xAC9C,
  0xAC7A, 0xAC7A, 0xAC7B, 0xAC7B, 0xAC7B, 0xAC7B, 0xAC7B, 0xAC7B, 0xAC7B, 0xAC7B,
  0xAC7B, 0xAC7B, 0xAC7B, 0xAC7B, 0xAC7B, 0xAC7B, 0xAC7B, 0xAC7B, 0xAC7A, 0xAC7A,
  0xAC9C, 0xAC9C, 0xF81F, 0xF81F, 0xF81F, 0xF81F, 0xF81F, 0xF81F, 0xF81F, 0xF81F,
  0xF81F, 0xF81F, 0xF81F, 0xF81F, 0xF81F, 0xF81F, 0xF81F, 0xF81F, 0x8A89, 0xA3D5,
  0xAC9C, 0xAC7B, 0xAC7A, 0xAC7A, 0xAC7B, 0xAC7B, 0xAC7B, 0xAC7B, 0xAC7B, 0xAC7B,
  0xAC7B, 0xAC7B, 0xAC7B, 0xAC7B, 0xAC7B, 0xAC7B, 0xAC7A, 0xAC7A, 0xAC7B, 0xAC9C,
  0xA3B3, 0x8A68, 0xF81F, 0xF81F, 0xF81F, 0xF81F, 0xF81F, 0xF81F, 0xF81F, 0xF81F,
  0xF81F, 0xF81F, 0xF81F, 0xF81F, 0xF81F, 0xF81F, 0xF81F, 0xF81F, 0x8226, 0x8A46,
  0x932F, 0xAC5A, 0xAC9C, 0xAC7B, 0xAC7A, 0xAC7A, 0xAC7A, 0xAC7A, 0xAC7A, 0xAC7B,
  0xAC7B, 0xAC7A, 0xAC7A, 0xAC7A, 0xAC7A, 0xAC7A, 0xAC7B, 0xAC9C, 0xA439, 0x930E,
  0x8A46, 0x8226, 0xF81F, 0xF81F, 0xF81F, 0xF81F, 0xF81F, 0xF81F, 0xF81F, 0xF81F,
  0xF81F, 0xF81F, 0xF81F, 0xF81F, 0xF81F, 0xF81F, 0xF81F, 0xBB49, 0xA2C8, 0x8246,
  0x8205, 0x8A89, 0x9B72, 0xAC59, 0xAC9C, 0xAC9C, 0xAC7B, 0xAC7B, 0xAC7B, 0xAC7A,
  0xAC7A, 0xAC7B, 0xAC7B, 0xAC7B, 0xAC9C, 0xAC9C, 0xA439, 0x9B71, 0x8A68, 0x7A05,
  0x8246, 0xAAE9, 0xBB4A, 0xF81F, 0xF81F, 0xF81F, 0xF81F, 0xF81F, 0xF81F, 0xF81F,
  0xF81F, 0xF81F, 0xF81F, 0xF81F, 0xF81F, 0xF81F, 0xF81F, 0xBB4A, 0xCB8B, 0xB309,
  0x9287, 0x8226, 0x8205, 0x8A89, 0x930E, 0x9BD4, 0xA438, 0xAC5A, 0xAC7A, 0xAC7B,
  0xAC7B, 0xAC7A, 0xAC59, 0xA438, 0x9BB4, 0x930E, 0x8A68, 0x8205, 0x8226, 0x9288,
  0xB309, 0xCB8B, 0xBB4A, 0xF81F, 0xF81F, 0xF81F, 0xF81F, 0xF81F, 0xF81F, 0xF81F,
  0xF81F, 0xF81F, 0xF81F, 0xF81F, 0xF81F, 0xF81F, 0xF81F, 0xBB4A, 0xC36A, 0xC34A,
  0xBB4A, 0xAAE9, 0x9287, 0x8226, 0x8205, 0x8225, 0x8247, 0x8A8A, 0x8ACB, 0x92ED,
  0x92ED, 0x8ACB, 0x8A89, 0x8246, 0x8205, 0x7A05, 0x8226, 0x9288, 0xAAE9, 0xC34A,
  0xC34A, 0xC36A, 0xBB4A, 0xF81F, 0xF81F, 0xF81F, 0xF81F, 0xF81F, 0xF81F, 0xF81F,
  0xF81F, 0xF81F, 0xF81F, 0xF81F, 0xF81F, 0xF81F, 0xC34A, 0xC34A, 0xBB4A, 0xBB4A,
  0xBB4A, 0xC34A, 0xBB4A, 0xB309, 0xA2C8, 0x9287, 0x8A47, 0x8226, 0x8225, 0x8205,
  0x8205, 0x8225, 0x8226, 0x8A47, 0x9287, 0xA2C8, 0xB329, 0xC34A, 0xC34A, 0xBB4A,
  0xBB4A, 0xBB4A, 0xC36A, 0xC34B, 0xF81F, 0xF81F, 0xF81F, 0xF81F, 0xF81F, 0xF81F,
  0xF81F, 0xF81F, 0xF81F, 0xF81F, 0xF81F, 0xF81F, 0xBB4A, 0xCB8A, 0xBB4A, 0xBB4A,
  0xBB4A, 0xBB4A, 0xBB4A, 0xC34A, 0xC34A, 0xBB4A, 0xBB2A, 0xB329, 0xB309, 0xB309,
  0xB309, 0xB309, 0xB329, 0xBB2A, 0xC34A, 0xC36A, 0xC34A, 0xBB4A, 0xBB4A, 0xBB4A,
  0xBB4A, 0xBB4A, 0xCB8A, 0xBB4A, 0xF81F, 0xF81F, 0xF81F, 0xF81F, 0xF81F, 0xF81F,
  0xF81F, 0xF81F, 0xF81F, 0xF81F, 0xF81F, 0xF81F, 0xBB4A, 0xC36A, 0xBB4A, 0xBB4A,
  0xBB4A, 0xBB4A, 0xBB4A, 0xBB4A, 0xBB4A, 0xBB4A, 0xC34A, 0xC34A, 0xC34A, 0xC34A,
  0xC34A, 0xC34A, 0xC34A, 0xC34A, 0xBB4A, 0xBB4A, 0xBB4A, 0xBB4A, 0xBB4A, 0xBB4A,
  0xBB4A, 0xBB4A, 0xC34A, 0xBB4A, 0xF81F, 0xF81F, 0xF81F, 0xF81F, 0xF81F, 0xF81F,
  0xF81F, 0xF81F, 0xF81F, 0xF81F, 0xF81F, 0xF81F, 0xC34A, 0xCB8A, 0xBB4A, 0xBB4A,
  0xBB4A, 0xBB4A, 0xBB4A, 0xBB4A, 0xBB4A, 0xBB4A, 0xBB4A, 0xBB4A, 0xBB4A, 0xBB4A,
  0xBB4A, 0xBB4A, 0xBB4A, 0xBB4A, 0xBB4A, 0xBB4A, 0xBB4A, 0xBB4A, 0xBB4A, 0xBB4A,
  0xBB4A, 0xBB4A, 0xCB6A, 0xBB4A, 0xF81F, 0xF81F, 0xF81F, 0xF81F, 0xF81F, 0xF81F,
  0xF81F, 0xF81F, 0xF81F, 0xF81F, 0xF81F, 0xF81F, 0xC32A, 0xC36A, 0xC34A, 0xBB4A,
  0xBB4A, 0xBB4A, 0xBB4A, 0xBB4A, 0xBB4A, 0xBB4A, 0xBB4A, 0xBB4A, 0xBB4A, 0xBB4A,
  0xBB4A, 0xBB4A, 0xBB4A, 0xBB4A, 0xBB4A, 0xBB4A, 0xBB4A, 0xBB4A, 0xBB4A, 0xBB4A,
  0xBB4A, 0xC34A, 0xC36A, 0xBB4A, 0xF81F, 0xF81F, 0xF81F, 0xF81F, 0xF81F, 0xF81F
};

static const uint16_t kEmoji_agent[1600] PROGMEM = {
  0xF81F, 0xF81F, 0xF81F, 0xF81F, 0xF81F, 0xF81F, 0xF81F, 0xF81F, 0xF81F, 0xF81F,
  0xF81F, 0xF81F, 0x638F, 0x6BD0, 0x63B0, 0x63AF, 0x63AF, 0x63AF, 0x63AF, 0x63B0,
  0x63AF, 0x638F, 0x63AF, 0x63AF, 0x6BB0, 0x63AF, 0x63AF, 0xF81F, 0xF81F, 0xF81F,
  0xF81F, 0xF81F, 0xF81F, 0xF81F, 0xF81F, 0xF81F, 0xF81F, 0xF81F, 0xF81F, 0xF81F,
  0xF81F, 0xF81F, 0xF81F, 0xF81F, 0xF81F, 0xF81F, 0xF81F, 0xF81F, 0xF81F, 0xF81F,
  0xF81F, 0x63AF, 0x6BB0, 0x6BD0, 0x63AF, 0x63AF, 0x63B0, 0x6BD0, 0x6BD0, 0x6BD0,
  0x6BF0, 0x6BF0, 0x6BD0, 0x6BB0, 0x63AF, 0x63AF, 0x6BF0, 0x6BD0, 0xF81F, 0xF81F,
  0xF81F, 0xF81F, 0xF81F, 0xF81F, 0xF81F, 0xF81F, 0xF81F, 0xF81F, 0xF81F, 0xF81F,
  0xF81F, 0xF81F, 0xF81F, 0xF81F, 0xF81F, 0xF81F, 0xF81F, 0xF81F, 0xF81F, 0xF81F,
  0xF81F, 0x63AF, 0x6BD0, 0x63AF, 0x63AF, 0x63AF, 0x63AF, 0x63AF, 0x63AF, 0x63AF,
  0x63AF, 0x63AF, 0x63AF, 0x63AF, 0x63AF, 0x63AF, 0x63AF, 0x6BF1, 0x638F, 0xF81F,
  0xF81F, 0xF81F, 0xF81F, 0xF81F, 0xF81F, 0xF81F, 0xF81F, 0xF81F, 0xF81F, 0xF81F,
  0xF81F, 0xF81F, 0xF81F, 0xF81F, 0xF81F, 0xF81F, 0xF81F, 0xF81F, 0xF81F, 0xF81F,
  0x63AF, 0x6BF1, 0x638F, 0x63AF, 0x63AF, 0x63AF, 0x63AF, 0x63AF, 0x63AF, 0x63AF,
  0x63AF, 0x63AF, 0x63AF, 0x63AF, 0x63AF, 0x63AF, 0x63AF, 0x63AF, 0x6BF0, 0x63AF,
  0xF81F, 0xF81F, 0xF81F, 0xF81F, 0xF81F, 0xF81F, 0xF81F, 0xF81F, 0xF81F, 0xF81F,
  0xF81F, 0xF81F, 0xF81F, 0xF81F, 0xF81F, 0xF81F, 0xF81F, 0xF81F, 0xF81F, 0xF81F,
  0x63AF, 0x6BB0, 0x63AF, 0x63AF, 0x63AF, 0x63AF, 0x63AF, 0x63AF, 0x63AF, 0x63AF,
  0x63AF, 0x63AF, 0x63AF, 0x63AF, 0x63AF, 0x63AF, 0x63AF, 0x63AF, 0x6BD0, 0x638F,
  0xF81F, 0xF81F, 0xF81F, 0xF81F, 0xF81F, 0xF81F, 0xF81F, 0xF81F, 0xF81F, 0xF81F,
  0xF81F, 0xF81F, 0xF81F, 0xF81F, 0xF81F, 0xF81F, 0xF81F, 0xF81F, 0xF81F, 0x638F,
  0x6BD0, 0x63AF, 0x63AF, 0x63AF, 0x63AF, 0x63AF, 0x63AF, 0x63AF, 0x63AF, 0x63AF,
  0x63AF, 0x63AF, 0x63AF, 0x63AF, 0x63AF, 0x63AF, 0x63AF, 0x63AF, 0x63AF, 0x63B0,
  0x638F, 0xF81F, 0xF81F, 0xF81F, 0xF81F, 0xF81F, 0xF81F, 0xF81F, 0xF81F, 0xF81F,
  0xF81F, 0xF81F, 0xF81F, 0xF81F, 0xF81F, 0xF81F, 0xF81F, 0xF81F, 0xF81F, 0x6BB0,
  0x6BF0, 0x638F, 0x63AF, 0x63AF, 0x63AF, 0x63AF, 0x63AF, 0x63AF, 0x63AF, 0x63AF,
  0x63AF, 0x63AF, 0x63AF, 0x63AF, 0x63AF, 0x63AF, 0x63AF, 0x63AF, 0x63B0, 0x7411,
  0x6BD0, 0xF81F, 0xF81F, 0xF81F, 0xF81F, 0xF81F, 0xF81F, 0xF81F, 0xF81F, 0xF81F,
  0xF81F, 0xF81F, 0xF81F, 0xF81F, 0xF81F, 0xF81F, 0xF81F, 0xF81F, 0xF81F, 0x5B4E,
  0x6BB0, 0x6BD0, 0x6BD0, 0x6BD0, 0x6BB0, 0x63B0, 0x63B0, 0x63B0, 0x63B0, 0x63B0,
  0x63B0, 0x63B0, 0x6BB0, 0x6BB0, 0x6BD0, 0x6BD0, 0x6BD0, 0x6BD0, 0x636F, 0x530D,
  0x4249, 0xF81F, 0xF81F, 0xF81F, 0xF81F, 0xF81F, 0xF81F, 0xF81F, 0xF81F, 0xF81F,
  0xF81F, 0xF81F, 0xF81F, 0xF81F, 0xF81F, 0xF81F, 0xF81F, 0xF81F, 0x31E8, 0x31A7,
  0x31E8, 0x426A, 0x52EC, 0x5B4E, 0x5B6E, 0x638F, 0x638F, 0x638F, 0x638F, 0x638F,
  0x638F, 0x638F, 0x636E, 0x5B6E, 0x5B2D, 0x52EC, 0x426A, 0x3A09, 0x31A7, 0x2165,
  0x2966, 0x2166, 0xF81F, 0xF81F, 0xF81F, 0xF81F, 0xF81F, 0xF81F, 0xF81F, 0xF81F,
  0xF81F, 0xF81F, 0xF81F, 0xF81F, 0xF81F, 0x63AF, 0x63AF, 0x6BF1, 0x426A, 0x2166,
  0x2166, 0x2145, 0x2166, 0x2966, 0x2966, 0x29A7, 0x29A7, 0x29A7, 0x29A7, 0x29A7,
  0x29A7, 0x31A7, 0x2986, 0x2966, 0x2966, 0x2166, 0x2145, 0x2145, 0x2966, 0x2986,
  0x2966, 0x426A, 0x6BD0, 0x63AF, 0x63B0, 0xF81F, 0xF81F, 0xF81F, 0xF81F, 0xF81F,
  0xF81F, 0xF81F, 0xF81F, 0x6390, 0x6BB0, 0x63B0, 0x6BD0, 0x7411, 0x4ACB, 0x2145,
  0x2966, 0x2986, 0x2986, 0x2986, 0x2986, 0x2966, 0x2966, 0x2966, 0x2966, 0x2966,
  0x2966, 0x2966, 0x2966, 0x2986, 0x2986, 0x2986, 0x2966, 0x2966, 0x2165, 0x2165,
  0x2986, 0x5B4E, 0x7411, 0x6BF0, 0x6BD0, 0x63AF, 0xF81F, 0xF81F, 0xF81F, 0xF81F,
  0xF81F, 0xF81F, 0xF81F, 0x638F, 0x7411, 0x63AF, 0x63AF, 0x63B0, 0x638F, 0x428A,
  0x31E8, 0x2986, 0x2145, 0x2145, 0x2145, 0x2165, 0x2165, 0x2165, 0x2165, 0x2165,
  0x2165, 0x2166, 0x2165, 0x2145, 0x2145, 0x2166, 0x2986, 0x31C8, 0x3A29, 0x4AAB,
  0x5B6E, 0x63B0, 0x63AF, 0x63AF, 0x6BB0, 0x63AF, 0xF81F, 0xF81F, 0xF81F, 0xF81F,
  0xF81F, 0xF81F, 0xF81F, 0x63AF, 0x6BD0, 0x6BB0, 0x63AF, 0x63AF, 0x63B0, 0x6BD0,
  0x63AF, 0x5B4E, 0x530D, 0x4ACC, 0x4A8B, 0x426A, 0x3A49, 0x3A49, 0x3A49, 0x3A49,
  0x3A49, 0x426A, 0x4A8B, 0x4AAB, 0x52EC, 0x5B2D, 0x5B4E, 0x638F, 0x6BD0, 0x6BD0,
  0x63B0, 0x63AF, 0x63AF, 0x63AF, 0x6BF1, 0x63AF, 0xF81F, 0xF81F, 0xF81F, 0xF81F,
  0xF81F, 0xF81F, 0xF81F, 0xF81F, 0x638F, 0x63B0, 0x6BF0, 0x63B0, 0x63AF, 0x638F,
  0x63AF, 0x6BD0, 0x6BD0, 0x6BD0, 0x6BD0, 0x6BD0, 0x6BD0, 0x6BD0, 0x6BD0, 0x6BD0,
  0x6BD0, 0x6BD0, 0x6BD0, 0x6BD0, 0x6BD0, 0x6BD0, 0x6BB0, 0x63B0, 0x63AF, 0x638F,
  0x63AF, 0x63AF, 0x63B0, 0x6BF0, 0x63B0, 0xF81F, 0xF81F, 0xF81F, 0xF81F, 0xF81F,
  0xF81F, 0xF81F, 0xF81F, 0xF81F, 0xF81F, 0xF81F, 0x63AF, 0x6BAF, 0x6BCF, 0x6BD0,
  0x6BD0, 0x63AF, 0x63AF, 0x63AF, 0x638F, 0x638F, 0x638F, 0x638F, 0x638F, 0x63AF,
  0x63AF, 0x638F, 0x638F, 0x638F, 0x638F, 0x63AF, 0x63AF, 0x63AF, 0x6BB0, 0x6BD0,
  0x6BD0, 0x6BCF, 0x73EF, 0x63AF, 0xF81F, 0xF81F, 0xF81F, 0xF81F, 0xF81F, 0xF81F,
  0xF81F, 0xF81F, 0xF81F, 0xF81F, 0xF81F, 0xF81F, 0xF81F, 0xFDA6, 0x8348, 0x3A6B,
  0x5B2D, 0x638F, 0x6BB0, 0x6BB0, 0x6BD0, 0x6BD0, 0x6BD0, 0x6BD0, 0x6BD0, 0x6BD0,
  0x6BD0, 0x6BD0, 0x6BD0, 0x6BD0, 0x6BD0, 0x6BD0, 0x63B0, 0x63AF, 0x5B4E, 0x530C,
  0x322A, 0x8368, 0xFDA6, 0xF81F, 0xF81F, 0xF81F, 0xF81F, 0xF81F, 0xF81F, 0xF81F,
  0xF81F, 0xF81F, 0xF81F, 0xF81F, 0xF81F, 0xF81F, 0xF81F, 0xFEC5, 0xA3A6, 0x1925,
  0x2966, 0x29A7, 0x31E8, 0x3A49, 0x4A8B, 0x4ACC, 0x52EC, 0x52EC, 0x4AEC, 0x5B0D,
  0x5B0D, 0x4AEC, 0x52EC, 0x4AAB, 0x428B, 0x424A, 0x3A08, 0x31C7, 0x2986, 0x2966,
  0x1905, 0xA3A6, 0xFDE6, 0xF81F, 0xF81F, 0xF81F, 0xF81F, 0xF81F, 0xF81F, 0xF81F,
  0xF81F, 0xF81F, 0xF81F, 0xF81F, 0xF81F, 0xF81F, 0xF81F, 0xF81F, 0xFDA6, 0x8B66,
  0x1946, 0x2966, 0x2166, 0x2145, 0x2145, 0x2145, 0x2145, 0x2125, 0x3186, 0xCD89,
  0xD5CA, 0x31A6, 0x2125, 0x2145, 0x2145, 0x2145, 0x2166, 0x2166, 0x2966, 0x1946,
  0x8326, 0xFDE6, 0xFD46, 0xF81F, 0xF81F, 0xF81F, 0xF81F, 0xF81F, 0xF81F, 0xF81F,
  0xF81F, 0xF81F, 0xF81F, 0xF81F, 0xF81F, 0xF81F, 0xF81F, 0xF81F, 0xFD86, 0xD4A6,
  0x2146, 0x2966, 0x2986, 0x2986, 0x2986, 0x2986, 0x2986, 0x2146, 0x5AC8, 0xFF2C,
  0xFF2C, 0x6B07, 0x2146, 0x2986, 0x2986, 0x2986, 0x2986, 0x2966, 0x2966, 0x2166,
  0xC466, 0xFDC6, 0xF526, 0xF81F, 0xF81F, 0xF81F, 0xF81F, 0xF81F, 0xF81F, 0xF81F,
  0xF81F, 0xF81F, 0xF81F, 0xF81F, 0xF81F, 0xF81F, 0xF81F, 0xF81F, 0xFD66, 0xFD66,
  0x31A6, 0x2166, 0x2966, 0x2966, 0x2966, 0x2966, 0x2986, 0x1926, 0x9429, 0xFF0B,
  0xFF0B, 0x9C49, 0x1906, 0x2986, 0x2966, 0x2966, 0x2966, 0x2966, 0x2966, 0x31A6,
  0xED06, 0xFD86, 0xFD46, 0xF81F, 0xF81F, 0xF81F, 0xF81F, 0xF81F, 0xF81F, 0xF81F,
  0xF81F, 0xF81F, 0xF81F, 0xF81F, 0xF81F, 0xF81F, 0xF81F, 0xF81F, 0xFD26, 0xFDA6,
  0x6AA6, 0x1106, 0x2986, 0x2986, 0x2986, 0x2986, 0x2146, 0x2986, 0xDE0A, 0xFEEB,
  0xFEEB, 0xDE0B, 0x29A6, 0x2146, 0x2986, 0x2986, 0x2986, 0x2986, 0x1106, 0x6AA6,
  0xFDA6, 0xFD46, 0xF81F, 0xF81F, 0xF81F, 0xF81F, 0xF81F, 0xF81F, 0xF81F, 0xF81F,
  0xF81F, 0xF81F, 0xF81F, 0xF81F, 0xF81F, 0xF81F, 0xF81F, 0xF81F, 0xFDC5, 0xFDA6,
  0xD528, 0x4227, 0x1926, 0x1926, 0x1926, 0x2146, 0x39E6, 0xB4C9, 0xFF4B, 0xFF0B,
  0xFF0B, 0xFF4B, 0xB50A, 0x39E6, 0x2146, 0x1926, 0x1926, 0x2126, 0x3A07, 0xCD08,
  0xFDE6, 0xFD66, 0xF81F, 0xF81F, 0xF81F, 0xF81F, 0xF81F, 0xF81F, 0xF81F, 0xF81F,
  0xF81F, 0xF81F, 0xF81F, 0xF81F, 0xF81F, 0xF81F, 0xF81F, 0xF81F, 0x7309, 0xFD26,
  0xFECA, 0xEE6B, 0xCD8A, 0xC54A, 0xCD8A, 0xD5AA, 0xEE4B, 0xFF2B, 0xF60B, 0xE56B,
  0xE56B, 0xF60B, 0xFF2B, 0xEE6B, 0xD5AA, 0xCDAA, 0xC56A, 0xCDAA, 0xEE8B, 0xFE8A,
  0xFD86, 0xBC47, 0xF81F, 0xF81F, 0xF81F, 0xF81F, 0xF81F, 0xF81F, 0xF81F, 0xF81F,
  0xF81F, 0xF81F, 0xF81F, 0xF81F, 0xF81F, 0xF81F, 0xF81F, 0x638E, 0x3A4A, 0x9366,
  0xEE08, 0xFF0B, 0xFF6B, 0xFF6B, 0xFF4B, 0xFF4B, 0xFEEB, 0xFF2B, 0xDCAA, 0xC349,
  0xC349, 0xDCAA, 0xFF2B, 0xFEEB, 0xFF4B, 0xFF4B, 0xFF4B, 0xFF6B, 0xFF2B, 0xEDC8,
  0xB407, 0x428B, 0x5B8F, 0xF81F, 0xF81F, 0xF81F, 0xF81F, 0xF81F, 0xF81F, 0xF81F,
  0xF81F, 0xF81F, 0xF81F, 0xF81F, 0xF81F, 0xF81F, 0xF81F, 0x6BAF, 0x6BD0, 0x530D,
  0x6B6C, 0x8C4C, 0xA4AC, 0xC56B, 0xD5CB, 0xE62B, 0xFECC, 0xF6AB, 0xEE6A, 0xF64B,
  0xF66B, 0xF68B, 0xF6AB, 0xF6AB, 0xE62B, 0xDDEB, 0xC56B, 0xAD0C, 0x946D, 0x6B8C,
  0x532E, 0x6BD0, 0x638F, 0xF81F, 0xF81F, 0xF81F, 0xF81F, 0xF81F, 0xF81F, 0xF81F,
  0xF81F, 0xF81F, 0xF81F, 0xF81F, 0xF81F, 0xF81F, 0xF81F, 0x6B8F, 0x63AF, 0x6BD0,
  0x63B0, 0x5B70, 0x5B4F, 0x638F, 0x638F, 0x6BCF, 0x638E, 0x4A8A, 0x5B0C, 0x73CE,
  0x73EE, 0x6BAF, 0x6BCF, 0x6BCF, 0x6BAF, 0x63AF, 0x638F, 0x5B6F, 0x5B70, 0x63B0,
  0x6BD0, 0x63AF, 0xF81F, 0xF81F, 0xF81F, 0xF81F, 0xF81F, 0xF81F, 0xF81F, 0xF81F,
  0xF81F, 0xF81F, 0xF81F, 0xF81F, 0xF81F, 0xF81F, 0xF81F, 0xF81F, 0x63AF, 0x6BD0,
  0x638F, 0x6BAF, 0x6BAF, 0x63B0, 0x63AF, 0x6BB0, 0x532E, 0x31C8, 0x638F, 0x63B0,
  0x6390, 0x63B0, 0x638F, 0x6390, 0x63B0, 0x63B0, 0x63B0, 0x6BAF, 0x6BAF, 0x63AF,
  0x6BD0, 0x63AF, 0xF81F, 0xF81F, 0xF81F, 0xF81F, 0xF81F, 0xF81F, 0xF81F, 0xF81F,
  0xF81F, 0xF81F, 0xF81F, 0xF81F, 0xF81F, 0xF81F, 0xF81F, 0xF81F, 0x63AF, 0x6BF0,
  0x63AF, 0x63AF, 0x63AF, 0x63AF, 0x63AF, 0x63AF, 0x6BD0, 0x530D, 0x3A08, 0x638F,
  0x6BD0, 0x63AF, 0x63AF, 0x63AF, 0x63AF, 0x63AF, 0x63AF, 0x63AF, 0x63AF, 0x63AF,
  0x6BD0, 0x63AF, 0xF81F, 0xF81F, 0xF81F, 0xF81F, 0xF81F, 0xF81F, 0xF81F, 0xF81F,
  0xF81F, 0xF81F, 0xF81F, 0xF81F, 0xF81F, 0xF81F, 0xF81F, 0xF81F, 0x63B0, 0x6BD0,
  0x63AF, 0x63AF, 0x63AF, 0x63AF, 0x63AF, 0x63AF, 0x63AF, 0x6BD0, 0x530D, 0x3A08,
  0x638F, 0x6BB0, 0x63AF, 0x63AF, 0x63AF, 0x63AF, 0x63AF, 0x63AF, 0x63AF, 0x63AF,
  0x6BB0, 0x6BAF, 0xF81F, 0xF81F, 0xF81F, 0xF81F, 0xF81F, 0xF81F, 0xF81F, 0xF81F,
  0xF81F, 0xF81F, 0xF81F, 0xF81F, 0xF81F, 0xF81F, 0xF81F, 0xF81F, 0xF81F, 0x63AF,
  0x6BB0, 0x63AF, 0x63AF, 0x63AF, 0x63AF, 0x63AF, 0x63AF, 0x638F, 0x6BD0, 0x52EC,
  0x3A29, 0x63AF, 0x63AF, 0x63AF, 0x63AF, 0x63AF, 0x63AF, 0x63AF, 0x63AF, 0x6BD0,
  0x63AF, 0xF81F, 0xF81F, 0xF81F, 0xF81F, 0xF81F, 0xF81F, 0xF81F, 0xF81F, 0xF81F,
  0xF81F, 0xF81F, 0xF81F, 0xF81F, 0xF81F, 0xF81F, 0xF81F, 0xF81F, 0xF81F, 0x63B0,
  0x6BF0, 0x63AF, 0x63AF, 0x63AF, 0x63AF, 0x63AF, 0x63AF, 0x6BB0, 0x6BD0, 0x5B6E,
  0x31E8, 0x5B4E, 0x6BD0, 0x63AF, 0x63AF, 0x63AF, 0x63AF, 0x63AF, 0x63AF, 0x6BF1,
  0x638F, 0xF81F, 0xF81F, 0xF81F, 0xF81F, 0xF81F, 0xF81F, 0xF81F, 0xF81F, 0xF81F,
  0xF81F, 0xF81F, 0xF81F, 0xF81F, 0xF81F, 0xF81F, 0xF81F, 0xF81F, 0xF81F, 0x63B0,
  0x6BD0, 0x63B0, 0x63AF, 0x63AF, 0x63AF, 0x63B0, 0x6BB0, 0x5B4E, 0x4ACC, 0x4ACB,
  0x636E, 0x63B0, 0x63AF, 0x63AF, 0x63AF, 0x63AF, 0x63AF, 0x63AF, 0x63AF, 0x63B0,
  0x638F, 0xF81F, 0xF81F, 0xF81F, 0xF81F, 0xF81F, 0xF81F, 0xF81F, 0xF81F, 0xF81F,
  0xF81F, 0xF81F, 0xF81F, 0xF81F, 0xF81F, 0xF81F, 0xF81F, 0x63B0, 0x63AF, 0x63B0,
  0x63AF, 0x63AF, 0x63AF, 0x63AF, 0x63AF, 0x638F, 0x4AAB, 0x4AAB, 0x5B4E, 0x6BD0,
  0x63B0, 0x63AF, 0x63AF, 0x63AF, 0x63AF, 0x63AF, 0x63AF, 0x63AF, 0x63AF, 0x63AF,
  0x63AF, 0x63AF, 0x63B0, 0xF81F, 0xF81F, 0xF81F, 0xF81F, 0xF81F, 0xF81F, 0xF81F,
  0xF81F, 0xF81F, 0xF81F, 0xF81F, 0xF81F, 0x638F, 0x63B0, 0x6BF0, 0x6BD0, 0x6BD0,
  0x63AF, 0x63AF, 0x63AF, 0x63AF, 0x6BD0, 0x426A, 0x3A29, 0x6BF0, 0x63B0, 0x63AF,
  0x63AF, 0x63AF, 0x63AF, 0x63AF, 0x63AF, 0x63AF, 0x63AF, 0x63AF, 0x63AF, 0x63AF,
  0x6BD0, 0x6BD0, 0x6BF0, 0x63B0, 0x638F, 0xF81F, 0xF81F, 0xF81F, 0xF81F, 0xF81F,
  0xF81F, 0xF81F, 0xF81F, 0xF81F, 0x63AF, 0x63B0, 0x6BD0, 0x63AF, 0x63AF, 0x63AF,
  0x63AF, 0x63AF, 0x63AF, 0x63AF, 0x6BD0, 0x4A8B, 0x3A49, 0x6BD0, 0x638F, 0x63AF,
  0x63AF, 0x63AF, 0x63AF, 0x63AF, 0x63AF, 0x63AF, 0x63AF, 0x63AF, 0x63AF, 0x63AF,
  0x63AF, 0x63AF, 0x63AF, 0x6BD0, 0x63B0, 0x63AF, 0xF81F, 0xF81F, 0xF81F, 0xF81F,
  0xF81F, 0xF81F, 0xF81F, 0xF81F, 0x63AF, 0x6BD0, 0x63AF, 0x63AF, 0x63AF, 0x63AF,
  0x63AF, 0x63AF, 0x63AF, 0x63AF, 0x6BD0, 0x52EC, 0x3A08, 0x6BB0, 0x63AF, 0x63AF,
  0x63AF, 0x63AF, 0x63AF, 0x63AF, 0x63AF, 0x63AF, 0x63AF, 0x63AF, 0x63AF, 0x63AF,
  0x63AF, 0x63AF, 0x63AF, 0x63AF, 0x6BD0, 0x63AF, 0xF81F, 0xF81F, 0xF81F, 0xF81F,
  0xF81F, 0xF81F, 0xF81F, 0x638F, 0x6BD0, 0x63AF, 0x63AF, 0x63AF, 0x63AF, 0x63AF,
  0x63AF, 0x63AF, 0x63AF, 0x63AF, 0x6BB0, 0x636E, 0x31E8, 0x5B6E, 0x63B0, 0x63AF,
  0x63AF, 0x63AF, 0x63AF, 0x63AF, 0x63AF, 0x63AF, 0x63AF, 0x63AF, 0x63AF, 0x63AF,
  0x63AF, 0x63AF, 0x63AF, 0x63AF, 0x63AF, 0x6BD0, 0x638F, 0xF81F, 0xF81F, 0xF81F,
  0xF81F, 0xF81F, 0xF81F, 0x63AF, 0x6BD0, 0x63AF, 0x63AF, 0x63AF, 0x63AF, 0x63AF,
  0x63AF, 0x63AF, 0x63AF, 0x63AF, 0x63AF, 0x6BB0, 0x31E8, 0x530D, 0x6BD0, 0x63AF,
  0x63AF, 0x63AF, 0x63AF, 0x63AF, 0x63AF, 0x63AF, 0x63AF, 0x63AF, 0x63AF, 0x63AF,
  0x63AF, 0x63AF, 0x63AF, 0x63AF, 0x63AF, 0x6BD0, 0x63AF, 0xF81F, 0xF81F, 0xF81F,
  0xF81F, 0xF81F, 0xF81F, 0x63AF, 0x6BF1, 0x63AF, 0x63AF, 0x63AF, 0x63AF, 0x63AF,
  0x63AF, 0x63AF, 0x63AF, 0x63AF, 0x63AF, 0x6BD0, 0x426A, 0x428A, 0x6BD0, 0x63AF,
  0x63AF, 0x63AF, 0x63AF, 0x63AF, 0x63AF, 0x63AF, 0x63AF, 0x63AF, 0x63AF, 0x63AF,
  0x63AF, 0x63AF, 0x63AF, 0x63AF, 0x63AF, 0x6BF1, 0x63AF, 0xF81F, 0xF81F, 0xF81F,
  0xF81F, 0xF81F, 0xF81F, 0x63AF, 0x6BF1, 0x63AF, 0x63AF, 0x63AF, 0x63AF, 0x63AF,
  0x63AF, 0x63AF, 0x63AF, 0x63AF, 0x63AF, 0x6BD0, 0x52EC, 0x31E8, 0x6BD0, 0x63AF,
  0x63AF, 0x63AF, 0x63AF, 0x63AF, 0x63AF, 0x63AF, 0x63AF, 0x63AF, 0x63AF, 0x63AF,
  0x63AF, 0x63AF, 0x63AF, 0x63AF, 0x63AF, 0x6BF1, 0x63AF, 0xF81F, 0xF81F, 0xF81F
};

static const uint16_t kEmoji_stream[1600] PROGMEM = {
  0xF81F, 0xF81F, 0xF81F, 0xF81F, 0xF81F, 0xF81F, 0xF81F, 0xF81F, 0xF81F, 0xF81F,
  0xF81F, 0xF81F, 0xF81F, 0xF81F, 0xF81F, 0xF81F, 0xF81F, 0xF81F, 0xF81F, 0xF81F,
  0xF81F, 0xF81F, 0xF81F, 0xF81F, 0xFD26, 0xFD46, 0xFD46, 0xFD45, 0xF81F, 0xF81F,
  0xF81F, 0xF81F, 0xF81F, 0xF81F, 0xF81F, 0xF81F, 0xF81F, 0xF81F, 0xF81F, 0xF81F,
  0xF81F, 0xF81F, 0xF81F, 0xF81F, 0xF81F, 0xF81F, 0xF81F, 0xF81F, 0xF81F, 0xF81F,
  0xF81F, 0xF81F, 0xF81F, 0xF81F, 0xF81F, 0xF81F, 0xF81F, 0xF81F, 0xF81F, 0xF81F,
  0xF81F, 0xF81F, 0xF81F, 0xFD46, 0xFD86, 0xFD46, 0xFD66, 0xFD66, 0xFD66, 0xFD66,
  0xFD46, 0xF81F, 0xF81F, 0xF81F, 0xF81F, 0xF81F, 0xF81F, 0xF81F, 0xF81F, 0xF81F,
  0xF81F, 0xF81F, 0xF81F, 0xF81F, 0xF81F, 0xF81F, 0xF81F, 0xF81F, 0xF81F, 0xF81F,
  0xF81F, 0xF81F, 0xF81F, 0xF81F, 0xF81F, 0xF81F, 0xF81F, 0xF81F, 0xF81F, 0xF81F,
  0xF81F, 0xF81F, 0xF81F, 0xFD46, 0xFDC6, 0xFD66, 0xFD66, 0xFDC6, 0xFDC7, 0xFDC6,
  0xFD86, 0xFD46, 0xF81F, 0xF81F, 0xF81F, 0xF81F, 0xF81F, 0xF81F, 0xF81F, 0xF81F,
  0xF81F, 0xF81F, 0xF81F, 0xF81F, 0xF81F, 0xF81F, 0xF81F, 0xF81F, 0xF81F, 0xF81F,
  0xF81F, 0xF81F, 0xF81F, 0xF81F, 0xF81F, 0xF81F, 0xF81F, 0xF81F, 0xF81F, 0xF81F,
  0xF81F, 0xF81F, 0xF81F, 0xF81F, 0xFD46, 0xFD66, 0xFD66, 0xFD46, 0xFD66, 0xFD66,
  0xFDA6, 0xFDA6, 0xFD66, 0xF81F, 0xF81F, 0xF81F, 0xF81F, 0xF81F, 0xF81F, 0xF81F,
  0xF81F, 0xF81F, 0xF81F, 0xF81F, 0xF81F, 0xF81F, 0xF81F, 0xF81F, 0x63D0, 0x63AF,
  0x63AF, 0x63AF, 0x6BB0, 0xF81F, 0xF81F, 0xF81F, 0xF81F, 0xF81F, 0xF81F, 0xF81F,
  0xF81F, 0xF81F, 0xF81F, 0xF81F, 0xF81F, 0xF81F, 0xF81F, 0xF81F, 0xF81F, 0xFD66,
  0xFD66, 0xFD86, 0xFDA6, 0xFD66, 0xF81F, 0xF81F, 0xF81F, 0xF81F, 0xF81F, 0xF81F,
  0xF81F, 0xF81F, 0xF81F, 0xF81F, 0xF81F, 0xF81F, 0x636F, 0x6BD0, 0x6BD0, 0x6BD0,
  0x6BD0, 0x6BD0, 0x63AF, 0x63B0, 0x63AF, 0xF81F, 0xF81F, 0xF81F, 0xF81F, 0xF81F,
  0xF81F, 0xF81F, 0xF81F, 0xFD46, 0xFD66, 0xFD46, 0xFD86, 0xFD66, 0xF81F, 0xF81F,
  0xF81F, 0xFD66, 0xFD86, 0xFDA6, 0xFD46, 0xF81F, 0xF81F, 0xF81F, 0xF81F, 0xF81F,
  0xF81F, 0xF81F, 0xF81F, 0xF81F, 0xF81F, 0x9D77, 0x6BF1, 0x6BD0, 0x63AF, 0x63AF,
  0x63AF, 0x63AF, 0x63B0, 0x6BD0, 0x6BF0, 0x63AF, 0x638F, 0xF81F, 0xF81F, 0xF81F,
  0xF81F, 0xF81F, 0xF81F, 0xFD46, 0xFE07, 0xFDC6, 0xFDE7, 0xFD66, 0xFD86, 0xFD46,
  0xF81F, 0xF81F, 0xFD66, 0xFD86, 0xFDA6, 0xFD66, 0xF81F, 0xF81F, 0xF81F, 0xF81F,
  0xF81F, 0xF81F, 0xF81F, 0xF81F, 0xF81F, 0x9D35, 0x6BF1, 0x63AF, 0x63AF, 0x63AF,
  0x63AF, 0x63AF, 0x63AF, 0x63AF, 0x63AF, 0x6BD0, 0x6BF0, 0x63AF, 0x63AF, 0xF81F,
  0xF81F, 0xF81F, 0xF81F, 0xFD46, 0xFD66, 0xFD66, 0xFD66, 0xFDA6, 0xFDA6, 0xFD66,
  0xFD46, 0xF81F, 0xF81F, 0xFD66, 0xFDC6, 0xFD46, 0xF81F, 0xF81F, 0xF81F, 0xF81F,
  0xF81F, 0xF81F, 0xF81F, 0xF81F, 0xEF7F, 0xA597, 0x5B4E, 0x6BB0, 0x63AF, 0x63AF,
  0x63AF, 0x63AF, 0x63AF, 0x63AF, 0x63AF, 0x63AF, 0x63AF, 0x6BD0, 0x6BD0, 0x6BB0,
  0xF81F, 0xF81F, 0xF81F, 0xF81F, 0xF81F, 0xF81F, 0xF81F, 0xFD66, 0xFD66, 0xFDA6,
  0xFD46, 0xFD25, 0xF81F, 0xFD46, 0xFD86, 0xFD86, 0xFD66, 0xF81F, 0xF81F, 0xF81F,
  0xF81F, 0xF81F, 0xF81F, 0xF81F, 0xD6FC, 0xADB7, 0x5B4E, 0x6BB0, 0x63AF, 0x63AF,
  0x63AF, 0x63AF, 0x63AF, 0x63AF, 0x63AF, 0x63AF, 0x63AF, 0x63AF, 0x63AF, 0x6BF0,
  0x6BB0, 0x63AF, 0xF81F, 0xF81F, 0xF81F, 0xF81F, 0xF81F, 0xF81F, 0xFD66, 0xFD66,
  0xFDC6, 0xFD46, 0xF81F, 0xF81F, 0xFD46, 0xFDE7, 0xFD46, 0xF81F, 0xF81F, 0xF81F,
  0xF81F, 0xF81F, 0xF81F, 0xC65A, 0xD6FC, 0xADB8, 0x638F, 0x63B0, 0x63AF, 0x63AF,
  0x63AF, 0x63AF, 0x63AF, 0x63AF, 0x63AF, 0x63AF, 0x63AF, 0x63AF, 0x63AF, 0x63AF,
  0x6BD0, 0x63B0, 0x6BD0, 0xD6FC, 0xCEBB, 0xD6FC, 0xD6BB, 0xF81F, 0xF81F, 0xFD46,
  0xFDA6, 0xFD66, 0xFD66, 0xF81F, 0xFD66, 0xFE07, 0xFD46, 0xF81F, 0xF81F, 0xF81F,
  0xF81F, 0xF81F, 0xF81F, 0xCEBB, 0xD71D, 0xBE39, 0x6BD0, 0x63AF, 0x63AF, 0x63AF,
  0x63AF, 0x63AF, 0x63AF, 0x63AF, 0x63AF, 0x63AF, 0x63AF, 0x63AF, 0x63AF, 0x63AF,
  0x63B0, 0x638F, 0xA597, 0xDF3D, 0xD6FC, 0xDF5E, 0xCEBB, 0xF81F, 0xF81F, 0xFD67,
  0xFD46, 0xFDA6, 0xFD66, 0xF81F, 0xFD46, 0xFE07, 0xFD66, 0xF81F, 0xF81F, 0xF81F,
  0xF81F, 0xF81F, 0xF81F, 0xCEBB, 0xD71D, 0xCEDB, 0x7C72, 0x638F, 0x63B0, 0x63AF,
  0x63AF, 0x63AF, 0x63AF, 0x63AF, 0x63AF, 0x63AF, 0x63AF, 0x63AF, 0x63AF, 0x63AF,
  0x63AF, 0x63AF, 0xBE5A, 0xD6DB, 0xCEBB, 0xCEBB, 0xDF3D, 0xCEBB, 0xF81F, 0xF81F,
  0xFD66, 0xFDC6, 0xFD46, 0xF81F, 0xFD46, 0xFE27, 0xFD46, 0xF81F, 0xF81F, 0xF81F,
  0xF81F, 0xF81F, 0xF81F, 0xCEBB, 0xDF1D, 0xD6FC, 0xA576, 0x636F, 0x6BB0, 0x63AF,
  0x63AF, 0x63AF, 0x63AF, 0x63AF, 0x63AF, 0x63AF, 0x63AF, 0x63AF, 0x63AF, 0x6BB0,
  0x636F, 0x7432, 0xC69A, 0xCEBB, 0xCEBB, 0xCEBB, 0xD6FC, 0xCEBB, 0xF81F, 0xF81F,
  0xFD46, 0xFE67, 0xFD66, 0xF81F, 0xFD66, 0xFDA6, 0xFD66, 0xF81F, 0xF81F, 0xF81F,
  0xF81F, 0xF81F, 0xF81F, 0xCEBB, 0xD6FC, 0xCEBB, 0xC67A, 0x7411, 0x638F, 0x63AF,
  0x63AF, 0x63AF, 0x63AF, 0x63AF, 0x63AF, 0x63AF, 0x63AF, 0x63AF, 0x6BB0, 0x638F,
  0x7411, 0xC65A, 0xCEDB, 0xCEDB, 0xD6DC, 0xD71D, 0xB619, 0xF81F, 0xF81F, 0xF81F,
  0xFD46, 0xFDE6, 0xFD66, 0xF81F, 0xF81F, 0xF81F, 0xF81F, 0xF81F, 0xF81F, 0xF81F,
  0xF81F, 0xF81F, 0xF81F, 0xCEBB, 0xD71D, 0xCEBB, 0xD6FC, 0x9D56, 0x636F, 0x6BB0,
  0x63AF, 0x63AF, 0x63AF, 0x63AF, 0x63AF, 0x63AF, 0x63AF, 0x6BB0, 0x638F, 0x7411,
  0xC65A, 0xCEDC, 0xD6DC, 0xB619, 0x8CF4, 0x8493, 0x63B0, 0x638F, 0xF81F, 0xF81F,
  0xF81F, 0xF81F, 0xF81F, 0xF81F, 0xF81F, 0xF81F, 0xF81F, 0xF81F, 0xF81F, 0xF81F,
  0xF81F, 0xF81F, 0xF81F, 0xCEBB, 0xDF3D, 0xCEBB, 0xCEBB, 0xC69B, 0x7411, 0x638F,
  0x63B0, 0x63AF, 0x63AF, 0x63AF, 0x63AF, 0x63AF, 0x63B0, 0x638F, 0x7411, 0xC65A,
  0xCEDB, 0xD6DC, 0xB619, 0x6BD0, 0x5B6E, 0x638F, 0x6BD0, 0x6BB0, 0x63CF, 0xF81F,
  0xF81F, 0xF81F, 0xF81F, 0xF81F, 0xF81F, 0xF81F, 0xF81F, 0xF81F, 0xF81F, 0xF81F,
  0xF81F, 0xF81F, 0xF81F, 0xCEBB, 0xD71D, 0xCEBB, 0xCEBB, 0xD6DC, 0xADD8, 0x638F,
  0x63AF, 0x63AF, 0x63AF, 0x63AF, 0x63AF, 0x6BB0, 0x638F, 0x7411, 0xC65A, 0xCEDB,
  0xD6DC, 0xB619, 0x6BD0, 0x638F, 0x6BB0, 0x63B0, 0x63AF, 0x6BD0, 0x63AF, 0xF81F,
  0xF81F, 0xF81F, 0xF81F, 0xF81F, 0xF81F, 0xF81F, 0xF81F, 0xF81F, 0xF81F, 0xF81F,
  0xF81F, 0xF81F, 0xF81F, 0xCEBB, 0xD6FC, 0xCEBB, 0xCEBB, 0xCEBB, 0xD6DC, 0x8CD4,
  0x5B6F, 0x6BB0, 0x63AF, 0x63AF, 0x6BB0, 0x638F, 0x7411, 0xC65A, 0xCEDB, 0xD6DC,
  0xB619, 0x6BD0, 0x638F, 0x63B0, 0x63AF, 0x63AF, 0x63AF, 0x63AF, 0x6BF0, 0x63AF,
  0xF81F, 0xF81F, 0xF81F, 0xF81F, 0xF81F, 0xF81F, 0xF81F, 0xF81F, 0xF81F, 0xF81F,
  0xF81F, 0xF81F, 0xF81F, 0xF81F, 0xCEBB, 0xCEDB, 0xCEBB, 0xCEBB, 0xCEBB, 0xC69B,
  0x7411, 0x638F, 0x63B0, 0x63B0, 0x638F, 0x7411, 0xC65A, 0xCEDB, 0xD6DC, 0xB619,
  0x6BD0, 0x638F, 0x63B0, 0x63AF, 0x63AF, 0x63AF, 0x63AF, 0x63AF, 0x63B0, 0x63B0,
  0x63AF, 0xF81F, 0xF81F, 0xF81F, 0xF81F, 0xF81F, 0xF81F, 0xF81F, 0xF81F, 0xF81F,
  0xF81F, 0xF81F, 0xF81F, 0xF81F, 0xCEBB, 0xDF1D, 0xCEBB, 0xCEBB, 0xCEBB, 0xD6DC,
  0xBE39, 0x6BD0, 0x63AF, 0x63AF, 0x7411, 0xBE5A, 0xCEDB, 0xD6DC, 0xB619, 0x6BD0,
  0x638F, 0x6BB0, 0x63AF, 0x63AF, 0x63AF, 0x63AF, 0x63AF, 0x63AF, 0x63AF, 0x6BD0,
  0x63AF, 0xF81F, 0xF81F, 0xF81F, 0xF81F, 0xF81F, 0xF81F, 0xF81F, 0xF81F, 0xF81F,
  0xF81F, 0xF81F, 0xF81F, 0xF81F, 0xCE9B, 0xD6FC, 0xCEBB, 0xCEBB, 0xCEBB, 0xCEBB,
  0xD6FC, 0xADB7, 0x63AF, 0x5B6E, 0xA576, 0xDF1D, 0xD6DC, 0xB619, 0x6BD0, 0x638F,
  0x6BB0, 0x63AF, 0x63AF, 0x63AF, 0x63AF, 0x63AF, 0x63AF, 0x63AF, 0x63AF, 0x63B0,
  0x6BD0, 0x63AF, 0xF81F, 0xF81F, 0xF81F, 0xF81F, 0xF81F, 0xF81F, 0xF81F, 0xF81F,
  0xF81F, 0xF81F, 0xF81F, 0xF81F, 0xF81F, 0xCEBB, 0xD71C, 0xCEBB, 0xCEBB, 0xCEBB,
  0xCEBB, 0xD6FC, 0xA576, 0x5B4E, 0x8CB3, 0xCE9B, 0xB5F8, 0x6BD0, 0x638F, 0x63B0,
  0x63AF, 0x63AF, 0x63AF, 0x63AF, 0x63AF, 0x63AF, 0x63AF, 0x63AF, 0x63AF, 0x63AF,
  0x6BD0, 0x63AF, 0xF81F, 0xF81F, 0xF81F, 0xF81F, 0xF81F, 0xF81F, 0xF81F, 0xF81F,
  0xF81F, 0xF81F, 0xF81F, 0xF81F, 0xF81F, 0xCE9B, 0xD6DC, 0xCEBB, 0xCEBB, 0xCEBB,
  0xCEBB, 0xCEBB, 0xD6FC, 0xA576, 0x5B6F, 0x7411, 0x6BD0, 0x638F, 0x63B0, 0x63AF,
  0x63AF, 0x63AF, 0x63AF, 0x63AF, 0x63AF, 0x63AF, 0x63AF, 0x63AF, 0x63AF, 0x63AF,
  0x63B0, 0x63B0, 0x63AF, 0xF81F, 0xF81F, 0xF81F, 0xF81F, 0xF81F, 0xF81F, 0xF81F,
  0xF81F, 0xF81F, 0xF81F, 0xF81F, 0xF81F, 0xF81F, 0xCEBB, 0xDF3D, 0xCEBB, 0xCEBB,
  0xCEBB, 0xCEBB, 0xCEBB, 0xD6FC, 0xA576, 0x636F, 0x63AF, 0x6BB0, 0x63AF, 0x63AF,
  0x63AF, 0x63AF, 0x63AF, 0x63AF, 0x63AF, 0x63AF, 0x63AF, 0x63AF, 0x63AF, 0x63AF,
  0x63AF, 0x6BF0, 0x63AF, 0xF81F, 0xF81F, 0xF81F, 0xF81F, 0xF81F, 0xF81F, 0xF81F,
  0xF81F, 0xF81F, 0xF81F, 0xF81F, 0xF81F, 0xF81F, 0xF81F, 0xD6DC, 0xD6FC, 0xCEBB,
  0xCEBB, 0xCEBB, 0xCEBB, 0xCEBB, 0xD6DC, 0xA5B7, 0x63AF, 0x638F, 0x6BB0, 0x63AF,
  0x63AF, 0x63AF, 0x63AF, 0x63AF, 0x63AF, 0x63AF, 0x63AF, 0x63AF, 0x63AF, 0x63AF,
  0x63AF, 0x6BD0, 0x63B0, 0xF81F, 0xF81F, 0xF81F, 0xF81F, 0xF81F, 0xF81F, 0xF81F,
  0xF81F, 0xF81F, 0xF81F, 0xF81F, 0xF81F, 0xF81F, 0xF81F, 0xA597, 0xD6DC, 0xCEBB,
  0xCEBB, 0xCEBB, 0xCEBB, 0xCEBB, 0xCEBB, 0xD6DC, 0xB5F8, 0x6BF1, 0x638F, 0x63B0,
  0x63AF, 0x63AF, 0x63AF, 0x63AF, 0x63AF, 0x63AF, 0x63AF, 0x63AF, 0x63AF, 0x63AF,
  0x63AF, 0x6BD0, 0x63AF, 0xF81F, 0xF81F, 0xF81F, 0xF81F, 0xF81F, 0xF81F, 0xF81F,
  0xF81F, 0xF81F, 0xF81F, 0xF81F, 0xF81F, 0xF81F, 0x9D56, 0x9D77, 0xA597, 0xCEBB,
  0xCEBB, 0xCEBB, 0xCEBB, 0xCEBB, 0xCEBB, 0xCEBB, 0xD6DC, 0xC67A, 0x8473, 0x636F,
  0x63AF, 0x63B0, 0x63AF, 0x63AF, 0x63AF, 0x63AF, 0x63AF, 0x63AF, 0x63AF, 0x63AF,
  0x63AF, 0x6BD0, 0x63AF, 0xF81F, 0xF81F, 0xF81F, 0xF81F, 0xF81F, 0xF81F, 0xF81F,
  0xF81F, 0xF81F, 0xF81F, 0xF81F, 0xF81F, 0x9D56, 0x9D77, 0x9D77, 0x9536, 0xA5B7,
  0xCE9B, 0xCEDB, 0xCEBB, 0xCEBB, 0xCEBB, 0xCEBB, 0xCEBB, 0xCEDC, 0xCEBB, 0x9D56,
  0x6BD0, 0x636F, 0x63AF, 0x63B0, 0x63AF, 0x63AF, 0x63AF, 0x63AF, 0x63AF, 0x63AF,
  0x63AF, 0x6BD0, 0x63AF, 0xF81F, 0xF81F, 0xF81F, 0xF81F, 0xF81F, 0xF81F, 0xF81F,
  0xF81F, 0xF81F, 0xF81F, 0xF81F, 0xF81F, 0x9D56, 0x9D97, 0x9D56, 0x9D56, 0x9536,
  0xA597, 0xC69A, 0xCEDC, 0xCEBB, 0xCEBB, 0xCEBB, 0xCEBB, 0xCEBB, 0xCEBB, 0xD6FC,
  0xBE39, 0x84B3, 0x63AF, 0x636F, 0x63AF, 0x63B0, 0x63B0, 0x63B0, 0x63B0, 0x63B0,
  0x63AF, 0x6BF1, 0x63AF, 0xF81F, 0xF81F, 0xF81F, 0xF81F, 0xF81F, 0xF81F, 0xF81F,
  0xF81F, 0xF81F, 0xF81F, 0xF81F, 0x9556, 0xA597, 0x9D56, 0x9D56, 0x9D56, 0x9D56,
  0x9556, 0x9D77, 0xBE5A, 0xCEDC, 0xCEBB, 0xCEBB, 0xCEBB, 0xCEBB, 0xCEBB, 0xCEBB,
  0xCEDC, 0xD6DC, 0xB5F8, 0x8CB4, 0x6BD0, 0x638F, 0x636F, 0x638F, 0x638F, 0x636F,
  0x6BD0, 0x6BD0, 0x73CF, 0xF81F, 0xF81F, 0xF81F, 0xF81F, 0xF81F, 0xF81F, 0xF81F,
  0xF81F, 0xF81F, 0xF81F, 0xF81F, 0x9D56, 0xA597, 0x9D56, 0x9D56, 0x9D56, 0x9D56,
  0x9D56, 0x9556, 0x9D56, 0xADD8, 0xCE9B, 0xCEDC, 0xCEBB, 0xCEBB, 0xCEBB, 0xCEBB,
  0xCEBB, 0xCEBB, 0xD6DC, 0xD6DC, 0xBE5A, 0x9D56, 0x8493, 0x7C32, 0x7432, 0x84B3,
  0x8493, 0x8493, 0xF81F, 0xF81F, 0xF81F, 0xF81F, 0xF81F, 0xF81F, 0xF81F, 0xF81F,
  0xF81F, 0xF81F, 0xF81F, 0x9576, 0x9D56, 0x9D56, 0x9D56, 0x9D56, 0x9D56, 0x9D56,
  0x9D56, 0x9D56, 0x9D56, 0x9536, 0x9D77, 0xB619, 0xCE9B, 0xCEDC, 0xCEDB, 0xCEBB,
  0xCEBB, 0xCEDB, 0xCEBB, 0xCEBB, 0xD6DC, 0xD71D, 0xDF3D, 0xD71C, 0xC67A, 0xC69B,
  0xF81F, 0xF81F, 0xF81F, 0xF81F, 0xF81F, 0xF81F, 0xF81F, 0xF81F, 0xF81F, 0xF81F,
  0xF81F, 0xF81F, 0xF81F, 0x9556, 0xA597, 0x9D56, 0x9D56, 0x9D56, 0x9D56, 0x9D56,
  0x9D56, 0x9D56, 0x9D56, 0x9D56, 0x9D56, 0x9536, 0x9D77, 0xADD8, 0xBE5A, 0xCEBB,
  0xCEBB, 0xCEBB, 0xCEDC, 0xCEBB, 0xCEBB, 0xCEBB, 0xCEBB, 0xCEBB, 0xF81F, 0xF81F,
  0xF81F, 0xF81F, 0xF81F, 0xF81F, 0xF81F, 0xF81F, 0xF81F, 0xF81F, 0xF81F, 0xF81F,
  0xF81F, 0xF81F, 0xF81F, 0x7411, 0x8493, 0x9515, 0x9D76, 0x9D77, 0x9D77, 0x9D76,
  0x9D56, 0x9D56, 0x9D56, 0x9D56, 0x9D76, 0x9D77, 0x9D77, 0x9D56, 0x9535, 0x84B4,
  0x94F5, 0xCEDC, 0xC69B, 0xCE9B, 0xCEDB, 0xF81F, 0xF81F, 0xF81F, 0xF81F, 0xF81F,
  0xF81F, 0xF81F, 0xF81F, 0xF81F, 0xF81F, 0xF81F, 0xF81F, 0xF81F, 0xF81F, 0xF81F,
  0xF81F, 0xF81F, 0xF81F, 0x638F, 0x63B0, 0x63B0, 0x7411, 0x8493, 0x8CF4, 0x9515,
  0x9535, 0x9D56, 0x9D56, 0x9536, 0x9515, 0x8CF4, 0x84B3, 0x7C52, 0x6BD0, 0x638F,
  0x4AEC, 0xF81F, 0xF81F, 0xF81F, 0xF81F, 0xF81F, 0xF81F, 0xF81F, 0xF81F, 0xF81F,
  0xF81F, 0xF81F, 0xF81F, 0xF81F, 0xF81F, 0xF81F, 0xF81F, 0xF81F, 0xF81F, 0xF81F,
  0xF81F, 0xF81F, 0xF81F, 0xF81F, 0x63B0, 0x6BF1, 0x638F, 0x638F, 0x63AF, 0x6BB0,
  0x6BD0, 0x6BD0, 0x6BD0, 0x6BD0, 0x6BD0, 0x63AF, 0x638F, 0x638F, 0x6BF1, 0x6BB0,
  0xF81F, 0xF81F, 0xF81F, 0xF81F, 0xF81F, 0xF81F, 0xF81F, 0xF81F, 0xF81F, 0xF81F,
  0xF81F, 0xF81F, 0xF81F, 0xF81F, 0xF81F, 0xF81F, 0xF81F, 0xF81F, 0xF81F, 0xF81F,
  0xF81F, 0xF81F, 0xF81F, 0xF81F, 0xF81F, 0x6BB0, 0x6BD0, 0x6BF1, 0x6BD0, 0x63B0,
  0x63AF, 0x63AF, 0x63AF, 0x63AF, 0x6BB0, 0x6BD0, 0x6BF1, 0x6BD0, 0x63D0, 0xF81F,
  0xF81F, 0xF81F, 0xF81F, 0xF81F, 0xF81F, 0xF81F, 0xF81F, 0xF81F, 0xF81F, 0xF81F,
  0xF81F, 0xF81F, 0xF81F, 0xF81F, 0xF81F, 0xF81F, 0xF81F, 0xF81F, 0xF81F, 0xF81F,
  0xF81F, 0xF81F, 0xF81F, 0xF81F, 0xF81F, 0xF81F, 0x638F, 0x63D0, 0x63AF, 0x63AF,
  0x63AF, 0x63AF, 0x63AF, 0x63AF, 0x63AF, 0x63AF, 0x6BD0, 0x63AF, 0xF81F, 0xF81F,
  0xF81F, 0xF81F, 0xF81F, 0xF81F, 0xF81F, 0xF81F, 0xF81F, 0xF81F, 0xF81F, 0xF81F,
  0xF81F, 0xF81F, 0xF81F, 0xF81F, 0xF81F, 0xF81F, 0xF81F, 0xF81F, 0xF81F, 0xF81F,
  0xF81F, 0xF81F, 0xF81F, 0xF81F, 0xF81F, 0xF81F, 0xF81F, 0xF81F, 0xF81F, 0x6BB0,
  0x63B0, 0x63AF, 0x63B0, 0x6390, 0xF81F, 0xF81F, 0xF81F, 0xF81F, 0xF81F, 0xF81F,
  0xF81F, 0xF81F, 0xF81F, 0xF81F, 0xF81F, 0xF81F, 0xF81F, 0xF81F, 0xF81F, 0xF81F,
  0xF81F, 0xF81F, 0xF81F, 0xF81F, 0xF81F, 0xF81F, 0xF81F, 0xF81F, 0xF81F, 0xF81F
};

static const uint16_t kEmoji_chat[1600] PROGMEM = {
  0xF81F, 0xF81F, 0xF81F, 0xF81F, 0xF81F, 0xF81F, 0xF81F, 0xF81F, 0xF81F, 0xF81F,
  0xF81F, 0xF81F, 0xF81F, 0xF81F, 0xF81F, 0xF81F, 0xF81F, 0xF81F, 0xF81F, 0xF81F,
  0xF81F, 0xF81F, 0xF81F, 0xF81F, 0xF81F, 0xF81F, 0xF81F, 0xF81F, 0xF81F, 0xF81F,
  0xF81F, 0xF81F, 0xF81F, 0xF81F, 0xF81F, 0xF81F, 0xF81F, 0xF81F, 0xF81F, 0xF81F,
  0xF81F, 0xF81F, 0xF81F, 0xF81F, 0xF81F, 0xF81F, 0xF81F, 0xF81F, 0xF81F, 0xF81F,
  0xF81F, 0xF81F, 0xF81F, 0xC6FE, 0xBEFE, 0xBEFE, 0xBEFE, 0xBEFE, 0xBEFE, 0xBEFE,
  0xBEFE, 0xBEFE, 0xBEFE, 0xBEFE, 0xBEFE, 0xBEFE, 0xC6FE, 0xF81F, 0xF81F, 0xF81F,
  0xF81F, 0xF81F, 0xF81F, 0xF81F, 0xF81F, 0xF81F, 0xF81F, 0xF81F, 0xF81F, 0xF81F,
  0xF81F, 0xF81F, 0xF81F, 0xF81F, 0xF81F, 0xF81F, 0xF81F, 0xF81F, 0xF81F, 0xF81F,
  0xC6FE, 0xBF1F, 0xBEFE, 0xBEFE, 0xCF7F, 0xCF5F, 0xC75F, 0xC73F, 0xC73F, 0xC73F,
  0xC73F, 0xC73F, 0xC73F, 0xC75F, 0xCF5F, 0xCF7F, 0xBEFE, 0xBEFE, 0xBF1F, 0xC6FE,
  0xF81F, 0xF81F, 0xF81F, 0xF81F, 0xF81F, 0xF81F, 0xF81F, 0xF81F, 0xF81F, 0xF81F,
  0xF81F, 0xF81F, 0xF81F, 0xF81F, 0xF81F, 0xF81F, 0xF81F, 0xF81F, 0xBEDE, 0xBEFE,
  0xBEFE, 0xCF5F, 0xC73F, 0xBEFE, 0xBEFE, 0xBEFE, 0xBEFE, 0xBEFE, 0xBEFE, 0xBEFE,
  0xBEFE, 0xBEFE, 0xBEFE, 0xBEFE, 0xBEFE, 0xBEFE, 0xBEFE, 0xC73F, 0xCF5F, 0xBEFE,
  0xBEFE, 0xBEDE, 0xF81F, 0xF81F, 0xF81F, 0xF81F, 0xF81F, 0xF81F, 0xF81F, 0xF81F,
  0xF81F, 0xF81F, 0xF81F, 0xF81F, 0xF81F, 0xF81F, 0xF81F, 0xBEFE, 0xBEFE, 0xCF5F,
  0xBEFE, 0xBEFE, 0xBEFE, 0xBEFE, 0xBEFE, 0xBEFE, 0xBEFE, 0xBEFE, 0xBEFE, 0xBEFE,
  0xBEFE, 0xBEFE, 0xBEFE, 0xBEFE, 0xBEFE, 0xBEFE, 0xBEFE, 0xBEFE, 0xBEFE, 0xBEFE,
  0xCF5F, 0xBEFE, 0xBEFE, 0xF81F, 0xF81F, 0xF81F, 0xF81F, 0xF81F, 0xF81F, 0xF81F,
  0xF81F, 0xF81F, 0xF81F, 0xF81F, 0xF81F, 0xBEDE, 0xC71F, 0xCF5F, 0xBEFE, 0xBEFE,
  0xBEFE, 0xBEFE, 0xBEFE, 0xBEFE, 0xBEFE, 0xBEFE, 0xBEFE, 0xBEFE, 0xBEFE, 0xBEFE,
  0xBEFE, 0xBEFE, 0xBEFE, 0xBEFE, 0xBEFE, 0xBEFE, 0xBEFE, 0xBEFE, 0xBEFE, 0xBEFE,
  0xBEFE, 0xBEFE, 0xCF5F, 0xC71F, 0xBEDE, 0xF81F, 0xF81F, 0xF81F, 0xF81F, 0xF81F,
  0xF81F, 0xF81F, 0xF81F, 0xF81F, 0xBEFE, 0xC71E, 0xC73F, 0xBEFE, 0xBEFE, 0xBEFE,
  0xBEFE, 0xBEFE, 0xBEFE, 0xBEFE, 0xBEFE, 0xBEFE, 0xBEFE, 0xBEFE, 0xBEFE, 0xBEFE,
  0xBEFE, 0xBEFE, 0xBEFE, 0xBEFE, 0xBEFE, 0xBEFE, 0xBEFE, 0xBEFE, 0xBEFE, 0xBEFE,
  0xBEFE, 0xBEFE, 0xBEFE, 0xC73F, 0xC71E, 0xBEFE, 0xF81F, 0xF81F, 0xF81F, 0xF81F,
  0xF81F, 0xF81F, 0xF81F, 0xBEDD, 0xC71F, 0xC71F, 0xBEFE, 0xBEFE, 0xBEFE, 0xBEFE,
  0xBEFE, 0xBEFE, 0xBEFE, 0xBEFE, 0xBEFE, 0xBEFE, 0xBEFE, 0xBEFE, 0xBEFE, 0xBEFE,
  0xBEFE, 0xBEFE, 0xBEFE, 0xBEFE, 0xBEFE, 0xBEFE, 0xBEFE, 0xBEFE, 0xBEFE, 0xBEFE,
  0xBEFE, 0xBEFE, 0xBEFE, 0xBEFE, 0xC71F, 0xC71F, 0xBEDD, 0xF81F, 0xF81F, 0xF81F,
  0xF81F, 0xF81F, 0xBEDE, 0xC71F, 0xC71E, 0xBEDE, 0xBEFE, 0xBEFE, 0xBEFE, 0xBEFE,
  0xBEFE, 0xBEFE, 0xBEFE, 0xBEFE, 0xBEFE, 0xBEFE, 0xBEFE, 0xBEFE, 0xBEFE, 0xBEFE,
  0xBEFE, 0xBEFE, 0xBEFE, 0xBEFE, 0xBEFE, 0xBEFE, 0xBEFE, 0xBEFE, 0xBEFE, 0xBEFE,
  0xBEFE, 0xBEFE, 0xBEFE, 0xBEFE, 0xBEDE, 0xC71E, 0xC71F, 0xBEDE, 0xF81F, 0xF81F,
  0xF81F, 0xF81F, 0xBEFE, 0xC73F, 0xBEDE, 0xBEFE, 0xBEFE, 0xBEFE, 0xBEFE, 0xBEFE,
  0xBEFE, 0xBEFE, 0xBEFE, 0xBEFE, 0xBEFE, 0xBEFE, 0xBEFE, 0xBEFE, 0xBEFE, 0xBEFE,
  0xBEFE, 0xBEFE, 0xBEFE, 0xBEFE, 0xBEFE, 0xBEFE, 0xBEFE, 0xBEFE, 0xBEFE, 0xBEFE,
  0xBEFE, 0xBEFE, 0xBEFE, 0xBEFE, 0xBEFE, 0xBEDE, 0xC73F, 0xBEFE, 0xF81F, 0xF81F,
  0xF81F, 0xBEFE, 0xCF7F, 0xBEFE, 0xBEFE, 0xBEFE, 0xBEFE, 0xBEFE, 0xBEFE, 0xBEFE,
  0xBEFE, 0xBEFE, 0xBEFE, 0xBEFE, 0xBEFE, 0xBEFE, 0xBEFE, 0xBEFE, 0xBEFE, 0xBEFE,
  0xBEFE, 0xBEFE, 0xBEFE, 0xBEFE, 0xBEFE, 0xBEFE, 0xBEFE, 0xBEFE, 0xBEFE, 0xBEFE,
  0xBEFE, 0xBEFE, 0xBEFE, 0xBEFE, 0xBEFE, 0xBEFE, 0xBEFE, 0xCF7F, 0xBEFE, 0xF81F,
  0xF81F, 0xBEFE, 0xC71F, 0xBEFE, 0xBEFE, 0xBEFE, 0xBEFE, 0xBEFE, 0xBEFE, 0xBEFE,
  0xBEFE, 0xBEFE, 0xBEFE, 0xBEFE, 0xBEFE, 0xBEFE, 0xBEFE, 0xBEFE, 0xBEFE, 0xBEFE,
  0xBEFE, 0xBEFE, 0xBEFE, 0xBEFE, 0xBEFE, 0xBEFE, 0xBEFE, 0xBEFE, 0xBEFE, 0xBEFE,
  0xBEFE, 0xBEFE, 0xBEFE, 0xBEFE, 0xBEFE, 0xBEFE, 0xBEFE, 0xC71F, 0xBEFE, 0xF81F,
  0xBEFE, 0xC73F, 0xBEFE, 0xBEFE, 0xBEFE, 0xBEFE, 0xBEFE, 0xBEFE, 0xBEFE, 0xBEFE,
  0xBEDE, 0xBEDE, 0xBEFE, 0xBEFE, 0xBEFE, 0xBEFE, 0xBEFE, 0xBEFE, 0xBEFE, 0xBEDE,
  0xBEDE, 0xBEFE, 0xBEFE, 0xBEFE, 0xBEFE, 0xBEFE, 0xBEFE, 0xBEFE, 0xBEDE, 0xBEDE,
  0xBEFE, 0xBEFE, 0xBEFE, 0xBEFE, 0xBEFE, 0xBEFE, 0xBEFE, 0xBEFE, 0xC73F, 0xBEFE,
  0xBEFE, 0xC73F, 0xBEFE, 0xBEFE, 0xBEFE, 0xBEFE, 0xBEFE, 0xBEFE, 0xBEFE, 0xC6FE,
  0xCF3F, 0xCF3F, 0xC71E, 0xBEFE, 0xBEFE, 0xBEFE, 0xBEFE, 0xBEFE, 0xC71E, 0xCF3F,
  0xCF3F, 0xC71E, 0xBEFE, 0xBEFE, 0xBEFE, 0xBEFE, 0xBEFE, 0xC71E, 0xCF3F, 0xCF3F,
  0xC6FE, 0xBEFE, 0xBEFE, 0xBEFE, 0xBEFE, 0xBEFE, 0xBEFE, 0xBEFE, 0xC73F, 0xBEFE,
  0xBEFE, 0xBF1E, 0xBEFE, 0xBEFE, 0xBEFE, 0xBEFE, 0xBEFE, 0xBEFE, 0xC71E, 0xAE7D,
  0x74F8, 0x6CD7, 0x9E3C, 0xC71E, 0xBEFE, 0xBEFE, 0xBEFE, 0xC71E, 0xA65C, 0x6CF8,
  0x6CF8, 0xA65C, 0xC71E, 0xBEFE, 0xBEFE, 0xBEFE, 0xC71E, 0x9E3C, 0x6CD7, 0x74F8,
  0xAE7D, 0xC71E, 0xBEFE, 0xBEFE, 0xBEFE, 0xBEFE, 0xBEFE, 0xBEFE, 0xBF1E, 0xBEFE,
  0xBEFE, 0xBEFE, 0xBEFE, 0xBEFE, 0xBEFE, 0xBEFE, 0xBEFE, 0xBEFE, 0xBEDE, 0x4BF5,
  0x1AD1, 0x1AF1, 0x3373, 0xA65C, 0xC71E, 0xBEDE, 0xC6FE, 0xB69D, 0x3BB4, 0x1AF1,
  0x1AF1, 0x3BB4, 0xB69D, 0xC6FE, 0xBEDE, 0xC71E, 0xA65C, 0x3373, 0x1AF1, 0x1AD1,
  0x4BF5, 0xBEDE, 0xBEFE, 0xBEFE, 0xBEFE, 0xBEFE, 0xBEFE, 0xBEFE, 0xBEFE, 0xBEFE,
  0xBEFE, 0xBEFE, 0xBEFE, 0xBEFE, 0xBEFE, 0xBEFE, 0xBEFE, 0xC71E, 0xAE7C, 0x2312,
  0x2B53, 0x3373, 0x1AF1, 0x8D9A, 0xCF3F, 0xBEDE, 0xC73F, 0x9E1B, 0x1AF2, 0x3353,
  0x3353, 0x1AF2, 0x9E1B, 0xC73F, 0xBEDE, 0xCF3F, 0x8D9A, 0x1AF1, 0x3373, 0x2B53,
  0x2312, 0xAE7C, 0xC71E, 0xBEFE, 0xBEFE, 0xBEFE, 0xBEFE, 0xBEFE, 0xBEFE, 0xBEFE,
  0xBEFE, 0xBEFE, 0xBEFE, 0xBEFE, 0xBEFE, 0xBEFE, 0xBEFE, 0xC71E, 0xB6BD, 0x3373,
  0x2312, 0x2332, 0x2312, 0x9E1B, 0xC71F, 0xBEDE, 0xC71E, 0xA65C, 0x2B32, 0x2312,
  0x2312, 0x2B32, 0xA65C, 0xC71E, 0xBEDE, 0xC71F, 0x9E1B, 0x2312, 0x2332, 0x2312,
  0x3373, 0xB6BD, 0xC71E, 0xBEFE, 0xBEFE, 0xBEFE, 0xBEFE, 0xBEFE, 0xBEFE, 0xBEFE,
  0xBEFE, 0xBEFE, 0xBEFE, 0xBEFE, 0xBEFE, 0xBEFE, 0xBEFE, 0xBEFE, 0xC71E, 0x8DBA,
  0x43D4, 0x3BB4, 0x7D39, 0xBEFE, 0xBEFE, 0xBEFE, 0xBEFE, 0xC71E, 0x8579, 0x3BB4,
  0x3BB4, 0x8579, 0xC71E, 0xBEFE, 0xBEFE, 0xBEFE, 0xBEFE, 0x7D39, 0x3BB4, 0x43D4,
  0x8DBA, 0xC71E, 0xBEFE, 0xBEFE, 0xBEFE, 0xBEFE, 0xBEFE, 0xBEFE, 0xBEFE, 0xBEFE,
  0xBEFE, 0xC73F, 0xBEFE, 0xBEFE, 0xBEFE, 0xBEFE, 0xBEFE, 0xBEFE, 0xBEFE, 0xC71E,
  0xC6FE, 0xBEFE, 0xC71E, 0xBEFE, 0xBEFE, 0xBEFE, 0xBEFE, 0xBEFE, 0xC71E, 0xBEFE,
  0xBEFE, 0xC71E, 0xBEFE, 0xBEFE, 0xBEFE, 0xBEFE, 0xBEFE, 0xC71E, 0xBEFE, 0xC6FE,
  0xC71E, 0xBEFE, 0xBEFE, 0xBEFE, 0xBEFE, 0xBEFE, 0xBEFE, 0xBEFE, 0xC73F, 0xBEFE,
  0xBEFE, 0xC75F, 0xBEFE, 0xBEFE, 0xBEFE, 0xBEFE, 0xBEFE, 0xBEFE, 0xBEFE, 0xBEFE,
  0xBEFE, 0xBEFE, 0xBEFE, 0xBEFE, 0xBEFE, 0xBEFE, 0xBEFE, 0xBEFE, 0xBEFE, 0xBEFE,
  0xBEFE, 0xBEFE, 0xBEFE, 0xBEFE, 0xBEFE, 0xBEFE, 0xBEFE, 0xBEFE, 0xBEFE, 0xBEFE,
  0xBEFE, 0xBEFE, 0xBEFE, 0xBEFE, 0xBEFE, 0xBEFE, 0xBEFE, 0xBEFE, 0xC75F, 0xBEFE,
  0xBF1F, 0xBEFE, 0xBEFE, 0xBEFE, 0xBEFE, 0xBEFE, 0xBEFE, 0xBEFE, 0xBEFE, 0xBEFE,
  0xBEFE, 0xBEFE, 0xBEFE, 0xBEFE, 0xBEFE, 0xBEFE, 0xBEFE, 0xBEFE, 0xBEFE, 0xBEFE,
  0xBEFE, 0xBEFE, 0xBEFE, 0xBEFE, 0xBEFE, 0xBEFE, 0xBEFE, 0xBEFE, 0xBEFE, 0xBEFE,
  0xBEFE, 0xBEFE, 0xBEFE, 0xBEFE, 0xBEFE, 0xBEFE, 0xBEFE, 0xBEFE, 0xBEFE, 0xBF1F,
  0xF81F, 0xBEFE, 0xCF5F, 0xBEDE, 0xBEFE, 0xBEFE, 0xBEFE, 0xBEFE, 0xBEFE, 0xBEFE,
  0xBEFE, 0xBEFE, 0xBEFE, 0xBEFE, 0xBEFE, 0xBEFE, 0xBEFE, 0xBEFE, 0xBEFE, 0xBEFE,
  0xBEFE, 0xBEFE, 0xBEFE, 0xBEFE, 0xBEFE, 0xBEFE, 0xBEFE, 0xBEFE, 0xBEFE, 0xBEFE,
  0xBEFE, 0xBEFE, 0xBEFE, 0xBEFE, 0xBEFE, 0xBEFE, 0xBEFE, 0xCF5F, 0xBEDE, 0xF81F,
  0xF81F, 0xBEFF, 0xC71E, 0xC71F, 0xBEFE, 0xBEFE, 0xBEFE, 0xBEFE, 0xBEFE, 0xBEFE,
  0xBEFE, 0xBEFE, 0xBEFE, 0xBEFE, 0xBEFE, 0xBEFE, 0xBEFE, 0xBEFE, 0xBEFE, 0xBEFE,
  0xBEFE, 0xBEFE, 0xBEFE, 0xBEFE, 0xBEFE, 0xBEFE, 0xBEFE, 0xBEFE, 0xBEFE, 0xBEFE,
  0xBEFE, 0xBEFE, 0xBEFE, 0xBEFE, 0xBEFE, 0xBEFE, 0xC71F, 0xC71E, 0xBEFF, 0xF81F,
  0xF81F, 0xF81F, 0xBEDE, 0xCF5F, 0xBEFE, 0xBEFE, 0xBEFE, 0xBEFE, 0xBEFE, 0xBEFE,
  0xBEFE, 0xBEFE, 0xBEFE, 0xBEFE, 0xBEFE, 0xBEFE, 0xBEFE, 0xBEFE, 0xBEFE, 0xBEFE,
  0xBEFE, 0xBEFE, 0xBEFE, 0xBEFE, 0xBEFE, 0xBEFE, 0xBEFE, 0xBEFE, 0xBEFE, 0xBEFE,
  0xBEFE, 0xBEFE, 0xBEFE, 0xBEFE, 0xBEFE, 0xBEFE, 0xCF5F, 0xBEDE, 0xF81F, 0xF81F,
  0xF81F, 0xF81F, 0xF81F, 0xBEDE, 0xCF7F, 0xBEFE, 0xBEFE, 0xBEFE, 0xBEFE, 0xBEFE,
  0xBEFE, 0xBEFE, 0xBEFE, 0xBEFE, 0xBEFE, 0xBEFE, 0xBEFE, 0xBEFE, 0xBEFE, 0xBEFE,
  0xBEFE, 0xBEFE, 0xBEFE, 0xBEFE, 0xBEFE, 0xBEFE, 0xBEFE, 0xBEFE, 0xBEFE, 0xBEFE,
  0xBEFE, 0xBEFE, 0xBEFE, 0xBEFE, 0xBEFE, 0xCF7F, 0xBEDE, 0xF81F, 0xF81F, 0xF81F,
  0xF81F, 0xF81F, 0xF81F, 0xF81F, 0xBEFE, 0xCF7F, 0xBEFE, 0xBEFE, 0xBEFE, 0xBEFE,
  0xBEFE, 0xBEFE, 0xBEFE, 0xBEFE, 0xBEFE, 0xBEFE, 0xBEFE, 0xBEFE, 0xBEFE, 0xBEFE,
  0xBEFE, 0xBEFE, 0xBEFE, 0xBEFE, 0xBEFE, 0xBEFE, 0xBEFE, 0xBEFE, 0xBEFE, 0xBEFE,
  0xBEFE, 0xBEFE, 0xBEDE, 0xBEFE, 0xCF7F, 0xBEFE, 0xF81F, 0xF81F, 0xF81F, 0xF81F,
  0xF81F, 0xF81F, 0xF81F, 0xF81F, 0xF81F, 0xBEFE, 0xC73F, 0xC71F, 0xBEFE, 0xBEFE,
  0xBEFE, 0xBEFE, 0xBEFE, 0xBEFE, 0xBEFE, 0xBEFE, 0xBEFE, 0xBEFE, 0xBEFE, 0xBEFE,
  0xBEFE, 0xBEFE, 0xBEFE, 0xBEFE, 0xBEFE, 0xBEFE, 0xBEFE, 0xBEFE, 0xBEFE, 0xBEFE,
  0xBEFE, 0xBEFE, 0xC73F, 0xC73F, 0xBEFE, 0xF81F, 0xF81F, 0xF81F, 0xF81F, 0xF81F,
  0xF81F, 0xF81F, 0xF81F, 0xF81F, 0xF81F, 0xF81F, 0xBEFE, 0xC71F, 0xC71F, 0xBEFE,
  0xBEFE, 0xBEFE, 0xBEFE, 0xBEFE, 0xBEFE, 0xBEFE, 0xBEFE, 0xBEFE, 0xBEFE, 0xBEFE,
  0xBEFE, 0xBEFE, 0xBEFE, 0xBEFE, 0xBEFE, 0xBEFE, 0xBEFE, 0xBEFE, 0xBEFE, 0xBEFE,
  0xC71F, 0xCF5F, 0xC71E, 0xBEFE, 0xF81F, 0xF81F, 0xF81F, 0xF81F, 0xF81F, 0xF81F,
  0xF81F, 0xF81F, 0xF81F, 0xF81F, 0xF81F, 0xF81F, 0xF81F, 0xBEDE, 0xC73F, 0xBEFE,
  0xBEFE, 0xBEFE, 0xBEFE, 0xBEFE, 0xBEFE, 0xBEFE, 0xBEFE, 0xBEFE, 0xBEFE, 0xBEFE,
  0xBEFE, 0xBEFE, 0xBEFE, 0xBEFE, 0xBEFE, 0xBEFE, 0xBEFE, 0xBEFE, 0xC73F, 0xCF5F,
  0xBEFE, 0xBEDE, 0xF81F, 0xF81F, 0xF81F, 0xF81F, 0xF81F, 0xF81F, 0xF81F, 0xF81F,
  0xF81F, 0xF81F, 0xF81F, 0xF81F, 0xF81F, 0xF81F, 0xBEDE, 0xC71F, 0xBEFE, 0xBEFE,
  0xBEFE, 0xBEFE, 0xBEFE, 0xBEFE, 0xBEFE, 0xC71F, 0xC71F, 0xBEFE, 0xBEFE, 0xBEFE,
  0xBEFE, 0xBEFE, 0xBEFE, 0xBEFE, 0xC73F, 0xCF5F, 0xC75F, 0xBEFE, 0xC71F, 0xBEFE,
  0xF81F, 0xF81F, 0xF81F, 0xF81F, 0xF81F, 0xF81F, 0xF81F, 0xF81F, 0xF81F, 0xF81F,
  0xF81F, 0xF81F, 0xF81F, 0xF81F, 0xF81F, 0xF81F, 0xBEFE, 0xCF5F, 0xBEFE, 0xBEFE,
  0xBEFE, 0xBEFE, 0xBEFE, 0xBEFE, 0xC71F, 0xBEFE, 0xBEFE, 0xC71F, 0xC75F, 0xC75F,
  0xC75F, 0xC75F, 0xC73F, 0xBEFE, 0xBEFE, 0xBEFE, 0xBEFE, 0xBEFE, 0xF81F, 0xF81F,
  0xF81F, 0xF81F, 0xF81F, 0xF81F, 0xF81F, 0xF81F, 0xF81F, 0xF81F, 0xF81F, 0xF81F,
  0xF81F, 0xF81F, 0xF81F, 0xF81F, 0xF81F, 0xF81F, 0xBEFE, 0xC71F, 0xBEFE, 0xBEFE,
  0xBEFE, 0xBEFE, 0xBEDE, 0xCF7F, 0xBEFE, 0xF81F, 0xBEFE, 0xBF1E, 0xBEFF, 0xBEFE,
  0xBEFE, 0xBEFF, 0xBEFE, 0xBEDE, 0xF81F, 0xF81F, 0xF81F, 0xF81F, 0xF81F, 0xF81F,
  0xF81F, 0xF81F, 0xF81F, 0xF81F, 0xF81F, 0xF81F, 0xF81F, 0xF81F, 0xF81F, 0xF81F,
  0xF81F, 0xF81F, 0xF81F, 0xF81F, 0xF81F, 0xBEFE, 0xCF5F, 0xBEFE, 0xBEFE, 0xBEFE,
  0xBEFE, 0xBEFE, 0xCF7F, 0xBEFE, 0xF81F, 0xF81F, 0xF81F, 0xF81F, 0xF81F, 0xF81F,
  0xF81F, 0xF81F, 0xF81F, 0xF81F, 0xF81F, 0xF81F, 0xF81F, 0xF81F, 0xF81F, 0xF81F,
  0xF81F, 0xF81F, 0xF81F, 0xF81F, 0xF81F, 0xF81F, 0xF81F, 0xF81F, 0xF81F, 0xF81F,
  0xF81F, 0xF81F, 0xF81F, 0xF81F, 0xF81F, 0xBEFE, 0xC71F, 0xBEFE, 0xBEFE, 0xBEFE,
  0xC71F, 0xC73F, 0xBEFE, 0xF81F, 0xF81F, 0xF81F, 0xF81F, 0xF81F, 0xF81F, 0xF81F,
  0xF81F, 0xF81F, 0xF81F, 0xF81F, 0xF81F, 0xF81F, 0xF81F, 0xF81F, 0xF81F, 0xF81F,
  0xF81F, 0xF81F, 0xF81F, 0xF81F, 0xF81F, 0xF81F, 0xF81F, 0xF81F, 0xF81F, 0xF81F,
  0xF81F, 0xF81F, 0xF81F, 0xF81F, 0xBEDE, 0xCF5F, 0xBEFE, 0xBEFE, 0xBF1E, 0xCF5F,
  0xC71F, 0xBEFE, 0xF81F, 0xF81F, 0xF81F, 0xF81F, 0xF81F, 0xF81F, 0xF81F, 0xF81F,
  0xF81F, 0xF81F, 0xF81F, 0xF81F, 0xF81F, 0xF81F, 0xF81F, 0xF81F, 0xF81F, 0xF81F,
  0xF81F, 0xF81F, 0xF81F, 0xF81F, 0xF81F, 0xF81F, 0xF81F, 0xF81F, 0xF81F, 0xF81F,
  0xF81F, 0xF81F, 0xF81F, 0xC6FE, 0xC71E, 0xBF1E, 0xC73F, 0xCF5F, 0xC71F, 0xC71E,
  0xF81F, 0xF81F, 0xF81F, 0xF81F, 0xF81F, 0xF81F, 0xF81F, 0xF81F, 0xF81F, 0xF81F,
  0xF81F, 0xF81F, 0xF81F, 0xF81F, 0xF81F, 0xF81F, 0xF81F, 0xF81F, 0xF81F, 0xF81F,
  0xF81F, 0xF81F, 0xF81F, 0xF81F, 0xF81F, 0xF81F, 0xF81F, 0xF81F, 0xF81F, 0xF81F,
  0xF81F, 0xF81F, 0xF81F, 0xBEFE, 0xD7BF, 0xBEFE, 0xBEFE, 0xC71F, 0xBEBD, 0xF81F,
  0xF81F, 0xF81F, 0xF81F, 0xF81F, 0xF81F, 0xF81F, 0xF81F, 0xF81F, 0xF81F, 0xF81F,
  0xF81F, 0xF81F, 0xF81F, 0xF81F, 0xF81F, 0xF81F, 0xF81F, 0xF81F, 0xF81F, 0xF81F,
  0xF81F, 0xF81F, 0xF81F, 0xF81F, 0xF81F, 0xF81F, 0xF81F, 0xF81F, 0xF81F, 0xF81F,
  0xF81F, 0xF81F, 0xBEFE, 0xBEFE, 0xBEFE, 0xBEFE, 0xF81F, 0xF81F, 0xF81F, 0xF81F,
  0xF81F, 0xF81F, 0xF81F, 0xF81F, 0xF81F, 0xF81F, 0xF81F, 0xF81F, 0xF81F, 0xF81F,
  0xF81F, 0xF81F, 0xF81F, 0xF81F, 0xF81F, 0xF81F, 0xF81F, 0xF81F, 0xF81F, 0xF81F,
  0xF81F, 0xF81F, 0xF81F, 0xF81F, 0xF81F, 0xF81F, 0xF81F, 0xF81F, 0xF81F, 0xF81F,
  0xF81F, 0xF81F, 0xF81F, 0xF81F, 0xF81F, 0xF81F, 0xF81F, 0xF81F, 0xF81F, 0xF81F,
  0xF81F, 0xF81F, 0xF81F, 0xF81F, 0xF81F, 0xF81F, 0xF81F, 0xF81F, 0xF81F, 0xF81F,
  0xF81F, 0xF81F, 0xF81F, 0xF81F, 0xF81F, 0xF81F, 0xF81F, 0xF81F, 0xF81F, 0xF81F,
  0xF81F, 0xF81F, 0xF81F, 0xF81F, 0xF81F, 0xF81F, 0xF81F, 0xF81F, 0xF81F, 0xF81F
};

static const uint16_t kEmoji_notebook[1600] PROGMEM = {
  0xF81F, 0xF81F, 0xF81F, 0xF81F, 0xF81F, 0x2966, 0x2986, 0x2986, 0x2986, 0x2986,
  0x2986, 0x2986, 0x2986, 0x2986, 0x2986, 0x2986, 0x2986, 0x2986, 0x2986, 0x2986,
  0x2986, 0x2986, 0x2986, 0x2986, 0x2986, 0x2986, 0x2986, 0x2986, 0x2986, 0x2986,
  0x2986, 0x2986, 0x2986, 0x2986, 0x2986, 0x2986, 0xF81F, 0xF81F, 0xF81F, 0xF81F,
  0xF81F, 0xF81F, 0xF81F, 0x2986, 0x2966, 0x2986, 0x2166, 0x2125, 0x2125, 0x2125,
  0x2125, 0x2125, 0x2125, 0x2125, 0x2125, 0x2125, 0x2125, 0x2125, 0x2125, 0x2125,
  0x2125, 0x2125, 0x2125, 0x2125, 0x2125, 0x2125, 0x2125, 0x2125, 0x2125, 0x2125,
  0x2125, 0x2125, 0x2125, 0x2125, 0x2145, 0x2986, 0x2986, 0x2966, 0xF81F, 0xF81F,
  0xF81F, 0xF81F, 0x2186, 0x2986, 0x2986, 0x2145, 0x39E8, 0x6BAF, 0x8CB3, 0x94D4,
  0x9D35, 0xADB7, 0xAD97, 0xAD97, 0xAD97, 0xAD97, 0xAD97, 0xAD97, 0xAD97, 0xAD97,
  0xAD97, 0xAD97, 0xAD97, 0xAD97, 0xAD97, 0xAD97, 0xAD97, 0xAD97, 0xAD97, 0xAD97,
  0xAD97, 0xAD97, 0xADB7, 0x9D15, 0x52CB, 0x2125, 0x2986, 0x2966, 0xF81F, 0xF81F,
  0xF81F, 0x2966, 0x2986, 0x2986, 0x2125, 0x4AAB, 0xBE59, 0xD6FC, 0xD6FC, 0xD6FC,
  0xD6FC, 0xD6FC, 0xD6FC, 0xD6FC, 0xD6FC, 0xD6FC, 0xD6FC, 0xD6FC, 0xD6FC, 0xD6FC,
  0xD6FC, 0xD6FC, 0xD6FC, 0xD6FC, 0xD6FC, 0xD6FC, 0xD6FC, 0xD6FC, 0xD6FC, 0xD6FC,
  0xD6FC, 0xD6FC, 0xD6FC, 0xD6FC, 0xD6FC, 0x73F0, 0x2125, 0x29A7, 0x2966, 0xF81F,
  0xF81F, 0x2966, 0x2986, 0x2966, 0x2966, 0xB5D7, 0xE75D, 0xD6DB, 0xD6DC, 0xD6DC,
  0xD6DC, 0xD6DC, 0xD6DC, 0xD6DC, 0xD6DC, 0xD6DC, 0xD6DC, 0xD6DC, 0xD6DC, 0xD6DC,
  0xD6DC, 0xD6DC, 0xD6DC, 0xD6DC, 0xD6DC, 0xD6DC, 0xD6DC, 0xD6DC, 0xD6DC, 0xD6DC,
  0xD6DC, 0xD6FC, 0xD6DC, 0xCE9B, 0xCEBB, 0xCEDC, 0x4AAB, 0x2145, 0x2986, 0xF81F,
  0xF81F, 0x2966, 0x2986, 0x2966, 0x2966, 0xB5F8, 0xF7DF, 0xEFBF, 0xEFBF, 0xEFBF,
  0xEFBF, 0xEFBF, 0xEFBF, 0xEFBF, 0xEFBF, 0xEFBF, 0xEFBF, 0xEFBF, 0xEFBF, 0xEFBF,
  0xEFBF, 0xEFBF, 0xEFBF, 0xEFBF, 0xEFBF, 0xEFBF, 0xEFBF, 0xEFBF, 0xEFBF, 0xEFBF,
  0xF7BF, 0xEF9E, 0xE75D, 0xDF1C, 0xCE9B, 0xD71C, 0x8CB3, 0x1925, 0x2986, 0xF81F,
  0xF81F, 0x2966, 0x2986, 0x2986, 0x2145, 0x4A6A, 0x94F4, 0xA576, 0xA576, 0xA576,
  0xA576, 0xA576, 0xA576, 0xA576, 0xA556, 0xA576, 0xA576, 0xA576, 0xA576, 0xA576,
  0xA576, 0xA576, 0xA576, 0xA556, 0xA576, 0xA576, 0xA576, 0xA576, 0xA576, 0xA576,
  0xA555, 0xBE18, 0xEF7E, 0xE77E, 0xCEBB, 0xD71D, 0x9D15, 0x1925, 0x2986, 0xF81F,
  0xF81F, 0x2966, 0x2986, 0x2966, 0x2986, 0x2145, 0x1904, 0x1904, 0x10C3, 0x10E3,
  0x10C3, 0x18E4, 0x18E4, 0x18E4, 0x18E4, 0x18E4, 0x10C3, 0x10E3, 0x10C3, 0x10E3,
  0x18E4, 0x18E4, 0x18E4, 0x18E4, 0x10E4, 0x10C3, 0x10E3, 0x10C3, 0x10E4, 0x1904,
  0x1904, 0x2966, 0x6B8E, 0xDF1C, 0xD6FC, 0xD6FC, 0x9CF4, 0x1925, 0x2986, 0xF81F,
  0xF81F, 0x2966, 0x2986, 0x2966, 0x2966, 0x2986, 0x2986, 0x31A7, 0x4249, 0x4229,
  0x4249, 0x31E8, 0x31C8, 0x31C8, 0x31C7, 0x3A08, 0x4249, 0x4229, 0x4249, 0x4229,
  0x31E8, 0x31C8, 0x31C8, 0x31C7, 0x3A08, 0x4249, 0x4229, 0x4249, 0x4229, 0x31C7,
  0x2966, 0x2966, 0x18E4, 0x636E, 0xDF1C, 0xD6FC, 0x9D14, 0x1925, 0x2986, 0xF81F,
  0xF81F, 0x2966, 0x2986, 0x2966, 0x2966, 0x2986, 0x2125, 0x4AAB, 0xD71D, 0xCEBB,
  0xCEDC, 0x7411, 0x638F, 0x6BD0, 0x5B6F, 0x9515, 0xD71C, 0xCEBB, 0xD6DC, 0xCE9B,
  0x6BD0, 0x63AF, 0x6BD0, 0x5B6F, 0xA576, 0xD71C, 0xCEBB, 0xD6DC, 0xC67A, 0x638F,
  0x4AAB, 0x2986, 0x2986, 0x2166, 0xA556, 0xDF5E, 0x94F4, 0x1925, 0x2986, 0xF81F,
  0xF81F, 0x2966, 0x2986, 0x2966, 0x2966, 0x2986, 0x2125, 0x4AAB, 0xD6FC, 0xCEBB,
  0xCEBB, 0x7411, 0x638F, 0x6BB0, 0x5B6E, 0x9515, 0xD6FC, 0xCEBB, 0xCEBB, 0xC69B,
  0x6BD0, 0x63AF, 0x6BB0, 0x5B6E, 0x9D56, 0xD6FC, 0xCEBB, 0xCEDC, 0xBE5A, 0x63AF,
  0x6BD0, 0x4ACB, 0x2966, 0x1904, 0x8451, 0xE77E, 0x94F4, 0x1925, 0x2986, 0xF81F,
  0xF81F, 0x2966, 0x2986, 0x2966, 0x2966, 0x2986, 0x2125, 0x4AAB, 0xD6FC, 0xCE9B,
  0xCEBB, 0x7411, 0x63AF, 0x6BD0, 0x636F, 0x9515, 0xD6FC, 0xCE9B, 0xCEBB, 0xC67A,
  0x6BD0, 0x63B0, 0x6BD0, 0x5B6F, 0x9D56, 0xD6FC, 0xC69B, 0xCEBB, 0xBE5A, 0x63AF,
  0x6BB0, 0x63AF, 0x31E8, 0x18E4, 0x8452, 0xE77E, 0x94F4, 0x1925, 0x2986, 0xF81F,
  0xF81F, 0x2966, 0x2986, 0x2966, 0x2966, 0x2986, 0x2125, 0x4AAB, 0xDF3D, 0xD6DC,
  0xD6FC, 0x6BD0, 0x5B4E, 0x638F, 0x532D, 0x94F5, 0xDF3D, 0xD6DC, 0xD6FC, 0xCEDB,
  0x638F, 0x5B6E, 0x638F, 0x532D, 0xA576, 0xDF3D, 0xD6DC, 0xD71D, 0xC69A, 0x5B6E,
  0x5B6E, 0x638F, 0x3A08, 0x18E4, 0x8452, 0xE77E, 0x94F4, 0x1925, 0x2986, 0xF81F,
  0xF81F, 0x2966, 0x2986, 0x2966, 0x2966, 0x2986, 0x2145, 0x3A29, 0x8CD4, 0x8493,
  0x84B3, 0xA597, 0xADB7, 0xADB7, 0xADD8, 0x9D36, 0x8493, 0x8CB3, 0x84B3, 0x8CB4,
  0xADB7, 0xADB7, 0xADB7, 0xADD8, 0x9535, 0x8493, 0x8CB3, 0x84B3, 0x8CD4, 0xADB7,
  0xADB7, 0xB5F8, 0x4A8A, 0x10C3, 0x8452, 0xE77E, 0x94F4, 0x1925, 0x2986, 0xF81F,
  0xF81F, 0x2966, 0x2986, 0x2966, 0x2966, 0x2986, 0x2145, 0x31E8, 0x638F, 0x5B6F,
  0x5B6E, 0xC67A, 0xD71C, 0xD6DC, 0xDF3D, 0xA576, 0x532D, 0x638F, 0x5B6E, 0x63AF,
  0xCEBB, 0xD6FC, 0xD6DC, 0xDF3D, 0x94F5, 0x532D, 0x638F, 0x5B4E, 0x6BF0, 0xD6FC,
  0xD6DC, 0xDF3D, 0x52CB, 0x10C3, 0x8472, 0xE77E, 0x94F4, 0x1925, 0x2986, 0xF81F,
  0xF81F, 0x2966, 0x2986, 0x2966, 0x2966, 0x2986, 0x2145, 0x31E8, 0x6BF0, 0x6BB0,
  0x6BB0, 0xBE59, 0xCEBB, 0xC69B, 0xD6DC, 0x9D56, 0x638F, 0x6BD0, 0x63B0, 0x6BF0,
  0xC67A, 0xCEBB, 0xC69B, 0xD6DC, 0x9515, 0x638F, 0x6BD0, 0x63AF, 0x7411, 0xCEBB,
  0xC69B, 0xD6DC, 0x4AAB, 0x10C3, 0x8472, 0xE77E, 0x94F4, 0x1925, 0x2986, 0xF81F,
  0xF81F, 0x2966, 0x2986, 0x2966, 0x2966, 0x2986, 0x2145, 0x31E8, 0x63AF, 0x636F,
  0x636F, 0xC67A, 0xD6FC, 0xCEDC, 0xDF3D, 0xA576, 0x532E, 0x638F, 0x5B6F, 0x63B0,
  0xCEBB, 0xD6FC, 0xCEDC, 0xDF3D, 0x94F5, 0x5B2E, 0x638F, 0x5B6E, 0x6BF0, 0xD6FC,
  0xCEDC, 0xDF1D, 0x52CB, 0x10C3, 0x8472, 0xE77E, 0x94F4, 0x1925, 0x2986, 0xF81F,
  0xF81F, 0x2966, 0x2986, 0x2966, 0x2966, 0x2986, 0x2145, 0x3A09, 0x8473, 0x7C52,
  0x7C52, 0xADD8, 0xB619, 0xB5F8, 0xBE39, 0x9D56, 0x7C31, 0x7C72, 0x7C52, 0x7C72,
  0xB5F8, 0xB619, 0xB5F8, 0xBE39, 0x9515, 0x7C31, 0x7C72, 0x7C52, 0x8493, 0xB619,
  0xB5F8, 0xBE5A, 0x4A8A, 0x10C3, 0x8472, 0xE77E, 0x94F4, 0x1925, 0x2986, 0xF81F,
  0xF81F, 0x2966, 0x2986, 0x2966, 0x2966, 0x2986, 0x2125, 0x4AAB, 0xDF1D, 0xCEDC,
  0xD6FC, 0x6BF0, 0x5B6E, 0x638F, 0x5B2E, 0x94F5, 0xDF3D, 0xCEDC, 0xD6FC, 0xCEBB,
  0x63B0, 0x5B6F, 0x638F, 0x532E, 0xA576, 0xDF3D, 0xCEDC, 0xD6FC, 0xC67A, 0x636F,
  0x636F, 0x63AF, 0x3A08, 0x18E4, 0x8452, 0xE77E, 0x94F4, 0x1925, 0x2986, 0xF81F,
  0xF81F, 0x2966, 0x2986, 0x2966, 0x2966, 0x2986, 0x2125, 0x4AAB, 0xD6FC, 0xCE9B,
  0xCEBB, 0x7411, 0x638F, 0x6BD0, 0x5B6F, 0x9515, 0xD6FC, 0xCE9B, 0xCEBB, 0xC69A,
  0x6BD0, 0x63AF, 0x6BD0, 0x5B6F, 0x9D56, 0xD6FC, 0xCE9B, 0xCEDB, 0xBE5A, 0x63AF,
  0x63AF, 0x6BD0, 0x3A08, 0x18E4, 0x8452, 0xE77E, 0x94F4, 0x1925, 0x2986, 0xF81F,
  0xF81F, 0x2966, 0x2986, 0x2966, 0x2966, 0x2986, 0x2125, 0x4AAB, 0xD6FC, 0xCE9B,
  0xCEBB, 0x7411, 0x638F, 0x6BD0, 0x5B6F, 0x9515, 0xD6FC, 0xCE9B, 0xCEBB, 0xC69A,
  0x6BD0, 0x63AF, 0x6BD0, 0x5B6F, 0x9D56, 0xD6FC, 0xCE9B, 0xCEDB, 0xBE5A, 0x63AF,
  0x63AF, 0x6BD0, 0x3A08, 0x18E4, 0x8452, 0xE77E, 0x94F4, 0x1925, 0x2986, 0xF81F,
  0xF81F, 0x2966, 0x2986, 0x2966, 0x2966, 0x2986, 0x2125, 0x4AAB, 0xDF1D, 0xCEDC,
  0xD6FC, 0x6BF0, 0x5B6E, 0x638F, 0x5B2E, 0x94F5, 0xDF3D, 0xCEDC, 0xD6FC, 0xCEBB,
  0x63B0, 0x5B6F, 0x638F, 0x532E, 0xA576, 0xDF3D, 0xCEDC, 0xD6FC, 0xC67A, 0x636F,
  0x636F, 0x63AF, 0x3A08, 0x18E4, 0x8452, 0xE77E, 0x94F4, 0x1925, 0x2986, 0xF81F,
  0xF81F, 0x2966, 0x2986, 0x2966, 0x2966, 0x2986, 0x2145, 0x3A09, 0x8473, 0x7C52,
  0x7C52, 0xADD8, 0xB619, 0xB5F8, 0xBE39, 0x9D56, 0x7C31, 0x7C72, 0x7C52, 0x7C72,
  0xB5F8, 0xB619, 0xB5F8, 0xBE39, 0x9515, 0x7C31, 0x7C72, 0x7C52, 0x8493, 0xB619,
  0xB5F8, 0xBE5A, 0x4A8A, 0x10C3, 0x8472, 0xE77E, 0x94F4, 0x1925, 0x2986, 0xF81F,
  0xF81F, 0x2966, 0x2986, 0x2966, 0x2966, 0x2986, 0x2145, 0x31E8, 0x63AF, 0x636F,
  0x636F, 0xC67A, 0xD6FC, 0xCEDC, 0xDF3D, 0xA576, 0x532E, 0x638F, 0x5B6F, 0x63B0,
  0xCEBB, 0xD6FC, 0xCEDC, 0xDF3D, 0x94F5, 0x5B2E, 0x638F, 0x5B6E, 0x6BF0, 0xD6FC,
  0xCEDC, 0xDF1D, 0x52CB, 0x10C3, 0x8472, 0xE77E, 0x94F4, 0x1925, 0x2986, 0xF81F,
  0xF81F, 0x2966, 0x2986, 0x2966, 0x2966, 0x2986, 0x2145, 0x31E8, 0x6BF0, 0x6BB0,
  0x6BB0, 0xBE59, 0xCEBB, 0xC69B, 0xD6DC, 0x9D56, 0x638F, 0x6BD0, 0x63B0, 0x6BF0,
  0xC67A, 0xCEBB, 0xC69B, 0xD6DC, 0x9515, 0x638F, 0x6BD0, 0x63AF, 0x7411, 0xCEBB,
  0xC69B, 0xD6DC, 0x4AAB, 0x10C3, 0x8472, 0xE77E, 0x94F4, 0x1925, 0x2986, 0xF81F,
  0xF81F, 0x2966, 0x2986, 0x2966, 0x2966, 0x2986, 0x2145, 0x31E8, 0x638F, 0x5B6F,
  0x5B6E, 0xC67A, 0xD71C, 0xD6DC, 0xDF3D, 0xA576, 0x532D, 0x638F, 0x5B6E, 0x63AF,
  0xCEBB, 0xD6FC, 0xD6DC, 0xDF3D, 0x94F5, 0x532D, 0x638F, 0x5B4E, 0x6BF0, 0xD6FC,
  0xD6DC, 0xDF3D, 0x52CB, 0x10C3, 0x8472, 0xE77E, 0x94F4, 0x1925, 0x2986, 0xF81F,
  0xF81F, 0x2966, 0x2986, 0x2966, 0x2966, 0x2986, 0x2145, 0x3A29, 0x8CD4, 0x8493,
  0x84B3, 0xA597, 0xADB7, 0xADB7, 0xADD8, 0x9D36, 0x8493, 0x8CB3, 0x84B3, 0x8CB4,
  0xADB7, 0xADB7, 0xADB7, 0xADD8, 0x9535, 0x8493, 0x8CB3, 0x84B3, 0x8CD4, 0xADB7,
  0xADB7, 0xB5F8, 0x4A8A, 0x10C3, 0x8452, 0xE77E, 0x94F4, 0x1925, 0x2986, 0xF81F,
  0xF81F, 0x2966, 0x2986, 0x2966, 0x2966, 0x2986, 0x2125, 0x4AAB, 0xDF3D, 0xD6DC,
  0xD6FC, 0x6BD0, 0x5B4E, 0x638F, 0x532D, 0x94F5, 0xDF3D, 0xD6DC, 0xD6FC, 0xCEDB,
  0x638F, 0x5B6E, 0x638F, 0x532D, 0xA576, 0xDF3D, 0xD6DC, 0xD71D, 0xC69A, 0x5B6E,
  0x5B6E, 0x638F, 0x3A08, 0x18E4, 0x8452, 0xE77E, 0x94F4, 0x1925, 0x2986, 0xF81F,
  0xF81F, 0x2966, 0x2986, 0x2966, 0x2966, 0x2986, 0x2125, 0x4AAB, 0xD6FC, 0xCE9B,
  0xCEBB, 0x7411, 0x63AF, 0x6BD0, 0x636F, 0x9515, 0xD6FC, 0xCE9B, 0xCEBB, 0xC67A,
  0x6BF0, 0x63B0, 0x6BD0, 0x5B6F, 0x9D56, 0xD6FC, 0xC69B, 0xCEBB, 0xBE5A, 0x63B0,
  0x63B0, 0x6BD0, 0x3A08, 0x18E4, 0x8452, 0xE77E, 0x94F4, 0x1925, 0x2986, 0xF81F,
  0xF81F, 0x2966, 0x2986, 0x2966, 0x2966, 0x2986, 0x2125, 0x4AAB, 0xD6FC, 0xCEBB,
  0xCEBB, 0x7411, 0x638F, 0x6BB0, 0x5B6E, 0x9515, 0xD6FC, 0xCEBB, 0xCEBB, 0xC69B,
  0x6BD0, 0x63AF, 0x6BB0, 0x5B6E, 0x9D56, 0xD6FC, 0xCEBB, 0xCEDC, 0xBE5A, 0x63AF,
  0x63AF, 0x6BD0, 0x3A08, 0x18E4, 0x8452, 0xE77E, 0x94F4, 0x1925, 0x2986, 0xF81F,
  0xF81F, 0x2966, 0x2986, 0x2966, 0x2966, 0x2986, 0x2125, 0x4AAB, 0xD6FC, 0xCEBB,
  0xCEDB, 0x7411, 0x638F, 0x6BB0, 0x5B6E, 0x9515, 0xD6FC, 0xCEBB, 0xCEDB, 0xCE9B,
  0x6BD0, 0x638F, 0x63B0, 0x5B6E, 0x9D56, 0xD6FC, 0xCEBB, 0xD6DC, 0xC65A, 0x638F,
  0x638F, 0x6BD0, 0x3A08, 0x18E4, 0x8452, 0xE77E, 0x94F4, 0x1925, 0x2986, 0xF81F,
  0xF81F, 0x2966, 0x2986, 0x2966, 0x2966, 0x2986, 0x2145, 0x3A08, 0x7432, 0x7411,
  0x7411, 0xB619, 0xC67A, 0xBE5A, 0xC69A, 0x9D56, 0x6BD0, 0x7411, 0x7411, 0x7431,
  0xBE39, 0xC65A, 0xBE5A, 0xC69A, 0x9515, 0x6BD0, 0x7411, 0x73F1, 0x7C52, 0xC65A,
  0xBE59, 0xC69B, 0x4AAB, 0x10C3, 0x8472, 0xE77E, 0x94F4, 0x1904, 0x3208, 0xF81F,
  0xF81F, 0x2966, 0x2986, 0x2966, 0x2966, 0x2986, 0x2145, 0x31E8, 0x63B0, 0x638F,
  0x638F, 0xC67A, 0xD6FC, 0xCEBB, 0xDF1D, 0x9D56, 0x5B4E, 0x63AF, 0x638F, 0x6BB0,
  0xCEBB, 0xD6DC, 0xCEBB, 0xDF1D, 0x9515, 0x5B4E, 0x63AF, 0x5B6F, 0x73F1, 0xD6DC,
  0xCEBB, 0xDF1D, 0x52CB, 0x10C3, 0x8452, 0xE77E, 0x9D35, 0x0862, 0xF81F, 0xF81F,
  0xF81F, 0x2966, 0x2986, 0x2966, 0x2966, 0x2986, 0x2145, 0x31E8, 0x6BF0, 0x6BB0,
  0x6BB0, 0xBE59, 0xCEBB, 0xC69B, 0xD6DC, 0x9D56, 0x638F, 0x6BD0, 0x63B0, 0x6BF0,
  0xC67A, 0xCEBB, 0xCE9B, 0xD6DC, 0x9515, 0x638F, 0x6BD0, 0x63AF, 0x7411, 0xCEBB,
  0xC69B, 0xD6DC, 0x4AAB, 0x10C3, 0x8472, 0xE79F, 0xCEBB, 0xF81F, 0xF81F, 0xF81F,
  0xF81F, 0x2966, 0x2986, 0x2966, 0x2966, 0x2986, 0x2145, 0x31E8, 0x638F, 0x5B6E,
  0x5B6E, 0xC69A, 0xDF1D, 0xD6FC, 0xDF3D, 0xA576, 0x532D, 0x636F, 0x5B6E, 0x638F,
  0xCEDB, 0xD6FC, 0xD6FC, 0xDF3D, 0x94F5, 0x532D, 0x636F, 0x5B4E, 0x6BD0, 0xD6FC,
  0xD6FC, 0xDF3D, 0x52CB, 0x10C3, 0x8472, 0xE79F, 0xC67A, 0xF81F, 0xF81F, 0xF81F,
  0xF81F, 0x2966, 0x2986, 0x2966, 0x2966, 0x2986, 0x2145, 0x4249, 0x9D35, 0x94F4,
  0x9515, 0x9D56, 0x9D56, 0x9D56, 0xA576, 0x9D35, 0x94F5, 0x9515, 0x9515, 0x9515,
  0x9D56, 0x9D56, 0x9D56, 0xA576, 0x9D35, 0x94F5, 0x9515, 0x9515, 0x9515, 0x9D56,
  0x9D56, 0xA597, 0x426A, 0x10C3, 0x8472, 0xDF5D, 0xC659, 0xF81F, 0xF81F, 0xF81F,
  0xF81F, 0x2966, 0x2986, 0x2966, 0x2966, 0x2986, 0x2125, 0x4AAB, 0xDF3D, 0xD6FC,
  0xD6FC, 0x6BD0, 0x5B4E, 0x636F, 0x530D, 0x94F5, 0xDF5D, 0xD6FC, 0xD6FC, 0xCEDB,
  0x638F, 0x5B6E, 0x636F, 0x530D, 0xA576, 0xDF5D, 0xD6FC, 0xDF1D, 0xC69A, 0x5B6E,
  0x5B6E, 0x5B6F, 0x31E8, 0x1904, 0x94D3, 0xE79F, 0xF81F, 0xF81F, 0xF81F, 0xF81F,
  0xF81F, 0x2966, 0x2986, 0x2966, 0x2966, 0x2986, 0x2125, 0x4AAB, 0xD6FC, 0xCE9B,
  0xCEBB, 0x7411, 0x63AF, 0x6BD0, 0x636F, 0x9515, 0xD6FC, 0xCE9B, 0xCEBB, 0xC67A,
  0x6BF0, 0x63B0, 0x6BD0, 0x5B6F, 0x9D56, 0xD6FC, 0xC69B, 0xCEBB, 0xBE5A, 0x63AF,
  0x6BD0, 0x5B4E, 0x2986, 0x2986, 0x7BF0, 0xF81F, 0xF81F, 0xF81F, 0xF81F, 0xF81F,
  0xF81F, 0xF81F, 0x2966, 0x2986, 0x2966, 0x2986, 0x2125, 0x4AAB, 0xD6FC, 0xCEBB,
  0xCEBB, 0x7411, 0x638F, 0x6BB0, 0x5B6E, 0x9515, 0xD6FC, 0xCEBB, 0xCEBB, 0xC69B,
  0x6BD0, 0x63AF, 0x6BB0, 0x5B6E, 0x9D56, 0xD6FC, 0xCEBB, 0xCEDC, 0xBE5A, 0x63B0,
  0x63AF, 0x3A09, 0x2966, 0x2986, 0xF81F, 0xF81F, 0xF81F, 0xF81F, 0xF81F, 0xF81F,
  0xF81F, 0xF81F, 0xF81F, 0x2966, 0x2966, 0x2986, 0x2125, 0x4AAB, 0xD6FC, 0xCEBB,
  0xCEBB, 0x7411, 0x638F, 0x6BB0, 0x5B6E, 0x9515, 0xD6FC, 0xCEBB, 0xCEBB, 0xC69B,
  0x6BD0, 0x63AF, 0x6BB0, 0x5B6E, 0x9D56, 0xD6FC, 0xCE9B, 0xCEDC, 0xBE5A, 0x530D,
  0x31E8, 0x2166, 0x2986, 0xF81F, 0xF81F, 0xF81F, 0xF81F, 0xF81F, 0xF81F, 0xF81F
};

static const uint16_t kEmoji_trophy[1600] PROGMEM = {
  0xF81F, 0xF81F, 0xF81F, 0xF81F, 0xF81F, 0xF81F, 0xF81F, 0xF81F, 0xF81F, 0xFE49,
  0xFE89, 0xFE69, 0xFE69, 0xFE49, 0xFE69, 0xFE69, 0xFE69, 0xFE69, 0xFE69, 0xFE69,
  0xFE69, 0xFE69, 0xFE69, 0xFE69, 0xFE69, 0xFE69, 0xFE69, 0xFE69, 0xFE49, 0xFE8A,
  0xFE49, 0xF81F, 0xF81F, 0xF81F, 0xF81F, 0xF81F, 0xF81F, 0xF81F, 0xF81F, 0xF81F,
  0xF81F, 0xF81F, 0xF81F, 0xF81F, 0xF81F, 0xF81F, 0xF81F, 0xF81F, 0xFE49, 0xFE8A,
  0xFEAA, 0xFE89, 0xFE8A, 0xFE89, 0xFE69, 0xFE89, 0xFE89, 0xFE89, 0xFE89, 0xFE89,
  0xFE89, 0xFE89, 0xFE89, 0xFE89, 0xFE89, 0xFE89, 0xFE89, 0xFE69, 0xFE69, 0xFE8A,
  0xFECA, 0xFE49, 0xF81F, 0xF81F, 0xF81F, 0xF81F, 0xF81F, 0xF81F, 0xF81F, 0xF81F,
  0xF81F, 0xFD46, 0xFD66, 0xFD66, 0xFD46, 0xFD46, 0xFD66, 0xFD46, 0xFE08, 0xFE89,
  0xFE49, 0xFE49, 0xFE49, 0xFE69, 0xFE49, 0xFE49, 0xFE49, 0xFE49, 0xFE49, 0xFE49,
  0xFE49, 0xFE49, 0xFE49, 0xFE49, 0xFE49, 0xFE49, 0xFE49, 0xFE49, 0xFE49, 0xFE49,
  0xFE69, 0xFE49, 0xFD66, 0xFD46, 0xFD46, 0xFD46, 0xFD66, 0xFD66, 0xFD46, 0xF81F,
  0xFD46, 0xFD66, 0xFDA6, 0xFDA6, 0xFDA6, 0xFD86, 0xFD86, 0xFDA6, 0xFE49, 0xFE69,
  0xFE69, 0xFE69, 0xFE69, 0xFE69, 0xFE69, 0xFE69, 0xFE69, 0xFE69, 0xFE69, 0xFE69,
  0xFE69, 0xFE69, 0xFE69, 0xFE69, 0xFE69, 0xFE69, 0xFE69, 0xFE69, 0xFE69, 0xFE69,
  0xFE49, 0xFE69, 0xFDC7, 0xFD86, 0xFD86, 0xFDA6, 0xFDA6, 0xFDA6, 0xFD66, 0xFD66,
  0xFD46, 0xFD86, 0xFD46, 0xFD46, 0xFD66, 0xFDA6, 0xFDA6, 0xFDC7, 0xFE49, 0xFE69,
  0xFE69, 0xFE69, 0xFE69, 0xFE69, 0xFE69, 0xFE69, 0xFE69, 0xFE69, 0xFE69, 0xFE69,
  0xFE69, 0xFE69, 0xFE69, 0xFE69, 0xFE69, 0xFE69, 0xFE69, 0xFE69, 0xFE69, 0xFE69,
  0xFE69, 0xFE69, 0xFDE7, 0xFDA6, 0xFDA6, 0xFD66, 0xFD46, 0xFD46, 0xFD86, 0xFD66,
  0xFD66, 0xFD66, 0xFD46, 0xFD66, 0xFD46, 0xFD66, 0xFD46, 0xFD87, 0xFE49, 0xFE69,
  0xFE49, 0xFE69, 0xFE69, 0xFE69, 0xFE69, 0xFE69, 0xFE69, 0xFE69, 0xFE69, 0xFE69,
  0xFE69, 0xFE69, 0xFE69, 0xFE69, 0xFE69, 0xFE69, 0xFE69, 0xFE69, 0xFE69, 0xFE69,
  0xFE49, 0xFE89, 0xFDE8, 0xFD46, 0xFD66, 0xFD46, 0xFD86, 0xFD46, 0xFD46, 0xFD66,
  0xFD66, 0xFD66, 0xFD66, 0xFD66, 0xFD66, 0xF81F, 0xF81F, 0xF81F, 0xFE69, 0xFE69,
  0xFE49, 0xFE69, 0xFE69, 0xFE69, 0xFE69, 0xFE69, 0xFE69, 0xFE69, 0xFE69, 0xFE69,
  0xFE69, 0xFE69, 0xFE69, 0xFE69, 0xFE69, 0xFE69, 0xFE69, 0xFE69, 0xFE69, 0xFE69,
  0xFE69, 0xFEAA, 0xFEAA, 0xF81F, 0xF81F, 0xFD46, 0xFD66, 0xFD66, 0xFD46, 0xFD46,
  0xFD46, 0xFD46, 0xFD86, 0xFD46, 0xF81F, 0xF81F, 0xF81F, 0xFE29, 0xFE89, 0xFE69,
  0xFE69, 0xFE69, 0xFE69, 0xFE69, 0xFE69, 0xFE69, 0xFE69, 0xFE69, 0xFE69, 0xFE69,
  0xFE69, 0xFE69, 0xFE69, 0xFE69, 0xFE69, 0xFE69, 0xFE69, 0xFE69, 0xFE69, 0xFE69,
  0xFE69, 0xFEAA, 0xFE69, 0xF81F, 0xF81F, 0xF81F, 0xFD46, 0xFD86, 0xFD66, 0xFD66,
  0xFD66, 0xFD66, 0xFD66, 0xFD46, 0xF81F, 0xF81F, 0xF81F, 0xFE29, 0xFE49, 0xFE69,
  0xFE49, 0xFE69, 0xFE69, 0xFE69, 0xFE69, 0xFE69, 0xFE69, 0xFE69, 0xFE69, 0xFE69,
  0xFE69, 0xFE69, 0xFE69, 0xFE69, 0xFE69, 0xFE69, 0xFE69, 0xFE69, 0xFE69, 0xFE69,
  0xFE69, 0xFEAA, 0xFE69, 0xF81F, 0xF81F, 0xF81F, 0xFD66, 0xFD86, 0xFD66, 0xFD46,
  0xFD46, 0xFDA6, 0xFD66, 0xFD66, 0xFD46, 0xF81F, 0xF81F, 0xF81F, 0xFE49, 0xFE89,
  0xFE69, 0xFE69, 0xFE69, 0xFE69, 0xFE69, 0xFE69, 0xFE69, 0xFE69, 0xFE69, 0xFE69,
  0xFE69, 0xFE69, 0xFE69, 0xFE69, 0xFE69, 0xFE69, 0xFE69, 0xFE69, 0xFE69, 0xFE69,
  0xFE69, 0xFEAA, 0xFE49, 0xF81F, 0xF81F, 0xFD66, 0xFD66, 0xFD66, 0xFD86, 0xFD46,
  0xFD46, 0xFDA6, 0xFD46, 0xFDC6, 0xFD66, 0xF81F, 0xF81F, 0xF81F, 0xFE69, 0xFEAA,
  0xFE49, 0xFE69, 0xFE69, 0xFE69, 0xFE69, 0xFE69, 0xFE69, 0xFE69, 0xFE69, 0xFE69,
  0xFE69, 0xFE69, 0xFE69, 0xFE69, 0xFE69, 0xFE69, 0xFE69, 0xFE69, 0xFE69, 0xFE49,
  0xFE69, 0xFE69, 0xFE6A, 0xF81F, 0xF81F, 0xFD66, 0xFDA6, 0xFD46, 0xFDA6, 0xFD46,
  0xFD46, 0xFD66, 0xFD46, 0xFDA6, 0xFD66, 0xF81F, 0xF81F, 0xF81F, 0xFE49, 0xFEAA,
  0xFE49, 0xFE69, 0xFE69, 0xFE69, 0xFE69, 0xFE69, 0xFE69, 0xFE69, 0xFE69, 0xFE69,
  0xFE69, 0xFE69, 0xFE69, 0xFE69, 0xFE69, 0xFE69, 0xFE69, 0xFE69, 0xFE69, 0xFE49,
  0xFEAA, 0xFE49, 0xF81F, 0xF81F, 0xF81F, 0xFD66, 0xFDA6, 0xFD66, 0xFD86, 0xFD46,
  0xF81F, 0xFD66, 0xFD66, 0xFD86, 0xFD46, 0xF81F, 0xF81F, 0xF81F, 0xFE69, 0xFEAA,
  0xFE49, 0xFE69, 0xFE69, 0xFE69, 0xFE69, 0xFE69, 0xFE69, 0xFE69, 0xFE69, 0xFE69,
  0xFE69, 0xFE69, 0xFE69, 0xFE69, 0xFE69, 0xFE69, 0xFE69, 0xFE69, 0xFE69, 0xFE49,
  0xFECA, 0xFE69, 0xF81F, 0xF81F, 0xF81F, 0xFD66, 0xFD86, 0xFD66, 0xFD66, 0xFD66,
  0xF81F, 0xFD46, 0xFD86, 0xFD66, 0xFD46, 0xFD66, 0xF81F, 0xF81F, 0xF81F, 0xFE69,
  0xFE89, 0xFE49, 0xFE69, 0xFE69, 0xFE69, 0xFE69, 0xFE69, 0xFE69, 0xFE69, 0xFE69,
  0xFE69, 0xFE69, 0xFE69, 0xFE69, 0xFE69, 0xFE69, 0xFE69, 0xFE69, 0xFE69, 0xFE49,
  0xFE8A, 0xFE69, 0xF81F, 0xF81F, 0xF81F, 0xFD46, 0xFD66, 0xFD86, 0xFD66, 0xF81F,
  0xF81F, 0xFD66, 0xFDA6, 0xFD46, 0xFD86, 0xFD46, 0xF81F, 0xF81F, 0xF81F, 0xFE69,
  0xFECA, 0xFE69, 0xFE69, 0xFE69, 0xFE69, 0xFE69, 0xFE69, 0xFE69, 0xFE69, 0xFE69,
  0xFE69, 0xFE69, 0xFE69, 0xFE69, 0xFE69, 0xFE69, 0xFE69, 0xFE69, 0xFE49, 0xFE89,
  0xFE49, 0xF81F, 0xF81F, 0xF81F, 0xFD66, 0xFD66, 0xFD66, 0xFD86, 0xFD66, 0xF81F,
  0xF81F, 0xFD66, 0xFDC6, 0xFD46, 0xFDC6, 0xFD46, 0xF81F, 0xF81F, 0xF81F, 0xFE69,
  0xFE69, 0xFE49, 0xFE69, 0xFE69, 0xFE69, 0xFE69, 0xFE69, 0xFE69, 0xFE69, 0xFE69,
  0xFE69, 0xFE69, 0xFE69, 0xFE69, 0xFE69, 0xFE69, 0xFE69, 0xFE69, 0xFE49, 0xFECA,
  0xFE49, 0xF81F, 0xF81F, 0xF81F, 0xFD66, 0xFDA6, 0xFD66, 0xFDA6, 0xFD66, 0xF81F,
  0xF81F, 0xFD46, 0xFDA6, 0xFD66, 0xFDA6, 0xFD46, 0xF81F, 0xF81F, 0xF81F, 0xF81F,
  0xFE49, 0xFEAA, 0xFE69, 0xFE69, 0xFE69, 0xFE69, 0xFE69, 0xFE69, 0xFE69, 0xFE69,
  0xFE69, 0xFE69, 0xFE69, 0xFE69, 0xFE69, 0xFE69, 0xFE69, 0xFE69, 0xFE69, 0xFE49,
  0xFE6A, 0xF81F, 0xF81F, 0xF81F, 0xFD46, 0xFDC6, 0xFD66, 0xFDC6, 0xFD46, 0xF81F,
  0xF81F, 0xFD66, 0xFD46, 0xFD66, 0xFD66, 0xFD66, 0xFD66, 0xF81F, 0xF81F, 0xF81F,
  0xFE8A, 0xFE89, 0xFE69, 0xFE69, 0xFE69, 0xFE69, 0xFE69, 0xFE69, 0xFE69, 0xFE69,
  0xFE69, 0xFE69, 0xFE69, 0xFE69, 0xFE69, 0xFE69, 0xFE69, 0xFE69, 0xFECA, 0xFE69,
  0xF81F, 0xF81F, 0xF81F, 0xF81F, 0xFD66, 0xFD66, 0xFD46, 0xFDA6, 0xFD66, 0xF81F,
  0xF81F, 0xF81F, 0xFD46, 0xFD86, 0xFD46, 0xFD86, 0xFD66, 0xFD66, 0xFD66, 0xFD66,
  0xFD87, 0xFE49, 0xFE8A, 0xFE49, 0xFE69, 0xFE69, 0xFE69, 0xFE69, 0xFE69, 0xFE69,
  0xFE69, 0xFE69, 0xFE69, 0xFE69, 0xFE69, 0xFE69, 0xFE69, 0xFE69, 0xFE69, 0xFDE7,
  0xFD86, 0xFD66, 0xFD46, 0xFD46, 0xFD86, 0xFD66, 0xFD66, 0xFD46, 0xFD46, 0xF81F,
  0xF81F, 0xF81F, 0xFD46, 0xFDC6, 0xFD66, 0xFD46, 0xFD86, 0xFD86, 0xFD66, 0xFD66,
  0xFD66, 0xFDA7, 0xFE69, 0xFE69, 0xFE69, 0xFE69, 0xFE69, 0xFE69, 0xFE69, 0xFE69,
  0xFE69, 0xFE69, 0xFE69, 0xFE69, 0xFE69, 0xFE69, 0xFE49, 0xFE69, 0xFDE8, 0xFD46,
  0xFD66, 0xFD66, 0xFD86, 0xFD86, 0xFD46, 0xFD46, 0xFDA6, 0xFD66, 0xF81F, 0xF81F,
  0xF81F, 0xF81F, 0xF81F, 0xFD66, 0xFDC6, 0xFD66, 0xFD46, 0xFD46, 0xFD66, 0xFD66,
  0xFD66, 0xFD46, 0xFE08, 0xFE69, 0xFE69, 0xFE69, 0xFE69, 0xFE69, 0xFE69, 0xFE69,
  0xFE69, 0xFE69, 0xFE69, 0xFE69, 0xFE69, 0xFE69, 0xFE69, 0xFE49, 0xFD66, 0xFD46,
  0xFD66, 0xFD66, 0xFD46, 0xFD66, 0xFD66, 0xFDA6, 0xFD86, 0xFD66, 0xF81F, 0xF81F,
  0xF81F, 0xF81F, 0xF81F, 0xFD65, 0xFD66, 0xFD66, 0xFDA6, 0xFDA6, 0xFDA6, 0xFDA6,
  0xFDA6, 0xFDA6, 0xFDC7, 0xFE89, 0xFE69, 0xFE69, 0xFE69, 0xFE69, 0xFE69, 0xFE69,
  0xFE69, 0xFE69, 0xFE69, 0xFE69, 0xFE69, 0xFE49, 0xFEAA, 0xFE07, 0xFD86, 0xFDA6,
  0xFDA6, 0xFDA6, 0xFDA6, 0xFDA6, 0xFD86, 0xFD66, 0xFD26, 0xF81F, 0xF81F, 0xF81F,
  0xF81F, 0xF81F, 0xF81F, 0xF81F, 0xF81F, 0xFD46, 0xFDA6, 0xFD66, 0xFD66, 0xFD66,
  0xFD66, 0xFD66, 0xFD46, 0xFE29, 0xFEAA, 0xFE69, 0xFE69, 0xFE69, 0xFE69, 0xFE69,
  0xFE69, 0xFE69, 0xFE69, 0xFE69, 0xFE49, 0xFECA, 0xFE49, 0xFD66, 0xFD66, 0xFD66,
  0xFD66, 0xFD66, 0xFD66, 0xFD66, 0xFD46, 0xF81F, 0xF81F, 0xF81F, 0xF81F, 0xF81F,
  0xF81F, 0xF81F, 0xF81F, 0xF81F, 0xF81F, 0xF81F, 0xF81F, 0xF81F, 0xF81F, 0xF81F,
  0xF81F, 0xF81F, 0xF81F, 0xF81F, 0xFE49, 0xFECA, 0xFE49, 0xFE69, 0xFE69, 0xFE69,
  0xFE69, 0xFE69, 0xFE69, 0xFE49, 0xFEAA, 0xFE69, 0xF81F, 0xF81F, 0xF81F, 0xF81F,
  0xF81F, 0xF81F, 0xF81F, 0xF81F, 0xF81F, 0xF81F, 0xF81F, 0xF81F, 0xF81F, 0xF81F,
  0xF81F, 0xF81F, 0xF81F, 0xF81F, 0xF81F, 0xF81F, 0xF81F, 0xF81F, 0xF81F, 0xF81F,
  0xF81F, 0xF81F, 0xF81F, 0xF81F, 0xF81F, 0xFE69, 0xFEEA, 0xFE49, 0xFE69, 0xFE69,
  0xFE69, 0xFE69, 0xFE49, 0xFEAA, 0xFE89, 0xFE69, 0xF81F, 0xF81F, 0xF81F, 0xF81F,
  0xF81F, 0xF81F, 0xF81F, 0xF81F, 0xF81F, 0xF81F, 0xF81F, 0xF81F, 0xF81F, 0xF81F,
  0xF81F, 0xF81F, 0xF81F, 0xF81F, 0xF81F, 0xF81F, 0xF81F, 0xF81F, 0xF81F, 0xF81F,
  0xF81F, 0xF81F, 0xF81F, 0xF81F, 0xF81F, 0xF81F, 0xFE69, 0xFEAA, 0xFE49, 0xFE69,
  0xFE69, 0xFE49, 0xFE89, 0xFE89, 0xFE69, 0xF81F, 0xF81F, 0xF81F, 0xF81F, 0xF81F,
  0xF81F, 0xF81F, 0xF81F, 0xF81F, 0xF81F, 0xF81F, 0xF81F, 0xF81F, 0xF81F, 0xF81F,
  0xF81F, 0xF81F, 0xF81F, 0xF81F, 0xF81F, 0xF81F, 0xF81F, 0xF81F, 0xF81F, 0xF81F,
  0xF81F, 0xF81F, 0xF81F, 0xF81F, 0xF81F, 0xF81F, 0xFD66, 0xFE68, 0xFE69, 0xFE69,
  0xFE69, 0xFE69, 0xFE89, 0xFDA7, 0xF81F, 0xF81F, 0xF81F, 0xF81F, 0xF81F, 0xF81F,
  0xF81F, 0xF81F, 0xF81F, 0xF81F, 0xF81F, 0xF81F, 0xF81F, 0xF81F, 0xF81F, 0xF81F,
  0xF81F, 0xF81F, 0xF81F, 0xF81F, 0xF81F, 0xF81F, 0xF81F, 0xF81F, 0xF81F, 0xF81F,
  0xF81F, 0xF81F, 0xF81F, 0xF81F, 0xF81F, 0xF81F, 0xFD46, 0xFDA6, 0xFD86, 0xFDE8,
  0xFDE8, 0xFDA7, 0xFDC6, 0xFD46, 0xF81F, 0xF81F, 0xF81F, 0xF81F, 0xF81F, 0xF81F,
  0xF81F, 0xF81F, 0xF81F, 0xF81F, 0xF81F, 0xF81F, 0xF81F, 0xF81F, 0xF81F, 0xF81F,
  0xF81F, 0xF81F, 0xF81F, 0xF81F, 0xF81F, 0xF81F, 0xF81F, 0xF81F, 0xF81F, 0xF81F,
  0xF81F, 0xF81F, 0xF81F, 0xF81F, 0xF81F, 0xF81F, 0xFD66, 0xFDA6, 0xFD46, 0xFD46,
  0xFD46, 0xFD46, 0xFDA6, 0xFD66, 0xF81F, 0xF81F, 0xF81F, 0xF81F, 0xF81F, 0xF81F,
  0xF81F, 0xF81F, 0xF81F, 0xF81F, 0xF81F, 0xF81F, 0xF81F, 0xF81F, 0xF81F, 0xF81F,
  0xF81F, 0xF81F, 0xF81F, 0xF81F, 0xF81F, 0xF81F, 0xF81F, 0xF81F, 0xF81F, 0xF81F,
  0xF81F, 0xF81F, 0xF81F, 0xF81F, 0xF81F, 0xF81F, 0xFD46, 0xFD86, 0xFD66, 0xFD66,
  0xFD66, 0xFD66, 0xFD86, 0xFD66, 0xF81F, 0xF81F, 0xF81F, 0xF81F, 0xF81F, 0xF81F,
  0xF81F, 0xF81F, 0xF81F, 0xF81F, 0xF81F, 0xF81F, 0xF81F, 0xF81F, 0xF81F, 0xF81F,
  0xF81F, 0xF81F, 0xF81F, 0xF81F, 0xF81F, 0xF81F, 0xF81F, 0xF81F, 0xF81F, 0xF81F,
  0xF81F, 0xF81F, 0xF81F, 0xF81F, 0xF81F, 0xFD66, 0xFD66, 0xFD66, 0xFD66, 0xFD66,
  0xFD66, 0xFD46, 0xFD66, 0xFD46, 0xFD66, 0xF81F, 0xF81F, 0xF81F, 0xF81F, 0xF81F,
  0xF81F, 0xF81F, 0xF81F, 0xF81F, 0xF81F, 0xF81F, 0xF81F, 0xF81F, 0xF81F, 0xF81F,
  0xF81F, 0xF81F, 0xF81F, 0xF81F, 0xF81F, 0xF81F, 0xF81F, 0xF81F, 0xF81F, 0xF81F,
  0xF81F, 0xF81F, 0xF81F, 0xF81F, 0xF81F, 0xFD46, 0xFDA6, 0xFD46, 0xFD46, 0xFD46,
  0xFD46, 0xFD46, 0xFD46, 0xFDA6, 0xFD46, 0xF81F, 0xF81F, 0xF81F, 0xF81F, 0xF81F,
  0xF81F, 0xF81F, 0xF81F, 0xF81F, 0xF81F, 0xF81F, 0xF81F, 0xF81F, 0xF81F, 0xF81F,
  0xF81F, 0xF81F, 0xF81F, 0xF81F, 0xF81F, 0xF81F, 0xF81F, 0xF81F, 0xF81F, 0xF81F,
  0xF81F, 0xF81F, 0xF81F, 0xF81F, 0xF81F, 0xFD86, 0xFDA6, 0xFD86, 0xFD86, 0xFD86,
  0xFD86, 0xFD86, 0xFD86, 0xFDA6, 0xFD85, 0xF81F, 0xF81F, 0xF81F, 0xF81F, 0xF81F,
  0xF81F, 0xF81F, 0xF81F, 0xF81F, 0xF81F, 0xF81F, 0xF81F, 0xF81F, 0xF81F, 0xF81F,
  0xF81F, 0xF81F, 0xF81F, 0xF81F, 0xF81F, 0xF81F, 0xF81F, 0xF81F, 0xF81F, 0xF81F,
  0xF81F, 0xC34A, 0xC36A, 0xC349, 0xCB89, 0xDC08, 0xD3E8, 0xD3E8, 0xD3E8, 0xD3E8,
  0xD3E8, 0xD3E8, 0xD3E8, 0xD3E8, 0xD408, 0xC369, 0xC349, 0xC349, 0xC34A, 0xBB6A,
  0xF81F, 0xF81F, 0xF81F, 0xF81F, 0xF81F, 0xF81F, 0xF81F, 0xF81F, 0xF81F, 0xF81F,
  0xF81F, 0xF81F, 0xF81F, 0xF81F, 0xF81F, 0xF81F, 0xF81F, 0xF81F, 0xF81F, 0xF81F,
  0xC349, 0xD38A, 0xCB6A, 0xCB8A, 0xCB6A, 0xBB2A, 0xBB2A, 0xBB2A, 0xBB2A, 0xBB2A,
  0xBB2A, 0xBB2A, 0xBB2A, 0xBB2A, 0xBB2A, 0xCB6A, 0xCB8A, 0xCB6A, 0xD3AA, 0xC349,
  0xF81F, 0xF81F, 0xF81F, 0xF81F, 0xF81F, 0xF81F, 0xF81F, 0xF81F, 0xF81F, 0xF81F,
  0xF81F, 0xF81F, 0xF81F, 0xF81F, 0xF81F, 0xF81F, 0xF81F, 0xF81F, 0xF81F, 0xF81F,
  0xC349, 0xC349, 0xC349, 0xC349, 0xC349, 0xC349, 0xC349, 0xC349, 0xC349, 0xC349,
  0xC349, 0xC349, 0xC349, 0xC349, 0xC349, 0xC349, 0xC349, 0xC349, 0xC34A, 0xC349,
  0xF81F, 0xF81F, 0xF81F, 0xF81F, 0xF81F, 0xF81F, 0xF81F, 0xF81F, 0xF81F, 0xF81F,
  0xF81F, 0xF81F, 0xF81F, 0xF81F, 0xF81F, 0xF81F, 0xF81F, 0xF81F, 0xBB49, 0xCB4A,
  0xC349, 0xC34A, 0xC349, 0xC349, 0xC349, 0xC349, 0xC349, 0xC349, 0xC349, 0xC349,
  0xC349, 0xC349, 0xC349, 0xC349, 0xC349, 0xC349, 0xC349, 0xC349, 0xC34A, 0xC349,
  0xCB6A, 0xBB49, 0xF81F, 0xF81F, 0xF81F, 0xF81F, 0xF81F, 0xF81F, 0xF81F, 0xF81F,
  0xF81F, 0xF81F, 0xF81F, 0xF81F, 0xF81F, 0xF81F, 0xF81F, 0xC32A, 0xC349, 0xD38A,
  0xC349, 0xC349, 0xC349, 0xC349, 0xC349, 0xC349, 0xC349, 0xC349, 0xC349, 0xC349,
  0xC349, 0xC349, 0xC349, 0xC349, 0xC349, 0xC349, 0xC349, 0xC349, 0xC349, 0xC349,
  0xD38A, 0xC34A, 0xBB49, 0xF81F, 0xF81F, 0xF81F, 0xF81F, 0xF81F, 0xF81F, 0xF81F,
  0xF81F, 0xF81F, 0xF81F, 0xF81F, 0xF81F, 0xF81F, 0xF81F, 0xC349, 0xD38A, 0xC349,
  0xC349, 0xC349, 0xC349, 0xC349, 0xC349, 0xC349, 0xC349, 0xC349, 0xC349, 0xC349,
  0xC349, 0xC349, 0xC349, 0xC349, 0xC349, 0xC349, 0xC349, 0xC349, 0xC349, 0xC349,
  0xC349, 0xCB6A, 0xC349, 0xF81F, 0xF81F, 0xF81F, 0xF81F, 0xF81F, 0xF81F, 0xF81F,
  0xF81F, 0xF81F, 0xF81F, 0xF81F, 0xF81F, 0xF81F, 0xF81F, 0xF81F, 0xC349, 0xC34A,
  0xC349, 0xC349, 0xC349, 0xC349, 0xC349, 0xC349, 0xC349, 0xC349, 0xC349, 0xC349,
  0xC349, 0xC349, 0xC349, 0xC349, 0xC349, 0xC349, 0xC349, 0xC349, 0xC349, 0xC349,
  0xC349, 0xC34A, 0xC34A, 0xF81F, 0xF81F, 0xF81F, 0xF81F, 0xF81F, 0xF81F, 0xF81F
};

static const uint16_t kEmoji_broom[1600] PROGMEM = {
  0xF81F, 0xF81F, 0xF81F, 0xF81F, 0xF81F, 0xF81F, 0xF81F, 0xF81F, 0xF81F, 0xF81F,
  0xF81F, 0xF81F, 0xF81F, 0xF81F, 0xF81F, 0xF81F, 0xF81F, 0xF81F, 0xF81F, 0xF81F,
  0xF81F, 0xF81F, 0xF81F, 0xF81F, 0xF81F, 0xF81F, 0xF81F, 0xF81F, 0xF81F, 0xF81F,
  0xF81F, 0xF81F, 0xF81F, 0xF81F, 0xF81F, 0xF81F, 0xC34A, 0xD38A, 0xC329, 0xF81F,
  0xF81F, 0xF81F, 0xF81F, 0xF81F, 0xF81F, 0xF81F, 0xF81F, 0xF81F, 0xF81F, 0xF81F,
  0xF81F, 0xF81F, 0xF81F, 0xF81F, 0xF81F, 0xF81F, 0xF81F, 0xF81F, 0xF81F, 0xF81F,
  0xF81F, 0xF81F, 0xF81F, 0xF81F, 0xF81F, 0xF81F, 0xF81F, 0xF81F, 0xF81F, 0xF81F,
  0xF81F, 0xF81F, 0xF81F, 0xF81F, 0xF81F, 0xC329, 0xCB6A, 0xCB8A, 0xC34A, 0xBB49,
  0xF81F, 0xF81F, 0xF81F, 0xF81F, 0xF81F, 0xF81F, 0xF81F, 0xF81F, 0xF81F, 0xF81F,
  0xF81F, 0xF81F, 0xF81F, 0xF81F, 0xF81F, 0xF81F, 0xF81F, 0xF81F, 0xF81F, 0xF81F,
  0xF81F, 0xF81F, 0xF81F, 0xF81F, 0xF81F, 0xF81F, 0xF81F, 0xF81F, 0xF81F, 0xF81F,
  0xF81F, 0xF81F, 0xF81F, 0xF81F, 0xC349, 0xCB6A, 0xC349, 0xC349, 0xCB8A, 0xBB49,
  0xF81F, 0xF81F, 0xF81F, 0xF81F, 0xF81F, 0xF81F, 0xF81F, 0xF81F, 0xF81F, 0xF81F,
  0xF81F, 0xF81F, 0xF81F, 0xF81F, 0xF81F, 0xF81F, 0xF81F, 0xF81F, 0xF81F, 0xF81F,
  0xF81F, 0xF81F, 0xF81F, 0xF81F, 0xF81F, 0xF81F, 0xF81F, 0xF81F, 0xF81F, 0xF81F,
  0xF81F, 0xF81F, 0xF81F, 0xC349, 0xCB6A, 0xC349, 0xBB49, 0xC349, 0xCB6A, 0xC349,
  0xF81F, 0xF81F, 0xF81F, 0xF81F, 0xF81F, 0xF81F, 0xF81F, 0xF81F, 0xF81F, 0xF81F,
  0xF81F, 0xF81F, 0xF81F, 0xF81F, 0xF81F, 0xF81F, 0xF81F, 0xF81F, 0xF81F, 0xF81F,
  0xF81F, 0xF81F, 0xF81F, 0xF81F, 0xF81F, 0xF81F, 0xF81F, 0xF81F, 0xF81F, 0xF81F,
  0xF81F, 0xF81F, 0xC349, 0xCB6A, 0xC349, 0xC349, 0xC349, 0xCB6A, 0xBB29, 0xF81F,
  0xF81F, 0xF81F, 0xF81F, 0xF81F, 0xF81F, 0xF81F, 0xF81F, 0xF81F, 0xF81F, 0xF81F,
  0xF81F, 0xF81F, 0xF81F, 0xF81F, 0xF81F, 0xF81F, 0xF81F, 0xF81F, 0xF81F, 0xF81F,
  0xF81F, 0xF81F, 0xF81F, 0xF81F, 0xF81F, 0xF81F, 0xF81F, 0xF81F, 0xF81F, 0xF81F,
  0xF81F, 0xC349, 0xCB6A, 0xC349, 0xC349, 0xC349, 0xCB6A, 0xC349, 0xF81F, 0xF81F,
  0xF81F, 0xF81F, 0xF81F, 0xF81F, 0xF81F, 0xF81F, 0xF81F, 0xF81F, 0xF81F, 0xF81F,
  0xF81F, 0xF81F, 0xF81F, 0xF81F, 0xF81F, 0xF81F, 0xF81F, 0xF81F, 0xF81F, 0xF81F,
  0xF81F, 0xF81F, 0xF81F, 0xF81F, 0xF81F, 0xF81F, 0xF81F, 0xF81F, 0xF81F, 0xF81F,
  0xBB49, 0xCB6A, 0xC349, 0xBB49, 0xC349, 0xCB6A, 0xC349, 0xF81F, 0xF81F, 0xF81F,
  0xF81F, 0xF81F, 0xF81F, 0xF81F, 0xF81F, 0xF81F, 0xF81F, 0xF81F, 0xF81F, 0xF81F,
  0xF81F, 0xF81F, 0xF81F, 0xF81F, 0xF81F, 0xF81F, 0xF81F, 0xF81F, 0xF81F, 0xF81F,
  0xF81F, 0xF81F, 0xF81F, 0xF81F, 0xF81F, 0xF81F, 0xF81F, 0xF81F, 0xF81F, 0xBB49,
  0xCB6A, 0xC349, 0xC349, 0xC349, 0xCB6A, 0xBB49, 0xF81F, 0xF81F, 0xF81F, 0xF81F,
  0xF81F, 0xF81F, 0xF81F, 0xF81F, 0xF81F, 0xF81F, 0xF81F, 0xF81F, 0xF81F, 0xF81F,
  0xF81F, 0xF81F, 0xF81F, 0xF81F, 0xF81F, 0xF81F, 0xF81F, 0xF81F, 0xF81F, 0xF81F,
  0xF81F, 0xF81F, 0xF81F, 0xF81F, 0xF81F, 0xF81F, 0xF81F, 0xF81F, 0xC349, 0xCB6A,
  0xC349, 0xBB49, 0xC349, 0xCB6A, 0xBB49, 0xF81F, 0xF81F, 0xF81F, 0xF81F, 0xF81F,
  0xF81F, 0xF81F, 0xF81F, 0xF81F, 0xF81F, 0xF81F, 0xF81F, 0xF81F, 0xF81F, 0xF81F,
  0xF81F, 0xF81F, 0xF81F, 0xF81F, 0xF81F, 0xF81F, 0xF81F, 0xF81F, 0xF81F, 0xF81F,
  0xF81F, 0xF81F, 0xF81F, 0xF81F, 0xF81F, 0xF81F, 0xF81F, 0xC349, 0xCB6A, 0xC349,
  0xC349, 0xC349, 0xCB6A, 0xC349, 0xF81F, 0xF81F, 0xF81F, 0xF81F, 0xF81F, 0xF81F,
  0xF81F, 0xF81F, 0xF81F, 0xF81F, 0xF81F, 0xF81F, 0xF81F, 0xF81F, 0xF81F, 0xF81F,
  0xF81F, 0xF81F, 0xF81F, 0xF81F, 0xF81F, 0xF81F, 0xF81F, 0xF81F, 0xF81F, 0xF81F,
  0xF81F, 0xF81F, 0xF81F, 0xF81F, 0xF81F, 0xF81F, 0xC349, 0xCB6A, 0xC349, 0xC349,
  0xC349, 0xCB6A, 0xC349, 0xF81F, 0xF81F, 0xF81F, 0xF81F, 0xF81F, 0xF81F, 0xF81F,
  0xF81F, 0xF81F, 0xF81F, 0xF81F, 0xF81F, 0xF81F, 0xF81F, 0xF81F, 0xF81F, 0xF81F,
  0xF81F, 0xF81F, 0xF81F, 0xF81F, 0xF81F, 0xF81F, 0xF81F, 0xF81F, 0xF81F, 0xF81F,
  0xF81F, 0xF81F, 0xF81F, 0xF81F, 0xF81F, 0xBB49, 0xCB6A, 0xC349, 0xBB49, 0xC349,
  0xCB6A, 0xC349, 0xF81F, 0xF81F, 0xF81F, 0xF81F, 0xF81F, 0xF81F, 0xF81F, 0xF81F,
  0xF81F, 0xF81F, 0xF81F, 0xF81F, 0xF81F, 0xF81F, 0xF81F, 0xF81F, 0xF81F, 0xF81F,
  0xF81F, 0xF81F, 0xF81F, 0xF81F, 0xF81F, 0xF81F, 0xF81F, 0xF81F, 0xF81F, 0xF81F,
  0xF81F, 0xF81F, 0xF81F, 0xF81F, 0xBB49, 0xCB6A, 0xC349, 0xC349, 0xC349, 0xCB6A,
  0xBB49, 0xF81F, 0xF81F, 0xF81F, 0xF81F, 0xF81F, 0xF81F, 0xF81F, 0xF81F, 0xF81F,
  0xF81F, 0xF81F, 0xF81F, 0xF81F, 0xF81F, 0xF81F, 0xF81F, 0xF81F, 0xF81F, 0xF81F,
  0xF81F, 0xF81F, 0xF81F, 0xF81F, 0xF81F, 0xF81F, 0xF81F, 0xF81F, 0xF81F, 0xF81F,
  0xF81F, 0xF81F, 0xF81F, 0xC349, 0xCB6A, 0xC349, 0xBB49, 0xC349, 0xCB6A, 0xBB49,
  0xF81F, 0xF81F, 0xF81F, 0xF81F, 0xF81F, 0xF81F, 0xF81F, 0xF81F, 0xF81F, 0xF81F,
  0xF81F, 0xF81F, 0xF81F, 0xF81F, 0xF81F, 0xF81F, 0xF81F, 0xF81F, 0xF81F, 0xF81F,
  0xF81F, 0xF81F, 0xF81F, 0xF81F, 0xF81F, 0xF81F, 0xF81F, 0xF81F, 0xF81F, 0xF81F,
  0xF81F, 0xF81F, 0xBB49, 0xCB6A, 0xC349, 0xC349, 0xC349, 0xCB6A, 0xC349, 0xF81F,
  0xF81F, 0xF81F, 0xF81F, 0xF81F, 0xF81F, 0xF81F, 0xF81F, 0xF81F, 0xF81F, 0xF81F,
  0xF81F, 0xF81F, 0xF81F, 0xF81F, 0xF81F, 0xF81F, 0xF81F, 0xF81F, 0xF81F, 0xF81F,
  0xF81F, 0xF81F, 0xF81F, 0xF81F, 0xF81F, 0xF81F, 0xF81F, 0xF81F, 0xF81F, 0xF81F,
  0xF81F, 0xC349, 0xCB6A, 0xC349, 0xC349, 0xC349, 0xCB6A, 0xC349, 0xF81F, 0xF81F,
  0xF81F, 0xF81F, 0xF81F, 0xF81F, 0xF81F, 0xF81F, 0xF81F, 0xF81F, 0xF81F, 0xF81F,
  0xF81F, 0xF81F, 0xF81F, 0xF81F, 0xF81F, 0xF81F, 0xF81F, 0xF81F, 0xF81F, 0xF81F,
  0xF81F, 0xF81F, 0xF81F, 0xF81F, 0xF81F, 0xF81F, 0xF81F, 0xF81F, 0xF81F, 0x638F,
  0x63AF, 0x838E, 0xAB6B, 0xC349, 0xC349, 0xCB6A, 0xC349, 0xF81F, 0xF81F, 0xF81F,
  0xF81F, 0xF81F, 0xF81F, 0xF81F, 0xF81F, 0xF81F, 0xF81F, 0xF81F, 0xF81F, 0xF81F,
  0xF81F, 0xF81F, 0xF81F, 0xF81F, 0xF81F, 0xF81F, 0xF81F, 0xF81F, 0xF81F, 0xF81F,
  0xF81F, 0xFE65, 0xFE6A, 0xFE49, 0xFE69, 0xFE6A, 0xF81F, 0xF81F, 0x6BAF, 0x6BF1,
  0x6BD0, 0x63B0, 0x63AF, 0xAB6B, 0xCB6A, 0xBB49, 0xF81F, 0xF81F, 0xF81F, 0xF81F,
  0xF81F, 0xF81F, 0xF81F, 0xF81F, 0xF81F, 0xF81F, 0xF81F, 0xF81F, 0xF81F, 0xF81F,
  0xF81F, 0xF81F, 0xF81F, 0xF81F, 0xF81F, 0xF81F, 0xF81F, 0xF81F, 0xF81F, 0xF81F,
  0x4D7F, 0xC632, 0xFEC8, 0xFEAA, 0xFEAA, 0xFE69, 0xFE89, 0xA4CD, 0x63B0, 0x63AF,
  0x63AF, 0x6BAF, 0x63B0, 0x8BAE, 0xC349, 0xF81F, 0xF81F, 0xF81F, 0xF81F, 0xF81F,
  0xF81F, 0xF81F, 0xF81F, 0xF81F, 0xF81F, 0xF81F, 0xF81F, 0xF81F, 0xF81F, 0xF81F,
  0xF81F, 0xF81F, 0xF81F, 0xF81F, 0xF81F, 0xF81F, 0xF81F, 0xF81F, 0xF81F, 0x551B,
  0x4D3C, 0x559F, 0xBDF1, 0xFE68, 0xFE49, 0xFE69, 0xFEAA, 0xFE8A, 0xBD2C, 0x63AF,
  0x63B0, 0x63AF, 0x6BD0, 0x6BAF, 0xF81F, 0xF81F, 0xF81F, 0xF81F, 0xF81F, 0xF81F,
  0xF81F, 0xF81F, 0xF81F, 0xF81F, 0xF81F, 0xF81F, 0xF81F, 0xF81F, 0xF81F, 0xF81F,
  0xF81F, 0xF81F, 0xF81F, 0xF81F, 0xF81F, 0xF81F, 0xF81F, 0xF81F, 0x5D7D, 0x557E,
  0x33B5, 0x44DB, 0x559F, 0xBDF1, 0xFE68, 0xFE49, 0xFE49, 0xFE69, 0xFE89, 0xCD8B,
  0x63AF, 0x63AF, 0x6BF1, 0x638F, 0xF81F, 0xF81F, 0xF81F, 0xF81F, 0xF81F, 0xF81F,
  0xF81F, 0xF81F, 0xF81F, 0xF81F, 0xF81F, 0xF81F, 0xF81F, 0xF81F, 0xF81F, 0xF81F,
  0xF81F, 0xF81F, 0xF81F, 0xF81F, 0xF81F, 0xF81F, 0xF81F, 0xFE68, 0xD670, 0x5D9D,
  0x4D1C, 0x33B4, 0x44DB, 0x559F, 0xBDF1, 0xFE68, 0xFE69, 0xFE69, 0xFE49, 0xFE89,
  0xBD2C, 0x63B1, 0x63AF, 0xF81F, 0xF81F, 0xF81F, 0xF81F, 0xF81F, 0xF81F, 0xF81F,
  0xF81F, 0xF81F, 0xF81F, 0xF81F, 0xF81F, 0xF81F, 0xF81F, 0xF81F, 0xF81F, 0xF81F,
  0xF81F, 0xF81F, 0xF81F, 0xF81F, 0xF81F, 0xF81F, 0xFE49, 0xFECA, 0xFE68, 0xD60E,
  0x5D9E, 0x4D1C, 0x2BB4, 0x44DB, 0x559F, 0xBDF1, 0xFE68, 0xFE69, 0xFE69, 0xFE69,
  0xFE8A, 0xA4AD, 0xF81F, 0xF81F, 0xF81F, 0xF81F, 0xF81F, 0xF81F, 0xF81F, 0xF81F,
  0xF81F, 0xF81F, 0xF81F, 0xF81F, 0xF81F, 0xF81F, 0xF81F, 0xF81F, 0xF81F, 0xF81F,
  0xF81F, 0xF81F, 0xF81F, 0xF81F, 0xF81F, 0xFE49, 0xFECA, 0xFE69, 0xFE6A, 0xFE27,
  0xD56C, 0x5D9D, 0x4D1C, 0x2BB4, 0x44DB, 0x559F, 0xBDF1, 0xFE68, 0xFE69, 0xFE69,
  0xFEAA, 0xFE69, 0xF81F, 0xF81F, 0xF81F, 0xF81F, 0xF81F, 0xF81F, 0xF81F, 0xF81F,
  0xF81F, 0xF81F, 0xF81F, 0xF81F, 0xF81F, 0xF81F, 0xF81F, 0xF81F, 0xF81F, 0xF81F,
  0xF81F, 0xF81F, 0xF81F, 0xF81F, 0xFE69, 0xFECA, 0xFE49, 0xFE69, 0xFE29, 0xFD66,
  0xFDE6, 0xD62E, 0x5D9D, 0x4D1C, 0x33B4, 0x44DB, 0x559F, 0xBDF1, 0xFE68, 0xFE49,
  0xFE69, 0xFE89, 0xFE69, 0xF81F, 0xF81F, 0xF81F, 0xF81F, 0xF81F, 0xF81F, 0xF81F,
  0xF81F, 0xF81F, 0xF81F, 0xF81F, 0xF81F, 0xF81F, 0xF81F, 0xF81F, 0xF81F, 0xF81F,
  0xF81F, 0xF81F, 0xF81F, 0xFE69, 0xFECA, 0xFE69, 0xFE69, 0xFE29, 0xFD66, 0xFDE8,
  0xFE8A, 0xFE27, 0xD56C, 0x5D9D, 0x4D1C, 0x33B4, 0x44DB, 0x559F, 0xBDF1, 0xFE68,
  0xFE49, 0xFEAA, 0xFE49, 0xF81F, 0xF81F, 0xF81F, 0xF81F, 0xF81F, 0xF81F, 0xF81F,
  0xF81F, 0xF81F, 0xF81F, 0xF81F, 0xF81F, 0xF81F, 0xF81F, 0xF81F, 0xF81F, 0xF81F,
  0xF81F, 0xF81F, 0xFE69, 0xFECA, 0xFE69, 0xFE69, 0xFE29, 0xFD66, 0xFDE8, 0xFE8A,
  0xFE08, 0xFD66, 0xFE07, 0xD62E, 0x5D9D, 0x4D1C, 0x33B4, 0x44DB, 0x559F, 0xBDF1,
  0xFE68, 0xFEAA, 0xFE49, 0xF81F, 0xF81F, 0xF81F, 0xF81F, 0xF81F, 0xF81F, 0xF81F,
  0xF81F, 0xF81F, 0xF81F, 0xF81F, 0xF81F, 0xF81F, 0xF81F, 0xF81F, 0xF81F, 0xF81F,
  0xF81F, 0xFE49, 0xFECA, 0xFE69, 0xFE69, 0xFE29, 0xFD66, 0xFDE8, 0xFE8A, 0xFE08,
  0xFD66, 0xFE08, 0xFE8A, 0xFE07, 0xD56C, 0x5D9E, 0x4D1C, 0x2BB4, 0x44DB, 0x559F,
  0xBDF1, 0xFEC8, 0xFE49, 0xF81F, 0xF81F, 0xF81F, 0xF81F, 0xF81F, 0xF81F, 0xF81F,
  0xF81F, 0xF81F, 0xF81F, 0xF81F, 0xF81F, 0xF81F, 0xF81F, 0xF81F, 0xF81F, 0xF81F,
  0xFE69, 0xFEA9, 0xFE69, 0xFE69, 0xFE29, 0xFD66, 0xFDE8, 0xFE8A, 0xFE08, 0xFD66,
  0xFE08, 0xFE8A, 0xFE08, 0xFD66, 0xFE27, 0xD62E, 0x5D9D, 0x4D1C, 0x2BB4, 0x44DB,
  0x559F, 0xC631, 0xFE85, 0xF81F, 0xF81F, 0xF81F, 0xF81F, 0xF81F, 0xF81F, 0xF81F,
  0xF81F, 0xF81F, 0xF81F, 0xF81F, 0xF81F, 0xF81F, 0xF81F, 0xF81F, 0xF81F, 0xF81F,
  0xFE49, 0xFEAA, 0xFE69, 0xFE29, 0xFD66, 0xFDE8, 0xFE8A, 0xFE08, 0xFD66, 0xFE08,
  0xFE8A, 0xFE08, 0xFD66, 0xFE08, 0xFE8A, 0xFDE6, 0xD56C, 0x5D9E, 0x4D1C, 0x33B5,
  0x4D3C, 0x4D7F, 0xF81F, 0xF81F, 0xF81F, 0xF81F, 0xF81F, 0xF81F, 0xF81F, 0xF81F,
  0xF81F, 0xF81F, 0xF81F, 0xF81F, 0xF81F, 0xF81F, 0xF81F, 0xF81F, 0xF81F, 0xF81F,
  0xF81F, 0xFE69, 0xFE89, 0xFD66, 0xFDE8, 0xFE8A, 0xFE08, 0xFD66, 0xFE08, 0xFE8A,
  0xFE08, 0xFD66, 0xFE08, 0xFE8A, 0xFDE8, 0xFD66, 0xFE27, 0xD60E, 0x5D9D, 0x557E,
  0x4CFB, 0xF81F, 0xF81F, 0xF81F, 0xF81F, 0xF81F, 0xF81F, 0xF81F, 0xF81F, 0xF81F,
  0xF81F, 0xF81F, 0xF81F, 0xF81F, 0xF81F, 0xF81F, 0xF81F, 0xF81F, 0xF81F, 0xF81F,
  0xF81F, 0xF81F, 0xFD86, 0xFE48, 0xFE8A, 0xFE08, 0xFD66, 0xFE08, 0xFE8A, 0xFE08,
  0xFD66, 0xFE08, 0xFE8A, 0xFDE8, 0xFD66, 0xFE29, 0xFE6A, 0xFE68, 0xDE70, 0x5D7D,
  0xF81F, 0xF81F, 0xF81F, 0xF81F, 0xF81F, 0xF81F, 0xF81F, 0xF81F, 0xF81F, 0xF81F,
  0xF81F, 0xF81F, 0xF81F, 0xF81F, 0xF81F, 0xF81F, 0xF81F, 0xF81F, 0xF81F, 0xF81F,
  0xF81F, 0xF81F, 0xF81F, 0xFE89, 0xFE69, 0xFD46, 0xFE08, 0xFE8A, 0xFE08, 0xFD66,
  0xFE08, 0xFE8A, 0xFDE8, 0xFD66, 0xFE29, 0xFE69, 0xFE69, 0xFECA, 0xFE68, 0xF81F,
  0xF81F, 0xF81F, 0xF81F, 0xF81F, 0xF81F, 0xF81F, 0xF81F, 0xF81F, 0xF81F, 0xF81F,
  0xF81F, 0xF81F, 0xF81F, 0xF81F, 0xF81F, 0xF81F, 0xF81F, 0xF81F, 0xF81F, 0xF81F,
  0xF81F, 0xF81F, 0xF81F, 0xF81F, 0xFD66, 0xFE68, 0xFE8A, 0xFDE8, 0xFD66, 0xFE08,
  0xFE8A, 0xFDE8, 0xFD66, 0xFE29, 0xFE69, 0xFE69, 0xFECA, 0xFE69, 0xF81F, 0xF81F,
  0xF81F, 0xF81F, 0xF81F, 0xF81F, 0xF81F, 0xF81F, 0xF81F, 0xF81F, 0xF81F, 0xF81F,
  0xF81F, 0xF81F, 0xF81F, 0xF81F, 0xF81F, 0xF81F, 0xF81F, 0xF81F, 0xF81F, 0xF81F,
  0xF81F, 0xF81F, 0xF81F, 0xF81F, 0xF81F, 0xFE89, 0xFE68, 0xFD46, 0xFE08, 0xFE8A,
  0xFDE8, 0xFD66, 0xFE29, 0xFE69, 0xFE69, 0xFECA, 0xFE69, 0xF81F, 0xF81F, 0xF81F,
  0xF81F, 0xF81F, 0xF81F, 0xF81F, 0xF81F, 0xF81F, 0xF81F, 0xF81F, 0xF81F, 0xF81F,
  0xF81F, 0xF81F, 0xF81F, 0xF81F, 0xF81F, 0xF81F, 0xF81F, 0xF81F, 0xF81F, 0xF81F,
  0xF81F, 0xF81F, 0xF81F, 0xF81F, 0xF81F, 0xF81F, 0xFD66, 0xFE69, 0xFE8A, 0xFDE8,
  0xFD66, 0xFE29, 0xFE69, 0xFE49, 0xFECA, 0xFE69, 0xF81F, 0xF81F, 0xF81F, 0xF81F,
  0xF81F, 0xF81F, 0xF81F, 0xF81F, 0xF81F, 0xF81F, 0xF81F, 0xF81F, 0xF81F, 0xF81F,
  0xF81F, 0xF81F, 0xF81F, 0xF81F, 0xF81F, 0xF81F, 0xF81F, 0xF81F, 0xF81F, 0xF81F,
  0xF81F, 0xF81F, 0xF81F, 0xF81F, 0xF81F, 0xF81F, 0xF81F, 0xFE89, 0xFE48, 0xFD46,
  0xFE29, 0xFE69, 0xFE69, 0xFECA, 0xFE49, 0xF81F, 0xF81F, 0xF81F, 0xF81F, 0xF81F,
  0xF81F, 0xF81F, 0xF81F, 0xF81F, 0xF81F, 0xF81F, 0xF81F, 0xF81F, 0xF81F, 0xF81F,
  0xF81F, 0xF81F, 0xF81F, 0xF81F, 0xF81F, 0xF81F, 0xF81F, 0xF81F, 0xF81F, 0xF81F,
  0xF81F, 0xF81F, 0xF81F, 0xF81F, 0xF81F, 0xF81F, 0xF81F, 0xF81F, 0xFD86, 0xFE89,
  0xFE69, 0xFE69, 0xFECA, 0xFE49, 0xF81F, 0xF81F, 0xF81F, 0xF81F, 0xF81F, 0xF81F,
  0xF81F, 0xF81F, 0xF81F, 0xF81F, 0xF81F, 0xF81F, 0xF81F, 0xF81F, 0xF81F, 0xF81F,
  0xF81F, 0xF81F, 0xF81F, 0xF81F, 0xF81F, 0xF81F, 0xF81F, 0xF81F, 0xF81F, 0xF81F,
  0xF81F, 0xF81F, 0xF81F, 0xF81F, 0xF81F, 0xF81F, 0xF81F, 0xF81F, 0xF81F, 0xFE69,
  0xFEAA, 0xFE8A, 0xFE49, 0xF81F, 0xF81F, 0xF81F, 0xF81F, 0xF81F, 0xF81F, 0xF81F,
  0xF81F, 0xF81F, 0xF81F, 0xF81F, 0xF81F, 0xF81F, 0xF81F, 0xF81F, 0xF81F, 0xF81F,
  0xF81F, 0xF81F, 0xF81F, 0xF81F, 0xF81F, 0xF81F, 0xF81F, 0xF81F, 0xF81F, 0xF81F,
  0xF81F, 0xF81F, 0xF81F, 0xF81F, 0xF81F, 0xF81F, 0xF81F, 0xF81F, 0xF81F, 0xF81F,
  0xFE69, 0xFE69, 0xF81F, 0xF81F, 0xF81F, 0xF81F, 0xF81F, 0xF81F, 0xF81F, 0xF81F,
  0xF81F, 0xF81F, 0xF81F, 0xF81F, 0xF81F, 0xF81F, 0xF81F, 0xF81F, 0xF81F, 0xF81F,
  0xF81F, 0xF81F, 0xF81F, 0xF81F, 0xF81F, 0xF81F, 0xF81F, 0xF81F, 0xF81F, 0xF81F
};

static const uint16_t kEmoji_pencil[1600] PROGMEM = {
  0xF81F, 0xF81F, 0xF81F, 0xF81F, 0xF81F, 0xF81F, 0xEACD, 0xF2CE, 0xEACD, 0xEACD,
  0xF81F, 0xF81F, 0xF81F, 0xF81F, 0xF81F, 0xF81F, 0xF81F, 0xF81F, 0xF81F, 0xF81F,
  0xF81F, 0xF81F, 0xF81F, 0xF81F, 0xF81F, 0xF81F, 0xF81F, 0xF81F, 0xF81F, 0xF81F,
  0xF81F, 0xF81F, 0xF81F, 0xF81F, 0xF81F, 0xF81F, 0xF81F, 0xF81F, 0xF81F, 0xF81F,
  0xF81F, 0xF81F, 0xF81F, 0xF81F, 0xF81F, 0xEACD, 0xF2EE, 0xF2EE, 0xF2CE, 0xFAEE,
  0xEACE, 0xF81F, 0xF81F, 0xF81F, 0xF81F, 0xF81F, 0xF81F, 0xF81F, 0xF81F, 0xF81F,
  0xF81F, 0xF81F, 0xF81F, 0xF81F, 0xF81F, 0xF81F, 0xF81F, 0xF81F, 0xF81F, 0xF81F,
  0xF81F, 0xF81F, 0xF81F, 0xF81F, 0xF81F, 0xF81F, 0xF81F, 0xF81F, 0xF81F, 0xF81F,
  0xF81F, 0xF81F, 0xF81F, 0xF81F, 0xEACD, 0xF2EE, 0xEACD, 0xEACD, 0xEACD, 0xEAAD,
  0xFAEE, 0xDCF5, 0xF81F, 0xF81F, 0xF81F, 0xF81F, 0xF81F, 0xF81F, 0xF81F, 0xF81F,
  0xF81F, 0xF81F, 0xF81F, 0xF81F, 0xF81F, 0xF81F, 0xF81F, 0xF81F, 0xF81F, 0xF81F,
  0xF81F, 0xF81F, 0xF81F, 0xF81F, 0xF81F, 0xF81F, 0xF81F, 0xF81F, 0xF81F, 0xF81F,
  0xF81F, 0xF81F, 0xF81F, 0xEACD, 0xF2EE, 0xEACD, 0xEACD, 0xEACD, 0xEACD, 0xEAAD,
  0xDCD4, 0xDF5E, 0xC67A, 0xF81F, 0xF81F, 0xF81F, 0xF81F, 0xF81F, 0xF81F, 0xF81F,
  0xF81F, 0xF81F, 0xF81F, 0xF81F, 0xF81F, 0xF81F, 0xF81F, 0xF81F, 0xF81F, 0xF81F,
  0xF81F, 0xF81F, 0xF81F, 0xF81F, 0xF81F, 0xF81F, 0xF81F, 0xF81F, 0xF81F, 0xF81F,
  0xF81F, 0xF81F, 0xEACD, 0xF2EE, 0xEACD, 0xEACD, 0xEACD, 0xEACD, 0xEA8D, 0xDCD5,
  0xCF1C, 0xC65A, 0xA5B8, 0x9D56, 0xF81F, 0xF81F, 0xF81F, 0xF81F, 0xF81F, 0xF81F,
  0xF81F, 0xF81F, 0xF81F, 0xF81F, 0xF81F, 0xF81F, 0xF81F, 0xF81F, 0xF81F, 0xF81F,
  0xF81F, 0xF81F, 0xF81F, 0xF81F, 0xF81F, 0xF81F, 0xF81F, 0xF81F, 0xF81F, 0xF81F,
  0xF81F, 0xEACD, 0xF2EE, 0xEACD, 0xEACD, 0xEACD, 0xEACD, 0xEA8D, 0xDCD5, 0xCF1C,
  0xC65A, 0x9D56, 0x9536, 0xC69B, 0xCEDB, 0xF81F, 0xF81F, 0xF81F, 0xF81F, 0xF81F,
  0xF81F, 0xF81F, 0xF81F, 0xF81F, 0xF81F, 0xF81F, 0xF81F, 0xF81F, 0xF81F, 0xF81F,
  0xF81F, 0xF81F, 0xF81F, 0xF81F, 0xF81F, 0xF81F, 0xF81F, 0xF81F, 0xF81F, 0xF81F,
  0xEAAD, 0xF2EE, 0xEACD, 0xEACD, 0xEACD, 0xEACD, 0xEAAD, 0xDCD5, 0xCF1C, 0xC65A,
  0x9D56, 0x9556, 0xBE5A, 0xD6DC, 0xBE5A, 0x9D56, 0xF81F, 0xF81F, 0xF81F, 0xF81F,
  0xF81F, 0xF81F, 0xF81F, 0xF81F, 0xF81F, 0xF81F, 0xF81F, 0xF81F, 0xF81F, 0xF81F,
  0xF81F, 0xF81F, 0xF81F, 0xF81F, 0xF81F, 0xF81F, 0xF81F, 0xF81F, 0xF81F, 0xF81F,
  0xEACD, 0xF2EE, 0xEACD, 0xEACD, 0xEACD, 0xEAAD, 0xDCD5, 0xCF1C, 0xC65A, 0x9D56,
  0x9556, 0xBE5A, 0xD6DC, 0xADF8, 0x9535, 0xADD8, 0xC69B, 0xF81F, 0xF81F, 0xF81F,
  0xF81F, 0xF81F, 0xF81F, 0xF81F, 0xF81F, 0xF81F, 0xF81F, 0xF81F, 0xF81F, 0xF81F,
  0xF81F, 0xF81F, 0xF81F, 0xF81F, 0xF81F, 0xF81F, 0xF81F, 0xF81F, 0xF81F, 0xF81F,
  0xEACD, 0xF2CE, 0xEACD, 0xEACD, 0xEA8D, 0xDCD5, 0xCF1C, 0xC65A, 0x9D56, 0x9556,
  0xBE39, 0xD6DC, 0xADF8, 0x9536, 0x9D77, 0xC67B, 0xDF3D, 0xEE8F, 0xF81F, 0xF81F,
  0xF81F, 0xF81F, 0xF81F, 0xF81F, 0xF81F, 0xF81F, 0xF81F, 0xF81F, 0xF81F, 0xF81F,
  0xF81F, 0xF81F, 0xF81F, 0xF81F, 0xF81F, 0xF81F, 0xF81F, 0xF81F, 0xF81F, 0xF81F,
  0xEACD, 0xFB0E, 0xEACD, 0xEAAD, 0xDCD5, 0xCF1C, 0xC65A, 0x9D56, 0x9556, 0xBE3A,
  0xD6DC, 0xADF8, 0x9536, 0x9D77, 0xC69B, 0xCEDB, 0xEE6E, 0xFEC9, 0xFE69, 0xF81F,
  0xF81F, 0xF81F, 0xF81F, 0xF81F, 0xF81F, 0xF81F, 0xF81F, 0xF81F, 0xF81F, 0xF81F,
  0xF81F, 0xF81F, 0xF81F, 0xF81F, 0xF81F, 0xF81F, 0xF81F, 0xF81F, 0xF81F, 0xF81F,
  0xF81F, 0xEACD, 0xFAEE, 0xDCD4, 0xCF1C, 0xC65A, 0x9D56, 0x9556, 0xBE59, 0xD6DC,
  0xADF8, 0x9536, 0xA577, 0xC67B, 0xCEDB, 0xEE6F, 0xFE68, 0xFE49, 0xFECA, 0xFE69,
  0xF81F, 0xF81F, 0xF81F, 0xF81F, 0xF81F, 0xF81F, 0xF81F, 0xF81F, 0xF81F, 0xF81F,
  0xF81F, 0xF81F, 0xF81F, 0xF81F, 0xF81F, 0xF81F, 0xF81F, 0xF81F, 0xF81F, 0xF81F,
  0xF81F, 0xF81F, 0xDCD5, 0xDF5E, 0xBE5A, 0x9D56, 0x9556, 0xBE5A, 0xD6DC, 0xADF8,
  0x9536, 0x9D77, 0xC67B, 0xCEDB, 0xEE6F, 0xFE48, 0xFE69, 0xFE69, 0xFE49, 0xFECA,
  0xFE69, 0xF81F, 0xF81F, 0xF81F, 0xF81F, 0xF81F, 0xF81F, 0xF81F, 0xF81F, 0xF81F,
  0xF81F, 0xF81F, 0xF81F, 0xF81F, 0xF81F, 0xF81F, 0xF81F, 0xF81F, 0xF81F, 0xF81F,
  0xF81F, 0xF81F, 0xF81F, 0xC67A, 0xA5B8, 0x9536, 0xBE5A, 0xD6DC, 0xADF8, 0x9536,
  0xA577, 0xC67B, 0xCEDB, 0xEE6F, 0xFE68, 0xFE6A, 0xFE69, 0xFE69, 0xFE69, 0xFE49,
  0xFECA, 0xFE69, 0xF81F, 0xF81F, 0xF81F, 0xF81F, 0xF81F, 0xF81F, 0xF81F, 0xF81F,
  0xF81F, 0xF81F, 0xF81F, 0xF81F, 0xF81F, 0xF81F, 0xF81F, 0xF81F, 0xF81F, 0xF81F,
  0xF81F, 0xF81F, 0xF81F, 0xF81F, 0x9D77, 0xC69B, 0xD6DC, 0xADF8, 0x9536, 0x9D77,
  0xC67B, 0xCEDB, 0xEE6F, 0xFE68, 0xFE69, 0xFE69, 0xFE69, 0xFE69, 0xFE69, 0xFE69,
  0xFE69, 0xFECA, 0xFE69, 0xF81F, 0xF81F, 0xF81F, 0xF81F, 0xF81F, 0xF81F, 0xF81F,
  0xF81F, 0xF81F, 0xF81F, 0xF81F, 0xF81F, 0xF81F, 0xF81F, 0xF81F, 0xF81F, 0xF81F,
  0xF81F, 0xF81F, 0xF81F, 0xF81F, 0xF81F, 0xCEBB, 0xBE5A, 0x9535, 0x9D77, 0xC69B,
  0xCEDB, 0xEE6F, 0xFE68, 0xFE6A, 0xFE69, 0xFE69, 0xFE69, 0xFE69, 0xFE69, 0xFE69,
  0xFE69, 0xFE49, 0xFECA, 0xFE69, 0xF81F, 0xF81F, 0xF81F, 0xF81F, 0xF81F, 0xF81F,
  0xF81F, 0xF81F, 0xF81F, 0xF81F, 0xF81F, 0xF81F, 0xF81F, 0xF81F, 0xF81F, 0xF81F,
  0xF81F, 0xF81F, 0xF81F, 0xF81F, 0xF81F, 0xF81F, 0x9D56, 0xADD8, 0xC67B, 0xCEDB,
  0xEE6F, 0xFE68, 0xFE6A, 0xFE69, 0xFE69, 0xFE69, 0xFE69, 0xFE69, 0xFE69, 0xFE69,
  0xFE69, 0xFE69, 0xFE49, 0xFECA, 0xFE69, 0xF81F, 0xF81F, 0xF81F, 0xF81F, 0xF81F,
  0xF81F, 0xF81F, 0xF81F, 0xF81F, 0xF81F, 0xF81F, 0xF81F, 0xF81F, 0xF81F, 0xF81F,
  0xF81F, 0xF81F, 0xF81F, 0xF81F, 0xF81F, 0xF81F, 0xF81F, 0xC69B, 0xDF3C, 0xEE6E,
  0xFE48, 0xFE69, 0xFE69, 0xFE69, 0xFE69, 0xFE69, 0xFE69, 0xFE69, 0xFE69, 0xFE69,
  0xFE69, 0xFE69, 0xFE69, 0xFE49, 0xFECA, 0xFE69, 0xF81F, 0xF81F, 0xF81F, 0xF81F,
  0xF81F, 0xF81F, 0xF81F, 0xF81F, 0xF81F, 0xF81F, 0xF81F, 0xF81F, 0xF81F, 0xF81F,
  0xF81F, 0xF81F, 0xF81F, 0xF81F, 0xF81F, 0xF81F, 0xF81F, 0xF81F, 0xF68F, 0xFEC9,
  0xFE49, 0xFE69, 0xFE69, 0xFE69, 0xFE69, 0xFE69, 0xFE69, 0xFE69, 0xFE69, 0xFE69,
  0xFE69, 0xFE69, 0xFE69, 0xFE69, 0xFE49, 0xFECA, 0xFE69, 0xF81F, 0xF81F, 0xF81F,
  0xF81F, 0xF81F, 0xF81F, 0xF81F, 0xF81F, 0xF81F, 0xF81F, 0xF81F, 0xF81F, 0xF81F,
  0xF81F, 0xF81F, 0xF81F, 0xF81F, 0xF81F, 0xF81F, 0xF81F, 0xF81F, 0xF81F, 0xFE69,
  0xFECA, 0xFE49, 0xFE69, 0xFE69, 0xFE69, 0xFE69, 0xFE69, 0xFE69, 0xFE69, 0xFE69,
  0xFE69, 0xFE69, 0xFE69, 0xFE69, 0xFE69, 0xFE69, 0xFECA, 0xFE69, 0xF81F, 0xF81F,
  0xF81F, 0xF81F, 0xF81F, 0xF81F, 0xF81F, 0xF81F, 0xF81F, 0xF81F, 0xF81F, 0xF81F,
  0xF81F, 0xF81F, 0xF81F, 0xF81F, 0xF81F, 0xF81F, 0xF81F, 0xF81F, 0xF81F, 0xF81F,
  0xFE69, 0xFECA, 0xFE49, 0xFE69, 0xFE69, 0xFE69, 0xFE69, 0xFE69, 0xFE69, 0xFE69,
  0xFE69, 0xFE69, 0xFE69, 0xFE69, 0xFE69, 0xFE69, 0xFE49, 0xFECA, 0xFE69, 0xF81F,
  0xF81F, 0xF81F, 0xF81F, 0xF81F, 0xF81F, 0xF81F, 0xF81F, 0xF81F, 0xF81F, 0xF81F,
  0xF81F, 0xF81F, 0xF81F, 0xF81F, 0xF81F, 0xF81F, 0xF81F, 0xF81F, 0xF81F, 0xF81F,
  0xF81F, 0xFE69, 0xFECA, 0xFE49, 0xFE69, 0xFE69, 0xFE69, 0xFE69, 0xFE69, 0xFE69,
  0xFE69, 0xFE69, 0xFE69, 0xFE69, 0xFE69, 0xFE69, 0xFE69, 0xFE49, 0xFECA, 0xFE69,
  0xF81F, 0xF81F, 0xF81F, 0xF81F, 0xF81F, 0xF81F, 0xF81F, 0xF81F, 0xF81F, 0xF81F,
  0xF81F, 0xF81F, 0xF81F, 0xF81F, 0xF81F, 0xF81F, 0xF81F, 0xF81F, 0xF81F, 0xF81F,
  0xF81F, 0xF81F, 0xFE69, 0xFECA, 0xFE69, 0xFE69, 0xFE69, 0xFE69, 0xFE69, 0xFE69,
  0xFE69, 0xFE69, 0xFE69, 0xFE69, 0xFE69, 0xFE69, 0xFE69, 0xFE69, 0xFE49, 0xFECA,
  0xFE69, 0xF81F, 0xF81F, 0xF81F, 0xF81F, 0xF81F, 0xF81F, 0xF81F, 0xF81F, 0xF81F,
  0xF81F, 0xF81F, 0xF81F, 0xF81F, 0xF81F, 0xF81F, 0xF81F, 0xF81F, 0xF81F, 0xF81F,
  0xF81F, 0xF81F, 0xF81F, 0xFE69, 0xFECA, 0xFE49, 0xFE69, 0xFE69, 0xFE69, 0xFE69,
  0xFE69, 0xFE69, 0xFE69, 0xFE69, 0xFE69, 0xFE69, 0xFE69, 0xFE69, 0xFE69, 0xFE49,
  0xFECA, 0xFE69, 0xF81F, 0xF81F, 0xF81F, 0xF81F, 0xF81F, 0xF81F, 0xF81F, 0xF81F,
  0xF81F, 0xF81F, 0xF81F, 0xF81F, 0xF81F, 0xF81F, 0xF81F, 0xF81F, 0xF81F, 0xF81F,
  0xF81F, 0xF81F, 0xF81F, 0xF81F, 0xFE69, 0xFECA, 0xFE49, 0xFE69, 0xFE69, 0xFE69,
  0xFE69, 0xFE69, 0xFE69, 0xFE69, 0xFE69, 0xFE69, 0xFE69, 0xFE69, 0xFE69, 0xFE69,
  0xFE69, 0xFECA, 0xFE69, 0xF81F, 0xF81F, 0xF81F, 0xF81F, 0xF81F, 0xF81F, 0xF81F,
  0xF81F, 0xF81F, 0xF81F, 0xF81F, 0xF81F, 0xF81F, 0xF81F, 0xF81F, 0xF81F, 0xF81F,
  0xF81F, 0xF81F, 0xF81F, 0xF81F, 0xF81F, 0xFE69, 0xFECA, 0xFE49, 0xFE69, 0xFE69,
  0xFE69, 0xFE69, 0xFE69, 0xFE69, 0xFE69, 0xFE69, 0xFE69, 0xFE69, 0xFE69, 0xFE69,
  0xFE69, 0xFE49, 0xFECA, 0xFE69, 0xF81F, 0xF81F, 0xF81F, 0xF81F, 0xF81F, 0xF81F,
  0xF81F, 0xF81F, 0xF81F, 0xF81F, 0xF81F, 0xF81F, 0xF81F, 0xF81F, 0xF81F, 0xF81F,
  0xF81F, 0xF81F, 0xF81F, 0xF81F, 0xF81F, 0xF81F, 0xFE69, 0xFECA, 0xFE49, 0xFE69,
  0xFE69, 0xFE69, 0xFE69, 0xFE69, 0xFE69, 0xFE69, 0xFE69, 0xFE69, 0xFE69, 0xFE69,
  0xFE69, 0xFE69, 0xFE49, 0xFEC9, 0xFE2A, 0xF81F, 0xF81F, 0xF81F, 0xF81F, 0xF81F,
  0xF81F, 0xF81F, 0xF81F, 0xF81F, 0xF81F, 0xF81F, 0xF81F, 0xF81F, 0xF81F, 0xF81F,
  0xF81F, 0xF81F, 0xF81F, 0xF81F, 0xF81F, 0xF81F, 0xF81F, 0xFE69, 0xFECA, 0xFE69,
  0xFE69, 0xFE69, 0xFE69, 0xFE69, 0xFE69, 0xFE69, 0xFE69, 0xFE69, 0xFE69, 0xFE69,
  0xFE69, 0xFE49, 0xFE69, 0xFE2A, 0xF590, 0xDCD0, 0xF81F, 0xF81F, 0xF81F, 0xF81F,
  0xF81F, 0xF81F, 0xF81F, 0xF81F, 0xF81F, 0xF81F, 0xF81F, 0xF81F, 0xF81F, 0xF81F,
  0xF81F, 0xF81F, 0xF81F, 0xF81F, 0xF81F, 0xF81F, 0xF81F, 0xF81F, 0xFE69, 0xFECA,
  0xFE49, 0xFE69, 0xFE69, 0xFE69, 0xFE69, 0xFE69, 0xFE69, 0xFE69, 0xFE69, 0xFE69,
  0xFE49, 0xFE69, 0xFE2A, 0xDD0F, 0xDCF0, 0xDCF0, 0xF81F, 0xF81F, 0xF81F, 0xF81F,
  0xF81F, 0xF81F, 0xF81F, 0xF81F, 0xF81F, 0xF81F, 0xF81F, 0xF81F, 0xF81F, 0xF81F,
  0xF81F, 0xF81F, 0xF81F, 0xF81F, 0xF81F, 0xF81F, 0xF81F, 0xF81F, 0xF81F, 0xFE69,
  0xFECA, 0xFE49, 0xFE69, 0xFE69, 0xFE69, 0xFE69, 0xFE69, 0xFE69, 0xFE69, 0xFE69,
  0xFE69, 0xFE2A, 0xDD2F, 0xDCF0, 0xDCF0, 0xE531, 0xDCF0, 0xF81F, 0xF81F, 0xF81F,
  0xF81F, 0xF81F, 0xF81F, 0xF81F, 0xF81F, 0xF81F, 0xF81F, 0xF81F, 0xF81F, 0xF81F,
  0xF81F, 0xF81F, 0xF81F, 0xF81F, 0xF81F, 0xF81F, 0xF81F, 0xF81F, 0xF81F, 0xF81F,
  0xFE69, 0xFECA, 0xFE49, 0xFE69, 0xFE69, 0xFE69, 0xFE69, 0xFE69, 0xFE49, 0xFE69,
  0xFE2A, 0xDD0F, 0xD4F0, 0xDCF0, 0xDCF0, 0xE530, 0xD4F0, 0xF81F, 0xF81F, 0xF81F,
  0xF81F, 0xF81F, 0xF81F, 0xF81F, 0xF81F, 0xF81F, 0xF81F, 0xF81F, 0xF81F, 0xF81F,
  0xF81F, 0xF81F, 0xF81F, 0xF81F, 0xF81F, 0xF81F, 0xF81F, 0xF81F, 0xF81F, 0xF81F,
  0xF81F, 0xFE69, 0xFECA, 0xFE49, 0xFE69, 0xFE69, 0xFE69, 0xFE49, 0xFE69, 0xFE2A,
  0xDD2F, 0xD4F0, 0xDCF0, 0xDCF0, 0xDCF0, 0xDCF0, 0xDD10, 0xD4D0, 0xF81F, 0xF81F,
  0xF81F, 0xF81F, 0xF81F, 0xF81F, 0xF81F, 0xF81F, 0xF81F, 0xF81F, 0xF81F, 0xF81F,
  0xF81F, 0xF81F, 0xF81F, 0xF81F, 0xF81F, 0xF81F, 0xF81F, 0xF81F, 0xF81F, 0xF81F,
  0xF81F, 0xF81F, 0xFE69, 0xFECA, 0xFE69, 0xFE69, 0xFE49, 0xFE69, 0xFE2A, 0xDD0F,
  0xD4F0, 0xDCF0, 0xDCF0, 0xDCF0, 0xDCF0, 0xDCF0, 0xE531, 0xDCF0, 0xF81F, 0xF81F,
  0xF81F, 0xF81F, 0xF81F, 0xF81F, 0xF81F, 0xF81F, 0xF81F, 0xF81F, 0xF81F, 0xF81F,
  0xF81F, 0xF81F, 0xF81F, 0xF81F, 0xF81F, 0xF81F, 0xF81F, 0xF81F, 0xF81F, 0xF81F,
  0xF81F, 0xF81F, 0xF81F, 0xFE69, 0xFECA, 0xFE49, 0xFE69, 0xFE2A, 0xDD0F, 0xD4F0,
  0xDCF0, 0xDCF0, 0xDCF0, 0xDCF0, 0xDCF0, 0xDCF0, 0xE531, 0xDCF0, 0xF81F, 0xF81F,
  0xF81F, 0xF81F, 0xF81F, 0xF81F, 0xF81F, 0xF81F, 0xF81F, 0xF81F, 0xF81F, 0xF81F,
  0xF81F, 0xF81F, 0xF81F, 0xF81F, 0xF81F, 0xF81F, 0xF81F, 0xF81F, 0xF81F, 0xF81F,
  0xF81F, 0xF81F, 0xF81F, 0xF81F, 0xFE69, 0xFEC9, 0xFE2A, 0xDD0F, 0xDCF0, 0xDCF0,
  0xDCF0, 0xDCF0, 0xDCF0, 0xDCF0, 0xDCF0, 0xDCF0, 0xDCF0, 0xDCF0, 0xCCAF, 0xF81F,
  0xF81F, 0xF81F, 0xF81F, 0xF81F, 0xF81F, 0xF81F, 0xF81F, 0xF81F, 0xF81F, 0xF81F,
  0xF81F, 0xF81F, 0xF81F, 0xF81F, 0xF81F, 0xF81F, 0xF81F, 0xF81F, 0xF81F, 0xF81F,
  0xF81F, 0xF81F, 0xF81F, 0xF81F, 0xF81F, 0xF62A, 0xF590, 0xDCF0, 0xDCF0, 0xDCF0,
  0xDCF0, 0xDCF0, 0xDCF0, 0xDCF0, 0xDCF0, 0xDCF0, 0xDCF0, 0xF571, 0xF591, 0xF81F,
  0xF81F, 0xF81F, 0xF81F, 0xF81F, 0xF81F, 0xF81F, 0xF81F, 0xF81F, 0xF81F, 0xF81F,
  0xF81F, 0xF81F, 0xF81F, 0xF81F, 0xF81F, 0xF81F, 0xF81F, 0xF81F, 0xF81F, 0xF81F,
  0xF81F, 0xF81F, 0xF81F, 0xF81F, 0xF81F, 0xF81F, 0xDCF0, 0xDCF0, 0xE531, 0xE530,
  0xDCF0, 0xDCF0, 0xDCF0, 0xDCF0, 0xDCF0, 0xDCF0, 0xDD10, 0xBC4E, 0x832B, 0xF81F,
  0xF81F, 0xF81F, 0xF81F, 0xF81F, 0xF81F, 0xF81F, 0xF81F, 0xF81F, 0xF81F, 0xF81F,
  0xF81F, 0xF81F, 0xF81F, 0xF81F, 0xF81F, 0xF81F, 0xF81F, 0xF81F, 0xF81F, 0xF81F,
  0xF81F, 0xF81F, 0xF81F, 0xF81F, 0xF81F, 0xF81F, 0xF81F, 0xD4AF, 0xDCF0, 0xDD10,
  0xDD10, 0xE531, 0xE531, 0xDD10, 0xDCF0, 0xDD10, 0x7B0A, 0x2166, 0x2146, 0x2986,
  0xF81F, 0xF81F, 0xF81F, 0xF81F, 0xF81F, 0xF81F, 0xF81F, 0xF81F, 0xF81F, 0xF81F,
  0xF81F, 0xF81F, 0xF81F, 0xF81F, 0xF81F, 0xF81F, 0xF81F, 0xF81F, 0xF81F, 0xF81F,
  0xF81F, 0xF81F, 0xF81F, 0xF81F, 0xF81F, 0xF81F, 0xF81F, 0xF81F, 0xF81F, 0xF81F,
  0xDD10, 0xDCF0, 0xDCF0, 0xD4F0, 0xF571, 0xB44E, 0x2166, 0x2166, 0x2986, 0x2966,
  0xF81F, 0xF81F, 0xF81F, 0xF81F, 0xF81F, 0xF81F, 0xF81F, 0xF81F, 0xF81F, 0xF81F,
  0xF81F, 0xF81F, 0xF81F, 0xF81F, 0xF81F, 0xF81F, 0xF81F, 0xF81F, 0xF81F, 0xF81F,
  0xF81F, 0xF81F, 0xF81F, 0xF81F, 0xF81F, 0xF81F, 0xF81F, 0xF81F, 0xF81F, 0xF81F,
  0xF81F, 0xF81F, 0xF81F, 0xD4EF, 0xF592, 0x832B, 0x2145, 0x2986, 0x2986, 0x2966,
  0xF81F, 0xF81F, 0xF81F, 0xF81F, 0xF81F, 0xF81F, 0xF81F, 0xF81F, 0xF81F, 0xF81F,
  0xF81F, 0xF81F, 0xF81F, 0xF81F, 0xF81F, 0xF81F, 0xF81F, 0xF81F, 0xF81F, 0xF81F,
  0xF81F, 0xF81F, 0xF81F, 0xF81F, 0xF81F, 0xF81F, 0xF81F, 0xF81F, 0xF81F, 0xF81F,
  0xF81F, 0xF81F, 0xF81F, 0xF81F, 0xF81F, 0xF81F, 0x2986, 0x2966, 0x2986, 0x2966
};

static const uint16_t kEmoji_scroll[1600] PROGMEM = {
  0xF81F, 0xF81F, 0xF81F, 0xF81F, 0xF81F, 0xF81F, 0xF81F, 0xF81F, 0xFF36, 0xFF77,
  0xFF56, 0xFF36, 0xFF35, 0xFF13, 0xFED0, 0xFED0, 0xFED0, 0xFED0, 0xFED0, 0xFED0,
  0xFED0, 0xFED0, 0xFED0, 0xFED0, 0xFED0, 0xFED0, 0xFED0, 0xFED0, 0xFED0, 0xFED0,
  0xFED0, 0xFED0, 0xFED0, 0xFED0, 0xFED0, 0xFED0, 0xFED0, 0xFEF0, 0xFE8F, 0xF81F,
  0xF81F, 0xF81F, 0xF81F, 0xF81F, 0xF81F, 0xF81F, 0xF81F, 0xFF56, 0xFF77, 0xFF97,
  0xFF77, 0xFF77, 0xFF77, 0xFF57, 0xFF13, 0xFED0, 0xFED0, 0xFED0, 0xFED0, 0xFED0,
  0xFED0, 0xFED0, 0xFED0, 0xFED0, 0xFED0, 0xFED0, 0xFED0, 0xFED0, 0xFED0, 0xFED0,
  0xFED0, 0xFED0, 0xFED0, 0xFED0, 0xFED0, 0xFED0, 0xFED0, 0xFF31, 0xFED0, 0xFE6F,
  0xF81F, 0xF81F, 0xF81F, 0xF81F, 0xF81F, 0xF81F, 0xF81F, 0xFF36, 0xFFB7, 0xF653,
  0xD44D, 0xCC0C, 0xEDD1, 0xFF57, 0xFF56, 0xFEF1, 0xFED0, 0xFED0, 0xFED0, 0xFED0,
  0xFED0, 0xFED0, 0xFED0, 0xFED0, 0xFED0, 0xFED0, 0xFED0, 0xFED0, 0xFED0, 0xFED0,
  0xFED0, 0xFED0, 0xFED0, 0xFED0, 0xFED0, 0xFED0, 0xFED0, 0xFED0, 0xFF31, 0xFED0,
  0xF81F, 0xF81F, 0xF81F, 0xF81F, 0xF81F, 0xF81F, 0xFF36, 0xFFD8, 0xFEF5, 0xC3AB,
  0xBB08, 0xBB09, 0xBB29, 0xF673, 0xFF77, 0xFF13, 0xFECF, 0xFED0, 0xFED0, 0xFED0,
  0xFED0, 0xFED0, 0xFED0, 0xFED0, 0xFED0, 0xFED0, 0xFED0, 0xFED0, 0xFED0, 0xFED0,
  0xFED0, 0xFED0, 0xFED0, 0xFED0, 0xFED0, 0xFED0, 0xFED0, 0xFED0, 0xFED0, 0xFED0,
  0xF81F, 0xF81F, 0xF81F, 0xF81F, 0xF81F, 0xF81F, 0xFF16, 0xFFF9, 0xF6B4, 0xBB29,
  0xC36A, 0xC36A, 0xBAE8, 0xEDD2, 0xFF98, 0xFEF3, 0xFECF, 0xFED0, 0xFED0, 0xFED0,
  0xFED0, 0xFED0, 0xFED0, 0xFED0, 0xFED0, 0xFED0, 0xFED0, 0xFED0, 0xFED0, 0xFED0,
  0xFED0, 0xFED0, 0xFED0, 0xFED0, 0xFED0, 0xFED0, 0xFED0, 0xFED0, 0xFED0, 0xFED0,
  0xF81F, 0xF81F, 0xF81F, 0xF81F, 0xF81F, 0xF81F, 0xFF36, 0xFFD8, 0xFF16, 0xCBCB,
  0xBAE8, 0xBB09, 0xC34A, 0xF694, 0xFF77, 0xFF13, 0xFECF, 0xFED0, 0xFED0, 0xFED0,
  0xFED0, 0xFED0, 0xFED0, 0xFED0, 0xFED0, 0xFED0, 0xFED0, 0xFED0, 0xFED0, 0xFED0,
  0xFED0, 0xFED0, 0xFED0, 0xFED0, 0xFED0, 0xFED0, 0xFED0, 0xFED0, 0xFED0, 0xFED0,
  0xF81F, 0xF81F, 0xF81F, 0xF81F, 0xF81F, 0xF81F, 0xFF36, 0xFFD8, 0xFF57, 0xF694,
  0xD4AE, 0xD48D, 0xEE12, 0xFF77, 0xFF36, 0xFED1, 0xFED0, 0xFED0, 0xFED0, 0xFED0,
  0xFED0, 0xFED0, 0xFED0, 0xFED0, 0xFED0, 0xFED0, 0xFED0, 0xFED0, 0xFED0, 0xFED0,
  0xFED0, 0xFED0, 0xFED0, 0xFED0, 0xFED0, 0xFED0, 0xFED0, 0xFED0, 0xFF31, 0xFED0,
  0xF81F, 0xF81F, 0xF81F, 0xF81F, 0xF81F, 0xF81F, 0xFF36, 0xFFD8, 0xFF36, 0xFF77,
  0xFFB8, 0xFFB8, 0xFF97, 0xFF57, 0xFF13, 0xFED0, 0xFED0, 0xFED0, 0xFED0, 0xFED0,
  0xFED0, 0xFED0, 0xFED0, 0xFED0, 0xFED0, 0xFED0, 0xFED0, 0xFED0, 0xFED0, 0xFED0,
  0xFED0, 0xFED0, 0xFED0, 0xFED0, 0xFED0, 0xFEF0, 0xFF10, 0xFF51, 0xFED0, 0xF81F,
  0xF81F, 0xF81F, 0xF81F, 0xF81F, 0xF81F, 0xF81F, 0xFF36, 0xFFD8, 0xFF15, 0xF671,
  0xFEF4, 0xFEF4, 0xFEF3, 0xFEB1, 0xFE8F, 0xFE8F, 0xFE8F, 0xFE8F, 0xFE8F, 0xFE8F,
  0xFE8F, 0xFE8F, 0xFE8F, 0xFE8F, 0xFE8F, 0xFE8F, 0xFE8F, 0xFE8F, 0xFE8F, 0xFE8F,
  0xFE8F, 0xFE8F, 0xFE8F, 0xFE8F, 0xFE8F, 0xFEAF, 0xFED0, 0xFEF0, 0xF81F, 0xF81F,
  0xF81F, 0xF81F, 0xF81F, 0xF81F, 0xF81F, 0xF81F, 0xFF36, 0xFFF9, 0xFEF4, 0xE4C7,
  0xE4E7, 0xE4E7, 0xE4E7, 0xE4E7, 0xE4E7, 0xE4E7, 0xE4E7, 0xE4E7, 0xE4E7, 0xE4E7,
  0xE4E7, 0xE4E7, 0xE4E7, 0xE4E7, 0xE4E7, 0xE4E7, 0xE4E7, 0xE4E7, 0xE4E7, 0xE4E7,
  0xE4E7, 0xE4E7, 0xE4E7, 0xE4E7, 0xF568, 0xE4E7, 0xF81F, 0xF81F, 0xF81F, 0xF81F,
  0xF81F, 0xF81F, 0xF81F, 0xF81F, 0xF81F, 0xF81F, 0xFF36, 0xFFF9, 0xFEF4, 0xE4E7,
  0xE4E7, 0xE4E7, 0xE4E7, 0xE4E7, 0xE4E7, 0xE4E7, 0xE4E7, 0xE4E7, 0xE4E7, 0xE4E7,
  0xE4E7, 0xE4E7, 0xE4E7, 0xE4E7, 0xE4E7, 0xE4E7, 0xE4E7, 0xE4E7, 0xE4E7, 0xE4E7,
  0xE4E7, 0xE4E7, 0xE4E7, 0xE4E7, 0xF548, 0xE4E7, 0xF81F, 0xF81F, 0xF81F, 0xF81F,
  0xF81F, 0xF81F, 0xF81F, 0xF81F, 0xF81F, 0xF81F, 0xFF36, 0xFFD8, 0xFF35, 0xFE8F,
  0xFE8F, 0xFE8F, 0xFE8F, 0xFE8F, 0xFE8F, 0xFE8F, 0xFE8F, 0xFE8F, 0xFE8F, 0xFE8F,
  0xFE8F, 0xFE8F, 0xFE8F, 0xFE8F, 0xFE8F, 0xFE8F, 0xFE8F, 0xFE8F, 0xFE8F, 0xFE8F,
  0xFE8F, 0xFE8F, 0xFE8F, 0xFE8F, 0xFF10, 0xFE8F, 0xF81F, 0xF81F, 0xF81F, 0xF81F,
  0xF81F, 0xF81F, 0xF81F, 0xF81F, 0xF81F, 0xF81F, 0xFF36, 0xFFD8, 0xFF35, 0xFED0,
  0xFED0, 0xFED0, 0xFED0, 0xFED0, 0xFED0, 0xFED0, 0xFED0, 0xFED0, 0xFED0, 0xFED0,
  0xFED0, 0xFED0, 0xFED0, 0xFED0, 0xFED0, 0xFED0, 0xFED0, 0xFED0, 0xFED0, 0xFED0,
  0xFED0, 0xFED0, 0xFED0, 0xFED0, 0xFF72, 0xFED0, 0xF81F, 0xF81F, 0xF81F, 0xF81F,
  0xF81F, 0xF81F, 0xF81F, 0xF81F, 0xF81F, 0xF81F, 0xFF36, 0xFFD8, 0xFF35, 0xFED0,
  0xFED0, 0xFEB0, 0xFEB0, 0xFEB0, 0xFEB0, 0xFEB0, 0xFEB0, 0xFEB0, 0xFEB0, 0xFEB0,
  0xFEB0, 0xFEB0, 0xFEB0, 0xFEB0, 0xFEB0, 0xFEB0, 0xFEB0, 0xFEB0, 0xFEB0, 0xFEB0,
  0xFEB0, 0xFEB0, 0xFEB0, 0xFED0, 0xFF51, 0xFED0, 0xF81F, 0xF81F, 0xF81F, 0xF81F,
  0xF81F, 0xF81F, 0xF81F, 0xF81F, 0xF81F, 0xF81F, 0xFF36, 0xFFD8, 0xFF35, 0xFED0,
  0xFED0, 0xFEF0, 0xFF10, 0xFF10, 0xFF10, 0xFF10, 0xFF10, 0xFF10, 0xFF10, 0xFF10,
  0xFF10, 0xFF10, 0xFF10, 0xFF10, 0xFF10, 0xFF10, 0xFF10, 0xFF10, 0xFF10, 0xFF10,
  0xFF10, 0xFF10, 0xFF10, 0xFED0, 0xFF51, 0xFED0, 0xF81F, 0xF81F, 0xF81F, 0xF81F,
  0xF81F, 0xF81F, 0xF81F, 0xF81F, 0xF81F, 0xF81F, 0xFF36, 0xFFD8, 0xFF35, 0xFED0,
  0xFED0, 0xEDEE, 0xE52D, 0xE54D, 0xE54D, 0xE54D, 0xE54D, 0xE54D, 0xE54D, 0xE54D,
  0xE54D, 0xE54D, 0xE54D, 0xE54D, 0xE54D, 0xE54D, 0xE54D, 0xE54D, 0xE54D, 0xE54D,
  0xE54D, 0xE54D, 0xE56D, 0xFE90, 0xFF71, 0xFED0, 0xF81F, 0xF81F, 0xF81F, 0xF81F,
  0xF81F, 0xF81F, 0xF81F, 0xF81F, 0xF81F, 0xF81F, 0xFF36, 0xFFD8, 0xFF35, 0xFED0,
  0xFED0, 0xC38A, 0xB2A8, 0xBAC9, 0xBAC9, 0xBAC9, 0xBAC9, 0xBAC9, 0xBAC9, 0xBAC9,
  0xBAC9, 0xBAC9, 0xBAC9, 0xBAC9, 0xBAC9, 0xBAC9, 0xBAC9, 0xBAC9, 0xBAC9, 0xBAC9,
  0xBAC9, 0xBAC9, 0xB2A8, 0xED8E, 0xFF92, 0xFEB0, 0xF81F, 0xF81F, 0xF81F, 0xF81F,
  0xF81F, 0xF81F, 0xF81F, 0xF81F, 0xF81F, 0xF81F, 0xFF36, 0xFFD8, 0xFF35, 0xFED0,
  0xFED0, 0xDCED, 0xCC0B, 0xD42B, 0xD42B, 0xD42B, 0xD42B, 0xD42B, 0xD42B, 0xD42B,
  0xD42B, 0xD42B, 0xD42B, 0xD42B, 0xD42B, 0xD42B, 0xD42B, 0xD42B, 0xD42B, 0xD42B,
  0xD42B, 0xCC0B, 0xD42B, 0xF62F, 0xFF71, 0xFEB0, 0xF81F, 0xF81F, 0xF81F, 0xF81F,
  0xF81F, 0xF81F, 0xF81F, 0xF81F, 0xF81F, 0xF81F, 0xFF36, 0xFFD8, 0xFF35, 0xFED0,
  0xFED0, 0xFEF0, 0xFF10, 0xFF10, 0xFF10, 0xFF10, 0xFF10, 0xFF10, 0xFF10, 0xFF10,
  0xFF10, 0xFF10, 0xFF10, 0xFF10, 0xFF10, 0xFF10, 0xFF10, 0xFF10, 0xFF10, 0xFF10,
  0xFF10, 0xFF10, 0xFF10, 0xFED0, 0xFF51, 0xFED0, 0xF81F, 0xF81F, 0xF81F, 0xF81F,
  0xF81F, 0xF81F, 0xF81F, 0xF81F, 0xF81F, 0xF81F, 0xFF36, 0xFFD8, 0xFF35, 0xFED0,
  0xFED0, 0xFED0, 0xFE90, 0xFE90, 0xFE90, 0xFE90, 0xFE90, 0xFE90, 0xFE90, 0xFE90,
  0xFE90, 0xFE90, 0xFE90, 0xFE90, 0xFE90, 0xFE90, 0xFE90, 0xFE90, 0xFE90, 0xFE90,
  0xFE90, 0xFE90, 0xFEB0, 0xFED0, 0xFF51, 0xFED0, 0xF81F, 0xF81F, 0xF81F, 0xF81F,
  0xF81F, 0xF81F, 0xF81F, 0xF81F, 0xF81F, 0xF81F, 0xFF36, 0xFFD8, 0xFF35, 0xFED0,
  0xFED0, 0xD44B, 0xC34A, 0xC38A, 0xC38A, 0xC38A, 0xC38A, 0xC38A, 0xC38A, 0xC38A,
  0xC38A, 0xC38A, 0xC38A, 0xC38A, 0xC38A, 0xC38A, 0xC38A, 0xC38A, 0xC38A, 0xC38A,
  0xC38A, 0xC38A, 0xC36A, 0xF5EE, 0xFF92, 0xFEB0, 0xF81F, 0xF81F, 0xF81F, 0xF81F,
  0xF81F, 0xF81F, 0xF81F, 0xF81F, 0xF81F, 0xF81F, 0xFF36, 0xFFD8, 0xFF35, 0xFED0,
  0xFED0, 0xCBCA, 0xBAE9, 0xBB09, 0xBB09, 0xBB09, 0xBB09, 0xBB09, 0xBB09, 0xBB09,
  0xBB09, 0xBB09, 0xBB09, 0xBB09, 0xBB09, 0xBB09, 0xBB09, 0xBB09, 0xBB09, 0xBB09,
  0xBB09, 0xBB09, 0xBAE9, 0xEDAE, 0xFF92, 0xFEB0, 0xF81F, 0xF81F, 0xF81F, 0xF81F,
  0xF81F, 0xF81F, 0xF81F, 0xF81F, 0xF81F, 0xF81F, 0xFF36, 0xFFD8, 0xFF35, 0xFED0,
  0xFED0, 0xFE6F, 0xEDEE, 0xF5EE, 0xF5EE, 0xF5EE, 0xF5EE, 0xF5EE, 0xF5EE, 0xF5EE,
  0xF5EE, 0xF5EE, 0xF5EE, 0xF5EE, 0xF5EE, 0xF5EE, 0xF5EE, 0xF5EE, 0xF5EE, 0xF5EE,
  0xF5EE, 0xF5EE, 0xF60F, 0xFEB0, 0xFF51, 0xFED0, 0xF81F, 0xF81F, 0xF81F, 0xF81F,
  0xF81F, 0xF81F, 0xF81F, 0xF81F, 0xF81F, 0xF81F, 0xFF36, 0xFFD8, 0xFF35, 0xFED0,
  0xFED0, 0xFF10, 0xFF51, 0xFF51, 0xFF51, 0xFF51, 0xFF51, 0xFF51, 0xFF51, 0xFF51,
  0xFF51, 0xFF51, 0xFF51, 0xFF51, 0xFF51, 0xFF51, 0xFF51, 0xFF51, 0xFF51, 0xFF51,
  0xFF51, 0xFF51, 0xFF31, 0xFED0, 0xFF51, 0xFED0, 0xF81F, 0xF81F, 0xF81F, 0xF81F,
  0xF81F, 0xF81F, 0xF81F, 0xF81F, 0xF81F, 0xF81F, 0xFF36, 0xFFD8, 0xFF35, 0xFED0,
  0xFED0, 0xED8E, 0xDCCC, 0xDCCC, 0xDCCC, 0xDCCC, 0xDCCC, 0xDCCC, 0xDCCC, 0xDCCC,
  0xDCCC, 0xDCCC, 0xDCCC, 0xDCCC, 0xDCCC, 0xDCCC, 0xDCCC, 0xDCCC, 0xDCCC, 0xDCCC,
  0xDCCC, 0xDCCC, 0xDCED, 0xFE8F, 0xFF71, 0xFEB0, 0xF81F, 0xF81F, 0xF81F, 0xF81F,
  0xF81F, 0xF81F, 0xF81F, 0xF81F, 0xF81F, 0xF81F, 0xFF36, 0xFFD8, 0xFF35, 0xFED0,
  0xFED0, 0xC36A, 0xB288, 0xBAC8, 0xBAC8, 0xBAC8, 0xBAC8, 0xBAC8, 0xBAC8, 0xBAC8,
  0xBAC8, 0xBAC8, 0xBAC8, 0xBAC8, 0xBAC8, 0xBAC8, 0xBAC8, 0xBAC8, 0xBAC8, 0xBAC8,
  0xBAC8, 0xBAC9, 0xB288, 0xED8E, 0xFF92, 0xFEB0, 0xF81F, 0xF81F, 0xF81F, 0xF81F,
  0xF81F, 0xF81F, 0xF81F, 0xF81F, 0xF81F, 0xF81F, 0xFF36, 0xFFD8, 0xFF35, 0xFED0,
  0xFED0, 0xE54D, 0xD44B, 0xD48C, 0xD46C, 0xD46C, 0xD46C, 0xD46C, 0xD46C, 0xD46C,
  0xD46C, 0xD46C, 0xD46C, 0xD46C, 0xD46C, 0xD46C, 0xD46C, 0xD46C, 0xD46C, 0xD46C,
  0xD46C, 0xD46C, 0xDC8C, 0xF66F, 0xFF71, 0xFEB0, 0xF81F, 0xF81F, 0xF81F, 0xF81F,
  0xF81F, 0xF81F, 0xF81F, 0xF81F, 0xF81F, 0xF81F, 0xFF36, 0xFFD8, 0xFF35, 0xFED0,
  0xFED0, 0xFF10, 0xFF31, 0xFF31, 0xFF31, 0xFF31, 0xFF31, 0xFF31, 0xFF31, 0xFF31,
  0xFF31, 0xFF31, 0xFF31, 0xFF31, 0xFF31, 0xFF31, 0xFF31, 0xFF31, 0xFF31, 0xFF31,
  0xFF31, 0xFF31, 0xFF31, 0xFED0, 0xFF51, 0xFED0, 0xF81F, 0xF81F, 0xF81F, 0xF81F,
  0xF81F, 0xF81F, 0xF81F, 0xF81F, 0xF81F, 0xF81F, 0xFF36, 0xFFD8, 0xFF35, 0xFED0,
  0xFED0, 0xFE90, 0xF64F, 0xF64F, 0xF64F, 0xF64F, 0xF64F, 0xF64F, 0xF64F, 0xF64F,
  0xF64F, 0xF64F, 0xF64F, 0xF64F, 0xF64F, 0xF64F, 0xF64F, 0xF64F, 0xF64F, 0xF64F,
  0xF64F, 0xF64F, 0xFE6F, 0xFED0, 0xFF51, 0xFED0, 0xF81F, 0xF81F, 0xF81F, 0xF81F,
  0xF81F, 0xF81F, 0xF81F, 0xF81F, 0xF81F, 0xF81F, 0xFF36, 0xFFD8, 0xFF35, 0xFED0,
  0xFED0, 0xCC0B, 0xBB09, 0xC349, 0xC349, 0xC349, 0xC349, 0xC349, 0xC349, 0xC349,
  0xC349, 0xC349, 0xC349, 0xC349, 0xC349, 0xC349, 0xC349, 0xC349, 0xC349, 0xC349,
  0xC349, 0xC349, 0xBB29, 0xEDCE, 0xFF92, 0xFEB0, 0xF81F, 0xF81F, 0xF81F, 0xF81F,
  0xF81F, 0xF81F, 0xF81F, 0xF81F, 0xF81F, 0xF81F, 0xFF36, 0xFFD8, 0xFF35, 0xFED0,
  0xFED0, 0xCC0B, 0xBB09, 0xC349, 0xC349, 0xC349, 0xC349, 0xC349, 0xC349, 0xC349,
  0xC349, 0xC349, 0xC349, 0xC349, 0xC349, 0xC349, 0xC349, 0xC349, 0xC349, 0xC349,
  0xC349, 0xC349, 0xBB29, 0xEDCE, 0xFF92, 0xFEB0, 0xF81F, 0xF81F, 0xF81F, 0xF81F,
  0xF81F, 0xF81F, 0xFF57, 0xFF36, 0xFF36, 0xFF15, 0xFF35, 0xFF57, 0xFF35, 0xFED0,
  0xFED0, 0xFEB0, 0xF64F, 0xF64F, 0xF64F, 0xF64F, 0xF64F, 0xF64F, 0xF64F, 0xF64F,
  0xF64F, 0xF64F, 0xF64F, 0xF64F, 0xF64F, 0xF64F, 0xF64F, 0xF64F, 0xF64F, 0xF64F,
  0xF64F, 0xF64F, 0xFE6F, 0xFED0, 0xFF51, 0xFED0, 0xF81F, 0xF81F, 0xF81F, 0xF81F,
  0xF81F, 0xFF56, 0xFFF8, 0xFFB8, 0xFFD8, 0xFFB8, 0xFF77, 0xFF36, 0xFF35, 0xFED0,
  0xFED0, 0xFED0, 0xFEF0, 0xFEF0, 0xFEF0, 0xFEF0, 0xFEF0, 0xFEF0, 0xFEF0, 0xFEF0,
  0xFEF0, 0xFEF0, 0xFEF0, 0xFEF0, 0xFEF0, 0xFEF0, 0xFEF0, 0xFEF0, 0xFEF0, 0xFEF0,
  0xFEF0, 0xFEF0, 0xFEF0, 0xFED0, 0xFF51, 0xFED0, 0xF81F, 0xF81F, 0xF81F, 0xF81F,
  0xFF36, 0xFFD8, 0xFF16, 0xDD30, 0xD46D, 0xE550, 0xFF36, 0xFF57, 0xFF35, 0xFED0,
  0xFED0, 0xFED0, 0xFED0, 0xFED0, 0xFED0, 0xFED0, 0xFED0, 0xFED0, 0xFED0, 0xFED0,
  0xFED0, 0xFED0, 0xFED0, 0xFED0, 0xFED0, 0xFED0, 0xFED0, 0xFED0, 0xFED0, 0xFED0,
  0xFED0, 0xFED0, 0xFED0, 0xFED0, 0xFF51, 0xFED0, 0xF81F, 0xF81F, 0xF81F, 0xF81F,
  0xFF36, 0xFF77, 0xDCEF, 0xBAE8, 0xBB09, 0xBAE8, 0xE570, 0xFF97, 0xFF35, 0xFED0,
  0xFED0, 0xFED0, 0xFED0, 0xFED0, 0xFED0, 0xFED0, 0xFED0, 0xFED0, 0xFED0, 0xFED0,
  0xFED0, 0xFED0, 0xFED0, 0xFED0, 0xFED0, 0xFED0, 0xFED0, 0xFED0, 0xFED0, 0xFED0,
  0xFED0, 0xFED0, 0xFED0, 0xFED0, 0xFF51, 0xFED0, 0xF81F, 0xF81F, 0xF81F, 0xF81F,
  0xFF56, 0xFF77, 0xCC0C, 0xBB29, 0xC38A, 0xBB09, 0xD46D, 0xFF97, 0xFF35, 0xFED0,
  0xFED0, 0xFED0, 0xFED0, 0xFED0, 0xFED0, 0xFED0, 0xFED0, 0xFED0, 0xFED0, 0xFED0,
  0xFED0, 0xFED0, 0xFED0, 0xFED0, 0xFED0, 0xFED0, 0xFED0, 0xFED0, 0xFED0, 0xFED0,
  0xFED0, 0xFED0, 0xFED0, 0xFED0, 0xFF51, 0xFED0, 0xF81F, 0xF81F, 0xF81F, 0xF81F,
  0xFF36, 0xFF77, 0xDCCE, 0xBAE8, 0xC329, 0xBAE8, 0xDD30, 0xFF97, 0xFF35, 0xFED0,
  0xFED0, 0xFED0, 0xFED0, 0xFED0, 0xFED0, 0xFED0, 0xFED0, 0xFED0, 0xFED0, 0xFED0,
  0xFED0, 0xFED0, 0xFED0, 0xFED0, 0xFED0, 0xFED0, 0xFED0, 0xFED0, 0xFED0, 0xFED0,
  0xFED0, 0xFED0, 0xFED0, 0xFED0, 0xFF51, 0xFED0, 0xF81F, 0xF81F, 0xF81F, 0xF81F,
  0xFF36, 0xFFD8, 0xFEF5, 0xDCCE, 0xCC0C, 0xDCEF, 0xFF16, 0xFF57, 0xFF13, 0xFED0,
  0xFED0, 0xFED0, 0xFED0, 0xFED0, 0xFED0, 0xFED0, 0xFED0, 0xFED0, 0xFED0, 0xFED0,
  0xFED0, 0xFED0, 0xFED0, 0xFED0, 0xFED0, 0xFED0, 0xFED0, 0xFED0, 0xFED0, 0xFED0,
  0xFED0, 0xFED0, 0xFED0, 0xFED0, 0xFEF0, 0xFECF, 0xF81F, 0xF81F, 0xF81F, 0xF81F,
  0xFF35, 0xFF57, 0xFFD8, 0xFF77, 0xFF77, 0xFF77, 0xFF57, 0xFF35, 0xFED0, 0xFED0,
  0xFED0, 0xFED0, 0xFED0, 0xFED0, 0xFED0, 0xFED0, 0xFED0, 0xFED0, 0xFED0, 0xFED0,
  0xFED0, 0xFED0, 0xFED0, 0xFED0, 0xFED0, 0xFED0, 0xFED0, 0xFED0, 0xFED0, 0xFED0,
  0xFED0, 0xFED0, 0xFEF0, 0xFF31, 0xFEB0, 0xF81F, 0xF81F, 0xF81F, 0xF81F, 0xF81F,
  0xF81F, 0xFF16, 0xFF57, 0xFF36, 0xFF36, 0xFF36, 0xFF14, 0xFED0, 0xFED0, 0xFED0,
  0xFED0, 0xFED0, 0xFED0, 0xFED0, 0xFED0, 0xFED0, 0xFED0, 0xFED0, 0xFED0, 0xFED0,
  0xFED0, 0xFED0, 0xFED0, 0xFED0, 0xFED0, 0xFED0, 0xFED0, 0xFED0, 0xFED0, 0xFED0,
  0xFED0, 0xFED0, 0xFEF0, 0xFED0, 0xF81F, 0xF81F, 0xF81F, 0xF81F, 0xF81F, 0xF81F
};

static const EmojiBmp kEmojiTable[] = {
  {"rocket", kEmoji_rocket},
  {"fire", kEmoji_fire},
  {"check", kEmoji_check},
  {"cross", kEmoji_cross},
  {"warn", kEmoji_warn},
  {"computer", kEmoji_computer},
  {"bug", kEmoji_bug},
  {"coffee", kEmoji_coffee},
  {"thumbsup", kEmoji_thumbsup},
  {"eyes", kEmoji_eyes},
  {"gear", kEmoji_gear},
  {"hammer", kEmoji_hammer},
  {"wrench", kEmoji_wrench},
  {"package", kEmoji_package},
  {"merge", kEmoji_merge},
  {"branch", kEmoji_branch},
  {"lock", kEmoji_lock},
  {"passkey", kEmoji_passkey},
  {"shield", kEmoji_shield},
  {"zap", kEmoji_zap},
  {"hourglass", kEmoji_hourglass},
  {"stop", kEmoji_stop},
  {"recycle", kEmoji_recycle},
  {"memo", kEmoji_memo},
  {"link", kEmoji_link},
  {"save", kEmoji_save},
  {"robot", kEmoji_robot},
  {"chartup", kEmoji_chartup},
  {"chartdown", kEmoji_chartdown},
  {"target", kEmoji_target},
  {"clipboard", kEmoji_clipboard},
  {"bell", kEmoji_bell},
  {"calendar", kEmoji_calendar},
  {"alarm", kEmoji_alarm},
  {"timer", kEmoji_timer},
  {"inbox", kEmoji_inbox},
  {"outbox", kEmoji_outbox},
  {"email", kEmoji_email},
  {"phone", kEmoji_phone},
  {"globe", kEmoji_globe},
  {"cloud", kEmoji_cloud},
  {"storage", kEmoji_storage},
  {"testtube", kEmoji_testtube},
  {"microscope", kEmoji_microscope},
  {"megaphone", kEmoji_megaphone},
  {"wip", kEmoji_wip},
  {"party", kEmoji_party},
  {"siren", kEmoji_siren},
  {"sparkles", kEmoji_sparkles},
  {"search", kEmoji_search},
  {"brain", kEmoji_brain},
  {"thought", kEmoji_thought},
  {"bulb", kEmoji_bulb},
  {"wand", kEmoji_wand},
  {"plug", kEmoji_plug},
  {"pause", kEmoji_pause},
  {"retry", kEmoji_retry},
  {"blocked", kEmoji_blocked},
  {"pin", kEmoji_pin},
  {"book", kEmoji_book},
  {"puzzle", kEmoji_puzzle},
  {"crystal", kEmoji_crystal},
  {"agent", kEmoji_agent},
  {"stream", kEmoji_stream},
  {"chat", kEmoji_chat},
  {"notebook", kEmoji_notebook},
  {"trophy", kEmoji_trophy},
  {"broom", kEmoji_broom},
  {"pencil", kEmoji_pencil},
  {"scroll", kEmoji_scroll},
  {nullptr, nullptr}};
